5.37764 -0.0249723
5.31019 -4.6419
5.41624 2.79556
5.64528 18.779
5.5854 14.6881
5.88575 35.6251
5.7398 25.5546
5.60809 16.4731
5.44941 5.51702
5.63519 18.4948
6.18175 56.5384
6.49818 78.5935
5.8317 32.3564
5.31788 -3.27373
5.38441 1.418
5.39433 2.17692
5.34043 -1.49891
5.42948 4.75775
5.34619 -0.959166
5.36125 0.156287
5.20704 -10.4887
5.27453 -5.72985
5.19185 -11.4047
5.06064 -20.4521
5.58187 15.8322
5.91792 39.2499
6.18227 57.6862
5.5277 12.2768
5.72012 25.7157
5.9015 38.387
5.57737 15.9361
5.36008 0.9086
6.0874 51.5114
6.23425 61.7839
6.15819 56.569
5.93896 41.4069
5.77925 30.3798
5.80088 31.9521
5.52407 12.789
5.71498 26.1228
6.01073 46.7406
5.4136 5.32196
5.42365 6.0901
5.50743 11.9802
5.81448 33.3836
5.7473 28.7854
5.46734 9.40354
5.5995 18.655
5.84733 35.9435
5.93784 42.3017
6.44786 77.8065
6.52149 82.9923
6.07896 52.3149
5.50469 12.4849
5.37242 3.36428
5.59666 19.0135
5.64179 22.2185
5.36048 2.74334
5.19308 -8.81854
5.1002 -15.2019
5.25355 -4.47809
5.02839 -20.0522
5.25293 -4.38204
5.1757 -9.67824
5.00619 -21.3865
5.05785 -17.7274
5.57036 17.9508
5.87669 39.3033
5.16346 -10.1817
5.14787 -11.1954
5.33486 1.8662
5.20628 -6.99823
6.21337 63.0429
6.24736 65.4745
5.81276 35.348
5.67008 25.5041
5.91534 42.6145
6.07228 53.5881
6.13291 57.8698
6.56982 88.295
6.25317 66.3642
6.1976 62.5727
5.55145 17.7485
5.55916 18.3537
6.06503 53.5703
6.01268 50.0029
5.61777 22.6344
5.73813 31.0658
6.01601 50.4422
5.96431 46.92
5.43821 10.4365
5.30418 1.19362
5.18797 -6.8111
5.15222 -9.22519
5.6617 26.2423
5.28644 0.23889
4.83448 -31.0933
5.03345 -17.1998
5.28369 0.256267
5.57816 20.7854
5.82473 37.9863
5.60589 22.8508
5.90336 43.5884
5.8419 39.3875
5.79754 36.3749
5.93487 45.9859
6.04025 53.3772
5.36962 6.85201
5.30737 2.59658
5.67113 27.9398
6.05957 54.9977
5.75852 34.1502
5.7237 31.8008
5.79939 37.1292
6.15025 61.576
6.26773 69.8073
6.45889 83.1585
6.38399 78.0243
6.24559 68.478
6.3794 77.8446
5.97736 49.9801
5.41846 11.2181
5.63214 26.1341
5.77517 36.1407
5.17236 -5.67249
4.90283 -24.3291
5.2054 -3.23755
5.46086 14.5807
5.94883 48.5543
6.10323 59.3508
6.61582 95.0346
7.49606 156.263
7.2927 142.203
6.67692 99.4884
6.07406 57.672
5.67748 30.1875
5.71258 32.6954
5.68509 30.8548
6.42532 82.355
6.26286 71.1366
5.92164 47.4988
5.51733 19.4769
5.12438 -7.75492
5.04093 -13.4838
5.02192 -14.7351
4.79138 -30.6834
4.77108 -32.0241
5.33161 6.99011
5.15365 -5.30453
5.51022 19.5389
5.48089 17.5705
5.7456 36.0321
5.65558 29.8466
5.59 25.3595
5.29938 5.23708
5.16049 -4.34311
5.21004 -0.830668
5.28183 4.22655
5.5219 20.9757
5.42615 14.3926
5.87413 45.5874
5.99041 53.7357
6.06225 58.7966
5.96162 51.8747
5.98702 53.7086
5.8944 47.3427
5.90327 48.0285
6.23692 71.28
6.28323 74.5672
6.11028 62.6203
5.71921 35.5182
5.4292 15.4382
5.14382 -4.31987
5.32359 8.23961
5.9687 53.1307
6.09897 62.2512
5.88978 47.7865
5.70022 34.6853
5.91646 49.7792
5.66419 32.3212
5.66628 32.5355
5.28331 5.99686
5.17721 -1.3055
5.41104 15.0103
5.59777 28.0534
5.31671 8.59498
5.20269 0.742465
5.57029 26.353
5.42425 16.2752
5.37317 12.7956
5.3325 10.0398
5.17796 -0.627856
4.66495 -36.2022
4.70331 -33.4677
5.4298 17.0778
5.49055 21.3683
5.04532 -9.49661
4.4702 -49.386
5.21911 2.71715
5.14876 -2.1009
5.01608 -11.2497
5.06916 -7.49252
5.18388 0.547777
4.96289 -14.7371
5.05663 -8.15485
4.82657 -24.0695
5.12441 -3.30672
5.33902 11.6742
5.55796 26.9552
5.65206 33.5625
5.88821 50.0396
5.83502 46.4136
5.63526 32.6034
5.48761 22.4146
5.61084 31.046
5.66892 35.1505
5.36653 14.2102
5.38507 15.5682
5.80359 44.7157
5.59909 30.5769
5.38036 15.4496
5.33259 12.2001
5.35015 13.4892
4.98989 -11.4715
5.03673 -8.14776
5.2358 5.75279
5.28969 9.56686
5.13062 -1.41627
5.49955 24.2866
5.83639 47.7594
5.51549 25.5328
5.21986 5.06241
5.44231 20.587
5.43887 20.4177
5.67307 36.7592
5.98744 58.6708
5.82129 47.1965
5.71912 40.1669
5.07416 -4.57439
5.53106 27.2401
5.37776 16.658
5.38298 17.0906
5.53774 27.9126
5.74467 42.3596
5.64893 35.7769
5.51052 26.2299
5.63759 35.1279
5.68306 38.3564
5.40812 19.3237
4.98795 -9.79979
5.02144 -7.40339
5.12852 0.105363
5.08873 -2.58968
4.88107 -16.9482
5.16814 3.06684
5.04975 -5.08899
5.37807 17.7914
4.76241 -24.9147
5.07413 -3.18727
5.55777 30.4854
5.28799 11.8105
5.03988 -5.35852
5.48652 25.743
5.76767 45.347
5.9675 59.3002
5.93274 56.9547
5.83425 50.1813
5.14745 2.53273
5.42279 21.7327
5.3427 16.2375
5.14702 2.71097
5.47242 25.3892
5.52447 29.0751
5.56383 31.879
5.83035 50.4662
5.84325 51.4316
6.04192 65.3048
6.22373 78.0059
6.37793 88.789
6.42663 92.2422
6.54502 100.537
6.80874 118.93
6.57465 102.735
5.97513 61.1503
6.17346 74.9998
6.33195 86.0811
6.34015 86.7202
5.98966 62.4382
6.26372 81.5486
6.09047 69.5814
6.17396 75.4512
5.95003 59.9623
6.06353 67.9176
5.93971 59.3841
6.11545 71.664
5.9945 63.33
6.08458 69.6584
5.97498 62.1131
5.79913 49.9648
5.84172 52.9927
6.27193 82.9528
6.52304 100.469
6.39398 91.5718
6.18325 77.0004
5.73383 45.8443
5.35241 19.4131
5.24732 12.1814
5.51323 30.7254
5.27814 14.4612
5.54655 33.1795
5.65781 40.9796
5.93 59.9607
5.59139 36.5034
5.85372 54.7992
5.93728 60.6747
5.65365 41.0379
5.44071 26.3124
5.24048 12.47
5.49429 30.174
5.47169 28.6732
5.46356 28.1779
5.32453 18.5878
5.50596 31.2631
5.53979 33.683
5.88423 57.6836
5.48337 29.9015
5.6355 40.5413
5.39466 23.8772
5.23984 13.1898
5.53033 33.4427
5.45389 28.201
5.31393 18.5458
5.59573 38.1944
5.68547 44.4993
5.67002 43.4952
5.85419 56.3604
5.81818 53.9279
5.67137 43.7972
5.70171 45.9748
5.48088 30.701
5.62642 40.8828
5.71898 47.3833
5.64832 42.5431
5.39904 25.2929
5.54842 35.7411
5.36697 23.2039
5.21754 12.8911
5.53444 34.9786
5.56478 37.1558
5.4413 28.6461
5.38292 24.6596
4.98964 -2.5959
5.5023 33.0926
5.63351 42.2789
5.46711 30.787
5.32575 21.0347
5.74593 50.2978
5.35182 22.9852
5.7515 50.8241
6.1548 78.914
5.43468 28.9503
5.01426 -0.190533
5.26864 17.5535
5.2302 14.9521
5.29222 19.3308
6.01044 69.3014
6.29589 89.2036
6.10511 76.0178
5.81598 55.9986
5.35174 23.8129
5.06748 4.13281
5.74739 51.4417
5.90158 62.2237
5.56366 38.8153
5.23479 16.0354
5.31418 21.6203
5.5345 36.9976
5.80935 56.1631
5.54217 37.6692
5.00701 0.556534
5.11391 8.05307
5.61924 43.2325
6.07399 74.8978
6.28845 89.8675
5.96392 67.389
5.75981 53.2773
5.51176 36.1125
5.27872 19.9905
5.22136 16.0745
5.39422 28.1545
5.19732 14.5433
5.43793 31.3299
5.29139 21.2182
5.61087 43.4848
5.71629 50.8785
5.47282 34.0324
5.31064 22.8336
5.1786 13.7293
5.08046 6.97997
5.00977 2.13798
5.2312 17.5922
5.55261 39.9926
5.51054 37.1392
5.69558 50.065
5.70281 50.6371
5.51975 37.9878
5.10547 9.27361
5.72612 52.4649
5.93852 67.2918
5.60499 44.1877
5.35386 26.8093
5.7102 51.6367
5.66905 48.8473
5.79656 57.7758
6.10757 79.4538
5.92543 66.8684
5.65882 48.4142
5.71391 52.3116
5.55786 41.5384
5.88198 64.1276
5.40272 30.8986
5.39163 30.1978
5.66062 48.9563
5.47516 36.1401
5.17246 15.1781
5.20732 17.6702
5.38722 30.2384
5.2845 23.171
5.0615 7.74691
5.11762 11.7157
5.48056 37.0019
5.19963 17.5525
5.33788 27.2272
5.57454 43.7395
5.18014 16.4067
5.154 14.6601
5.14044 13.7877
5.04108 6.95356
5.40759 32.4875
5.51549 40.0537
5.22105 19.6663
5.2273 20.1698
5.57132 44.1414
5.7173 54.3533
5.7025 53.3949
5.58377 45.2146
5.73662 55.9043
5.77683 58.7676
5.63254 48.8116
5.60373 46.8794
5.92349 69.1654
5.63606 49.2647
5.22343 20.665
5.47735 38.3769
5.6434 49.983
5.79168 60.3547
5.18651 18.378
5.62974 49.2425
5.56114 44.5455
6.04434 78.1877
5.97942 73.7463
5.69658 54.1645
5.6137 48.4756
5.3415 29.6328
5.57099 45.6469
5.37002 31.7531
5.29196 26.3993
5.29532 26.7023
5.46332 38.4438
5.27854 25.6751
4.94145 2.32411
4.9639 3.9531
5.29906 27.3097
5.33654 29.9828
4.97152 4.69135
4.9817 5.46813
5.02554 8.58346
5.07864 12.3425
4.86326 -2.55236
5.11759 15.1875
5.45864 38.9524
5.27534 26.2866
5.08243 12.9532
5.38313 33.9145
5.1242 15.9944
4.9574 4.47421
5.38682 34.3794
5.22715 23.3557
5.27591 26.813
5.83353 65.6249
5.67948 54.9914
5.41176 36.4595
5.52457 44.3671
5.91433 71.5168
5.71955 58.053
5.07794 13.5441
5.18385 20.9724
5.48878 42.2281
5.69992 56.9675
5.40085 36.2573
5.6259 51.9636
5.77558 62.4326
5.56908 48.1548
4.88173 0.467576
4.61378 -18.0801
4.88596 0.90028
5.14904 19.2488
5.36716 34.4728
5.48079 42.4372
5.43378 39.2401
5.5064 44.3552
5.60615 51.3552
5.66799 55.7215
5.7571 61.982
5.49724 43.9969
5.87621 70.3967
5.47219 42.3954
5.12984 18.6787
4.9571 6.74651
5.23619 26.207
5.62568 53.3377
5.32473 32.4973
4.94509 6.19001
5.03803 12.7167
5.29981 30.9748
5.37106 35.9945
5.19739 23.9975
5.23885 26.9475
5.55691 49.1157
5.5259 47.0306
5.26581 29.0292
5.6212 53.7905
5.66129 56.6458
5.28819 30.7921
5.04912 14.2516
5.43763 41.3141
5.29095 31.1923
4.95409 7.85707
5.18445 23.9318
5.35004 35.5066
5.23253 27.4115
5.3238 33.8221
5.30769 32.7723
5.64174 56.0518
5.58064 51.876
5.02583 13.398
5.14529 21.7668
5.29136 31.9851
5.23019 27.8046
5.38215 38.4326
5.40699 40.228
5.63381 56.0562
5.4155 40.9577
5.39151 39.3607
5.45317 43.7144
5.39399 39.6715
5.11216 20.1601
5.23049 28.4507
5.56903 52.0418
5.64451 57.3553
5.20452 26.8553
5.42133 41.9884
6.09412 88.8025
5.79919 68.3803
5.58331 53.4508
5.79305 68.0927
5.6989 61.6206
5.72879 63.7669
5.90567 76.1257
5.5682 52.7482
5.46502 45.649
5.58921 54.3475
5.66053 59.3721
6.0569 86.9804
5.77626 67.5517
5.46413 45.9344
6.12151 91.6785
6.00965 83.9756
5.83407 71.8462
5.97746 81.878
5.97013 81.4386
5.69362 62.296
5.9815 82.3675
6.02958 85.7773
6.19821 97.5628
5.74685 66.2726
5.87206 75.0413
6.21064 98.6353
6.01146 84.8657
5.70129 63.3849
5.7529 67.0406
6.03477 86.6935
5.31384 36.6735
5.18184 27.572
5.77359 68.7557
5.93119 79.7752
5.63829 59.494
5.33739 38.6576
5.24558 32.3477
5.85527 74.7778
6.14499 94.9769
5.86035 75.2698
5.34189 39.3172
5.33374 38.8204
5.62682 59.2534
5.61698 58.639
5.7036 64.7268
5.73677 67.1011
5.25029 33.3702
5.30886 37.509
5.72097 66.2117
5.74809 68.1652
5.72804 66.8416
5.975 84.0694
6.00258 86.0552
6.10211 93.0397
5.74626 68.3854
6.18054 98.6279
6.02649 87.9943
5.62074 59.8729
5.80909 73.0286
5.87312 77.5467
5.83222 74.7746
5.51641 52.9018
5.24999 34.4609
5.05706 21.1255
5.22995 33.2075
5.30252 38.3192
5.42708 47.0426
5.25985 35.4932
5.20579 31.807
5.44381 48.4135
5.5724 57.4171
5.47911 51.0051
4.92535 12.5998
4.68958 -3.71171
4.87563 9.28423
4.99421 17.593
5.4046 46.1761
5.53408 55.2411
5.38034 44.6289
5.77415 72.0599
5.56447 57.561
5.0811 24.0468
5.25634 36.2918
5.05956 22.6893
4.89276 11.1693
4.90695 12.2245
5.15209 29.3267
5.54295 56.5528
5.73871 70.2229
5.76247 71.9435
5.51661 54.9307
6.06617 93.183
6.33567 111.977
5.59156 60.3467
5.72364 69.5932
5.56843 58.8785
5.74642 71.315
5.9352 84.5006
5.8512 78.7334
5.63102 63.5055
5.64542 64.5753
5.77299 73.5082
5.70187 68.636
5.56124 58.9352
5.50203 54.8902
4.98375 18.9502
5.27125 38.9952
4.98374 19.089
5.26361 38.6029
5.54846 58.464
5.76808 73.7924
5.7042 69.4234
5.86834 80.8975
6.03754 92.7226
5.89216 82.6914
5.90653 83.7588
5.48564 54.5854
5.78343 75.345
5.93889 86.2159
5.55442 59.5725
5.64223 65.7434
5.56685 60.5754
5.3358 44.5913
5.48487 55.0182
5.40519 49.5519
5.56537 60.7503
5.6868 69.2564
5.50737 56.8598
6.1084 98.6883
6.00469 91.5515
6.13579 100.73
6.06818 96.1021
5.61474 64.6671
5.75312 74.3507
5.44896 53.2878
5.24126 38.926
6.05382 95.4513
6.04273 94.7508
6.13177 101.006
5.95826 89.0208
5.98386 90.8688
6.08904 98.2458
6.40368 120.177
5.96423 89.7134
5.60786 65.0226
6.05453 96.1262
6.68133 139.745
6.5074 127.73
6.02278 94.1284
5.59335 64.3621
5.74841 75.2046
5.49584 57.7258
5.59431 64.637
5.67197 70.1024
5.71103 72.8856
5.78134 77.8399
5.60165 65.4252
5.64367 68.4141
5.79164 78.7642
5.70512 72.8224
5.75162 76.1224
6.05442 97.2301
6.21422 108.402
6.38984 120.674
6.43643 123.981
6.2561 111.521
5.8253 81.6583
5.66992 70.9327
6.27269 112.882
5.97518 92.2809
5.84424 83.2526
5.6021 66.4987
5.73736 75.9658
5.46199 56.9025
5.28711 44.8214
5.4607 56.9521
5.65519 70.5347
5.29879 45.8417
5.60447 67.1495
6.02169 96.207
5.77489 79.129
5.37422 51.36
5.29323 45.8028
5.4492 56.709
5.49259 59.7929
5.45177 57.026
5.34288 49.53
5.78926 80.6136
5.84161 84.3204
5.97444 93.6185
6.16117 106.662
5.84153 84.5233
5.10654 33.5262
4.97715 24.6063
5.27122 45.1075
5.61273 68.9041
5.86836 86.7351
6.06041 100.147
6.02981 98.0908
5.71 75.9402
5.52803 63.367
5.67099 73.3694
5.67085 73.4285
5.48938 60.8899
5.65476 72.4501
5.3518 51.4698
5.75014 79.2158
5.79418 82.3452
5.84832 86.1765
5.61421 69.9801
5.2511 44.8207
5.61761 70.3553
5.97659 95.3663
5.65033 72.7675
5.80018 83.2485
5.85468 87.1044
5.46187 59.8819
5.65637 73.4653
5.88693 89.5534
6.17252 109.466
6.20323 111.669
6.14334 107.577
5.74822 80.1941
5.3013 49.2117
5.26939 47.0644
5.83629 86.5218
5.85872 88.1493
5.71476 78.2164
5.46718 61.0848
5.55634 67.3485
5.22206 44.1931
5.18395 41.6145
5.94987 94.8992
5.84273 87.5247
5.11848 37.2738
5.1718 41.048
5.75844 81.8765
5.85528 88.6749
5.35849 54.2276
5.40221 57.3345
5.37099 55.2352
5.69166 77.5844
5.73262 80.4995
5.6714 76.3156
6.20031 113.134
5.80653 85.8435
5.52626 66.4399
5.78541 84.5151
5.80827 86.1727
5.33595 53.4258
5.76944 83.6138
5.93461 95.1592
5.61951 73.3355
5.49253 64.5827
5.74049 81.8802
5.46854 63.055
5.48159 64.0314
6.06473 104.617
6.24014 116.874
6.07575 105.522
5.73466 81.8922
5.75621 83.4591
5.67124 77.6247
5.81688 87.8134
5.50556 66.2522
5.6919 79.2683
5.9266 95.6445
6.14917 111.178
5.82404 88.6577
6.03662 103.497
6.05492 104.838
5.69123 79.6391
5.61309 74.2791
6.07116 106.175
6.06621 105.901
6.03126 103.542
5.59967 73.6249
6.05597 105.397
6.16552 113.079
5.98828 100.833
5.82624 89.6447
5.5329 69.3329
5.08582 38.3402
5.10015 39.4052
5.40525 60.6723
5.79207 87.6181
5.72609 83.1034
5.48654 66.5286
5.40147 60.6879
5.41737 61.8623
5.17916 45.3807
5.09986 39.9409
5.39077 60.2222
5.40881 61.5453
5.39979 60.9883
5.76723 86.5869
6.03411 105.199
6.35669 127.681
6.52565 139.49
6.4435 133.851
6.36595 128.532
5.93849 98.9023
5.37053 59.5106
5.47195 66.6271
5.18127 46.5002
5.51905 70.0383
5.7162 83.8054
5.50432 69.154
5.53246 71.1783
5.73041 85.0012
5.8434 92.9212
6.13925 113.546
5.76665 87.7278
5.0603 38.7209
5.24144 51.3757
5.04007 37.4539
5.65335 80.1336
5.47149 67.5676
5.2744 53.9438
5.75702 87.5452
6.32998 127.423
5.80995 91.3615
5.30228 56.1584
5.2237 50.7682
5.38289 61.8979
5.91463 98.9126
5.12896 44.3941
5.27566 54.6563
5.58425 76.1666
5.87499 96.4362
5.60129 77.4892
5.59519 77.1348
5.4859 69.6112
5.31984 58.1425
5.38074 62.4437
5.34815 60.2489
5.28063 55.6267
5.67064 82.7938
5.36043 61.3101
5.16888 48.0711
5.48501 70.1051
5.78511 91.0252
5.86999 96.9919
5.75074 88.7758
5.60736 78.8834
5.77106 90.327
5.61381 79.471
5.46126 68.9411
4.84996 26.5379
5.77967 91.2027
5.69837 85.6236
5.91707 100.889
6.25447 124.4
5.90645 100.289
5.55867 76.1958
5.38301 64.0603
5.25148 54.9914
5.21773 52.7158
5.16156 48.8828
5.81574 94.404
6.59207 148.412
5.95801 104.428
5.55233 76.3109
5.66493 84.2038
5.75904 90.8117
5.31079 59.7375
5.82956 95.8504
6.10802 115.267
5.81557 95.0177
6.29371 128.308
6.33355 131.145
6.15792 119.012
5.63219 82.5546
5.57908 78.934
5.99187 107.683
6.30989 129.849
6.30305 129.443
6.00833 109.035
5.61606 81.8503
5.83199 96.9224
5.72148 89.3139
5.37784 65.5076
5.05495 43.1433
5.36389 64.6771
5.68049 86.7438
5.70908 88.7994
5.69018 87.5557
5.50876 75.0208
5.28866 59.7975
5.80311 95.6105
5.98737 108.482
5.78973 94.8201
5.2966 60.6271
5.01426 41.0803
5.53032 77.0053
5.69811 88.7326
5.67755 87.3736
5.59487 81.698
5.50355 75.423
5.38058 66.9483
5.47612 73.656
5.50207 75.5288
5.27568 59.8688
5.36932 66.4441
5.48258 74.3831
5.23062 56.9464
4.91161 34.8516
5.45087 72.3883
6.03064 112.739
5.65305 86.5745
4.97845 39.773
4.93801 37.0327
5.057 45.3701
5.07593 46.7542
4.9003 34.6216
5.65049 86.8132
5.60539 83.749
4.98211 40.5139
4.74647 24.2115
5.41949 71.0413
5.50883 77.3183
5.21009 56.6316
5.29711 62.7475
5.53924 79.6398
5.18799 55.3047
5.07882 47.7888
5.23683 58.8372
5.0088 43.0631
5.28829 62.5512
5.26681 61.1284
4.78669 27.8393
5.05455 46.5194
5.24829 60.05
5.26228 61.0912
5.43759 73.3415
5.54422 80.8195
5.29249 63.3986
5.02213 44.684
5.06816 47.9517
4.97981 41.8828
5.63715 87.6236
5.88074 104.617
5.39963 71.2597
5.2142 58.4455
5.29709 64.2741
5.48959 77.7186
4.89187 36.2588
5.16928 55.6029
5.56255 82.9964
5.48647 77.7794
5.79112 99.016
5.71679 93.9209
5.24477 61.1948
5.16146 55.4759
5.24458 61.3209
5.52166 80.6413
5.80125 100.137
5.84208 103.043
5.56359 83.7629
5.98347 113.005
5.98223 112.989
6.29617 134.871
5.5584 83.6806
5.07824 50.389
5.1934 58.4596
5.00574 45.4908
5.39402 72.5372
5.61766 88.1455
5.58485 85.9352
5.42036 74.5761
5.94351 110.993
5.77123 99.0929
5.17324 57.6145
5.22537 61.3062
5.45633 77.4224
5.32758 68.5464
5.13108 54.9631
5.42787 75.6539
5.05617 49.8979
5.30587 67.3164
5.38642 72.9818
5.46284 78.3615
5.38945 73.3317
5.26851 64.9986
5.52097 82.6081
5.8415 104.948
5.98427 114.937
5.80126 102.291
5.74731 98.6123
5.5811 87.1337
5.62277 90.098
5.66116 92.8352
5.52277 83.289
5.31962 69.2441
5.61821 90.0593
5.60388 89.1335
5.80893 103.449
5.76833 100.698
5.40626 75.611
5.4483 78.6015
5.66334 93.612
5.53982 85.099
5.38169 74.1818
5.19433 61.2341
5.49749 82.3668
5.76437 100.979
5.93586 112.963
5.70875 97.2532
5.48632 81.8687
5.33301 71.286
5.52126 84.4353
5.73576 99.4079
6.06865 122.606
5.90892 111.578
5.41209 77.128
5.18402 61.3513
5.05804 52.6681
5.4686 81.2625
5.64368 93.4966
5.88857 110.58
6.08859 124.547
5.84156 107.453
5.49362 83.3483
5.35276 73.6308
5.16873 60.9145
5.79311 104.365
5.39809 76.9887
5.36109 74.4875
5.56601 88.7945
5.92331 113.689
5.87013 110.064
5.35664 74.4564
5.19098 63.0162
5.51917 85.8882
6.13689 128.876
6.07989 124.985
5.56656 89.389
5.19792 63.8458
5.31228 71.8609
5.15438 60.9593
5.38727 77.2101
5.29091 70.5841
5.10568 57.7844
5.27035 69.2949
5.09904 57.4619
5.33874 74.1857
5.32806 73.5126
5.26117 68.9347
5.70225 99.6501
5.78891 105.741
5.44446 81.8784
5.35804 75.9431
5.29477 71.6168
5.40132 79.089
5.72178 101.424
5.37167 77.1679
5.61071 93.8462
5.3883 78.4624
5.47268 84.3949
5.74295 103.242
6.49591 155.626
6.14395 131.242
5.83095 109.565
6.36292 146.595
6.24108 138.199
5.63741 96.3265
5.39516 79.5647
5.24492 69.1952
5.25119 69.7003
5.58352 92.8603
5.38263 78.972
5.73022 103.191
5.73667 103.709
5.83359 110.513
6.07758 127.535
5.62864 96.4118
5.28411 72.5439
5.0691 57.6745
5.60947 95.288
5.88552 114.538
5.39696 80.6621
5.75241 105.428
6.01577 123.796
6.23457 139.067
5.7812 107.637
5.36949 79.1013
5.37168 79.3226
5.35577 78.2869
5.6563 99.2368
6.14545 133.292
6.73066 174.021
6.41269 151.998
6.09224 129.804
5.78673 108.646
5.64518 98.8812
5.79436 109.316
5.83863 112.461
5.74498 106.023
5.36899 79.9697
5.38895 81.4261
5.58776 95.3084
5.07457 59.7218
5.50178 89.4738
5.60646 96.8166
5.49719 89.2937
5.20573 69.1125
5.08096 60.5131
5.45433 86.5245
5.39551 82.5068
5.33441 78.3312
5.67097 101.785
6.22803 140.558
6.44786 155.901
6.16137 136.066
5.51668 91.3429
5.16628 67.0669
5.77274 109.272
5.44189 86.355
5.2585 73.6823
5.52504 92.271
5.37777 82.1085
5.18551 68.8196
5.50882 91.3525
5.83057 113.777
5.77657 110.095
5.5288 92.9493
5.94339 121.824
6.30589 147.079
6.278 145.211
6.22657 141.708
6.12153 134.478
5.7541 109.019
5.57345 96.5378
5.90422 119.589
5.51749 92.7888
5.4709 89.6208
5.7393 108.339
6.40248 154.485
6.55782 165.348
6.71648 176.44
6.49086 160.834
5.9041 120.136
5.83087 115.117
5.82554 114.817
5.91396 121.03
5.70541 106.61
5.77697 111.651
5.90299 120.476
5.68336 105.286
5.37878 84.1936
5.35124 82.3494
5.32957 80.9134
5.45262 89.532
5.44214 88.8731
5.70084 106.917
5.65934 104.103
6.09022 134.11
5.94323 123.967
5.28109 78.0315
5.54531 96.4581
5.72935 109.315
5.6113 101.182
5.23638 75.2025
5.40471 86.9678
5.56186 97.9555
5.2978 79.6783
5.64365 103.777
5.88541 120.644
5.86281 119.143
5.23664 75.7074
5.25047 76.7372
5.33702 82.8203
5.25552 77.2271
5.22724 75.3322
5.63101 103.455
5.48898 93.6564
5.20543 74.0251
5.08171 65.4987
5.38969 86.9663
5.31834 82.0786
5.0111 60.8013
5.21664 75.1509
5.21906 75.3891
5.11965 68.5512
5.227 76.0798
5.03394 62.7351
4.90356 53.7461
5.02643 62.3528
5.0898 66.8251
5.06391 65.0955
5.3549 85.3827
5.25584 78.5694
5.4493 92.0805
5.57637 100.979
5.5033 95.9713
5.31768 83.1439
5.13721 70.6745
5.23845 77.7786
5.32421 83.8065
5.73513 112.426
5.50433 96.4598
5.20234 75.5474
5.07815 66.9879
5.13556 71.0466
5.02988 63.7736
4.92793 56.7594
5.18172 74.4624
4.80033 48.0332
5.16616 73.5196
5.48299 95.6023
5.14526 72.2069
5.00948 62.8421
5.31132 83.8831
5.04113 65.1804
5.39787 90.036
5.07391 67.5965
5.25096 79.9675
5.88528 124.109
5.95598 129.09
5.84208 121.246
5.58133 103.199
5.72395 113.178
5.42211 92.2757
5.42549 92.58
5.74647 114.951
5.64968 108.296
5.46967 95.8584
5.37831 89.5801
5.1199 71.6954
5.64617 108.329
5.74082 114.975
5.48728 97.4288
5.5359 100.877
5.57815 103.881
5.43136 93.7524
5.56257 102.938
5.68007 111.171
5.81597 120.683
5.63436 108.134
5.31012 85.6759
5.04182 67.1039
5.5027 99.1953
5.4559 96.013
5.29307 84.7693
5.43018 94.3653
5.55154 102.866
5.40248 92.5796
5.16471 76.1285
5.00238 64.9198
5.05297 68.5043
5.33797 88.3755
5.16079 76.1345
5.49591 99.4875
5.89865 127.539
5.91767 128.93
5.8774 126.202
5.81562 121.979
5.45122 96.7304
5.2285 81.3255
5.45978 97.4636
5.47402 98.5227
5.82033 122.653
5.3729 91.636
5.23042 81.8063
5.57607 105.891
5.5024 100.842
5.53754 103.353
5.72907 116.729
5.62155 109.329
5.4235 95.6379
5.53381 103.372
5.34608 90.3981
5.34112 90.1223
5.28397 86.2212
5.29367 86.9647
5.48554 100.365
5.84921 125.702
5.4226 96.1314
5.48159 100.299
5.53752 104.254
5.51009 102.419
5.44411 97.9038
5.70352 115.996
5.70995 116.513
5.34373 91.1377
5.51748 103.279
5.44908 98.5961
5.96741 134.679
5.91232 130.921
5.57082 107.263
5.37042 93.4086
5.26177 85.9293
5.47675 100.935
5.23598 84.2764
5.21902 83.1675
5.41542 96.8828
5.15549 78.8925
5.22523 83.8074
5.29312 88.5939
5.30608 89.5638
5.56425 107.571
5.04561 71.606
5.13066 77.5846
5.12684 77.3885
5.18936 81.8016
5.12009 77.0587
5.48475 102.464
5.52518 105.343
5.38152 95.4306
5.50998 104.425
5.35434 93.6816
5.66925 115.63
5.40031 97.0143
5.49266 103.5
5.6884 117.17
5.56128 108.407
5.35326 94.023
5.02409 71.2224
5.97123 137.098
5.82775 127.199
5.30244 90.7702
5.1362 79.2891
5.61026 112.296
6.16972 151.236
5.49185 104.208
5.03253 72.3645
5.08795 76.2848
5.09158 76.6058
5.4196 99.4662
5.14093 80.1738
5.32479 93.0177
5.99499 139.652
5.32201 92.9638
5.44821 101.801
5.38959 97.7977
5.55129 109.102
5.90863 133.999
5.69727 119.384
5.47317 103.883
5.4263 100.696
5.63099 114.987
5.90421 134.039
5.53349 108.352
5.01864 72.6497
5.25374 89.054
5.63768 115.799
5.5629 110.673
5.61931 114.662
5.34872 95.9311
5.56201 110.82
5.19032 85.0646
5.28256 91.543
5.70318 120.837
5.50318 107.01
5.42154 101.407
5.29521 92.6995
5.46933 104.867
5.65967 118.161
5.69663 120.799
5.78394 126.934
5.5216 108.776
5.00956 73.2699
4.95743 69.7174
5.16346 84.1017
5.5162 108.679
5.56704 112.281
5.65546 118.494
5.69033 120.986
5.37067 98.8456
4.9899 72.4595
5.59086 114.283
5.44254 104.048
5.21794 88.5119
5.11677 81.5526
5.38748 100.43
5.25138 91.0439
5.08704 79.6955
5.17441 85.835
5.35053 98.1413
5.76701 127.147
5.59409 115.202
5.70655 123.086
5.62751 117.663
5.22448 89.7306
5.63903 118.603
5.54452 112.106
5.47495 107.342
5.28472 94.1944
5.35491 99.1404
5.65327 119.94
5.60448 116.619
5.5001 109.436
5.50195 109.634
5.14676 85.0256
5.117 83.0277
5.0957 81.6173
4.96022 72.2733
5.26537 93.5443
5.67241 121.895
5.56723 114.656
5.29165 95.5787
5.26886 94.0651
5.1664 87.0153
5.00337 75.7578
5.232 91.7123
5.37082 101.427
5.29435 96.1832
5.41957 104.953
5.3509 100.251
5.11639 84.0272
6.00789 146.037
5.88452 137.535
5.2789 95.5268
5.66801 122.631
5.73952 127.669
5.17867 88.7715
4.93059 71.6042
5.44618 107.496
5.51897 112.623
5.34502 100.607
5.17107 88.5907
5.40551 104.948
5.15707 87.7569
5.03568 79.3923
5.35594 101.713
5.14695 87.262
5.71359 126.701
5.19769 90.9267
5.41468 106.072
5.18873 90.4427
5.48356 110.997
5.3174 99.5216
5.40134 105.423
5.54299 115.334
5.23588 94.0659
4.89802 70.6613
5.271 96.6451
5.4289 107.685
5.1735 90.0098
5.25064 95.4389
5.10392 85.3145
5.33612 101.517
5.26245 96.468
5.35604 103.04
5.24034 95.071
5.5476 116.488
5.39646 106.057
5.47165 111.35
5.27215 97.559
5.27572 97.8764
5.21837 93.9615
5.01583 79.9587
5.12762 87.7953
5.40548 107.17
5.6572 124.728
5.73903 130.484
5.94819 145.085
5.37862 105.582
5.40852 107.728
5.48437 113.068
5.48717 113.332
5.83363 137.473
5.71056 128.992
5.78633 134.326
5.79798 135.205
5.75839 132.524
5.67252 126.627
5.63181 123.868
5.50637 115.222
5.42418 109.581
5.7836 134.623
5.21223 94.9941
4.99572 80.0204
5.52277 116.709
5.19449 93.9696
5.47562 113.572
5.19348 94.0384
5.1383 90.2743
5.23931 97.3614
5.08316 86.5816
5.40678 109.136
5.34287 104.766
5.35765 105.861
5.38676 107.954
5.21233 95.9043
5.67128 127.86
5.65885 127.067
5.59756 122.878
5.81139 137.804
5.54552 119.401
5.40602 109.778
5.78611 136.256
5.55105 119.994
5.32133 104.103
5.39982 109.625
5.2747 101.001
5.21387 96.8448
5.10199 89.1406
5.17913 94.5701
5.30242 103.206
5.39683 109.835
5.26343 100.635
5.35352 106.965
4.83223 70.8151
4.79868 68.5534
4.9405 78.4768
4.83075 70.9207
4.72005 63.2989
5.12985 91.8408
5.27134 101.741
5.46398 115.195
5.28726 102.986
5.33969 106.698
5.65143 128.427
5.83656 141.359
5.28718 103.258
4.95016 79.9123
5.24536 100.491
5.36526 108.892
5.72097 133.676
5.70145 132.389
5.6781 130.836
5.7066 132.885
5.84995 142.915
5.64201 128.537
5.297 104.635
5.58166 124.482
5.69052 132.116
5.27441 103.275
5.49374 118.582
5.62694 127.906
5.63818 128.757
5.91021 147.727
6.04417 157.104
5.63654 128.851
5.65025 129.874
5.49454 119.125
5.43927 115.354
6.05588 158.265
6.0901 160.712
5.51426 120.772
5.1499 95.5266
5.26262 103.428
5.32765 108.015
5.04675 88.568
5.5506 123.645
5.77491 139.299
5.53796 122.906
5.3454 109.596
5.32978 108.58
5.23177 101.84
5.05328 89.5086
5.34569 109.894
5.68415 133.48
5.71809 135.907
5.63908 130.487
5.52699 122.769
5.10235 93.3345
5.16474 97.7392
5.33649 109.741
5.03074 88.5674
5.63991 130.961
5.83125 144.326
5.76421 139.737
5.82491 144.024
5.50409 121.803
5.31699 108.873
5.16155 98.1426
5.3458 111.014
5.41376 115.804
5.08861 93.2831
5.1682 98.8822
5.00355 87.5121
4.94961 83.8341
5.35654 112.177
5.78836 142.249
5.67348 134.336
5.40176 115.527
5.10396 94.9056
5.37689 113.938
5.75075 139.983
6.19557 170.958
5.75678 140.54
5.40419 116.112
5.34937 112.373
5.64018 132.648
5.31073 109.827
5.46252 120.443
5.42631 117.997
5.40855 116.833
5.28641 108.415
5.48764 122.467
5.19762 102.385
5.3071 110.062
5.25543 106.541
5.10897 96.4348
5.16421 100.342
5.39306 116.312
4.92537 83.887
5.05105 92.6885
5.50072 124.001
5.59163 130.386
5.27993 108.8
5.44583 120.395
5.82799 147.017
5.63897 133.953
5.26991 108.381
5.05116 93.2521
5.03119 91.9337
5.06655 94.4602
4.95219 86.5841
5.11717 98.1162
5.39223 117.297
5.15072 100.586
5.38706 117.076
5.54695 128.255
5.30177 111.289
5.10851 97.9314
5.42151 119.748
5.73666 141.714
5.90719 153.632
5.53327 127.721
5.47809 123.957
5.51009 126.25
5.22 106.164
5.20061 104.886
5.48148 124.47
5.504 126.105
5.7717 144.773
6.0038 160.969
5.81381 147.838
4.93465 86.8242
4.78774 76.6869
5.4212 120.769
5.63589 135.754
4.90515 85.0526
5.04278 94.6848
5.20501 106.026
4.99308 91.3704
5.30138 112.86
5.73913 143.344
5.56721 131.469
5.17904 104.569
5.09302 98.6615
5.2834 111.958
5.44926 123.551
5.15363 103.081
4.99352 92.0262
5.27762 111.835
5.38038 119.044
5.47174 125.461
5.30867 114.201
5.4356 123.089
5.489 126.869
5.1336 102.245
5.47945 126.344
5.07341 98.2023
4.69047 71.6658
4.61272 66.3333
4.89146 85.7691
5.41599 122.282
5.19453 106.965
5.2957 114.064
5.08634 99.5872
4.99783 93.5072
5.17783 106.082
5.19595 107.411
5.47881 127.133
5.49772 128.516
5.47098 126.728
5.53192 131.032
5.11262 101.968
5.56978 133.802
5.53711 131.601
4.85211 84.0771
5.03993 97.1966
5.20711 108.881
5.32638 117.238
5.36719 120.142
5.45793 126.517
5.37281 120.672
5.15414 105.548
5.27036 113.693
5.33936 118.556
5.10365 102.248
5.21012 109.715
5.07391 100.322
5.23879 111.846
5.28368 115.035
4.92741 90.3512
5.14899 105.816
5.58401 136.11
5.2716 114.474
4.92746 90.6327
5.25922 113.752
5.22738 111.61
5.18802 108.945
5.40102 123.813
5.57531 135.992
5.31382 117.893
5.40901 124.577
5.57953 136.493
5.63686 140.546
5.98518 164.817
5.78149 150.734
5.68448 144.063
5.33034 119.528
5.49686 131.167
5.34038 120.364
5.39379 124.145
4.95281 93.5747
5.39259 124.2
5.19753 110.717
5.60408 139.033
5.48087 130.542
5.24139 113.973
5.68801 145.073
5.67795 144.443
5.65807 143.132
5.28539 117.308
5.46109 129.585
5.197 111.305
5.46148 129.751
5.52609 134.309
5.19328 111.255
4.88063 89.6023
5.04848 101.334
5.22363 113.573
4.89505 90.8123
4.51669 64.5942
4.95745 95.2868
5.32153 120.653
5.08209 104.085
5.19057 111.692
5.65107 143.757
5.71891 148.54
5.38465 125.385
5.28012 118.192
5.47826 132.028
6.0554 172.197
5.48555 132.674
4.9099 92.7474
5.00574 99.4759
5.26257 117.39
5.27708 118.468
5.25381 116.92
5.6599 145.204
5.64673 144.358
5.56231 138.562
5.6915 147.608
5.7118 149.088
5.25597 117.487
5.6671 146.121
5.10171 106.908
5.22081 115.253
5.18418 112.777
5.24689 117.204
5.46974 132.756
5.17972 112.676
4.95371 97.0422
5.14879 110.665
5.67313 147.165
5.85897 160.147
5.21959 115.793
4.99531 100.28
5.54795 138.746
5.49368 135.045
5.76304 153.83
5.74317 152.518
5.88522 162.457
6.26442 188.873
5.92667 165.476
5.59626 142.589
5.62445 144.617
5.17722 113.614
5.28288 121.024
5.50412 136.465
5.30128 122.442
4.93627 97.1504
5.3435 125.514
5.67001 148.269
6.11067 178.955
5.43383 131.998
5.20805 116.381
5.46043 133.986
5.18341 114.808
5.65969 147.969
5.75601 154.73
5.49219 136.47
5.2996 123.158
5.36951 128.085
5.60403 144.449
5.09108 108.879
5.29242 122.938
5.33887 126.234
5.15371 113.439
5.2933 123.207
6.00697 172.861
5.87431 163.714
5.38205 129.582
5.24736 120.293
5.36773 128.726
5.225 118.878
5.49028 137.379
5.17395 115.47
5.08884 109.627
5.00795 104.076
5.31222 125.286
5.33046 126.623
5.2051 117.982
5.13073 112.885
5.30296 124.921
5.11328 111.811
5.23704 120.48
5.35222 128.552
5.09458 110.72
5.16485 115.672
5.27831 123.625
5.76827 157.736
5.8798 165.554
6.0065 174.427
5.56057 143.514
5.12909 113.604
5.16247 115.993
5.44228 135.503
5.27945 124.26
4.97391 103.1
4.59559 76.8848
5.12783 113.934
5.80546 161.084
5.68923 153.078
5.90866 168.394
5.51816 141.332
5.35278 129.911
5.35531 130.156
5.21509 120.483
5.0008 105.664
4.95365 102.457
5.16868 117.466
5.32129 128.139
5.23631 122.305
5.15037 116.403
5.07081 110.945
4.9252 100.898
5.01751 107.38
5.56244 145.311
5.56419 145.503
4.90897 100.047
4.8295 94.5958
5.44012 137.09
6.03854 178.738
6.1057 183.473
5.46917 139.317
5.38427 133.488
5.70593 155.906
5.54005 144.451
5.61092 149.444
5.68573 154.711
5.86123 166.974
5.78942 162.054
5.69994 155.906
5.9587 173.954
5.73387 158.403
5.52025 143.631
4.84251 96.6112
4.46614 70.531
4.66702 84.5571
4.98507 106.725
5.60752 150.041
5.69845 156.429
5.61844 150.939
5.53457 145.181
5.41922 137.236
5.5837 148.734
5.16678 119.836
4.7396 90.2257
4.96451 105.922
5.12742 117.31
5.39663 136.084
4.78208 93.4551
5.02399 110.332
5.51043 144.199
5.40434 136.897
5.37853 135.174
5.07326 114.033
5.23436 125.295
5.67591 156.044
5.08254 114.886
5.06685 113.866
5.01886 110.601
5.20774 123.794
5.50897 144.792
5.11103 117.213
4.98251 108.353
5.31708 131.668
5.08231 115.426
5.26307 128.055
5.24352 126.766
5.40173 137.828
5.63443 154.065
5.32289 132.489
5.39581 137.624
5.34607 134.239
5.76514 163.424
5.18647 123.288
5.13067 119.481
5.21704 125.551
5.15691 121.443
5.36451 135.937
5.43044 140.587
5.4145 139.549
5.02609 112.632
4.83234 99.2398
4.91109 104.781
4.85095 100.671
4.87719 102.564
4.95928 108.337
4.96899 109.081
5.17801 123.673
5.08927 117.577
4.93095 106.647
5.18106 124.094
5.2971 132.226
5.14823 121.952
5.08175 117.402
5.09671 118.511
4.99077 111.22
5.07505 117.145
4.94829 108.408
4.63156 86.4709
4.73451 93.6934
4.89521 104.928
5.32996 135.203
5.44906 143.548
5.06031 116.607
5.15869 123.512
5.14317 122.503
5.03381 114.974
5.71286 162.224
5.44925 143.978
4.8842 104.788
4.83086 101.152
4.76444 96.6067
4.84437 102.229
5.34668 137.199
5.08883 119.353
5.35138 137.664
5.05164 116.908
4.87382 104.623
4.60385 85.935
4.63368 88.0771
5.14718 123.824
5.13534 123.071
4.84652 103.074
4.75774 96.9744
4.7737 98.153
4.39607 71.9854
5.04752 117.317
4.90962 107.805
4.63284 88.6439
4.84932 103.754
4.84388 103.446
5.0613 118.622
4.94805 110.822
4.87002 105.47
5.30087 135.475
5.18656 127.602
4.76246 98.2058
5.18825 127.859
5.19634 128.49
4.99863 114.823
5.21155 129.686
5.20062 128.996
5.12052 123.5
5.25872 133.171
4.76148 98.6932
5.28321 135.012
5.55693 154.099
5.03575 117.958
5.12184 124.009
5.19074 128.866
5.10815 123.197
5.27676 134.981
5.22424 131.402
5.15403 126.593
4.76412 99.5715
5.32494 138.607
5.32123 138.418
5.14116 125.976
4.62501 90.1842
4.53757 84.179
4.58596 87.6106
5.03129 118.621
5.31071 138.104
5.10627 123.969
5.38215 143.206
5.52227 153.011
5.13518 126.186
5.31572 138.8
5.4752 149.95
5.33112 140.008
5.28378 136.789
5.23925 133.765
5.00041 117.24
4.94111 113.189
5.19223 130.706
5.47159 150.185
5.43696 147.848
5.04206 120.481
4.89191 110.118
4.73873 99.5445
4.90668 111.283
5.02697 119.71
5.01922 119.241
4.83219 106.316
5.28828 138.074
5.2796 137.54
5.13385 127.483
5.08602 124.23
5.30496 139.511
5.24931 135.714
5.42484 147.979
5.5755 158.516
5.50656 153.796
5.0956 125.312
4.93335 114.109
5.07996 124.364
5.51879 154.924
5.23726 135.433
4.90305 112.282
4.83213 107.423
4.98122 117.851
5.28612 139.105
4.82616 107.217
4.53797 87.2635
5.11781 127.62
4.77796 104.077
5.13384 128.872
5.47498 152.644
5.19742 133.429
5.16743 131.414
5.02686 121.717
5.12209 128.403
4.99951 119.956
5.18601 132.983
4.79871 106.144
5.00159 120.309
5.10678 127.687
5.41947 149.482
5.48775 154.295
5.41168 149.079
5.06688 125.193
4.79001 106.026
4.60452 93.2077
4.87625 112.157
5.31482 142.697
5.09854 127.74
5.09211 127.363
5.26189 139.228
5.08923 127.302
5.34926 145.438
5.55603 159.873
5.23126 137.378
5.42302 150.771
4.93429 116.884
5.91392 185.017
5.73851 172.899
5.1724 133.636
4.70159 100.994
5.01934 123.14
4.79353 107.521
4.92272 116.566
5.86181 181.883
5.20448 136.282
5.28445 141.908
5.09594 128.879
4.80832 108.965
5.39681 149.922
5.51505 158.207
4.91975 116.915
4.67809 100.195
4.60361 95.0899
5.04296 125.684
4.97983 121.368
5.0278 124.77
4.97206 120.967
5.18533 135.855
5.21028 137.657
5.13802 132.706
4.7959 109.005
4.69536 102.089
5.18175 135.953
5.10744 130.86
4.95729 120.497
5.2215 138.923
4.80161 109.819
4.52263 90.5053
4.81783 111.085
4.87818 115.348
4.8805 115.579
4.97144 121.966
4.65194 99.8374
4.91126 117.924
4.86414 114.719
4.98883 123.452
5.2532 141.89
5.62474 167.774
5.66574 170.692
5.35455 149.14
5.34813 148.763
5.3374 148.087
5.69177 172.778
5.05948 128.917
4.45393 86.9137
5.25997 142.985
5.78483 179.522
5.06603 129.65
5.38139 151.63
5.30191 146.177
5.10042 132.247
5.23003 141.322
5.03416 127.783
4.99826 125.358
4.68791 103.865
5.57112 165.299
5.85263 184.927
5.45027 157.042
5.21244 140.586
5.17271 137.896
5.32798 148.753
5.69811 174.539
6.04281 198.558
5.986 194.68
5.24408 143.202
5.1889 139.438
5.04517 129.521
5.15545 137.252
4.93544 122.036
4.83092 114.843
5.1896 139.833
5.10199 133.816
4.81389 113.868
4.90366 120.175
5.39833 154.614
5.29138 147.252
5.12392 135.687
5.24223 143.977
4.85072 116.844
4.79715 113.192
5.20765 141.783
5.54999 165.637
5.484 161.122
4.85839 117.724
4.48828 92.0789
4.63001 101.996
5.02936 129.812
5.30622 149.117
5.40837 156.284
5.58352 168.523
5.72456 178.392
5.38975 155.199
4.87871 119.762
5.34621 152.312
5.46839 160.871
5.53497 165.566
5.25782 146.38
5.04076 131.368
5.27788 147.912
5.6625 174.705
5.75189 180.985
5.69907 177.385
5.33265 151.996
4.89252 121.485
5.07241 134.053
5.34751 153.237
5.42553 158.727
5.17815 141.608
5.00262 129.482
5.42622 158.983
5.44816 160.577
5.23324 145.714
5.03836 132.243
4.96945 127.525
5.06047 133.919
5.26459 148.171
5.20952 144.413
5.03351 132.254
4.74691 112.411
4.90547 123.497
4.97311 128.266
4.6273 104.309
4.95996 127.492
5.1444 140.376
4.95949 127.598
5.14067 140.255
5.4166 159.496
5.35193 155.072
5.16456 142.123
5.01426 131.75
4.62022 104.442
5.12486 139.573
5.50496 166.052
5.325 153.618
5.20299 145.21
5.05927 135.294
4.74979 113.861
4.64154 106.41
5.17089 143.258
5.35613 156.198
5.51124 167.045
5.40451 159.698
5.23292 147.846
5.13157 140.874
5.29559 152.339
4.8028 118.17
4.85468 121.844
5.12838 140.93
5.54897 170.222
5.44621 163.151
5.92663 196.6
6.03421 204.144
5.66412 178.5
4.90907 126.109
4.74844 115.019
5.07391 137.701
5.45356 164.149
5.33823 156.205
5.08023 138.349
5.16993 144.651
5.23769 149.428
5.41215 161.618
4.96745 130.791
4.58651 104.393
4.76203 116.657
4.96714 130.977
4.79117 118.821
5.25217 150.92
5.07134 138.426
4.90339 126.827
5.13176 142.762
5.02516 135.426
4.98486 132.695
5.03132 135.993
5.58673 174.651
5.52595 170.498
4.51487 100.319
4.42643 94.2435
4.75049 116.828
5.01919 135.566
5.1523 144.884
4.86165 124.76
4.83108 122.705
4.84949 124.054
4.89564 127.33
4.80336 120.988
4.85533 124.668
4.80739 121.407
4.75655 117.944
5.00181 135.054
4.81457 122.114
5.1299 144.092
5.28731 155.099
4.84723 124.592
4.80018 121.392
4.8741 126.598
4.78018 120.142
4.97694 133.882
4.90637 129.048
5.14053 145.387
4.83187 124.011
4.8506 125.382
4.89724 128.692
4.92925 130.986
4.80909 122.706
4.77226 120.217
4.8262 124.034
4.77432 120.499
4.92341 130.927
5.1969 149.998
5.25516 154.116
4.82871 124.556
4.56497 106.301
5.1443 146.622
5.44339 167.471
5.76309 189.753
5.68544 184.428
5.50521 171.975
5.31534 158.852
5.0154 138.082
4.59988 109.282
5.217 152.229
5.48398 170.847
4.92582 132.137
4.66033 113.76
4.82108 124.998
4.67501 114.919
4.61042 110.501
4.75613 120.694
4.59981 109.903
4.93917 133.55
5.23231 153.987
5.18804 150.98
4.94888 134.433
4.78345 123.009
5.39814 165.786
5.01149 138.992
4.91896 132.632
4.74968 120.941
4.83359 126.84
4.83878 127.27
4.82767 126.568
4.87719 130.078
4.72866 119.828
4.59816 110.83
4.62341 112.654
4.9279 133.879
5.03248 141.215
4.63132 113.412
4.90218 132.301
4.69649 118.079
4.56482 109
4.84722 128.69
4.67108 116.522
4.92465 134.209
5.24325 156.415
4.77854 124.196
4.90055 132.743
5.20822 154.19
4.60298 112.207
4.46855 102.937
4.78238 124.811
5.44009 170.577
5.0424 143.016
4.56986 110.254
4.83021 128.412
5.05038 143.779
4.96044 137.599
4.95713 137.439
4.97253 138.578
4.54344 108.835
4.6586 116.905
5.06477 145.195
4.84633 130.088
4.80245 127.108
4.67028 117.994
4.72052 121.555
5.26963 159.776
5.23153 157.198
5.12457 149.836
4.93041 136.416
5.05971 145.469
5.53331 178.444
5.88865 203.202
5.52763 178.188
5.0378 144.225
5.07878 147.141
5.35381 166.32
4.95363 138.585
4.91888 136.24
5.1229 150.484
5.43698 172.376
5.61402 184.746
5.44263 172.908
4.96354 139.691
4.55385 111.295
5.1231 150.915
5.21551 157.405
5.35837 167.401
5.68233 189.978
4.99182 142.072
5.0266 144.558
5.07624 148.076
4.8401 131.739
4.97593 141.246
5.16807 154.665
5.12252 151.57
4.78118 127.923
4.74458 125.45
5.12386 151.871
4.99261 142.822
4.65045 119.118
4.48146 107.446
5.06625 148.146
4.92572 138.452
4.80223 129.942
4.7543 126.681
4.51018 109.789
4.48758 108.288
4.47258 107.316
4.16063 85.7116
4.54254 112.316
4.47648 107.795
4.63867 119.134
4.53033 111.675
5.12517 153.074
4.99455 144.068
4.72027 125.081
4.5811 115.481
4.65625 120.772
4.94345 140.796
5.16002 155.912
5.16692 156.461
4.74238 127.034
4.74956 127.602
5.12284 153.607
4.5719 115.398
4.79823 131.192
4.97863 143.796
4.87069 136.366
4.70944 125.232
4.85122 135.152
4.74307 127.707
5.07152 150.597
4.7232 126.466
4.78046 130.513
4.83784 134.569
4.61257 118.987
4.29477 96.9767
4.65479 122.06
4.81078 132.968
4.65615 122.294
4.82984 134.431
4.80275 132.618
4.61426 119.591
4.49223 111.182
4.53713 114.372
4.31524 99.0246
4.54921 115.35
4.34133 100.976
4.16267 88.6321
4.49447 111.755
4.5276 114.126
4.73487 128.597
4.44121 108.263
4.40275 105.66
4.32246 100.151
4.14292 87.7464
4.54869 116.008
4.76542 131.136
4.86154 137.884
4.69284 126.232
4.61398 120.823
4.71857 128.159
4.60299 120.198
4.61923 121.396
4.52021 114.586
4.42539 108.067
5.01647 149.204
4.63489 122.762
4.50405 113.741
4.75117 130.979
4.81488 135.476
4.63272 122.889
4.31434 100.838
4.79016 133.966
4.82586 136.517
5.04282 151.66
4.73167 130.111
4.41319 108.053
4.70816 128.617
5.01231 149.818
5.08382 154.856
5.22513 164.743
4.99402 148.756
4.52261 116.073
4.53458 116.973
4.78744 134.611
4.78891 134.783
5.45258 180.963
5.9093 212.765
5.54911 187.81
4.72141 130.371
4.48199 113.806
4.68985 128.317
4.59112 121.527
4.82236 137.663
5.02024 151.481
4.64097 125.199
4.45096 112.067
5.28378 170
5.50424 185.387
5.40688 178.691
4.93305 145.84
4.7636 134.136
4.61433 123.834
4.25243 98.7594
4.43408 111.45
4.36526 106.738
4.14249 91.3294
4.52672 118.095
4.59008 122.566
5.00517 151.476
5.00135 151.28
4.85431 141.133
4.70715 130.978
4.64879 126.993
4.7401 133.407
5.03269 153.805
5.18308 164.323
4.77236 135.857
4.51021 117.712
5.02585 153.608
4.98655 150.947
4.6941 130.697
4.69412 130.768
4.9738 150.27
4.95643 149.132
4.85187 141.936
4.5716 122.533
4.7962 138.208
5.06265 156.79
4.83523 141.058
4.99244 152.051
4.64833 128.212
4.69939 131.829
4.85972 143.038
5.45042 184.148
5.11163 160.679
4.93313 148.347
4.885 145.072
4.93229 148.427
4.60749 125.93
4.62325 127.094
5.05047 156.847
5.00768 153.943
5.04979 156.939
5.32258 175.961
4.86917 144.528
4.89935 146.695
4.76789 137.63
5.20194 167.857
5.0543 157.668
4.74834 136.48
4.8031 140.355
4.76523 137.793
4.9381 149.873
4.6674 131.135
5.25017 171.695
4.80034 140.51
4.82142 142.044
4.72058 135.107
4.76074 137.967
5.05745 158.652
5.30998 176.267
5.48347 188.39
5.06206 159.18
4.83712 143.622
4.74541 137.319
4.79567 140.881
5.17403 167.238
4.83977 144.084
5.2062 169.612
5.49752 189.922
5.59246 196.588
5.04353 158.519
4.71034 135.438
5.15996 166.747
5.13802 165.292
4.96462 153.313
4.98096 154.519
4.71411 136.048
5.27928 175.384
4.85295 145.833
4.51515 122.432
4.70071 135.395
4.54848 124.887
4.7839 141.314
4.90249 149.622
4.85488 146.384
4.5608 126.021
4.87257 147.752
4.72716 137.718
4.60498 129.299
4.87956 148.446
4.5068 122.616
4.66431 133.63
4.82502 144.865
4.56513 126.878
4.78308 142.09
4.84298 146.321
4.8213 144.885
4.5896 128.855
4.94264 153.454
4.74418 139.735
4.88232 149.402
4.65734 133.84
4.88149 149.483
4.91347 151.775
4.58439 128.98
4.6789 135.616
4.97654 156.365
4.87174 149.154
4.70999 137.985
4.84291 147.289
5.24535 175.32
4.91154 152.197
4.77967 143.104
4.8233 146.204
4.70428 138.005
5.01123 159.401
5.16053 169.844
5.15748 169.701
5.00171 158.948
4.64349 134.128
4.88278 150.824
4.84654 148.375
4.93226 154.4
4.9138 153.188
4.89902 152.23
4.76484 142.977
4.66646 136.211
4.60523 132.026
4.93015 154.671
5.17684 171.88
4.6084 132.455
4.96464 157.276
5.40252 187.768
5.32744 182.621
5.06286 164.308
5.0924 166.43
5.38312 186.698
5.16299 171.474
5.15934 171.289
5.38126 186.777
5.35462 184.996
4.90405 153.761
4.74442 142.739
5.0239 162.226
4.84998 150.212
4.79601 146.532
5.09389 167.298
4.78527 145.925
4.69834 139.954
4.93593 156.531
4.85504 150.98
4.97546 159.417
5.10707 168.631
4.82898 149.378
5.03666 163.877
5.59456 202.709
5.55556 200.069
5.02301 163.137
5.18051 174.15
4.85305 151.467
4.82921 149.881
4.70527 141.339
5.04125 164.752
5.08564 167.906
4.83963 150.883
5.07282 167.154
5.30815 183.574
5.13235 171.429
4.59189 133.948
4.78129 147.177
5.38319 189.066
5.65502 208.021
5.02551 164.353
4.97879 161.177
4.88733 154.892
4.94525 158.985
4.77489 147.218
4.74132 144.956
4.98144 161.708
4.95119 159.676
4.54305 131.388
4.88823 155.441
4.7141 143.411
4.81274 150.335
4.61808 136.88
4.65752 139.689
5.04229 166.492
4.9969 163.408
4.90977 157.423
4.82755 151.781
5.07789 169.243
4.9261 158.766
4.54533 132.38
4.78313 148.972
4.72743 145.172
4.57636 134.744
4.84278 153.325
5.1403 174.066
4.66388 141.034
4.69514 143.275
5.03215 166.76
4.84587 153.887
4.79816 150.642
4.79976 150.823
4.94516 160.994
4.92556 159.702
4.77193 149.097
4.8759 156.39
4.73128 146.412
4.62782 139.293
4.52919 132.509
4.79278 150.893
4.85138 155.034
4.8432 154.535
4.90293 158.755
4.85666 155.609
4.64187 140.755
4.80643 152.259
4.91266 159.708
5.02142 167.335
5.04686 169.172
4.96255 163.384
4.72699 147.086
4.5772 136.748
4.80139 152.395
5.42617 195.873
4.88232 158.156
4.71523 146.617
4.4464 128.008
4.47393 129.991
4.35521 121.811
4.63773 141.51
4.92499 161.538
5.36108 191.907
4.56147 136.42
4.22696 113.248
4.87481 158.329
4.44439 128.493
4.19147 110.99
4.59091 138.813
4.73024 148.563
4.74062 149.353
4.9528 164.165
4.86095 157.853
5.11544 175.604
4.89355 160.257
4.45076 129.562
4.80933 154.544
4.79763 153.801
4.92576 162.773
4.45692 130.268
4.81135 154.962
5.11785 176.327
4.86773 159.019
4.76686 152.08
4.55072 137.132
4.7905 153.862
4.83874 157.283
5.37626 194.699
5.43951 199.162
5.14319 178.644
5.19172 182.085
5.59696 210.31
4.99621 168.64
5.80191 224.689
5.84616 227.833
5.25515 186.839
4.86121 159.539
5.29264 189.583
5.28447 189.085
5.53249 206.387
5.35665 194.239
4.56114 139.037
4.44851 131.282
4.68873 148.041
5.57668 209.804
5.79525 225.06
5.59061 210.911
5.46956 202.57
5.27414 189.062
5.41592 198.983
5.35453 194.787
5.4778 203.421
5.12565 179.023
5.29303 190.722
5.54439 208.256
5.13762 180.063
5.06532 175.11
4.84294 159.728
5.02727 172.605
5.06223 175.103
4.68869 149.22
4.76919 154.882
5.14036 180.74
5.33954 194.648
4.99796 170.985
5.06859 175.962
4.87132 162.325
4.86137 161.703
5.44842 202.561
5.4371 201.843
4.8044 157.954
5.1611 182.806
5.05598 175.572
4.7452 154.048
4.98268 170.618
4.99125 171.283
5.30288 193.004
5.62603 215.526
4.91678 166.317
4.70743 151.842
4.49915 137.44
4.43545 133.084
4.8589 162.574
5.10471 179.722
4.84812 161.964
4.94788 168.965
5.15184 183.205
5.42293 202.109
5.50363 207.786
5.35607 197.603
5.42661 202.573
5.0795 178.526
4.8858 165.138
5.13009 182.18
5.15111 183.71
5.09879 180.144
4.9167 167.562
4.65761 149.631
4.69745 152.468
4.72025 154.122
5.16847 185.333
4.87446 164.975
4.76552 157.476
4.99086 173.201
5.06306 178.287
4.568 143.96
4.86408 164.602
5.27657 193.33
5.18727 187.195
4.79192 159.796
5.01805 175.577
5.27371 193.409
5.19159 187.774
4.92191 169.106
5.03145 176.786
4.9273 169.619
5.01662 175.894
5.28257 194.442
5.60259 216.746
5.12413 183.573
4.61109 147.996
5.03889 177.789
5.05074 178.682
5.10306 182.386
5.24976 192.649
4.81428 162.462
4.87863 167.002
5.34498 199.473
5.40028 203.384
5.2877 195.632
5.13474 185.074
5.16796 187.452
5.49114 209.975
5.32766 198.687
5.23293 192.174
5.00573 176.458
4.94158 172.07
4.80053 162.34
4.38174 133.312
4.50536 141.971
4.73101 157.718
4.71793 156.879
4.86338 167.054
4.85756 166.719
4.92518 171.487
4.97843 175.256
4.68481 154.925
5.30261 197.919
4.78255 161.855
4.39615 135.078
4.70728 156.764
5.00579 177.574
4.75813 160.436
4.82119 164.887
5.07154 182.35
5.14741 187.691
4.87851 169.078
4.79471 163.325
5.24538 194.706
5.23846 194.295
4.95047 174.355
4.44307 139.171
4.17582 120.673
4.98989 177.303
5.05987 182.234
4.94524 174.339
4.78763 163.459
4.97977 176.877
4.76573 162.076
4.57222 148.7
4.82587 166.393
4.42763 138.794
4.6042 151.131
4.67198 155.91
4.81306 165.781
4.73239 160.246
4.77614 163.355
5.48783 212.872
5.32563 201.672
4.50113 144.456
4.46566 142.061
4.85432 169.134
5.00281 179.521
4.64651 154.835
4.53341 147.046
4.55234 148.431
4.54517 148.002
4.54075 147.764
4.64755 155.254
4.71272 159.852
4.83872 168.676
4.94507 176.134
4.56017 149.461
4.39442 138.014
4.67653 157.685
4.68054 158.033
4.96178 177.642
4.53565 148.105
4.31161 132.608
4.32904 133.889
4.59682 152.563
4.84254 169.705
5.1371 190.24
4.72294 161.535
4.31963 133.583
4.3562 136.193
4.49492 145.901
4.6662 157.87
4.77747 165.671
4.60104 153.482
4.50194 146.666
5.05478 185.146
4.69892 160.491
4.39813 139.662
4.52549 148.58
4.26746 130.722
4.59012 153.209
4.77933 166.425
4.82537 169.693
4.6157 155.195
4.39632 140.022
5.02486 183.762
4.91062 175.895
4.55557 151.296
4.55632 151.417
4.23747 129.333
4.41156 141.498
4.70596 162.022
5.08055 188.118
4.77337 166.845
5.09961 189.581
4.87017 173.709
5.08901 188.983
5.41973 212.031
5.21253 197.705
4.69942 162.124
4.80789 169.73
4.75688 166.255
4.17014 125.559
4.48789 147.705
4.50495 148.96
4.20822 128.413
4.45176 145.403
4.80721 170.169
4.55492 152.71
4.40245 142.186
4.97847 182.276
4.61917 157.381
4.31152 136.076
4.01677 115.666
4.0474 117.864
4.33105 137.641
4.17284 126.718
4.34249 138.575
4.76072 167.703
4.70813 164.118
5.00042 184.496
5.15527 195.324
4.63511 159.253
4.43871 145.677
4.63224 159.193
4.56315 154.462
4.56364 154.566
4.64672 160.408
4.48595 149.307
4.54174 153.253
4.74635 167.538
4.61152 158.24
4.63728 160.099
4.75334 168.233
4.62667 159.501
4.70211 164.812
4.63951 160.532
4.87465 176.938
4.99366 185.277
4.68084 163.612
4.85876 176.043
4.53705 153.761
4.59431 157.808
4.65893 162.368
4.47447 149.621
4.2155 131.697
4.21323 131.609
4.67205 163.557
4.88986 178.76
4.87933 178.098
4.50105 151.884
4.3611 142.23
4.63056 161.022
4.22086 132.625
4.44564 148.313
5.28965 207.023
5.20416 201.153
4.44143 148.228
4.45817 149.461
4.33929 141.271
4.56682 157.149
4.10325 125.01
4.25169 135.393
4.78181 172.295
4.7704 171.572
4.43349 148.233
4.59104 159.249
4.55574 156.865
4.56564 157.623
4.65094 163.619
4.70309 167.312
4.73966 169.922
4.68822 166.418
4.59843 160.248
4.55249 157.126
4.37314 144.734
4.47057 151.574
4.38323 145.574
4.70634 168.093
4.47726 152.247
4.75802 171.823
4.60935 161.563
4.57102 158.97
4.37411 145.358
4.3473 143.565
4.87011 179.958
4.84175 178.058
4.71648 169.423
4.7474 171.641
4.68571 167.424
4.49082 153.953
4.74829 171.911
4.72506 170.367
4.58867 160.96
4.642 164.735
4.86662 180.41
4.825 177.588
4.92492 184.6
5.07857 195.345
4.49431 154.821
4.86672 180.765
4.61756 163.523
4.56469 159.919
4.77455 174.569
4.57573 160.825
4.36038 145.932
4.51428 156.695
4.55589 159.655
4.44173 151.793
4.71941 171.156
4.25121 138.695
4.36434 146.624
4.66453 167.551
4.54679 159.439
4.47668 154.638
4.47576 154.644
4.84495 180.364
4.95137 187.828
4.85149 180.958
4.74948 173.94
4.92333 186.088
4.78593 176.611
5.10872 199.107
4.99684 191.403
4.90027 184.764
5.27822 211.093
4.82299 179.533
4.7947 177.637
5.14262 201.879
4.88973 184.379
4.63631 166.84
4.4972 157.245
4.35858 147.683
4.3958 150.339
5.00937 193.039
4.74301 174.601
4.57061 162.692
4.61411 165.785
4.64812 168.217
4.82105 180.302
4.52664 159.916
4.44644 154.413
4.50906 158.833
4.95337 189.773
5.17703 205.382
5.12565 201.882
4.90433 186.574
4.7776 177.839
5.21642 208.397
5.57771 233.568
5.19509 207.054
4.69195 172.166
4.79743 179.563
5.04631 196.925
4.88765 185.971
4.79212 179.403
4.7062 173.503
4.7155 174.218
4.46864 157.137
4.44472 155.544
5.21028 208.804
5.18401 207.048
5.39331 221.66
4.74744 176.855
4.82018 181.978
4.63691 169.314
5.03578 197.097
5.17054 206.529
5.28782 214.747
4.9892 194.069
4.60031 167.118
4.45251 156.919
4.48259 159.079
4.14177 135.468
5.07032 200.052
5.42573 224.815
5.88453 256.762
4.98218 194.137
4.88589 187.516
4.99413 195.106
4.78801 180.855
4.93241 190.957
4.69605 174.604
4.77957 180.477
4.58558 167.068
4.40489 154.583
4.61548 169.284
4.72145 176.716
4.23397 142.916
4.18828 139.811
4.82933 184.42
4.51612 162.728
4.34839 151.144
5.18358 209.242
4.85551 186.517
4.85065 186.249
4.6935 175.4
4.78603 181.898
4.72626 177.815
4.5991 169.049
4.46744 159.972
4.88157 188.814
4.68095 174.945
4.9278 192.165
5.29797 217.954
5.30227 218.322
5.14859 207.714
4.82523 185.316
5.15229 208.11
4.83823 186.359
4.69559 176.518
5.02262 199.309
5.28735 217.771
5.0754 203.115
4.64551 173.316
4.8757 189.379
4.7807 182.848
4.23569 145.051
4.84354 187.353
4.93648 193.88
4.87818 189.898
4.69709 177.386
4.69021 176.977
4.85816 188.716
4.65293 174.526
4.75121 181.424
5.04447 201.869
4.55106 167.657
4.69954 178.043
4.9501 195.521
4.87029 190.045
4.80883 185.845
4.9336 194.583
5.01065 200.006
4.93297 194.678
4.71605 179.676
4.73405 180.996
4.882 191.345
4.79063 185.067
5.0358 202.17
4.95833 196.857
5.06907 204.62
5.12045 208.26
4.87668 191.393
4.52843 167.266
4.8287 188.198
4.55688 169.381
4.68045 178.037
4.59383 172.088
4.77738 184.91
4.57982 171.253
4.70656 180.128
5.07864 206.05
4.89562 193.403
4.82144 188.319
4.51775 167.288
4.34325 155.233
4.71716 181.282
4.57364 171.38
4.69063 179.578
4.55687 170.353
4.90676 194.733
4.38805 158.763
4.59364 173.117
4.62779 175.559
4.80866 188.195
5.24851 218.825
4.66584 178.411
4.27152 151.084
4.63898 176.683
4.80824 188.513
4.5657 171.731
4.60783 174.728
4.89563 194.794
5.03844 204.785
4.88381 194.111
4.57189 172.509
4.41631 161.769
5.0904 208.673
5.02526 204.217
4.53329 170.105
4.44174 163.813
4.71433 182.822
4.65044 178.452
5.05071 206.332
4.50361 168.39
4.48255 166.996
4.68262 180.966
4.80643 189.638
4.5353 170.87
4.72812 184.336
4.62786 177.439
4.57125 173.576
4.68247 181.373
4.8771 194.965
4.87679 195.013
4.81172 190.561
4.68941 182.133
4.65261 179.645
4.36137 159.48
4.72857 185.062
4.81688 191.267
4.82031 191.575
4.43947 165.185
4.55568 173.328
4.4719 167.577
4.66394 180.988
4.81092 191.27
4.69041 182.967
4.27034 153.85
4.43956 165.677
4.76647 188.46
4.83477 193.275
5.19557 218.412
4.97594 203.222
4.85931 195.188
4.54854 173.665
4.54365 173.395
4.45759 167.486
4.50192 170.635
4.56403 175.019
4.59362 177.145
4.57204 175.715
4.92446 200.27
4.82622 193.515
5.03216 207.892
4.91069 199.522
4.74328 187.96
4.44671 167.424
4.80882 192.653
4.54465 174.368
4.64902 181.689
4.97183 204.187
4.78549 191.31
4.79652 192.145
4.99678 206.129
4.87691 197.87
4.98243 205.271
5.02936 208.601
5.10979 214.259
4.75804 189.889
4.62792 180.918
4.89979 199.877
5.0254 208.674
4.69991 186.128
4.72896 188.216
4.78031 191.853
5.06218 211.507
5.16441 218.679
5.11784 215.512
4.92471 202.164
4.70568 187.016
4.70102 186.761
4.78197 192.455
4.73906 189.543
4.53524 175.451
4.61739 181.228
4.93682 203.491
4.97344 206.105
4.84967 197.575
4.77478 192.441
4.50248 173.592
4.60769 180.971
5.16772 219.951
5.33425 231.591
5.01201 209.272
4.75955 191.8
4.72309 189.337
4.58001 179.465
4.75728 191.851
4.97041 206.729
5.01787 210.096
5.00931 209.57
4.64783 184.524
4.81977 196.54
4.77555 193.537
4.69643 188.109
4.56632 179.139
4.42808 169.604
4.79123 194.905
4.44563 170.962
5.30288 230.592
4.90719 203.17
5.06994 214.547
5.46357 241.965
5.07347 214.931
4.94161 205.839
4.92795 204.96
4.8769 201.482
4.91204 203.993
4.87215 201.291
5.09087 216.557
5.03543 212.775
4.85174 200.081
5.1323 219.644
5.20299 224.625
4.96165 207.926
4.72353 191.451
4.55121 179.549
5.05786 214.82
5.13432 220.201
4.7946 196.667
5.02414 212.685
5.03582 213.566
4.78166 195.977
4.42987 171.604
4.73228 192.684
4.78864 196.67
4.93688 207.039
5.24055 228.207
5.08168 217.239
4.98328 210.472
4.91541 205.825
5.06746 216.459
5.00059 211.882
5.06591 216.49
5.29741 232.644
5.0044 212.355
4.96761 209.869
4.72806 193.295
4.98653 211.322
4.90791 205.93
4.78743 197.628
4.56244 182.066
4.71186 192.517
4.85219 202.336
5.09093 218.993
5.1289 221.7
5.46836 245.355
4.9943 212.488
5.08336 218.745
4.93802 208.716
4.75965 196.393
4.59682 185.149
5.11666 221.337
4.7532 196.153
4.90363 206.674
4.59629 185.39
5.23705 229.979
4.98246 212.36
4.87289 204.817
4.88373 205.639
4.82683 201.755
4.83056 202.084
4.95566 210.845
4.4873 178.374
4.30495 165.774
4.62291 187.935
4.55221 183.092
4.68386 192.308
4.87511 205.666
4.79789 200.37
4.99966 214.458
4.91072 208.348
4.85187 204.328
4.75681 197.793
4.54714 183.295
4.66625 191.641
4.71816 195.317
4.7185 195.41
4.71514 195.246
4.63467 189.724
4.59197 186.827
4.65337 191.162
4.74932 197.899
4.75319 198.237
4.46476 178.267
4.68316 193.51
4.88135 207.35
5.0865 221.673
4.84872 205.221
4.67489 193.213
4.81456 202.987
4.80956 202.709
5.09631 222.702
4.74695 198.498
4.81683 203.423
4.72243 196.933
4.60719 188.996
4.79445 202.076
4.5953 188.309
5.06984 221.349
4.88434 208.53
4.68051 194.438
4.54434 185.046
4.8357 205.359
4.82284 204.535
4.60151 189.227
4.77971 201.678
4.38379 174.239
4.63662 191.875
5.28378 236.908
5.19103 230.533
4.6033 189.768
4.76072 200.775
5.05665 221.405
4.35416 172.667
4.37362 174.088
4.81811 205.04
5.34431 241.67
5.17938 230.28
4.78175 202.722
4.48803 182.385
4.57877 188.758
4.59268 189.795
4.86307 208.65
4.71843 198.671
4.51516 184.617
4.54688 186.89
4.44025 179.551
4.79675 204.39
4.80112 204.763
5.03208 220.879
5.31563 240.65
4.50681 184.523
4.90423 212.205
4.97674 217.312
4.84893 208.502
5.17583 231.284
4.80851 205.832
4.91495 213.297
4.88563 211.329
4.70616 198.929
4.78936 204.779
4.70053 198.678
4.68842 197.906
4.74686 202.035
4.65895 195.997
4.67086 196.894
4.58177 190.773
4.65284 195.781
4.38145 176.994
5.09226 226.45
4.95918 217.274
4.96219 217.552
4.99078 219.608
4.76531 204.012
4.84248 209.443
4.90231 213.67
4.69898 199.612
4.72792 201.692
4.63626 195.393
4.59047 192.281
4.46593 183.697
4.42502 180.925
4.9162 215.121
4.83938 209.853
4.84234 210.128
4.94568 217.378
5.04565 224.393
4.89908 214.279
4.954 218.164
5.06007 225.603
4.6632 198.099
4.75341 204.435
4.6045 194.159
4.76102 205.103
5.14576 231.904
4.63018 196.151
4.86086 212.249
4.7251 202.885
4.79589 207.873
5.05673 226.066
4.73543 203.812
4.33268 175.899
4.51738 188.801
4.65766 198.617
4.8074 209.09
4.85953 212.781
4.87089 213.64
4.85687 212.736
4.96429 220.269
5.31941 245.012
4.93571 218.422
4.84699 212.327
4.72608 203.996
4.57343 193.459
4.7539 206.068
4.85106 212.888
4.69305 201.979
4.69078 201.891
4.98736 222.566
4.74454 205.765
4.93886 219.336
5.15579 234.477
4.96829 221.519
4.96822 221.584
4.9216 218.414
5.11229 231.732
5.18923 237.148
5.05651 227.996
5.27326 243.125
5.29672 244.825
5.14846 234.593
5.46105 256.381
5.44088 255.049
4.95175 221.135
4.98526 223.532
4.97566 222.934
5.0121 225.536
5.34872 248.994
5.0224 226.391
5.18118 237.492
4.91744 219.237
4.7642 208.66
4.39799 183.285
4.52771 192.367
4.96675 222.941
5.14606 235.468
5.04314 228.387
5.05207 229.077
4.94089 221.422
4.71518 205.809
4.8175 212.988
4.68568 203.899
5.32458 248.358
5.19462 239.398
4.53145 193.391
4.4109 185.085
4.82901 214.204
5.27627 245.349
5.08651 232.234
4.95708 223.311
5.21167 241.069
4.43359 187.079
4.80349 212.848
4.8433 215.684
4.95237 223.331
4.59971 198.898
4.95192 223.439
4.6966 205.769
4.34699 181.548
4.47927 190.808
4.50033 192.341
4.44251 188.393
4.64074 202.235
4.53286 194.809
4.43776 188.271
4.20407 172.105
4.19468 171.522
4.39858 185.758
4.45905 190.029
4.62002 201.282
4.70191 207.041
4.72692 208.849
4.54668 196.395
4.64836 203.529
4.98178 226.764
5.31567 250.032
4.70851 207.917
4.42855 188.535
4.68278 206.268
4.85695 218.439
4.69873 207.515
4.47054 191.73
4.42772 188.824
4.53611 196.425
4.92841 223.751
4.89579 221.554
4.78037 213.604
4.62512 202.887
4.65867 205.287
4.73852 210.905
5.03842 231.811
5.37942 255.573
4.79955 215.354
4.59493 201.206
4.55976 198.832
4.86563 220.154
5.09146 235.913
5.03234 231.875
4.41916 189.342
4.51131 195.814
4.79224 215.401
4.51822 196.432
4.6464 205.407
4.81032 216.866
4.79495 215.868
5.09031 236.458
4.68561 208.41
4.56789 200.3
4.82738 218.399
4.8048 216.9
4.73593 212.184
4.91806 224.908
5.21162 245.373
5.29412 251.175
5.19518 244.37
4.61855 204.376
4.70504 210.455
4.96135 228.333
4.80834 217.771
5.08225 236.871
4.83061 219.457
4.9009 224.41
4.56419 201.085
4.36683 187.442
4.40154 189.923
4.23339 178.31
4.82424 219.432
5.00831 232.29
5.21875 246.981
4.58044 202.701
4.50115 197.261
4.80239 218.261
4.77117 216.161
4.75961 215.427
4.7751 216.573
4.87236 223.4
4.8292 220.471
4.74829 214.919
4.80141 218.679
4.69157 211.117
4.89911 225.606
5.11504 240.678
4.83589 221.352
4.83805 221.572
5.05906 236.997
4.96548 230.565
4.77872 217.658
4.65676 209.254
4.70902 212.954
4.67724 210.816
5.02517 235.059
5.31533 255.289
5.24433 250.425
5.19855 247.314
5.21894 248.8
4.75438 216.593
4.82262 221.403
4.96385 231.285
4.92089 228.37
4.71681 214.26
4.72073 214.602
4.76349 217.642
4.78478 219.191
5.01143 235.008
5.05981 238.439
4.81083 221.21
4.91323 228.394
4.92868 229.536
5.2555 252.313
5.06978 239.479
5.1049 241.988
4.92128 229.3
5.11802 243.039
5.10752 242.379
5.0301 237.069
5.52168 271.293
5.30261 256.142
5.17216 247.148
5.03779 237.881
4.76581 219.054
4.79913 221.438
4.81194 222.398
4.81916 222.969
5.23544 251.961
5.09824 242.498
5.07687 241.083
5.28981 255.947
5.6254 279.333
5.068 240.675
4.87959 227.654
5.25971 254.134
5.15695 247.064
4.73681 217.943
4.79836 222.288
4.65078 212.104
4.78032 221.174
4.93408 231.926
4.97075 234.544
4.83454 225.15
5.15924 247.779
5.05826 240.832
5.29387 257.272
5.0143 237.917
5.14464 247.042
5.22169 252.465
4.91404 231.16
4.6276 211.327
4.96092 234.555
4.77252 221.535
4.91812 231.721
4.91041 231.255
4.63433 212.142
4.84336 226.735
5.20024 251.6
4.77546 222.157
4.49165 202.507
5.10975 245.521
5.60431 279.953
5.37332 263.973
5.15189 248.657
4.83536 226.735
4.31601 190.721
4.93841 234.034
4.64913 214.004
4.7487 220.992
4.89678 231.35
4.83152 226.885
4.72797 219.76
4.5184 205.268
4.60289 211.209
4.40336 197.415
4.41443 198.253
4.78038 223.749
5.06948 243.905
4.78696 224.345
4.89422 231.867
4.4148 198.627
4.61758 212.785
4.92095 233.932
4.74528 221.796
4.54489 207.943
4.87439 230.906
5.16959 251.486
4.98822 238.953
4.64153 214.935
4.57658 210.492
4.93668 235.581
4.95568 236.97
4.75471 223.077
4.93448 235.636
4.76375 223.844
4.68461 218.415
4.99182 239.829
4.92857 235.504
4.74666 222.935
4.76145 224.032
4.43769 201.606
4.57345 211.108
4.77374 225.094
5.04321 243.886
4.77359 225.222
4.67179 218.219
4.3379 195.09
4.19225 185.04
4.46277 203.905
4.81021 228.114
4.78499 226.431
4.58146 212.36
5.0505 245.018
4.86874 232.459
4.93328 237.012
5.05025 245.209
4.83463 230.297
4.42251 201.733
4.38511 199.204
4.52196 208.781
4.54712 210.599
4.81962 229.602
4.88309 234.081
5.01561 243.358
4.76186 225.797
4.47709 206.081
4.79776 228.43
4.71102 222.473
4.73347 224.102
4.61009 215.6
5.05929 246.879
5.32924 265.705
4.74721 225.335
5.00099 243.037
4.69027 221.518
4.99965 243.083
5.32378 265.673
5.10573 250.592
5.0595 247.449
5.15608 254.229
4.89745 236.329
4.71405 223.657
4.57436 214.021
4.91446 237.72
4.98247 242.514
4.48536 208.045
4.68267 221.824
4.64944 219.584
5.28233 263.626
4.91417 238.116
4.76759 228.001
4.57825 214.916
4.60412 216.783
4.86887 235.247
5.31182 266.092
5.26915 263.197
4.89124 237.01
4.83681 233.297
4.87468 235.998
4.76204 228.242
4.76228 228.327
4.93859 240.647
5.43056 274.898
5.00191 245.185
4.86949 236.054
5.40748 273.502
4.86042 235.563
4.406 204.06
4.62711 219.492
4.72524 226.379
4.87212 236.654
5.16225 256.881
4.66694 222.537
4.68171 223.633
5.53161 282.752
5.74216 297.451
5.584 286.531
5.24872 263.306
5.04912 249.508
5.41223 274.806
5.45777 278.039
5.29939 267.104
5.06533 250.912
4.85545 236.399
5.04788 249.838
4.82958 234.74
4.64355 221.884
5.16285 258.034
5.59762 288.311
5.42206 276.183
4.72031 227.496
4.80997 233.795
4.70335 226.456
5.1089 254.703
5.13792 256.789
4.87119 238.326
4.70023 226.517
5.08796 253.526
4.91992 241.92
4.6995 226.675
4.3783 204.428
5.10476 254.971
5.12242 256.268
5.22314 263.335
5.32094 270.2
5.03741 250.57
5.23938 264.672
5.24537 265.158
5.14274 258.096
4.94823 244.651
4.78665 233.494
5.09896 255.263
4.67649 225.98
4.86392 239.072
5.1266 257.392
5.13271 257.886
4.56165 218.279
4.70914 228.596
4.38384 206.063
4.5293 216.24
4.61218 222.068
4.20388 193.769
4.4816 213.134
4.39709 207.332
4.54731 217.838
4.50153 214.727
4.45262 211.398
4.57052 219.659
4.65448 225.562
4.44983 211.413
4.64139 224.792
4.58667 221.059
4.70086 229.063
5.00203 250.057
4.8212 237.563
4.60195 222.399
4.86774 240.935
4.71221 230.199
4.7695 234.249
4.77357 234.601
5.04992 253.871
5.18953 263.64
4.80858 237.241
4.63822 225.474
4.67712 228.247
4.65934 227.081
4.49788 215.932
4.31145 203.049
4.71448 231.12
4.9301 246.171
4.92347 245.78
5.07024 256.047
4.82459 239.049
4.44616 212.825
4.92939 246.469
4.41255 210.629
4.24394 198.984
4.85198 241.299
4.6253 225.619
4.21927 197.478
4.21957 197.568
4.22672 198.135
4.46522 214.775
4.22411 198.093
4.57628 222.63
4.82678 240.104
4.82504 240.053
4.50521 217.9
4.45097 214.202
4.57087 222.601
4.48952 217.019
4.74967 235.163
4.53987 220.656
4.16025 194.35
4.78651 237.932
4.81248 239.805
5.09992 259.846
4.94619 249.235
4.64639 228.474
4.62009 226.716
4.60469 225.716
4.41074 212.31
4.81442 240.426
4.44866 215.084
4.77538 237.853
4.65161 229.323
4.91522 247.708
4.58255 224.664
5.0689 258.524
5.04553 256.97
4.5347 221.547
4.1767 196.743
4.54458 222.373
4.58246 225.074
4.78259 239.049
4.46137 216.8
4.74436 236.531
4.53519 222.068
4.32736 207.697
4.08549 190.962
4.4203 214.294
4.82024 242.151
4.5672 224.639
4.57603 225.323
4.57838 225.555
4.64038 229.932
4.95615 251.942
4.5188 221.624
4.45113 216.992
4.33569 209.041
4.44915 216.993
4.73044 236.606
4.87585 246.779
4.64101 230.532
5.00708 256.036
4.64806 231.161
4.40286 214.194
4.22355 201.805
4.20712 200.733
4.50251 221.326
4.38564 213.276
4.17276 198.554
4.43667 216.96
4.62654 230.221
5.09207 262.635
5.12045 264.677
4.70042 235.563
4.25746 204.856
4.76171 239.96
5.14211 266.459
4.81144 243.554
5.23786 273.251
4.9207 251.284
4.78927 242.223
4.8348 245.455
4.84148 245.989
4.96452 254.607
4.84464 246.348
4.87433 248.48
4.89708 250.13
4.9528 254.071
4.9599 254.634
4.82055 245.021
4.89999 250.61
4.99 256.933
5.27849 277.047
5.02142 259.256
4.91226 251.741
5.01436 258.904
4.79037 243.411
4.90604 251.517
4.92789 253.105
5.22591 273.88
5.18219 270.912
5.18003 270.831
5.064 262.839
4.74523 240.761
4.7787 243.156
5.07386 263.733
4.68925 237.08
4.7184 239.175
4.87953 250.439
4.96225 256.256
4.83437 247.44
4.69779 238.021
4.50645 224.796
4.69293 237.822
5.17589 271.447
4.66116 235.753
4.67587 236.845
4.96884 257.27
4.9613 256.815
4.66879 236.562
4.88498 251.651
5.22878 275.608
5.18248 272.46
4.88049 251.548
4.95517 256.806
4.92056 254.471
4.57699 230.67
4.86057 250.442
4.9944 259.81
4.88435 252.233
5.08165 266.011
4.78803 245.68
4.99256 259.96
4.96298 257.974
4.70451 240.085
4.59986 232.884
5.37567 286.856
5.24257 277.677
4.83525 249.447
4.97728 259.385
4.98554 260.028
4.53189 228.578
5.0186 262.464
5.51411 296.961
5.26274 279.565
4.9291 256.454
4.99192 260.888
4.81878 248.928
4.76311 245.129
4.73542 243.275
4.76579 245.454
4.86645 252.518
4.9411 257.774
5.34836 286.139
5.43474 292.211
5.23667 278.518
4.42336 222.08
4.71023 242.081
4.88295 254.151
4.90259 255.584
5.03921 265.147
5.19395 275.967
4.90455 255.929
4.85668 252.673
5.11657 270.8
5.1908 276.026
4.7793 247.505
5.05089 266.444
5.04541 266.133
4.82499 250.888
5.28147 282.673
5.2432 280.084
5.12104 271.666
4.98412 262.222
4.73956 245.3
4.96156 260.794
4.99159 262.95
5.20724 278.002
5.37604 289.8
5.14704 273.959
4.83134 252.093
4.94723 260.215
4.9906 263.298
4.70635 243.618
4.48238 228.126
4.58557 235.365
4.59453 236.057
4.7616 247.734
4.64803 239.913
4.8302 252.64
4.80186 250.74
4.68167 242.459
4.49693 229.693
4.92896 259.779
5.17798 277.15
4.93986 260.676
4.61191 237.96
4.35262 220.013
4.82424 252.851
4.61372 238.294
4.46587 228.09
4.82155 252.872
4.76202 248.806
4.87023 256.394
4.79914 251.524
4.65094 241.296
4.92707 260.551
4.70192 244.977
4.7387 247.602
4.98601 264.855
4.87773 257.401
4.41444 225.281
4.56052 235.501
4.70274 245.451
4.61538 239.451
4.65801 242.483
4.63978 241.285
4.7058 245.942
4.94092 262.347
5.20712 280.912
4.78715 251.803
4.6858 244.83
4.98765 265.872
4.61104 239.775
4.64147 241.959
5.19063 280.183
4.79248 252.589
4.81117 253.958
4.76174 250.592
4.48963 231.757
4.40642 226.044
5.03723 269.942
5.13716 276.954
4.82277 255.18
4.68826 245.904
4.75406 250.546
4.66509 244.433
4.45491 229.9
4.37942 224.724
4.77258 252.11
4.77751 252.522
4.44966 229.813
4.089 204.824
4.55305 237.135
4.81914 255.693
5.01262 269.205
4.93035 263.558
4.45277 230.446
4.29337 219.44
4.41088 227.674
4.79555 254.47
4.70237 248.066
4.39427 226.729
4.39394 226.775
5.15329 279.604
5.41796 298.062
4.8374 257.795
4.70941 248.972
4.94545 265.441
4.39429 227.216
4.6412 244.441
4.97645 267.803
5.23269 285.676
4.93366 264.969
4.69068 248.157
5.02984 271.791
4.49632 234.792
4.14753 210.628
4.87308 261.108
5.09652 276.702
4.74108 252.075
4.58037 240.979
4.83663 258.853
5.21853 285.457
5.15596 281.179
4.46217 233.045
4.48544 234.73
4.48528 234.789
4.47419 234.088
4.44294 231.986
4.78173 255.594
4.90335 264.114
4.73783 252.683
4.63534 245.632
4.96195 268.394
4.74885 253.657
4.71434 251.329
4.8741 262.498
4.76819 255.21
4.90081 264.493
5.31529 293.36
4.98019 270.147
5.28638 291.491
5.18357 284.417
4.93979 267.549
4.58319 242.842
4.53846 239.804
4.76548 255.646
4.98631 271.059
4.89472 264.765
4.79037 257.584
4.75884 255.463
4.90402 265.62
4.98241 271.136
5.11911 280.703
5.30614 293.767
4.65851 248.84
4.98135 271.34
5.29125 292.941
4.78947 258.147
4.616 246.164
5.0717 277.895
5.23363 289.216
5.21052 287.679
4.95148 269.751
4.88594 265.267
5.4585 305.117
5.20204 287.368
5.29021 293.563
5.17119 285.364
5.03587 276.031
4.94727 269.945
4.87485 264.983
4.53211 241.239
4.66388 250.463
4.67874 251.566
4.55708 243.182
4.77495 258.389
4.4892 238.605
4.61962 247.736
5.13255 283.443
4.97216 272.369
4.83414 262.849
4.80472 260.874
4.62133 248.202
4.8802 266.258
4.88063 266.357
4.63188 249.143
5.00356 275.037
4.98433 273.77
4.69043 253.42
4.96305 272.43
4.88283 266.927
4.58061 245.998
4.60399 247.692
4.98618 274.316
5.11593 283.4
4.82661 263.368
5.13179 284.641
4.85453 265.446
4.40749 234.456
4.86894 266.587
5.31415 297.589
5.22438 291.422
5.24765 293.107
5.02627 277.796
4.8859 268.112
4.74631 258.483
4.68896 254.568
4.75799 259.434
4.92796 271.313
4.91926 270.777
4.8296 264.618
4.51997 243.174
4.61482 249.834
4.86309 267.153
4.90885 270.402
4.87394 268.046
4.8607 267.195
5.33231 300.032
5.13442 286.352
4.97002 274.999
5.14456 287.196
5.33699 300.635
4.85679 267.341
4.6 249.568
4.63107 251.797
4.88649 269.612
4.71786 257.966
4.91562 271.775
4.75662 260.798
4.4828 241.842
4.58546 249.045
4.28798 228.446
4.42561 238.078
4.77318 262.296
4.87999 269.786
4.83169 266.5
4.93486 273.737
4.55365 247.321
4.55922 247.778
4.53734 246.327
4.58758 249.887
4.36397 234.42
4.21459 224.111
4.3576 234.117
4.48869 243.294
4.53688 246.712
4.33688 232.885
5.06366 283.451
4.55271 248.02
4.63055 253.497
4.36762 235.299
4.76038 262.657
4.4763 242.989
4.26572 228.428
4.18624 222.975
4.53496 247.273
4.41288 238.861
4.74895 262.28
5.14023 289.535
4.79046 265.303
5.01585 281.032
4.64338 255.223
4.71608 260.344
4.594 251.931
4.43717 241.104
4.8042 266.675
4.9681 278.132
4.71826 260.842
4.46269 243.155
4.51696 246.995
4.45106 242.486
4.89407 273.335
4.79897 266.797
4.12636 220.135
4.32225 233.814
4.54649 249.464
4.6219 254.772
4.73203 262.494
4.35401 236.299
4.15162 222.306
4.64902 256.935
4.4867 245.726
4.58319 252.5
4.49216 246.245
4.5899 253.105
4.59249 253.355
4.6356 256.419
4.70477 261.294
4.74976 264.49
4.88536 273.981
4.80127 268.208
4.13135 221.732
4.31485 234.551
4.80153 268.434
4.65107 258.05
4.52243 249.182
4.62967 256.702
4.59854 254.609
4.58306 253.603
4.85209 272.364
4.83874 271.506
4.79935 268.838
4.63268 257.328
4.67178 260.114
4.60205 255.339
4.70995 262.905
4.64392 258.387
4.84628 272.516
5.00308 283.48
5.04256 286.292
4.47275 246.772
5.04992 286.943
4.74397 265.755
4.64273 258.79
4.81055 270.52
4.90731 277.312
5.17912 296.266
5.22386 299.445
4.90047 277.045
4.76039 267.382
4.39782 242.261
4.21251 229.455
4.71766 264.622
4.66507 261.037
4.47907 248.184
4.47124 247.71
4.6753 261.957
4.45537 246.746
4.72784 265.746
4.48618 249.026
4.10776 222.803
4.22003 230.673
4.71657 265.241
5.05115 288.557
4.36581 241.01
4.2152 230.615
4.48747 249.601
4.27255 234.738
4.22501 231.504
4.43715 246.314
4.54413 253.816
4.31408 237.901
4.09255 222.579
4.15026 226.659
4.27524 235.412
4.46728 248.824
4.54969 254.619
4.45041 247.791
4.65774 262.265
4.27257 235.573
4.51494 252.483
4.49683 251.293
4.67306 263.608
4.54608 254.854
4.16584 228.506
4.19364 230.506
4.16523 228.602
4.14851 227.509
4.06146 221.531
4.16693 228.929
4.25236 234.934
4.28993 237.613
4.15603 228.38
4.11678 225.722
4.13176 226.832
3.98118 216.44
4.00177 217.94
4.18116 230.473
4.09419 224.5
4.40801 246.373
4.58387 258.661
4.46811 250.688
4.04982 221.695
4.22058 233.629
4.35884 243.305
4.47728 251.603
4.52146 254.742
4.21647 233.621
4.30213 239.642
4.41386 247.474
4.70688 267.903
4.58812 259.721
4.44414 249.787
4.69168 267.055
4.42809 248.811
4.53806 256.521
4.15949 230.288
4.43744 249.669
4.21428 234.233
4.36778 244.968
4.27481 238.578
4.2076 233.978
4.1894 232.782
4.00044 219.723
4.21883 234.966
4.34142 243.553
4.32379 242.397
4.76495 273.118
4.64696 264.99
4.06441 224.585
4.5229 256.51
4.81162 276.639
4.76628 273.558
4.82346 277.6
4.57386 260.328
4.54586 258.452
4.40847 248.976
4.48566 254.409
4.49428 255.077
4.54685 258.799
4.86225 280.782
4.35117 245.342
4.42601 250.612
4.42982 250.946
4.52662 257.74
4.65088 266.444
4.43795 251.719
4.34727 245.488
4.45183 252.822
4.43238 251.54
4.36915 247.217
4.28093 241.157
4.60484 263.731
4.8064 277.805
4.99615 291.058
4.47386 254.839
4.30167 242.945
4.68377 269.563
4.43301 252.209
4.45102 253.53
4.37635 248.412
4.85129 281.48
4.69584 270.748
4.29784 243.166
4.75256 274.828
4.46585 254.978
4.38075 249.134
4.4788 256.016
4.58471 263.444
4.4066 251.139
4.41287 251.644
4.37243 248.903
4.37052 248.84
4.41684 252.128
4.25635 241.047
4.43243 253.35
4.48532 257.094
4.37807 249.713
4.88572 285.053
4.68627 271.265
4.16477 235.101
4.6003 265.431
4.52953 260.583
4.19585 237.469
4.49923 258.617
4.22831 239.863
4.3587 248.992
4.05611 228.038
4.26979 242.954
4.13593 233.723
4.24982 241.705
4.23183 240.525
4.4035 252.522
4.54692 262.555
4.61925 267.651
4.54039 262.241
4.66022 270.636
4.35436 249.455
4.37026 250.629
4.17839 237.368
4.31002 246.583
3.8746 216.399
4.14166 235.024
4.13848 234.872
4.30735 246.674
4.47483 258.38
4.17978 237.95
4.18601 238.452
4.06712 230.261
4.37204 251.517
4.40632 253.968
4.5816 266.216
4.19315 239.296
4.48749 259.816
4.21062 240.649
4.45929 257.996
4.34916 250.413
4.33012 249.16
4.52324 262.648
4.45775 258.167
4.26959 245.163
4.63975 270.951
4.68838 274.399
4.579 266.869
4.57473 266.641
4.53379 263.867
4.42516 256.389
4.18108 239.499
4.40171 254.899
4.59679 268.522
4.392 254.362
4.52771 263.861
4.37178 253.097
4.19956 241.2
4.53821 264.799
4.57303 267.287
4.82951 285.178
4.53348 264.679
4.41437 256.472
4.52108 263.956
4.56729 267.236
4.45802 259.714
4.18984 241.15
4.15603 238.871
4.30457 249.261
4.65724 273.833
4.6767 275.255
4.28036 247.787
4.31355 250.162
4.50014 263.196
4.47238 261.337
4.60419 270.565
4.322 251.027
4.59923 270.359
4.52266 265.108
4.84135 287.32
5.15196 308.97
4.7073 278.145
4.90947 292.262
4.80546 285.105
4.69706 277.642
4.65356 274.689
4.43298 259.433
4.75514 281.886
4.71647 279.268
4.63971 274.005
4.78693 284.303
4.43528 259.94
4.80924 285.992
4.94853 295.739
4.80987 286.175
4.4843 263.625
4.49983 264.772
4.53457 267.256
4.83977 288.53
4.47518 263.268
4.12154 238.767
4.51135 265.92
4.80785 286.591
4.96753 297.754
4.98912 299.324
4.61939 273.705
4.46146 262.802
4.8174 287.602
4.51429 266.611
4.81087 287.287
4.70452 279.967
4.32416 253.609
4.11486 239.137
4.4794 264.534
4.53296 268.325
4.41672 260.318
4.87466 292.205
4.53331 268.558
4.63596 275.76
4.65354 277.05
4.7416 283.238
4.40394 259.847
4.48999 265.896
4.56665 271.291
4.63326 275.989
4.38359 258.711
4.50083 266.926
4.56861 271.705
4.51564 268.094
4.6762 279.319
4.48876 266.365
4.67468 279.353
4.72404 282.852
4.58413 273.201
4.18148 245.294
4.00816 233.322
4.41163 261.423
4.31857 255.027
4.29738 253.625
4.50759 268.299
4.40926 261.537
4.21189 247.893
4.17311 245.269
4.26924 252.017
4.43552 263.64
4.63169 277.339
4.68245 280.935
4.41745 262.592
4.49294 267.907
4.73899 285.072
5.1432 313.226
5.02638 305.179
4.54689 271.933
4.53043 270.859
4.39938 261.823
4.68613 281.816
4.566 273.539
4.53798 271.662
4.63679 278.596
4.82662 291.855
5.33121 326.983
5.53172 340.984
5.00342 304.347
4.78165 289.009
4.79129 289.748
4.50995 270.27
4.42371 264.347
4.19638 248.622
4.30471 256.218
4.81542 291.772
5.23901 321.272
4.91 298.482
4.89163 297.275
4.60591 277.493
4.3979 263.11
4.56069 274.49
4.73067 286.369
4.10325 242.847
4.18386 248.516
4.42576 265.393
4.34944 260.16
4.48789 269.849
4.49226 270.222
4.62407 279.449
4.64656 281.081
4.43275 266.296
4.5299 273.115
4.37776 262.614
4.46722 268.899
4.28886 256.577
4.6935 284.759
4.82675 294.087
4.7535 289.067
4.97453 304.494
4.80461 292.757
4.46686 269.361
4.90078 299.578
4.77669 291.026
4.34402 261.034
5.17263 318.675
5.68543 354.373
5.18835 319.906
4.40999 265.895
4.47472 270.462
4.64803 282.573
4.91129 300.934
5.20537 321.436
5.27262 326.177
4.54332 275.576
5.0562 311.28
4.86091 297.781
5.10166 314.577
4.95202 304.25
5.00331 307.883
4.81748 295.041
5.24252 324.642
4.87126 298.917
4.54173 276.091
4.57895 278.746
4.71411 288.206
4.31538 260.573
4.43893 269.226
4.55134 277.106
4.79033 293.78
4.54348 276.699
4.59769 280.535
4.58739 279.889
4.76024 291.967
4.38237 265.783
4.34348 263.151
4.56972 278.938
4.81025 295.72
4.49986 274.224
4.68947 287.467
4.72673 290.125
4.98458 308.11
5.07118 314.197
4.79379 294.993
4.65224 285.228
4.56119 278.971
4.7792 294.188
5.09491 316.193
5.02312 311.274
5.17124 321.635
5.2265 325.544
4.87868 301.447
4.62363 283.796
4.80413 296.406
4.95785 307.156
4.61105 283.131
4.38712 267.641
4.23188 256.925
4.36261 266.077
4.41901 270.066
4.3537 265.597
4.34957 265.38
4.22111 256.524
4.19889 255.05
4.12972 250.314
4.59725 282.866
4.48089 274.851
4.15994 252.622
4.30566 262.816
4.13241 250.848
4.38168 268.236
4.57786 281.936
4.3615 266.973
4.47627 275.016
4.3962 269.523
4.2002 255.974
4.60679 284.293
4.33501 265.48
4.20835 256.749
4.24289 259.218
4.42998 272.287
4.25181 259.977
4.13899 252.208
4.73502 293.689
4.43283 272.763
4.94258 308.249
4.86764 303.112
4.42761 272.608
4.21021 257.573
4.26275 261.293
4.2822 262.714
4.47749 276.352
4.49757 277.816
4.45299 274.789
4.71186 292.844
4.84538 302.191
4.74618 295.368
4.7162 293.355
4.51167 279.213
4.33245 266.831
4.28417 263.546
4.25443 261.549
4.20123 257.922
4.49979 278.735
4.50892 279.439
4.27252 263.083
4.27215 263.127
4.64368 289.01
4.64034 288.848
4.49672 278.939
5.03034 316.083
5.02027 315.453
4.79526 299.89
4.51563 280.53
4.78268 299.155
4.65325 290.231
4.94593 310.636
4.90951 308.175
4.6406 289.561
4.53756 282.471
4.76852 298.587
4.53239 282.251
4.5585 284.135
4.82823 302.944
5.08636 320.949
5.28138 334.568
4.79869 301.1
4.99076 314.515
4.77366 299.501
4.47256 278.65
4.51562 281.711
4.51874 281.997
4.31401 267.843
4.72435 296.422
4.3505 270.517
4.28315 265.907
4.45306 277.781
4.48903 280.35
4.47392 279.369
4.43864 276.988
4.46762 279.071
4.66569 292.902
4.4553 278.354
4.63547 290.941
4.95469 313.19
4.7646 300.052
4.39825 274.668
4.58732 287.874
4.6687 293.597
4.54161 284.837
4.40089 275.129
4.57887 287.565
4.75139 299.62
4.67572 294.432
4.89517 309.749
4.53872 285.053
4.457 279.444
4.95568 314.162
5.24941 334.639
5.0262 319.201
4.49911 282.648
4.72276 298.257
4.72775 298.673
4.85653 307.69
4.94333 313.79
5.15609 328.642
4.82075 305.413
4.8457 307.215
4.80065 304.155
4.36588 274.017
5.03979 320.909
4.85632 308.231
5.01487 319.317
4.96712 316.068
4.95601 315.366
5.02875 320.489
4.72682 299.581
4.95682 315.631
4.74674 301.104
5.43666 349.108
5.00014 318.849
4.92769 313.884
4.88449 310.952
4.81827 306.421
5.01494 320.155
4.96725 316.911
5.20126 333.239
4.73757 301.092
4.62867 293.595
4.59683 291.453
4.33708 273.475
5.07409 324.751
4.67389 297.015
4.37741 276.486
4.67602 297.302
4.60702 292.578
4.45259 281.918
4.10876 258.098
4.51714 286.541
4.54193 288.333
4.10388 257.967
4.00096 250.886
4.17419 262.991
4.08062 256.56
4.41769 280.048
4.51662 286.991
4.04295 254.151
4.20994 265.823
4.46882 283.878
4.38826 278.351
4.17829 263.832
4.06871 256.288
4.18494 264.433
4.22396 267.213
4.34765 275.877
4.09138 258.141
4.30493 273.048
4.52589 288.469
4.44933 283.219
4.21348 266.902
4.333 275.276
4.53722 289.534
4.2504 269.676
4.3376 275.804
4.26979 271.162
4.44988 283.744
4.1048 259.838
4.04417 255.695
4.31684 274.709
4.60913 295.086
4.82892 310.427
4.55261 291.299
4.33257 276.08
4.20921 267.578
4.36265 278.308
4.50832 288.499
4.33098 276.247
4.29425 273.764
3.9918 252.82
3.85301 243.246
4.04197 256.445
3.90787 247.197
4.29517 274.176
4.33161 276.777
4.11385 261.717
4.15379 264.561
4.26749 272.531
4.30776 275.398
4.07989 259.635
4.39081 281.307
4.31217 275.913
4.25643 272.11
4.07303 259.436
4.04943 257.866
3.87091 245.533
4.09241 260.992
4.3015 275.588
4.01182 255.531
4.0926 261.213
4.20236 268.909
4.27251 273.852
4.21965 270.249
3.70161 234.325
4.24533 272.172
4.28041 274.679
4.08405 261.106
4.08014 260.904
4.19642 269.052
4.44672 286.512
4.60592 297.642
4.7703 309.133
4.35136 280.095
4.23623 272.165
4.32374 278.315
4.41803 284.936
4.38206 282.506
4.53915 293.49
4.56463 295.329
4.60184 297.984
4.58085 296.595
4.33523 279.599
4.25806 274.307
4.11041 264.118
4.42107 285.772
4.01682 257.755
3.95683 253.656
4.34107 280.422
4.29497 277.289
4.34007 280.491
4.77222 310.587
4.47359 289.907
4.35504 281.74
4.22315 272.646
4.40284 285.2
4.32173 279.635
4.25443 275.027
4.59227 298.57
4.41703 286.464
4.05424 261.327
4.31352 279.411
4.21892 272.908
4.15597 268.604
4.21989 273.114
4.15214 268.477
4.46174 290.057
4.44219 288.768
4.67268 304.852
4.6092 300.51
4.75268 310.549
4.91444 321.857
4.74426 310.103
4.64851 303.519
4.6042 300.511
4.54195 296.255
4.13831 268.28
4.24235 275.578
4.47054 291.502
4.63338 302.886
4.29774 279.635
4.26178 277.206
4.43315 289.182
4.41675 288.112
4.53202 296.191
4.69526 307.601
4.7147 309.022
4.36489 284.786
4.19622 273.137
4.18743 272.596
4.16344 270.999
4.40434 287.806
4.63996 304.246
4.69765 308.323
4.58664 300.68
4.54864 298.109
4.65325 305.447
4.38365 286.785
4.18617 273.134
4.48405 293.899
4.39625 287.869
4.48279 293.951
4.32269 282.897
4.17499 272.704
4.34924 284.881
4.1639 272.073
4.38852 287.748
4.45564 292.482
4.57325 300.722
4.23239 277.109
4.02182 262.549
3.96227 258.481
4.22474 276.787
4.0891 267.432
4.22099 276.664
4.63603 305.571
4.22854 277.328
4.14084 271.304
4.2257 277.27
4.56818 301.135
4.58728 302.531
4.8404 320.187
4.331 284.864
4.74139 313.447
4.78188 316.33
4.54366 299.848
4.15573 272.964
4.19286 275.614
4.50062 297.066
4.71784 312.227
4.58046 302.752
4.45355 294.004
4.37441 288.574
4.27564 281.782
4.47303 295.566
4.79857 318.253
4.47694 295.976
4.5299 299.726
4.65698 308.624
4.77793 317.098
4.96777 330.356
4.54173 300.825
4.50603 298.414
4.78983 318.202
4.97657 331.246
4.56814 302.938
4.38591 290.346
4.32036 285.861
3.93941 259.463
4.18759 276.776
4.10365 271.013
4.19658 277.539
4.52716 300.577
4.7867 318.679
4.85909 323.778
4.38976 291.239
4.78725 318.926
4.45739 296.077
4.64787 309.381
4.68864 312.283
4.28404 284.241
4.80857 320.755
4.93138 329.357
4.41593 293.613
4.5304 301.636
4.39127 292.039
4.56524 304.195
4.64931 310.106
4.59471 306.382
4.74536 316.919
4.69124 313.228
4.21905 280.49
4.31575 287.278
4.64578 310.278
4.81173 321.877
4.85457 324.923
4.60319 307.527
4.59522 307.043
4.64956 310.888
4.41802 294.87
4.55444 304.418
4.78396 320.434
4.3756 292.132
4.34217 289.878
4.50339 301.149
4.65664 311.866
4.60234 308.163
4.35593 291.112
4.42642 296.079
4.66551 312.76
4.14217 276.469
4.27962 286.088
4.49024 300.791
4.2561 284.593
4.42867 296.652
4.48362 300.54
4.01398 267.979
4.15473 277.828
4.35608 291.887
4.60443 309.212
4.03223 269.525
4.17907 279.796
4.29596 287.988
4.34695 291.6
4.43985 298.124
4.65968 313.467
4.5046 302.762
4.18757 280.804
4.27789 287.149
4.15103 278.404
4.35931 292.945
4.31901 290.214
3.89972 261.152
4.23257 284.347
3.68801 246.581
4.14684 278.53
4.19517 281.958
4.09779 275.261
3.94114 264.446
3.80836 255.291
4.13237 277.872
4.0242 270.426
4.29057 289.003
4.06586 273.46
4.14507 279.033
4.47436 301.981
4.41263 297.761
4.4655 301.504
4.19157 282.541
4.44316 300.091
4.42264 298.735
4.58219 309.889
4.45302 300.985
4.43619 299.884
4.42904 299.457
4.39145 296.915
4.24556 286.848
4.12836 278.774
4.56895 309.456
4.74909 322.041
4.77119 323.646
4.84445 328.806
4.15128 280.715
4.40534 298.436
4.2795 289.762
4.32716 293.143
4.6091 312.801
4.70444 319.495
4.86041 330.401
4.24185 287.493
4.49805 305.363
4.56366 309.992
4.52367 307.283
4.70745 320.121
4.65377 316.461
4.36991 296.808
4.56043 310.114
4.61923 314.27
4.54234 308.996
4.71906 321.344
4.44332 302.256
4.50212 306.411
4.28856 291.643
4.71547 321.373
4.54966 309.922
4.6102 314.198
4.39351 299.212
4.36227 297.111
4.74552 323.808
4.39553 299.561
4.41427 300.932
4.80569 328.197
4.79424 327.471
4.83845 330.613
4.86978 332.858
5.13636 351.45
4.66547 318.802
4.92617 336.985
4.69233 320.808
4.89147 334.713
4.66982 319.382
4.78607 327.529
4.48154 306.44
4.89838 335.471
5.06318 346.991
4.71467 322.846
4.3407 296.933
4.34026 296.972
4.81748 330.198
4.62926 317.19
4.66446 319.705
4.82849 331.171
4.48578 307.43
4.76246 326.722
4.46188 305.907
4.55106 312.174
4.65134 319.21
4.87796 335.025
4.53278 311.112
4.56665 313.534
4.65441 319.701
4.50492 309.385
4.64423 319.133
4.69352 322.627
4.65026 319.691
4.72817 325.173
4.52208 310.924
4.63362 318.743
4.28232 294.405
4.41855 303.939
4.5784 315.115
4.83748 333.185
4.45764 306.863
4.69496 323.422
4.55711 313.914
4.6778 322.369
4.45243 306.78
4.7729 329.115
4.68584 323.135
4.38719 302.456
4.17975 288.112
4.3764 301.845
4.32723 298.498
4.29797 296.535
4.57031 315.525
4.32762 298.733
4.38858 303.038
4.40656 304.357
4.5261 312.732
4.58629 316.984
4.11282 284.156
4.19626 290.024
4.17705 288.758
4.79824 331.988
4.86876 336.957
5.16886 357.876
4.92124 340.741
4.65408 322.249
4.6068 319.034
4.30048 297.82
4.33996 300.633
5.01015 347.266
4.7092 326.426
4.59749 318.735
4.46966 309.922
4.30258 298.383
4.36135 302.536
4.81321 334
4.48275 311.11
4.6918 325.703
4.76877 331.121
5.04873 350.642
4.50604 313.006
4.31753 299.977
4.26036 296.075
4.05696 282.013
4.27462 297.205
4.43552 308.453
4.57801 318.423
4.58206 318.774
4.79546 333.67
4.7615 331.38
4.68322 326.011
4.45232 310.037
4.42956 308.526
4.37261 304.638
4.43648 309.145
4.70744 328.041
4.51228 314.551
4.70159 327.774
4.71531 328.796
4.61702 322.036
4.51698 315.155
4.33221 302.387
4.14967 289.774
4.09209 285.843
4.13928 289.191
4.62731 323.168
4.57754 319.78
4.60777 321.95
4.30694 301.118
4.44811 310.995
4.32649 302.615
4.37336 305.941
4.47717 313.223
4.1439 290.138
4.5417 317.845
4.31139 301.913
4.37354 306.301
4.098 287.226
4.13996 290.211
4.01552 281.635
4.24638 297.744
3.97412 278.897
3.77631 265.223
4.0224 282.39
4.32659 303.595
4.36809 306.548
4.41703 310.017
4.68373 328.617
4.51638 317.059
4.248 298.482
4.06304 285.701
4.17522 293.564
4.36181 306.598
4.58961 322.494
4.54342 319.355
4.77993 335.857
4.54902 319.883
4.75502 334.265
4.52879 318.616
4.28904 302.028
4.07242 287.047
4.41721 311.072
4.33557 305.469
4.4949 316.609
4.75341 334.64
4.23221 298.497
4.17397 294.519
3.98135 281.206
3.97463 280.808
4.19407 296.124
4.64472 327.505
4.81411 339.343
4.2768 302.081
4.06867 287.689
3.87989 274.643
4.19294 296.463
4.31477 304.997
4.4449 314.108
4.42234 312.609
4.43611 313.636
4.32836 306.219
4.37134 309.275
4.41247 312.201
4.5035 318.596
4.69283 331.82
4.59183 324.872
4.29435 304.273
4.29978 304.72
4.06712 288.624
4.17516 296.2
4.62832 327.754
4.33773 307.634
4.32481 306.806
4.37775 310.554
4.21324 299.194
4.08957 290.67
4.21733 299.617
4.01639 285.725
4.17111 296.544
4.12408 293.346
4.2182 299.954
4.33062 307.835
4.21521 299.886
4.21899 300.218
4.27051 303.867
4.41531 313.997
4.66807 331.628
4.42264 314.646
4.61181 327.858
4.46654 317.834
4.19484 299.027
4.37307 311.479
4.35795 310.498
4.27617 304.886
4.40614 313.985
4.48983 319.869
4.71235 335.399
4.71854 335.899
4.33515 309.331
4.43239 316.157
4.35816 311.068
4.35001 310.572
4.60259 328.19
4.13427 295.722
4.26026 304.545
4.51066 322.012
4.47612 319.682
4.08474 292.558
4.22893 302.646
4.65862 332.57
4.37035 312.61
4.12529 295.654
4.36106 312.104
4.39278 314.377
4.52432 323.586
4.32011 309.467
4.23721 303.777
4.1711 299.253
4.21451 302.338
4.43921 318.02
4.67263 334.307
4.05529 291.485
4.34559 311.724
4.73295 338.706
4.53811 325.239
4.4235 317.345
4.46222 320.105
4.69432 336.301
4.3495 312.412
4.11403 296.122
3.98137 286.974
4.06263 292.69
4.27344 307.406
4.42731 318.166
4.47286 321.4
4.26903 307.308
4.08759 294.771
4.27923 308.155
4.36681 314.31
4.46863 321.454
4.55059 327.218
4.50643 324.219
4.29732 309.759
4.53722 326.497
4.67395 336.067
4.60064 331.042
4.44579 320.353
4.9507 355.503
5.06318 363.388
4.76295 342.597
4.49194 323.837
4.26149 307.895
4.92736 354.229
4.73079 340.641
4.48029 323.306
4.39054 317.14
4.49972 324.795
4.51949 326.238
4.3457 314.233
4.24423 307.252
4.40722 318.646
4.31449 312.272
4.42898 320.297
4.37871 316.874
4.22908 306.547
4.69626 339.076
4.71283 340.296
4.33775 314.306
4.32529 313.509
4.61915 333.996
4.17856 303.454
4.06564 295.677
3.9978 291.034
4.13929 300.934
4.33845 314.84
4.47481 324.384
4.37507 317.524
4.0156 292.618
3.97271 289.707
4.25753 309.565
4.57019 331.359
4.38768 318.748
4.54735 329.91
4.75318 344.281
4.44151 322.696
4.27343 311.087
4.13565 301.584
4.3017 313.19
4.39829 319.971
3.93782 288.047
4.13238 301.635
4.1108 300.205
4.21748 307.686
4.3232 315.101
4.04978 296.174
4.24594 309.872
4.05064 296.372
4.20124 306.906
3.96912 290.848
4.00283 293.259
4.06082 297.357
4.07269 298.252
4.09763 300.054
4.07799 298.759
4.31557 315.335
4.24432 310.454
4.11096 301.258
4.0957 300.267
3.96638 291.352
4.01798 295.006
3.9902 293.146
4.39912 321.627
4.50363 328.957
4.43452 324.225
4.24972 311.455
4.31241 315.88
4.31149 315.886
3.83821 283.072
3.85488 284.3
4.47954 327.77
4.6091 336.841
4.3355 317.901
3.8762 286.059
4.06758 299.425
4.147 305.013
4.49186 329.043
4.68791 342.733
4.28201 314.602
4.10441 302.332
3.94054 291.015
4.18721 308.223
4.12725 304.127
4.22987 311.327
3.86691 286.178
3.79714 281.4
3.65027 271.265
4.23262 311.795
4.23711 312.177
4.10301 302.929
4.29541 316.366
4.22499 311.543
4.47418 328.926
4.06454 300.534
3.93299 291.464
3.96838 293.992
4.10504 303.556
4.58522 336.988
4.37486 322.442
4.28475 316.251
4.09161 302.901
3.68493 274.715
4.09272 303.117
4.00403 297.025
3.72946 278.018
4.00962 297.552
3.87015 287.932
3.9654 294.619
3.97237 295.172
3.78759 282.404
4.01888 298.543
4.19381 310.767
3.89582 290.132
4.20491 311.677
4.45129 328.864
4.06784 302.292
4.01972 299.018
4.1118 305.485
3.98897 297.021
4.00982 298.539
4.12637 306.706
4.42935 327.826
4.04169 300.962
4.26956 316.863
4.38897 325.229
4.17435 310.387
4.02214 299.881
3.97626 296.763
4.77038 352.007
4.61852 341.526
4.38662 325.483
4.39721 326.288
4.41521 327.608
4.02837 300.801
4.00949 299.558
4.05089 302.504
4.06883 303.82
3.95373 295.892
4.01206 300.014
4.19768 312.981
4.21165 314.021
4.41159 327.982
4.52066 335.629
4.55036 337.763
4.96437 366.597
4.66655 345.974
4.30777 321.116
4.50871 335.147
4.71133 349.294
4.49562 334.376
4.54575 337.929
4.66215 346.085
4.55719 338.862
4.85965 359.947
4.80921 356.512
4.66982 346.896
4.35303 324.955
4.0683 305.242
4.33206 323.637
4.64344 345.342
4.67437 347.559
4.77754 354.798
4.65753 346.528
4.21234 315.666
4.43829 331.435
4.46514 333.37
4.38896 328.147
4.16012 312.317
4.37307 327.181
4.64926 346.44
4.94597 367.125
4.81387 358.016
4.51795 337.525
4.4021 329.546
4.18015 314.194
3.67768 279.353
3.93241 297.12
4.1844 314.698
4.38267 328.543
4.25578 319.797
4.70563 351.121
4.66234 348.183
4.50785 337.518
4.23416 318.573
4.2671 320.93
4.31777 324.52
4.35407 327.112
4.28294 322.239
4.26715 321.212
4.5433 340.468
4.35356 327.355
3.99781 302.707
4.40148 330.823
4.37859 329.302
4.14611 313.219
4.40532 331.298
4.46297 335.373
4.41413 332.049
4.46661 335.765
4.4127 332.089
4.17543 315.673
4.29558 324.09
4.77736 357.634
4.40011 331.492
4.31877 325.91
4.09308 310.299
4.17851 316.304
3.99439 303.581
4.06769 308.743
4.34534 328.103
4.64095 348.712
4.71847 354.167
4.66405 350.456
4.53721 341.712
4.34673 328.548
4.37729 330.74
3.85738 294.687
3.66584 281.449
3.8376 293.452
3.69342 283.504
4.09405 311.408
4.40227 332.892
4.2625 323.251
4.10389 312.301
4.15365 315.827
4.40531 333.382
4.13425 314.618
4.28921 325.454
4.7256 355.843
4.80657 361.539
4.50138 340.404
4.47637 338.736
4.19892 319.528
4.21311 320.583
4.13581 315.282
4.2769 325.155
4.38638 332.831
4.19163 319.37
4.28062 325.621
4.48828 340.119
4.21097 320.921
4.562 345.38
4.35707 331.211
4.52895 343.223
4.5254 343.046
4.63089 350.444
4.76507 359.837
4.75177 358.982
4.71468 356.475
4.28357 326.591
4.4876 340.836
4.22574 322.712
4.36317 332.33
4.28473 326.949
4.08772 313.331
4.09037 313.584
4.15896 318.419
4.33124 330.459
4.23246 323.665
3.72841 288.714
3.82554 295.532
3.95564 304.64
4.22362 323.329
4.06765 312.562
4.30965 329.445
4.34699 332.109
4.37961 334.445
3.82078 295.688
3.71784 288.604
3.644 283.544
4.04954 311.79
4.30772 329.797
4.2126 323.258
4.30222 329.554
4.45694 340.374
4.21468 323.611
3.84151 297.753
4.12587 317.58
3.82285 296.595
3.73934 290.863
3.89384 301.667
4.00369 309.369
4.47094 341.902
4.18436 322.06
4.15038 319.769
3.97222 307.46
3.91537 303.579
4.22098 324.882
3.94205 305.572
4.02251 311.232
3.71251 289.763
4.34826 334.004
3.79627 295.722
3.75415 292.864
3.55952 279.411
3.91777 304.372
4.26476 328.55
3.79741 296.148
4.22457 325.896
4.43905 340.867
4.48176 343.905
4.38004 336.906
3.61555 283.86
4.03364 312.978
4.05815 314.75
4.44623 341.783
4.51804 346.842
4.25798 328.843
3.98658 310.056
4.18796 324.117
4.08135 316.779
4.11664 319.301
4.43796 341.695
4.5287 348.069
4.36683 336.892
3.9924 310.946
4.14812 321.835
4.1292 320.59
4.3475 335.827
4.3675 337.285
4.43442 342.005
4.16113 323.086
4.02356 313.598
3.92768 307.006
4.48432 345.75
4.29252 332.493
3.79969 298.322
4.04107 315.162
4.19387 325.848
4.38451 339.162
4.68295 359.967
4.29239 332.901
4.10912 320.237
4.21362 327.567
4.15553 323.6
4.57671 352.933
4.55637 351.59
4.07545 318.245
4.39333 340.401
4.13081 322.23
4.30577 334.456
4.41814 342.333
4.10699 320.784
4.25968 331.462
4.49284 347.732
4.96769 380.793
4.57361 353.482
4.12408 322.318
3.90684 307.295
4.36482 339.184
4.31157 335.554
4.17969 326.46
4.25947 332.073
4.1891 327.253
4.13775 323.755
4.06663 318.883
4.27152 333.188
4.23511 330.727
4.10411 321.695
4.16406 325.93
4.15056 325.062
4.00665 315.133
4.29315 335.107
4.12648 323.597
4.29451 335.341
4.13534 324.351
4.29088 335.228
4.33272 338.204
4.3989 342.872
4.17369 327.294
4.4901 349.347
4.39459 342.781
4.27741 334.709
4.32782 338.28
4.25529 333.311
4.2592 333.652
4.16614 327.256
4.36339 341.03
4.5443 353.669
4.42032 345.124
4.26564 334.447
4.30309 337.118
3.97836 314.626
4.15406 326.903
4.56405 355.458
4.19124 329.625
4.28289 336.062
4.37921 342.824
4.60015 358.244
4.81136 372.989
4.26218 334.902
4.17683 329.041
4.37822 343.102
4.64556 361.747
4.1442 326.982
4.1728 329.039
4.516 352.953
4.64581 362.042
4.58155 357.647
4.39241 344.575
4.49436 351.728
4.2417 334.242
4.16849 329.226
4.13125 326.708
4.31426 339.492
4.58495 358.369
4.20881 332.305
3.9947 317.498
4.23784 334.461
4.51841 354.024
4.70083 366.768
4.50024 352.9
4.53409 355.322
4.24171 335.077
4.54229 356.031
4.26395 336.761
4.41739 347.491
4.44376 349.393
4.29205 338.922
4.40851 347.083
4.42101 348.021
4.90307 381.584
4.67214 365.608
4.24869 336.257
4.1801 331.561
4.2691 337.814
4.15151 329.713
4.38033 345.681
4.45001 350.591
4.05562 323.259
4.14953 329.854
4.31163 341.186
4.09905 326.486
3.77567 304.087
3.77713 304.257
3.82528 307.673
4.071 324.814
4.26073 338.066
4.5174 355.969
4.10057 327.077
4.59428 361.449
4.3905 347.36
4.14178 330.149
4.3077 341.746
4.65367 365.854
4.43317 350.603
4.17481 332.722
4.24266 337.506
4.61266 363.282
4.35767 345.635
4.23656 337.29
3.97314 319.057
3.94054 316.862
4.40567 349.248
4.91103 384.429
4.83557 379.256
4.49732 355.824
4.29389 341.76
4.53256 358.412
4.49885 356.139
4.22269 337.021
4.11809 329.823
4.05549 325.543
4.64875 366.832
4.75565 374.328
4.22743 337.698
4.09214 328.368
4.72418 372.35
4.44297 352.881
3.93689 317.79
4.37169 348.068
4.62878 366
4.51876 358.426
4.33034 345.404
4.47089 355.238
4.31616 344.557
4.22373 338.205
4.7532 375.061
5.01755 393.498
4.87962 383.984
4.40387 350.999
4.05302 326.692
4.21537 338.041
4.2935 343.539
4.20162 337.225
4.2266 339.03
4.45923 355.262
4.7407 374.888
4.42919 353.314
4.4512 354.913
4.73126 374.44
4.52144 359.932
4.57433 363.676
4.50027 358.6
4.32811 346.708
4.19954 337.845
4.41726 353.041
4.46348 356.322
4.93975 389.482
4.73572 375.375
4.60413 366.302
4.40789 352.738
4.263 342.74
4.33076 347.518
4.47065 357.307
4.60237 366.527
4.59904 366.365
4.40932 353.253
4.19489 338.425
4.55683 363.642
4.6242 368.391
4.40434 353.186
4.70139 373.894
4.6207 368.357
4.94739 391.124
5.05235 398.486
4.89363 387.528
4.85103 384.638
4.39994 353.366
4.86175 385.522
4.83298 383.592
4.68859 373.629
4.4666 358.275
4.46151 357.991
4.61877 368.987
4.65194 371.361
4.9232 390.277
4.5184 362.222
4.75882 378.996
4.13887 335.991
4.5761 366.439
4.53556 363.692
4.43542 356.804
4.31959 348.826
4.07981 332.235
4.04233 329.7
3.85142 316.506
4.42537 356.453
4.43992 357.533
3.94521 323.231
3.84757 316.517
4.14554 337.289
4.17988 339.744
4.23565 343.689
3.81962 314.852
3.70496 306.956
3.62116 301.202
3.97804 326.068
4.30107 348.581
4.33372 350.919
4.11629 335.881
4.02091 329.324
4.08326 333.726
4.2994 348.812
4.5777 368.218
4.10101 335.168
4.03314 330.522
4.29318 348.658
4.39392 355.727
4.50872 363.772
4.68214 375.891
3.97184 326.609
4.13383 337.934
4.40304 356.708
4.60813 371.027
4.23677 345.295
3.8353 317.47
3.80329 315.316
3.78363 314.019
3.9646 326.663
4.00964 329.861
3.98846 328.459
4.1067 336.744
4.51581 365.238
4.32226 351.86
4.08462 335.418
3.98566 328.612
4.26567 348.137
4.51165 365.297
4.45854 361.676
4.2303 345.887
4.51164 365.504
4.43662 360.361
4.25056 347.503
4.15302 340.796
4.14504 340.311
4.31245 352.012
4.17132 342.276
4.54552 368.345
4.51989 366.633
4.44808 361.713
4.69492 378.933
4.52551 367.232
3.9343 326.225
4.2184 346.033
4.36336 356.175
4.69849 379.528
4.2927 351.404
4.05972 335.286
4.23796 347.74
4.24953 348.613
4.49309 365.605
4.14067 341.188
4.3361 354.836
4.45856 363.414
4.46808 364.145
4.69011 379.641
4.58477 372.391
4.90829 394.939
4.96413 398.888
4.62021 375.062
4.89397 394.153
4.72267 382.32
4.62212 375.403
4.83923 390.557
4.9455 398.011
4.83133 390.148
4.43233 362.495
4.21889 347.735
4.42568 362.171
4.6875 380.432
4.70498 381.716
4.59144 373.897
5.06124 406.607
4.82284 390.114
4.55286 371.425
4.36033 358.118
3.9197 327.573
4.01561 334.306
4.3721 359.144
4.52026 369.507
4.46082 365.447
4.21028 348.109
4.1263 342.344
4.26259 351.882
4.12049 342.079
4.45108 365.118
4.19173 347.168
4.26076 352.034
4.33662 357.374
4.38258 360.636
4.32517 356.717
4.33688 357.6
4.33478 357.524
4.57925 374.579
4.22346 349.928
4.33381 357.665
4.44487 365.451
4.48797 368.515
4.45503 366.295
4.60419 376.728
4.70883 384.068
4.61431 377.57
4.44566 365.923
4.38816 361.996
4.70534 384.103
4.50504 370.256
4.46595 367.61
4.69198 383.384
4.49199 369.558
4.28275 355.09
4.51002 370.949
4.73918 386.941
4.47759 368.836
4.12865 344.661
4.13544 345.202
4.20982 350.44
4.66498 382.133
4.55627 374.649
4.5658 375.381
4.40334 364.163
4.41263 364.878
4.09789 343.08
4.38739 363.263
4.6576 382.107
4.83245 394.325
4.45748 368.341
4.31123 358.25
4.24287 353.569
4.30395 357.883
4.57718 376.936
4.3235 359.38
4.46842 369.518
4.78879 391.847
4.61816 380.061
4.59169 378.291
4.36779 362.804
4.49309 371.58
4.7064 386.47
4.82558 394.82
4.54076 375.1
4.67983 384.833
4.60157 379.465
4.54135 375.35
4.38442 364.516
4.40213 365.816
4.449 369.142
4.34431 361.938
4.25794 356.006
4.55001 376.369
4.4987 372.873
4.39528 365.757
4.22774 354.186
4.5332 375.478
5.04629 411.197
4.62495 381.992
4.46588 371.009
4.24382 355.65
4.3334 361.944
4.37942 365.211
4.20365 353.068
4.45153 370.36
4.38031 365.481
4.63125 382.986
4.59533 380.559
4.25328 356.864
4.34438 363.262
4.49284 373.647
4.33856 362.998
4.43649 369.871
4.47936 372.919
4.29942 360.486
3.91147 333.601
4.21394 354.686
4.46594 372.264
4.20057 353.896
4.11363 347.925
4.24054 356.812
4.33509 363.451
4.63368 384.266
3.94918 336.777
3.59502 312.24
3.847 329.817
4.00126 340.604
4.15863 351.608
4.67606 387.628
4.28913 360.814
4.16261 352.092
4.50112 375.681
4.72831 391.536
4.79025 395.909
4.80244 396.825
4.65999 386.997
4.44728 372.288
4.64047 385.78
4.67317 388.121
4.63149 385.295
4.58322 382.011
4.55494 380.116
4.16187 352.875
4.3215 364.035
4.44989 373.025
4.33575 365.164
4.58765 382.736
4.49433 376.321
4.26867 360.712
4.46497 374.42
4.7587 394.898
4.93694 407.351
4.79549 397.593
4.46925 374.995
4.26684 361.002
4.55097 380.812
4.42802 372.339
4.21107 357.335
4.21025 357.348
4.49541 377.23
4.37167 368.702
4.32526 365.547
4.40758 371.336
4.3328 366.21
4.73182 394.003
4.6871 390.965
4.78947 398.147
4.71 392.695
4.29966 364.255
4.1427 353.419
4.73941 394.947
4.57645 383.694
4.61799 386.65
4.8525 403.013
4.98688 412.419
4.76036 396.75
4.60253 385.853
4.37731 370.275
5.02586 415.405
4.97119 411.676
4.71156 393.707
4.82178 401.435
4.73301 395.336
4.62243 387.723
4.76008 397.356
4.748 396.586
4.56573 383.992
4.51668 380.653
4.44693 375.877
4.38701 371.783
4.83045 402.662
4.9179 408.807
4.7461 396.941
4.6549 390.673
4.41654 374.182
4.29611 365.884
4.59025 386.39
4.51076 380.937
4.44876 376.698
4.58362 386.138
4.67555 392.594
4.68931 393.62
4.47419 378.743
4.58443 386.472
4.57712 386.034
4.31268 367.73
4.56671 385.449
4.82126 403.205
4.97439 413.914
4.87071 406.78
4.56533 385.631
4.59189 387.546
4.22494 362.121
4.14783 356.832
4.40956 375.086
4.29358 367.098
4.36192 371.915
4.71 396.17
4.39498 374.352
4.09525 353.596
4.06101 351.287
4.51911 383.184
4.35069 371.552
3.75563 330.278
3.71225 327.333
3.58798 318.769
4.04172 350.363
4.02562 349.314
4.12125 356.028
4.39973 375.446
4.52546 384.251
4.67285 394.561
4.06088 352.111
4.01163 348.759
4.63857 392.388
4.34824 372.285
4.51858 384.189
4.65447 393.701
4.64364 393.018
4.71861 398.296
4.61628 391.255
4.49629 382.988
4.46291 380.739
4.50891 384.004
4.99553 417.884
4.55676 387.468
4.48295 382.409
4.31928 371.107
4.14291 358.922
4.17418 361.164
4.46061 381.135
4.67211 395.899
4.53904 386.723
4.42111 378.599
4.40266 377.386
4.69702 397.908
4.41385 378.303
3.94782 345.993
4.30305 370.743
4.58013 390.064
4.36236 375.003
3.85216 339.625
3.6313 324.349
3.97754 348.475
4.2805 369.593
4.26186 368.368
4.25126 367.701
4.34194 374.071
4.48505 384.083
4.53753 387.799
4.36747 376.053
4.27998 370.044
4.12067 359.045
4.36092 375.807
4.50694 386.021
4.46983 383.513
4.3054 372.157
4.08872 357.172
4.00518 351.437
4.13482 360.514
4.39313 378.53
4.4466 382.315
4.33804 374.842
4.18361 364.182
4.21589 366.494
4.3786 377.868
4.60095 393.387
4.56202 390.751
3.79297 337.388
3.82291 339.537
4.13191 361.076
4.64661 396.906
4.41336 380.77
4.58773 392.955
4.66783 398.589
4.75724 404.871
4.42604 381.929
4.24377 369.334
4.81332 408.976
4.62446 395.924
4.46639 385.01
4.43528 382.918
3.9964 352.495
4.36465 378.15
4.53912 390.341
4.29574 373.501
4.17912 365.468
4.3315 376.125
4.11381 361.069
4.1107 360.922
4.2523 370.83
4.60129 395.147
4.5971 394.926
4.38679 380.383
4.22059 368.905
4.35103 378.038
4.40856 382.104
4.43955 384.327
4.19233 367.219
4.48739 387.79
4.42268 383.363
4.20743 368.477
4.07917 359.635
4.0967 360.923
4.25872 372.249
4.38091 380.808
4.3727 380.307
4.39098 381.647
4.41177 383.16
4.70732 403.765
4.60368 396.633
4.3912 381.94
4.07888 360.31
4.27999 374.352
4.85722 414.527
4.6608 400.949
4.43177 385.106
4.54298 392.903
4.9328 420.056
4.74852 407.322
4.07676 360.718
4.19499 369.003
4.18858 368.626
3.93066 350.776
4.10198 362.748
4.24924 373.049
4.12119 364.222
4.1338 365.168
4.40836 384.313
4.33456 379.255
4.17195 368.027
4.38521 382.913
4.84721 415.082
4.63255 400.237
4.67327 403.136
4.2949 376.917
4.24299 373.379
4.09988 363.506
4.43259 386.691
4.877 417.639
4.29473 377.252
4.03833 359.507
4.1601 368.037
4.6015 398.775
4.66329 403.137
4.54616 395.069
4.69589 405.541
4.39973 385.034
4.45375 388.856
4.73364 408.373
4.18607 370.398
4.2359 373.929
4.39246 384.876
4.64726 402.649
4.9264 422.112
4.30682 379.134
3.90629 351.376
3.78223 342.825
3.56037 327.48
4.02388 359.754
4.11136 365.901
4.20709 372.622
4.16469 369.746
4.16197 369.626
4.02209 359.977
4.00095 358.578
4.03223 360.821
4.64571 403.514
4.34493 382.686
4.49253 393.01
4.4988 393.515
4.04339 361.944
4.14681 369.199
4.18935 372.224
4.31235 380.838
4.22825 375.065
4.08153 364.94
4.51213 394.928
4.24235 376.253
4.06764 364.184
4.12222 368.046
4.13571 369.052
4.10112 366.719
4.02665 361.614
4.38965 386.904
4.40703 388.182
4.43149 389.95
4.28163 379.608
4.08213 365.816
4.23356 376.407
4.05852 364.315
3.90595 353.784
3.98055 359.036
3.98283 359.264
3.85208 350.249
3.46806 323.637
3.65835 336.928
3.01158 292.06
2.98563 290.327
2.20437 236.115
2.68242 269.399
2.62846 265.719
2.32228 244.516
2.97853 290.181
2.34355 246.133
2.38485 249.072
2.37101 248.18
2.41415 251.247
2.66277 268.59
2.54513 260.486
2.03565 225.157
2.56745 262.176
2.52216 259.098
2.47306 255.756
2.71429 272.587
2.80631 279.049
2.69617 271.466
2.53524 260.354
2.06757 227.931
1.98203 222.057
2.37597 249.497
2.43853 253.913
1.98062 222.168
2.21904 238.802
2.53682 260.951
2.97517 291.477
2.85432 283.149
2.68298 271.314
2.56806 263.399
2.56957 263.573
2.45367 255.59
1.89077 216.55
2.42063 253.434
2.37538 250.359
2.76767 277.685
2.43587 254.701
2.07355 229.597
2.3319 247.616
2.5544 263.145
2.63203 268.608
2.37358 250.72
2.51376 260.529
2.2218 240.314
2.0882 231.101
2.68904 272.917
1.97561 223.417
1.99243 224.656
2.2523 242.781
2.04113 228.178
2.29717 246.037
2.05248 229.106
2.08664 231.548
2.46858 258.155
2.22016 240.965
1.86556 216.397
2.10498 233.1
2.03367 228.216
2.03631 228.468
2.14161 235.854
2.13891 235.736
2.34783 250.321
1.91814 220.536
2.1288 235.242
1.98269 225.16
1.88524 218.459
1.8271 214.488
1.57386 196.963
2.06104 230.881
1.95321 223.459
1.97699 225.181
1.73769 208.624
1.82878 215.022
1.76004 210.316
1.43701 187.941
1.20111 171.621
1.54008 195.242
1.09092 164.104
1.60361 199.795
1.50645 193.113
1.60793 200.234
1.91426 221.586
1.68338 205.615
1.75531 210.682
1.73393 209.266
1.68905 206.217
1.45879 190.289
1.66863 204.937
1.74188 210.096
1.7848 213.148
1.80412 214.559
1.58107 199.132
1.76489 211.973
1.69335 207.072
1.96144 225.768
1.63816 203.376
2.34402 252.488
1.82811 216.713
1.88141 220.485
2.5158 264.631
2.72478 279.221
2.53729 266.263
1.68858 207.366
2.06323 233.465
2.48913 263.126
1.89736 222.08
1.95452 226.121
2.06283 233.716
1.99403 229.005
1.87976 221.135
2.06774 234.265
1.79929 215.683
2.06339 234.102
1.47948 193.602
1.99611 229.567
1.84979 219.469
1.49309 194.756
2.28422 249.792
2.18702 243.109
1.66034 206.585
2.38726 257.16
1.91628 224.506
1.9321 225.675
2.17271 242.462
1.71452 210.696
1.89753 223.481
1.75791 213.85
2.07722 236.105
1.84381 219.957
2.03678 233.434
1.80183 217.18
1.78971 216.407
1.52512 198.093
1.85449 221.047
1.53944 199.227
1.78876 216.619
1.95148 227.994
2.23196 247.551
2.30677 252.818
2.27241 250.5
2.14945 242.026
1.73565 213.346
2.11854 240.018
1.58655 203.125
2.28774 251.912
2.01107 232.76
2.2459 249.145
2.23633 248.55
2.16194 243.45
2.16788 243.933
1.93597 227.889
1.86151 222.785
2.16629 244.03
2.16443 243.971
2.46804 265.134
1.89395 225.317
2.49691 267.28
2.04609 236.026
1.52992 200.233
1.59244 204.646
1.12403 172.171
1.49433 197.969
1.69732 212.142
2.08828 239.374
2.08592 239.28
2.16917 245.134
2.35043 257.797
2.14609 243.669
2.46418 265.839
2.41277 262.337
2.01872 235.028
2.14755 244.048
1.78119 218.664
2.25804 251.864
2.42156 263.295
2.31472 255.941
2.25541 251.89
1.86653 224.94
1.87024 225.267
1.55638 203.531
1.46111 196.981
1.70991 214.336
1.84458 223.763
2.00526 234.996
1.8902 227.071
2.39737 262.379
2.10915 242.422
2.03691 237.473
1.92908 230.051
1.9979 234.901
2.14511 245.199
2.15248 245.78
2.01246 236.122
1.86882 226.211
1.74774 217.868
1.94852 231.887
1.77557 219.941
1.96647 233.274
1.86744 226.463
1.98974 235.029
1.68669 214.043
2.07474 241.074
1.83657 224.596
1.73467 217.585
2.07258 241.132
1.75164 218.903
1.85655 226.262
1.70138 215.55
1.7626 219.873
1.49166 201.118
2.14829 246.809
1.99846 236.469
2.02537 238.408
1.67375 214.047
1.85119 226.446
2.04232 239.794
2.04279 239.896
1.84126 225.964
1.90976 230.793
2.1008 244.135
1.92208 231.787
1.78103 222.057
2.33656 260.724
1.80128 223.603
2.30139 258.419
1.9681 235.332
1.84594 226.914
2.41606 266.595
1.89363 230.367
2.53231 274.811
2.3934 265.229
2.40954 266.42
2.31569 259.969
1.99186 237.539
2.07302 243.247
2.34506 262.218
1.72697 219.343
1.75658 221.47
1.38721 195.876
1.94559 234.741
1.58423 209.704
2.2632 256.947
1.91742 232.992
2.00378 239.062
2.26923 257.575
2.30991 260.47
1.82156 226.61
2.38319 265.701
2.07154 244.117
2.33402 262.423
1.7444 221.527
2.20147 253.353
2.0135 240.363
2.08777 245.592
2.28318 259.238
2.59124 280.712
2.40278 267.687
2.32447 262.316
2.12062 248.222
1.89699 232.754
2.19356 253.429
2.35266 264.552
2.27839 259.462
2.53018 277.025
2.41903 269.372
2.14855 250.649
2.27401 259.435
1.9845 239.39
2.09852 247.382
2.53751 277.951
2.16906 252.422
1.89944 233.758
1.97962 239.398
1.77699 225.389
2.27279 259.906
2.00475 241.353
2.2072 255.488
2.56693 280.552
2.47675 274.355
2.56943 280.864
2.78277 295.756
2.87078 301.94
2.93009 306.131
2.77533 295.448
2.22055 256.971
1.87014 232.695
2.12654 250.579
1.85045 231.466
2.50477 276.997
2.16223 253.267
2.92315 306.204
2.33144 265.162
2.4104 270.718
2.30937 263.768
2.1225 250.854
2.1293 251.396
1.95057 239.048
2.05454 246.341
2.06173 246.91
2.24266 259.55
1.954 239.564
2.02678 244.69
2.01935 244.243
2.65847 288.718
2.37953 269.407
2.34904 267.358
2.17573 255.386
2.01017 243.952
2.22202 258.741
2.03097 245.537
2.32283 265.885
1.99838 243.412
2.20376 257.75
2.30871 265.112
1.97997 242.341
1.99375 243.367
2.23302 260.062
2.14506 254.019
2.12004 252.351
2.14325 254.033
2.32974 267.059
2.46466 276.503
2.26635 262.794
2.51531 280.161
1.83106 232.69
2.35678 269.286
1.98254 243.353
2.14597 254.778
2.06281 249.069
2.11845 253.004
2.25265 262.398
2.16522 256.393
1.98616 244.021
2.03329 247.365
1.95535 242.019
2.14578 255.32
2.30365 266.358
2.37573 271.436
2.51749 281.355
2.25797 263.393
2.16009 256.662
2.40762 273.929
2.19862 259.478
2.46021 277.722
2.28187 265.401
2.40782 274.221
1.78586 231.077
2.09016 252.289
2.08438 251.957
1.9708 244.135
2.45978 278.179
1.91483 240.386
1.82475 234.196
1.88993 238.794
1.79268 232.107
2.22692 262.347
2.05635 250.565
2.32148 269.056
2.29229 267.098
2.02979 248.929
1.98576 245.939
2.62836 290.656
3.03264 318.814
2.7966 302.484
2.59674 288.667
2.64038 291.769
2.3129 269.085
2.28053 266.906
2.12251 255.996
2.19495 261.099
1.97425 245.834
2.10878 255.251
2.21284 262.55
2.27549 266.972
2.18699 260.893
2.1157 256.009
2.07583 253.309
1.96448 245.642
1.64078 223.221
2.08541 254.182
2.19215 261.668
2.37 274.095
2.30968 269.973
2.1412 258.337
2.29684 269.22
2.03737 251.262
1.82309 236.443
1.88538 240.841
1.92459 243.635
2.02384 250.6
2.13951 258.706
2.35979 274.08
2.25657 266.978
2.41659 278.165
2.34731 273.421
2.11311 257.219
2.55765 288.174
2.48612 283.274
2.30958 271.078
2.14651 259.818
2.23068 265.735
2.14483 259.84
2.00632 250.286
2.09619 256.599
2.12256 258.501
2.08803 256.171
1.96136 247.44
2.36603 275.625
2.20498 264.505
2.22731 266.126
2.31807 272.501
2.28722 270.427
2.18777 263.587
2.33002 273.54
2.39736 278.288
2.1389 260.4
2.16026 261.954
2.0926 257.322
2.1749 263.11
2.52925 287.799
1.96682 248.792
2.78296 305.566
2.31659 273.232
2.45627 283.007
2.61846 294.345
2.42101 280.696
2.61347 294.137
2.51074 287.069
2.42652 281.287
2.47568 284.772
2.62014 294.878
2.51908 287.927
1.85649 241.96
2.10323 259.172
1.82509 239.917
2.51691 288.054
2.57707 292.303
2.58502 292.925
2.16485 263.801
2.60998 294.798
2.25061 269.899
2.21232 267.308
2.75739 305.248
2.37272 278.591
2.49147 286.911
2.39725 280.434
2.21717 267.992
2.05552 256.831
2.06517 257.57
2.22739 268.911
2.34594 277.217
2.37632 279.398
2.4484 284.475
2.15853 264.405
2.0857 259.414
2.23086 269.569
2.40491 281.731
2.32548 276.282
2.57696 293.824
2.16039 264.95
2.42753 283.581
2.98633 322.475
2.76584 307.225
2.08839 260.226
2.55448 292.679
2.67141 300.872
2.43729 284.676
2.843 312.934
2.62121 297.593
2.58732 295.308
2.65935 300.382
2.147 264.854
2.15387 265.4
2.1694 266.549
2.30466 276.016
2.74907 306.963
2.68598 302.649
2.44901 286.254
2.73015 305.857
2.40401 283.266
2.38307 281.881
2.37783 281.587
1.84353 244.533
2.09634 262.168
2.01165 256.353
2.0213 257.093
2.29983 276.515
2.42799 285.489
2.45802 287.644
2.68047 303.17
2.78902 310.781
2.17442 268.149
2.40567 284.285
1.88102 247.902
2.53272 293.251
2.3698 282.001
2.43999 286.947
2.29147 276.698
2.44903 287.715
2.40963 285.046
2.60616 298.771
2.35445 281.352
1.85412 246.659
2.23941 273.498
2.31659 278.93
1.85184 246.709
2.41017 285.57
2.67768 304.226
2.12916 266.185
1.98159 256.001
1.95438 254.18
1.7959 243.239
1.99584 257.2
2.4537 289.081
2.18123 270.22
2.18127 270.292
2.1973 271.475
1.71049 237.721
2.09721 264.66
2.07347 263.08
1.5583 227.356
1.87472 249.41
1.42725 218.39
1.43661 219.11
2.18052 270.866
2.05971 262.541
2.42948 288.301
2.0266 260.38
2.28775 278.594
2.10227 265.776
2.19404 272.221
2.09244 265.232
2.54632 296.836
2.40074 286.791
1.80812 245.686
2.26314 277.37
2.22656 274.898
1.84452 248.424
1.51918 225.889
2.13622 268.83
2.86046 319.218
2.00996 260.196
1.79795 245.535
1.75023 242.289
1.77306 243.945
2.27343 278.78
2.04721 263.132
2.25536 277.663
2.51992 296.114
2.05774 264.072
2.43997 290.698
2.00546 260.578
2.40835 288.64
2.40351 288.373
2.3855 287.191
2.33276 283.596
1.94983 257.06
2.39709 288.205
1.89252 253.217
2.4126 289.422
2.24582 277.903
2.83153 318.668
2.24721 278.139
1.97525 259.313
1.85236 250.844
1.67353 238.489
1.87702 252.696
1.78562 246.416
2.26531 279.813
1.98288 260.26
2.33462 284.768
2.50839 296.911
2.37028 287.384
2.07507 266.943
2.72805 312.381
2.56367 301.029
2.54242 299.623
1.88432 253.968
1.98607 261.107
2.0058 262.547
1.78163 247.042
1.69446 241.054
1.93001 257.49
2.47354 295.323
2.16684 274.084
2.50726 297.805
2.55953 301.506
2.22455 278.302
2.41806 291.816
2.22141 278.223
2.14202 272.776
2.14536 273.077
2.07558 268.299
2.15042 273.568
2.19591 276.798
1.98526 262.232
1.94792 259.707
1.62181 237.119
1.76416 247.079
2.12609 272.295
2.13553 273.02
2.30403 284.797
2.02981 265.814
2.28165 283.381
2.29097 284.097
1.9175 258.219
1.80189 250.256
1.90168 257.259
1.83322 252.572
1.883 256.1
2.18815 277.371
2.21753 279.482
2.47316 297.312
2.5095 299.906
2.38865 291.579
2.55941 303.513
1.91473 258.791
1.81546 251.963
2.00364 265.107
2.0167 266.084
2.04329 268.001
2.0278 266.994
1.92626 260.008
1.80405 251.587
2.04052 268.086
1.6828 243.301
1.64773 240.935
1.77326 249.725
1.72934 246.744
2.06536 270.159
2.08252 271.421
1.85573 255.734
1.97488 264.082
1.90772 259.485
2.0945 272.531
2.09959 272.955
2.00021 266.119
1.99792 266.03
2.49822 300.859
2.13498 275.691
2.24211 283.204
2.01096 267.213
2.05805 270.555
1.80848 253.284
1.93088 261.858
2.25865 284.701
2.27712 286.053
2.19453 280.385
2.20559 281.223
2.23207 283.132
2.12463 275.737
2.08059 272.746
2.07146 272.181
2.23887 283.882
2.06566 271.917
2.01608 268.542
1.93124 262.717
1.88455 259.542
1.65198 243.453
1.32465 220.78
1.89284 260.326
2.01826 269.11
2.11726 276.058
2.36378 293.256
1.96837 265.853
2.15237 278.706
2.08495 274.091
2.44157 298.938
2.45462 299.914
2.42098 297.647
2.16968 280.256
2.27118 287.378
2.12975 277.62
1.74926 251.254
1.80705 255.338
2.03169 271.016
2.04795 272.215
1.99252 268.434
1.97835 267.519
1.83094 257.346
1.77807 253.742
2.09158 275.594
2.21507 284.243
2.13507 278.755
2.29782 290.132
2.1123 277.312
1.96024 266.816
2.0226 271.218
2.33498 292.992
2.15517 280.568
1.84489 259.079
2.12957 278.928
2.25326 287.591
1.99563 269.761
2.22048 285.453
2.17176 282.137
1.71775 250.663
1.8971 263.194
1.87998 262.074
2.31005 292.023
2.00897 271.174
2.36399 295.911
2.00902 271.317
2.39055 297.895
2.09762 277.612
2.17865 283.311
2.60647 313.105
2.04972 274.492
2.09022 277.375
1.6531 247.074
2.33499 294.521
2.72098 321.409
1.90441 264.743
2.28106 290.982
2.14876 281.859
1.99855 271.493
2.11479 279.639
1.87427 262.996
1.97582 270.122
1.81221 258.824
1.62718 246.037
1.79204 257.561
1.99012 271.393
2.05421 275.916
2.01876 273.522
1.95267 269
1.9139 266.375
2.04805 275.766
2.11207 280.283
2.12288 281.104
2.43319 302.733
1.82818 260.767
2.11353 280.662
1.68717 251.109
1.90276 266.157
2.10405 280.212
2.46311 305.229
2.48083 306.529
2.68545 320.816
2.22343 288.784
2.49604 307.795
2.13668 282.896
2.28704 293.413
2.37733 299.756
2.45808 305.435
2.10404 280.906
2.46612 306.133
1.77286 258.035
1.65807 250.13
1.69731 252.925
1.91067 267.819
1.75607 257.147
2.12925 283.144
1.90742 267.802
1.74902 256.865
1.59256 246.064
1.61357 247.593
1.80596 261.03
1.6932 253.265
1.56588 244.488
1.89605 267.498
1.81766 262.121
1.94516 271.049
1.62793 249.077
1.49707 240.055
2.08909 281.257
1.83135 263.419
2.2063 289.54
2.03717 277.859
1.95632 272.31
1.86181 265.813
1.77645 259.952
1.57329 245.906
1.69104 254.157
1.80492 262.138
2.13877 285.404
2.20968 290.4
2.35016 300.23
2.3309 298.961
2.18688 289.024
2.24779 293.326
1.88706 268.332
1.69756 255.235
1.72047 256.897
1.44615 237.906
1.82322 264.174
1.26472 225.44
1.96388 274.086
1.69615 255.554
1.7908 262.2
1.75823 260.006
1.62176 250.594
1.95015 273.48
1.9149 271.1
1.74408 259.301
1.79029 262.581
1.52475 244.201
1.69897 256.375
1.43889 238.375
1.66987 254.492
1.76204 260.966
1.67681 255.113
1.78776 262.892
1.94458 273.857
1.69452 256.552
1.77277 262.059
1.83253 266.281
1.68214 255.901
2.20277 292.143
2.17938 290.587
2.42989 308.062
1.91795 272.563
1.79012 263.751
1.82264 266.08
2.03842 281.141
1.54882 247.194
1.72084 259.215
1.31353 230.985
1.64061 253.78
1.34935 233.613
1.47816 242.632
1.50557 244.606
1.42528 239.096
1.27326 228.604
1.68958 257.599
1.25429 227.425
1.72595 260.265
1.76955 263.364
1.89077 271.855
1.8951 272.225
1.65834 255.845
1.72145 260.3
2.06159 284.002
1.75594 262.835
2.27986 299.306
2.29896 300.702
2.50754 315.264
1.9799 278.673
2.63222 324.066
2.39809 307.868
2.25028 297.667
2.09272 286.79
1.9996 280.389
2.28379 300.204
2.16207 291.817
2.32867 303.461
2.17501 292.855
2.42436 310.249
2.13047 289.899
2.36098 305.984
2.20576 295.269
2.18797 294.103
2.18708 294.11
1.85284 270.957
2.0237 282.897
1.7083 261.053
2.30806 302.793
2.20641 295.801
2.32422 304.055
2.63338 325.605
2.6318 325.564
2.31679 303.747
2.13428 291.136
1.97996 280.484
2.14215 291.822
1.80981 268.801
1.9502 278.624
1.96881 279.987
1.97571 280.536
1.89763 275.181
1.94909 278.825
2.08671 288.457
2.10944 290.106
2.07832 288.012
1.8876 274.831
2.15116 293.213
1.93424 278.211
2.44745 313.938
2.04246 285.868
1.55705 252.212
1.58906 254.506
1.63091 257.483
2.08785 289.3
2.3998 311.044
2.16846 295.04
2.03323 285.714
1.73678 265.186
2.15415 294.254
1.76518 267.298
1.99941 283.642
2.30595 305.009
2.22309 299.322
2.02362 285.532
2.32069 306.242
2.46358 316.239
2.59256 325.27
2.61908 327.182
2.162 295.494
1.97918 282.862
1.85502 274.304
1.86593 275.132
1.67017 261.6
1.71483 264.773
1.60595 257.277
1.58693 256.025
1.49579 249.762
1.84025 273.765
1.99803 284.797
1.80776 271.646
1.99641 284.823
2.12298 293.686
2.38705 312.103
1.81309 272.294
2.09855 292.198
1.78917 270.772
1.65764 261.703
1.69429 264.319
1.72606 266.595
1.79711 271.601
1.58096 256.653
1.96472 283.385
1.6857 264.069
2.26255 304.217
1.67339 263.352
2.21699 301.191
1.29263 237.036
1.86687 277.004
1.67046 263.427
1.71304 266.455
1.70076 265.671
1.70246 265.859
1.70151 265.862
1.71214 266.67
1.50924 252.642
1.73444 268.358
2.08267 292.623
2.10923 294.538
1.87159 278.096
1.84921 276.611
1.80894 273.882
1.93633 282.803
1.52737 254.458
1.9004 280.445
1.85433 277.314
1.55067 256.285
1.48946 252.102
1.8258 275.54
1.93191 282.982
2.03649 290.317
1.73875 269.7
2.23409 304.186
2.20189 302.017
2.3639 313.343
2.28713 308.079
2.14341 298.163
1.84968 277.824
1.57988 259.148
1.65853 264.682
1.35598 243.731
1.80198 274.788
1.94005 284.451
1.66879 265.673
1.78897 274.093
1.96492 286.387
1.818 276.249
1.94799 285.349
1.95599 285.975
1.7875 274.338
2.21624 304.196
1.75139 271.968
2.35687 314.105
2.27659 308.597
1.8976 282.335
2.02013 290.918
1.91349 283.578
1.90746 283.228
1.89542 282.461
1.76089 273.184
1.69943 268.983
2.06889 294.723
2.27542 309.141
2.04753 293.377
2.07015 295.018
2.2175 305.325
2.61039 332.692
2.37912 316.694
2.36408 315.718
2.2916 310.752
2.08081 296.176
2.10397 297.854
2.01804 291.954
2.21521 305.723
2.12246 299.348
2.36013 315.93
2.04905 294.386
2.00608 291.47
2.19254 304.494
1.78571 276.298
1.5989 263.388
1.87795 282.846
1.50523 257.019
1.30328 243.057
1.78254 276.425
1.67918 269.313
1.6847 269.766
1.76409 275.352
1.4731 255.203
1.73161 273.234
1.75247 274.753
1.55482 261.09
1.74608 274.448
1.95786 289.231
2.00787 292.775
1.76353 275.868
1.51592 258.734
1.55014 261.181
1.55738 261.754
1.50813 258.401
1.80083 278.808
1.43104 253.184
1.70373 272.2
1.93137 288.086
2.50524 328.027
2.09442 299.553
2.20773 307.495
2.61484 335.85
2.36263 318.396
2.21103 307.933
2.44237 324.076
1.918 287.713
1.92343 288.16
2.09247 299.973
1.52746 260.787
2.1272 302.526
1.89312 286.332
1.79558 279.624
1.63805 268.748
2.04284 296.942
2.11788 302.225
1.96344 291.564
1.85946 284.41
2.02156 295.741
1.94012 290.153
1.863 284.864
1.87378 285.682
1.62913 268.754
2.13162 303.736
2.06021 298.844
2.12792 303.618
1.95789 291.873
2.33573 318.195
2.01457 295.95
1.97164 293.037
2.29611 315.651
1.86684 285.895
2.17337 307.262
1.85651 285.316
1.7628 278.875
1.4734 258.837
1.91775 289.779
1.90517 288.975
1.87578 287.003
1.67084 272.833
1.98491 294.724
1.93708 291.47
2.11023 303.57
1.62164 269.692
1.84201 285.073
1.98356 294.978
1.94196 292.157
1.74054 278.231
1.7009 275.546
1.50561 262.047
2.04555 299.631
1.49244 261.272
2.04886 300.001
1.67273 273.937
1.61239 269.814
2.12227 305.309
1.35411 252.008
2.01246 297.819
1.65289 272.906
2.04932 300.519
1.55016 265.907
1.69108 275.767
1.50598 262.977
1.8545 287.261
1.8566 287.476
1.78213 282.372
1.56062 267.051
1.43337 258.279
1.56885 267.761
1.38215 254.859
1.48808 262.289
1.71361 278.028
1.82752 286.012
2.06118 302.316
2.25286 315.703
2.24591 315.289
2.27185 317.161
2.45983 330.291
2.14796 308.693
2.63324 342.479
2.52374 334.94
2.24013 315.305
2.28499 318.491
2.30597 320.018
1.80663 285.394
2.03795 301.535
1.71752 279.341
1.87933 290.654
2.13392 308.412
1.88302 291.049
2.4019 327.17
1.84261 288.38
2.08898 305.567
1.80298 285.766
2.39686 327.097
2.19199 312.933
1.57168 269.904
1.75076 282.415
1.88343 291.702
1.73347 281.353
1.987 299.038
2.24005 316.689
2.61985 343.146
2.60591 342.247
2.416 329.122
2.74895 352.325
2.29578 320.908
2.16002 311.545
2.01654 301.646
2.36819 326.148
2.29755 321.309
2.26102 318.84
2.15649 311.648
1.97214 298.909
2.06032 305.105
1.87176 292.073
2.26487 319.455
2.20589 315.427
2.37239 327.065
2.01307 302.169
2.2545 319.013
2.24818 318.643
2.30003 322.315
2.32438 324.076
2.0764 306.917
1.74501 283.962
1.82152 289.347
2.0378 304.443
1.8915 294.348
2.04321 304.958
1.73407 283.549
1.97018 300.023
1.75561 285.185
1.6704 279.334
1.55208 271.182
1.85124 292.037
1.94317 298.494
2.1836 315.268
1.80826 289.259
2.13121 311.767
2.40213 330.66
1.99787 302.641
2.87143 363.405
2.24177 319.726
2.27875 322.365
2.37337 329.009
2.30986 324.666
2.22574 318.891
2.21653 318.32
2.31115 324.964
2.08331 309.203
2.22637 319.212
1.97537 301.842
1.86872 294.502
2.25851 321.654
2.02087 305.212
2.14507 313.911
1.7918 289.436
1.60918 276.817
1.80438 290.449
1.75295 286.945
1.87435 295.449
1.59583 276.167
1.59433 276.133
1.54359 272.677
1.48658 268.785
1.67951 282.259
1.65799 280.834
1.96424 302.181
2.26888 323.416
1.82285 292.496
2.12599 313.627
1.7167 285.26
2.05545 308.866
2.18184 317.716
1.95267 301.863
2.06826 309.964
2.07601 310.572
1.97752 303.798
1.78889 290.762
1.88632 297.601
1.92803 300.568
1.96089 302.921
1.89875 298.673
2.06801 310.503
1.87709 297.307
1.89194 298.408
1.46202 268.607
1.83186 294.373
2.11962 314.436
2.06442 310.67
1.8906 298.662
1.89946 299.347
1.81433 293.503
1.61811 279.938
1.75412 289.458
1.99462 306.237
2.02192 308.203
2.31736 328.8
2.35742 331.653
1.8165 294.14
2.11705 315.09
1.24371 254.482
1.71783 287.492
1.89438 299.829
1.49703 272.291
1.99093 306.675
1.82507 295.221
2.01928 308.784
2.24967 324.861
2.18624 320.523
2.10793 315.152
1.85053 297.338
2.08923 313.992
2.07068 312.772
1.77311 292.167
1.58779 279.361
2.26497 326.479
1.82412 295.92
1.69691 287.151
1.60856 281.082
1.70964 288.174
1.70825 288.147
1.82141 296.079
2.0876 314.643
1.34525 263.134
1.6287 282.897
2.05459 312.558
1.78065 293.594
2.00762 309.433
1.5668 278.875
1.90391 302.367
1.4198 268.8
1.66298 285.766
1.61739 282.668
1.46396 272.077
1.37134 265.711
0.812697 226.967
1.32731 262.791
1.16816 251.803
0.998387 240.077
1.11218 248.052
1.3002 261.185
0.96109 237.694
1.4655 272.809
1.22539 256.196
1.35111 265.001
1.9477 306.52
1.65557 286.293
1.90621 303.777
1.48664 274.695
1.95482 307.293
1.55585 279.643
1.54738 279.123
1.28498 260.962
1.60347 283.159
1.49751 275.867
1.36158 266.492
1.47001 274.095
1.34319 265.354
1.63572 285.748
2.12733 319.973
1.5117 277.27
1.80452 297.684
2.06833 316.083
2.03824 314.062
2.09417 318.017
1.51955 278.162
1.57111 281.814
1.78754 296.922
1.58656 283.027
1.56874 281.858
1.50387 277.42
1.65991 288.331
1.89807 304.948
2.14078 321.881
2.21492 327.101
1.97513 310.511
1.79456 298.034
1.80741 298.997
1.91177 306.317
1.79265 298.11
1.81584 299.791
2.01776 313.889
1.88564 304.779
2.40828 341.161
2.05826 316.912
2.08163 318.605
1.86345 303.516
1.97295 311.193
1.76105 296.54
1.56024 282.657
1.5075 279.062
1.68309 291.332
1.59487 285.272
1.74593 295.836
1.86827 304.406
1.66649 290.456
2.11006 321.344
1.85403 303.625
1.94824 310.241
1.8156 301.094
1.70438 293.436
1.50218 279.457
1.54496 282.499
1.44532 275.645
1.8349 302.783
1.84257 303.385
1.70861 294.147
1.13599 254.432
1.56816 284.527
1.18516 257.986
1.50357 280.179
1.98852 313.942
1.71003 294.662
1.85576 304.857
1.68913 293.349
1.68343 293.023
1.63149 289.484
1.74589 297.501
1.75681 298.33
1.62784 289.439
1.61338 288.504
1.14871 256.288
1.64427 290.789
1.57399 285.975
1.91085 309.449
1.26946 264.955
1.68919 294.187
1.3779 272.628
1.47825 279.67
1.77683 300.485
1.93195 311.332
1.58678 287.419
1.97979 314.795
1.57145 286.493
1.71309 296.404
1.73645 298.096
1.60949 289.345
1.64057 291.574
1.49296 281.387
1.95397 313.487
1.85579 306.735
2.09045 323.109
1.56061 286.365
1.5363 284.746
1.32766 270.319
1.49055 281.706
1.78096 301.953
1.72052 297.823
1.86042 307.613
1.58424 288.493
1.51567 283.799
1.62357 291.365
1.49782 282.697
1.60256 290.044
1.79214 303.286
1.64518 293.145
1.65138 293.645
1.3251 271.044
1.55251 286.914
1.51916 284.667
1.7487 300.684
1.22013 264.029
1.53387 285.897
1.24258 265.728
1.64075 293.462
1.41162 277.612
1.478 282.293
1.54381 286.935
1.50102 284.031
1.47317 282.166
1.34327 273.21
1.71647 299.209
1.39114 276.675
1.74678 301.454
1.34768 273.794
1.68634 297.394
1.48787 283.674
2.09528 325.945
1.5069 285.135
1.51997 286.112
1.3817 276.575
1.7488 302.15
1.43973 280.746
1.84173 308.746
1.50245 285.242
1.56159 289.421
1.4473 281.55
1.73666 301.723
1.47197 283.403
1.53397 287.78
1.57324 290.578
1.53567 288.037
2.07011 325.239
1.23521 267.3
1.55001 289.242
1.92589 315.427
1.81437 307.748
1.76376 304.301
1.41673 280.259
1.56712 290.778
1.68239 298.856
1.44693 282.566
1.41877 280.679
1.98877 320.352
1.83314 309.608
1.93199 316.546
1.28908 271.947
1.64281 296.593
1.26201 270.205
1.75575 304.579
1.32433 274.674
1.57983 292.495
1.74898 304.317
1.74072 303.812
1.84218 310.931
1.67257 299.216
1.52938 289.337
1.29545 273.153
0.939219 248.472
1.89535 314.973
1.51081 288.325
1.61075 295.338
1.89497 315.155
1.69714 301.479
1.70981 302.429
1.29247 273.502
1.59224 294.399
1.78088 307.575
1.38724 280.295
1.41678 282.417
0.983821 252.405
1.25825 271.541
1.8385 311.926
1.76393 306.814
1.7436 305.471
1.67395 300.702
1.63924 298.36
1.40676 282.276
1.38705 280.976
1.26597 272.633
1.33721 277.653
1.64633 299.2
1.59423 295.649
1.597 295.911
1.60123 296.274
1.77737 308.582
1.93584 319.662
2.06616 328.786
2.21766 339.381
1.86732 315.109
1.83185 312.714
1.46062 286.991
1.56906 294.595
1.58786 295.971
1.32043 277.46
0.985716 254.273
0.956552 252.317
1.32597 278.053
1.52358 291.852
1.6304 299.343
1.55346 294.067
1.31786 277.767
1.47508 288.76
1.41172 284.428
1.41428 284.675
1.57123 295.649
1.50613 291.196
1.35069 280.465
1.25583 273.944
1.22674 271.992
1.39817 283.973
1.54823 294.468
1.16034 267.587
1.14583 266.649
1.31143 278.224
1.71225 306.142
1.27682 275.958
1.34043 280.447
1.51228 292.456
1.59907 298.556
1.77976 311.18
1.33294 280.204
1.61809 300.086
1.2321 273.337
1.26972 276.02
1.13926 267.026
1.12311 265.973
1.13659 266.979
1.30394 278.676
1.49576 292.073
1.54709 295.709
1.44657 288.795
1.57586 297.846
1.45375 289.432
1.33392 281.176
1.56031 296.975
1.24928 275.434
1.58901 299.108
1.37101 284.031
1.44402 289.173
1.45236 289.822
1.33332 281.621
1.58726 299.333
1.68277 306.039
1.66666 304.989
1.44557 289.697
1.38164 285.325
1.94354 324.435
1.58328 299.474
1.52759 295.674
2.37237 354.438
2.06034 332.828
2.17183 340.644
2.16322 340.115
2.11927 337.131
1.50048 294.207
1.38235 286.069
1.2979 280.272
1.31286 281.38
1.72435 310.04
1.71752 309.634
1.61452 302.548
1.84163 318.397
1.70396 308.901
1.57551 300.046
1.51371 295.822
1.74562 312.003
1.85571 319.722
1.53306 297.374
1.64058 304.914
1.75532 312.955
1.31307 282.298
1.8749 321.403
1.47427 293.637
1.70557 309.777
1.97422 328.512
1.6845 308.452
1.62962 304.709
1.41549 289.901
1.31142 282.739
1.30286 282.214
1.45184 292.635
1.76177 314.237
1.04855 264.753
1.49449 295.806
1.41925 290.648
1.62709 305.158
1.98685 330.223
1.38501 288.478
1.66403 307.933
1.47601 294.939
1.99112 330.798
2.10581 338.836
1.88184 323.344
1.85665 321.664
1.48266 295.748
1.54322 300.026
1.41023 290.855
1.36059 287.475
1.33316 285.639
1.59843 304.139
1.51712 298.56
1.30507 283.896
1.30224 283.769
1.54743 300.874
1.36837 288.502
2.09342 338.948
2.25925 350.539
2.43561 362.862
2.32816 355.466
1.94008 328.572
1.88145 324.568
1.92361 327.567
1.75248 315.746
1.83778 321.742
2.11933 341.373
1.8705 324.154
1.49876 298.396
1.76334 316.848
1.78365 318.329
1.33946 287.536
1.96892 331.339
1.40703 292.369
1.75722 316.77
1.83113 321.974
1.77759 318.324
1.54013 301.895
1.63736 308.72
1.36941 290.173
1.5807 304.923
1.51446 300.39
1.30091 285.622
1.11193 272.561
1.22269 280.326
1.5433 302.671
1.65927 310.799
1.53676 302.356
1.62636 308.651
1.50957 300.606
1.48717 299.119
1.72502 315.714
1.8874 327.065
1.9915 334.367
1.73343 316.507
1.97042 333.042
1.44244 296.428
1.39101 292.924
1.41785 294.858
1.35171 290.332
1.46342 298.164
1.57684 306.113
1.03188 268.319
1.64283 310.838
1.41271 294.919
1.81083 322.648
1.97941 334.431
1.77137 320.046
1.70892 315.777
1.65898 312.376
1.87732 327.616
1.88623 328.304
1.53195 303.759
1.87367 327.57
1.33116 289.947
1.45009 298.28
1.37576 293.185
1.27389 286.176
0.851836 256.922
1.37858 293.589
1.14948 277.741
1.80552 323.391
1.77784 321.538
1.59111 308.633
1.54024 305.168
1.62398 311.056
1.51393 303.479
1.10999 275.483
1.63585 312.09
1.10584 275.334
1.38086 294.512
1.10772 275.604
1.30422 289.326
1.38483 294.996
1.41162 296.927
1.39803 296.052
1.7306 319.229
1.41549 297.404
1.68389 316.122
1.41596 297.576
1.75088 320.915
1.65074 314.027
1.47416 301.828
1.54062 306.515
1.80997 325.298
1.55856 307.9
1.67588 316.121
1.6395 313.663
1.27507 288.412
1.34757 293.519
1.39787 297.083
1.23918 286.127
1.00834 270.158
1.50992 305.076
1.33309 292.86
1.49685 304.308
1.39137 297.048
1.65868 315.69
1.32828 292.804
1.43026 299.959
1.48334 303.716
1.67537 317.128
1.26768 288.872
1.29033 290.515
1.26495 288.821
1.43443 300.665
1.21128 285.231
1.26904 289.314
1.6592 316.49
1.57333 310.594
1.74268 322.43
1.69354 319.085
2.16025 351.581
2.06238 344.851
1.58289 311.605
1.48396 304.802
1.44733 302.326
1.74259 322.91
1.61725 314.271
1.92582 335.78
1.91251 334.924
1.65138 316.851
1.53677 308.957
1.58526 312.396
1.47371 304.715
1.18348 284.619
1.12785 280.824
2.03319 343.795
1.70351 320.959
1.96397 339.125
1.44435 303.092
1.8161 328.99
1.44617 303.357
1.59008 313.425
1.72112 322.599
1.80338 328.384
1.74146 324.151
1.99354 341.735
1.72132 322.891
1.89707 335.172
1.58431 313.51
1.88743 334.641
1.42871 302.839
1.52435 309.553
1.32221 295.578
1.27188 292.151
1.21592 288.332
1.28618 293.283
1.58934 314.416
1.8788 334.597
1.83743 331.792
1.49109 307.798
1.84952 332.771
1.68483 321.398
1.63244 317.828
1.626 317.449
1.79812 329.478
1.67168 320.762
1.66897 320.644
1.91242 337.628
1.81135 330.675
1.93444 339.296
1.85267 333.685
1.91814 338.303
1.99889 343.983
1.77669 328.614
1.74346 326.375
1.78768 329.517
2.04031 347.138
1.65466 320.413
1.60292 316.888
1.25738 292.95
1.01929 276.477
1.48673 309.024
1.37502 301.332
1.41073 303.883
1.50603 310.573
1.83226 333.309
1.56203 314.603
1.71039 324.98
1.56595 315.014
1.38886 302.78
1.58441 316.436
1.06692 280.55
1.50044 310.741
1.37702 302.235
1.66174 322.087
1.40804 304.529
1.44756 307.345
1.77619 330.247
1.29841 297.121
1.3122 298.148
1.24909 293.833
1.42035 305.802
1.43082 306.598
1.71496 326.41
1.73075 327.576
1.6068 319.033
1.51597 312.793
1.76426 330.113
1.5783 317.262
1.43425 307.323
1.39757 304.844
1.94223 342.756
1.57306 317.176
1.6739 324.252
1.352 301.956
1.24084 294.302
1.06203 281.948
1.37549 303.796
1.20607 292.095
1.18283 290.55
1.47235 310.734
1.36361 303.249
1.45664 309.782
1.62469 321.527
1.58602 318.91
1.49816 312.875
1.32374 300.826
1.46124 310.449
1.71965 328.473
1.42929 308.368
1.38812 305.577
1.47313 311.553
1.29713 299.394
1.22104 294.177
1.34846 303.099
1.67359 325.759
1.91478 342.586
1.39411 306.479
1.40116 307.038
1.683 326.691
1.6112 321.771
1.76352 332.424
1.39257 306.72
1.60583 321.607
1.72189 329.74
1.60601 321.758
1.17237 291.698
1.75683 332.376
1.51401 315.574
1.94145 345.342
2.01472 350.502
2.15783 360.515
1.47085 312.853
1.96334 347.141
1.68693 328.005
2.0756 355.079
1.61409 323.084
1.51198 316.059
1.83026 338.242
1.31725 302.668
1.52022 316.839
1.56046 319.705
1.82959 338.473
1.22616 296.617
1.6185 323.946
1.34928 305.31
1.33452 304.354
1.36099 306.263
1.36709 306.756
1.88184 342.59
1.57756 321.518
1.75416 333.858
1.85097 340.653
1.7271 332.116
1.64574 326.533
1.87795 342.736
1.58867 322.707
1.89113 343.791
1.65142 327.206
1.00287 282.214
1.48083 315.492
1.16355 293.518
1.68085 329.529
1.48392 315.915
1.25522 300.095
1.26109 300.573
1.24387 299.446
1.37167 308.395
1.53375 319.725
1.54591 320.639
1.18025 295.303
1.16916 294.602
1.45477 314.515
1.13677 292.49
1.34064 306.725
1.21436 298.021
1.8012 338.863
1.63505 327.388
1.813 339.822
1.47487 316.399
1.41266 312.145
1.49256 317.766
1.20518 297.869
1.21412 298.559
0.922576 278.373
1.07945 289.342
1.52189 320.152
1.36527 309.339
1.88566 345.565
1.75722 336.71
1.83498 342.183
1.7442 335.945
1.81202 340.727
2.1251 362.548
2.09554 360.564
1.75896 337.248
1.59843 326.164
1.7505 336.799
1.55782 323.481
1.82563 342.158
1.80894 341.068
1.71001 334.264
1.83519 343.031
1.55132 323.378
1.65791 330.853
1.58672 325.976
1.63532 329.422
1.59072 326.393
1.52578 321.951
1.47405 318.426
1.38589 312.37
1.65133 330.882
1.53178 322.645
1.26104 303.904
1.35409 310.438
1.04064 288.73
0.974117 284.177
1.32137 308.374
1.60652 328.255
1.78315 340.596
1.99813 355.602
1.6634 332.415
1.60516 328.438
1.5333 323.515
1.68926 334.421
1.59015 327.604
1.35303 311.199
1.27488 305.838
0.973173 284.945
1.39505 314.327
1.47698 320.088
1.18105 299.597
1.35166 311.52
1.35658 311.932
1.59508 328.571
1.12158 295.743
1.33767 310.826
1.49122 321.564
1.45462 319.09
1.18235 300.243
1.13081 296.732
1.21945 302.96
1.03413 290.153
1.09921 294.745
1.04312 290.917
1.09309 294.458
1.18991 301.255
0.948338 284.54
1.32812 310.996
1.31294 310.011
1.22956 304.288
1.59795 329.952
1.21336 303.301
1.29786 309.241
1.13784 298.193
1.32863 311.518
1.71557 338.472
1.8286 346.394
1.70319 337.751
1.52321 325.315
1.42359 318.463
1.15551 299.907
1.45233 320.599
1.28446 309.005
1.1919 302.644
1.27254 308.316
1.22705 305.225
1.4871 323.362
0.848275 279.047
0.859098 279.868
1.16136 300.938
1.02901 291.813
0.845114 279.105
1.20536 304.204
1.11834 298.228
1.42586 319.663
1.24367 307.075
1.21116 304.885
1.50781 325.565
1.80338 346.171
1.8372 348.59
1.65397 335.929
1.7061 339.62
1.60555 332.704
1.85204 349.899
1.66763 337.156
1.76796 344.196
1.7737 344.664
1.4307 320.903
1.37026 316.773
1.06928 295.931
1.52137 327.411
1.50268 326.182
1.37678 317.504
1.30899 312.863
1.29627 312.049
1.09234 297.949
1.41274 320.28
1.19409 305.158
1.44492 322.655
1.21596 306.816
1.47489 324.876
1.399 319.673
1.16014 303.146
1.11391 300.004
1.16458 303.594
1.17638 304.484
1.47287 325.153
1.48072 325.767
1.43971 322.988
1.03659 295.049
1.52096 328.772
1.32291 315.081
1.35496 317.377
1.60536 334.844
1.54081 330.429
1.72617 343.377
1.55014 331.216
1.62114 336.219
1.12964 302.139
1.58823 334.071
1.43937 323.798
1.09344 299.833
0.959792 290.616
1.39372 320.835
0.999529 293.516
1.55036 331.856
1.43689 324.043
1.42332 323.169
1.18873 306.94
1.31507 315.787
1.28948 314.079
1.26984 312.783
1.67701 341.142
1.36723 319.689
1.52472 330.701
1.4437 325.141
1.98296 362.678
1.14948 304.838
1.64205 339.13
0.968433 292.398
1.26357 312.973
1.5014 329.567
1.27394 313.832
1.56796 334.33
1.14806 305.225
1.17842 307.404
1.00382 295.343
1.49698 329.676
1.44815 326.354
1.67948 342.496
1.59074 336.399
1.27141 314.282
1.40156 323.394
1.32919 318.436
1.35291 320.153
1.44741 326.788
1.75486 348.219
1.20692 310.218
1.1892 309.056
1.08533 301.909
1.39452 323.461
1.09794 302.925
1.03927 298.917
0.910468 290.038
1.1175 304.491
0.786883 281.59
1.06844 301.222
1.23643 312.963
1.17609 308.841
0.92948 291.776
1.15618 307.596
0.788084 282.091
1.19576 310.485
1.11383 304.862
1.19209 310.369
1.33759 320.547
1.44341 327.97
1.35236 321.712
1.08347 303.1
1.31637 319.351
1.03201 299.664
1.33828 321.012
0.95478 294.437
1.57852 337.843
1.56255 336.803
1.64617 342.682
1.23434 314.138
1.59863 339.518
0.965311 295.585
1.22346 313.591
1.22891 314.039
1.13622 307.668
1.70469 347.235
1.49238 332.553
1.51162 333.959
1.71278 348.005
1.6154 341.309
1.57514 338.581
1.9231 362.826
1.68153 346.112
1.20002 312.727
1.77675 352.867
1.34715 323.088
1.57145 338.742
1.45339 330.608
1.34561 323.189
1.4045 327.35
1.39674 326.88
1.389 326.413
1.55882 338.281
1.59074 340.568
1.60758 341.808
1.46963 332.292
1.46473 332.021
1.34118 323.507
1.4241 329.337
1.527 336.556
1.19 313.212
1.53239 337.07
1.33601 323.495
2.15066 380.165
1.7177 350.153
1.58635 341.096
1.90838 363.541
1.96422 367.49
1.62779 344.184
1.78222 354.984
1.85156 359.87
2.05327 373.955
1.64279 345.504
1.65404 346.356
1.90004 363.517
2.09426 377.081
2.14074 380.379
1.83449 359.171
2.00638 371.183
1.43858 331.803
1.55888 340.231
1.44782 332.584
1.33446 324.777
1.87921 362.695
1.47344 334.572
1.60378 343.697
1.63179 345.713
1.4402 332.471
1.77561 355.845
1.5847 342.65
1.67548 349.027
1.52522 338.656
1.61763 345.146
1.45468 333.894
1.62559 345.838
1.58395 343.014
1.59628 343.941
1.76878 355.995
1.1502 313.086
1.41225 331.363
1.27272 321.738
1.71475 352.519
1.66545 349.163
1.40449 331.101
1.59127 344.149
1.8489 362.117
1.72631 353.67
1.7473 355.197
1.95432 369.65
1.86142 363.265
1.80809 359.63
1.84526 362.281
1.97777 371.558
1.61557 346.462
1.68651 351.46
1.48209 337.327
1.46404 336.142
1.67693 351.003
1.66788 350.444
1.58416 344.697
1.5484 342.281
1.20421 318.437
1.26375 322.643
1.35336 328.939
1.24074 321.183
1.08245 310.255
1.02395 306.26
1.06272 309.023
1.30716 326.076
1.24453 321.794
0.998793 304.79
1.25503 322.663
0.848758 294.505
1.22719 320.867
1.1365 314.636
1.16404 316.619
1.2335 321.514
1.03582 307.849
0.846459 294.762
0.950233 302.041
1.26392 323.906
1.31583 327.582
1.48882 339.67
1.41729 334.77
0.898326 298.782
1.36246 331.1
1.18506 318.843
1.17264 318.05
1.22588 321.819
1.35722 331.013
1.35316 330.801
1.3204 328.594
1.4718 339.182
1.69757 354.938
1.38764 333.474
1.53742 343.95
1.38787 333.629
1.77855 360.842
1.64785 351.831
1.06549 311.439
1.36527 332.337
1.40855 335.413
1.30358 328.19
1.20965 321.733
1.0938 313.754
0.92977 302.426
0.981797 306.11
1.29086 327.653
1.30809 328.92
1.60818 349.839
1.2889 327.726
1.30859 329.163
1.07607 313.077
1.52327 344.218
1.60967 350.29
1.5384 345.408
1.87303 368.727
1.9612 374.923
1.79251 363.272
1.67379 355.093
1.43762 338.753
1.42349 337.841
1.10005 315.438
1.40855 336.942
1.52232 344.916
1.97439 376.395
1.71419 358.386
1.57984 349.121
1.56575 348.212
1.57645 349.024
1.78982 363.919
1.80058 364.736
1.58208 349.624
1.84551 367.996
1.81029 365.619
1.58464 350.01
1.25905 327.458
1.04481 312.642
1.47649 342.704
1.32317 332.121
1.42337 339.153
1.43719 340.182
1.20264 323.956
1.2928 330.289
1.06184 314.312
1.23594 326.478
1.25446 327.834
1.5252 346.714
1.59412 351.572
1.71327 359.92
1.48364 344.035
1.46883 343.075
1.04619 313.78
1.61953 353.685
1.34954 334.996
1.39914 338.511
1.09603 317.521
1.32768 333.685
1.39729 338.591
1.28699 330.997
1.43775 341.542
1.53668 348.484
1.58893 352.184
1.22522 326.983
1.09472 317.986
1.10157 318.531
1.24904 328.847
1.10567 318.955
1.06674 316.32
1.18471 324.586
1.1964 325.467
1.49055 345.974
1.46092 343.985
1.71513 361.717
1.2169 327.17
1.21781 327.302
1.27159 331.109
1.27665 331.529
1.57288 352.181
1.72685 362.948
1.76319 365.543
1.68467 360.156
1.85861 372.311
1.78076 366.971
1.72816 363.386
1.50709 348.096
1.31923 335.113
1.45992 344.958
1.15747 324.013
1.40679 341.405
1.42587 342.8
1.4467 344.317
1.67592 360.312
1.50969 348.832
1.44649 344.511
1.70231 362.355
1.54185 351.275
1.41048 342.217
1.7721 367.412
1.33866 337.367
1.41563 342.784
1.42095 343.223
1.27748 333.324
1.5957 355.504
1.36653 339.65
1.6536 359.665
1.48168 347.789
1.41028 342.899
1.38975 341.541
1.46101 346.562
1.49919 349.284
1.61263 357.235
1.9541 381.03
1.61917 357.828
1.57491 354.823
1.09809 321.763
1.56605 354.346
1.25961 333.125
0.917785 309.445
1.00176 315.348
1.24023 331.987
1.50666 350.568
1.76939 368.891
1.97358 383.147
1.30653 336.871
1.51876 351.686
1.43685 346.064
1.44167 346.469
1.36275 341.055
1.28251 335.549
1.55527 354.57
1.39609 343.58
1.58058 356.468
1.35888 341.134
1.61763 359.181
1.65094 361.565
1.45119 347.755
1.4114 345.061
1.47997 349.894
1.12791 325.503
1.32582 339.323
1.39553 344.236
1.93069 381.488
1.86538 377.019
1.68838 364.791
1.24617 334.136
1.3733 343.038
1.15325 327.819
1.37363 343.201
1.29192 337.593
1.53513 354.561
1.67263 364.183
1.56833 357.006
1.5405 355.142
1.44966 348.9
1.2268 333.485
1.35264 342.298
1.25251 335.41
1.3145 339.787
1.42455 347.503
1.64166 362.657
1.54665 356.125
1.47471 351.196
1.16901 330.026
1.61165 360.85
1.47529 351.445
1.43447 348.678
1.06031 322.752
1.31521 340.531
1.57616 358.731
1.46817 351.298
1.40571 347.027
1.72546 369.313
1.76708 372.274
1.78959 373.908
1.56974 358.702
1.86876 379.547
1.43619 349.562
1.56146 358.335
1.84999 378.451
1.67559 366.404
1.98189 387.755
1.81398 376.158
1.4411 350.32
1.5802 360.054
1.81417 376.38
1.9518 386.012
1.87794 380.949
1.70354 368.901
1.50876 355.438
1.35064 344.522
1.1981 333.993
1.4219 349.611
1.61038 362.776
1.34129 344.15
1.95659 386.97
1.56348 359.726
1.68103 367.963
1.33041 343.672
1.34978 345.087
1.52967 357.655
1.56225 359.988
1.69698 369.418
1.52687 357.669
1.68454 368.693
1.43791 351.627
2.00504 391.1
2.10056 397.806
1.82999 379.077
1.84189 379.973
1.95343 387.792
1.49569 356.058
1.57661 361.75
1.30174 342.722
1.18033 334.356
1.69121 369.921
1.68831 369.789
1.79455 377.24
1.61639 364.93
1.57872 362.383
1.61691 365.106
1.83006 379.985
1.69939 370.975
2.00502 392.28
1.80287 378.304
1.93037 387.232
1.60597 364.763
1.16589 334.256
1.4775 355.976
1.66166 368.84
1.98473 391.356
1.54937 361.177
2.04843 395.921
1.57468 363.075
1.4766 356.33
1.52169 359.532
1.51251 358.964
1.62062 366.545
1.76604 376.718
1.73202 374.424
1.76561 376.827
2.14395 403.183
2.20164 407.261
2.27504 412.43
1.78278 378.298
2.10487 400.746
1.99405 393.116
1.83235 381.95
1.77369 377.944
1.75766 376.9
1.55715 363.038
1.6209 367.537
1.7866 379.119
1.76731 377.848
1.92853 389.119
1.73769 375.929
1.64062 369.255
1.33986 348.428
1.80271 380.655
1.69362 373.145
1.80558 380.994
1.60719 367.279
1.97558 392.944
1.76264 378.218
1.79128 380.278
1.66362 371.478
1.39648 352.987
1.55114 363.802
1.58556 366.263
2.13373 404.419
1.90698 388.733
1.64691 370.734
1.43983 356.415
1.52785 362.6
1.05744 329.986
0.990647 325.415
1.1212 334.556
1.29971 347.027
1.18022 338.795
1.30758 347.713
1.32983 349.329
1.26001 344.547
1.24797 343.78
1.29369 347.026
1.53947 364.172
1.28354 346.46
1.49047 360.906
1.55186 365.241
1.81118 383.328
1.66319 373.115
1.77082 380.663
1.71971 377.181
1.89172 389.202
1.7057 376.347
1.71085 376.775
1.74273 379.059
1.80452 383.421
1.65306 372.968
1.57785 367.812
1.62031 370.831
1.63471 371.901
1.56205 366.922
1.78217 382.286
1.55164 366.338
1.42397 357.537
1.46505 360.46
1.71887 378.165
1.69024 376.245
1.56712 367.76
2.11771 406.085
1.61996 371.571
2.19849 411.836
1.85563 388.084
1.86824 389.03
1.54319 366.515
1.83821 387.082
1.65346 374.315
1.43702 359.347
1.43279 359.123
1.47122 361.862
1.51875 365.234
1.49802 363.863
1.49098 363.443
1.34268 353.209
1.94141 394.877
1.98982 398.31
1.86089 389.422
1.41587 358.572
1.44995 361.01
1.34227 353.597
1.6794 377.09
1.74033 381.393
1.58505 370.674
1.58638 370.836
1.76686 383.445
1.36988 355.932
1.46203 362.405
1.55696 369.07
1.15119 340.946
1.3559 355.239
1.28443 350.343
1.5207 366.828
1.68537 378.339
1.36836 356.383
1.33633 354.227
1.69548 379.25
1.53602 368.24
1.38937 358.121
1.34194 354.894
1.15862 342.227
1.15766 342.23
1.01821 332.611
1.65441 376.882
0.834945 320.016
1.26006 349.623
0.993873 331.198
1.43703 362.057
1.44137 362.428
1.49962 366.545
1.64494 376.711
1.57064 371.618
1.50047 366.813
1.34801 356.289
0.995661 331.878
1.29354 352.644
1.15476 343.071
1.57732 372.499
0.970315 330.395
1.47132 365.273
1.71505 382.277
1.72222 382.844
1.50016 367.486
1.40787 361.143
1.35505 357.542
1.48134 366.386
1.55342 371.464
1.43999 363.653
1.41004 361.641
1.45957 365.152
1.59502 374.632
1.8575 392.938
1.86401 393.46
1.3983 361.173
1.54755 371.612
1.20898 348.158
1.39004 360.807
1.71232 383.268
1.74676 385.731
1.53877 371.349
1.52437 370.418
1.53561 371.269
1.53138 371.045
1.63293 378.169
1.65323 379.649
1.50123 369.158
1.50621 369.573
1.32455 357.021
1.44234 365.274
1.64042 379.107
1.28103 354.206
1.6623 380.766
1.15486 345.579
1.52032 371.04
1.30107 355.876
1.57096 374.697
1.53547 372.301
1.54735 373.196
1.4402 365.821
1.76595 388.523
1.52599 371.92
1.4492 366.654
1.70297 384.356
1.66133 381.532
1.39745 363.267
1.37149 361.533
1.39445 363.198
1.12642 344.645
1.28593 355.797
1.20457 350.214
1.76145 388.975
1.6506 381.342
1.48786 370.105
1.52563 372.799
1.60923 378.677
1.56193 375.46
1.98671 405.042
1.60048 378.277
1.50982 372.048
1.16956 348.476
1.36583 362.182
1.51891 372.888
1.6722 383.608
1.91654 400.654
2.17891 418.952
2.12005 414.932
1.72358 387.455
1.99843 406.621
1.47141 370.073
1.89935 399.876
1.60877 379.756
1.83253 395.372
1.74455 389.329
1.75781 390.32
1.95981 404.424
1.78808 392.562
1.84996 396.931
1.66404 384.083
1.34808 362.2
1.02233 339.636
1.17312 350.182
1.71391 387.825
1.6956 386.623
1.77266 392.046
1.78767 393.159
1.91035 401.752
1.75827 391.255
1.87407 399.37
1.34501 362.681
1.60278 380.66
1.41093 367.4
1.94614 404.656
1.82013 395.97
1.562 378.105
1.88257 400.447
1.19879 353.008
1.42515 368.805
1.18423 352.136
1.58371 379.961
1.50404 374.494
1.74686 391.435
1.51899 375.672
1.55225 378.053
1.40761 368.073
1.6292 383.538
1.59626 381.319
1.08395 345.794
1.42857 369.807
1.29269 360.436
1.61202 382.692
1.508 375.534
1.29426 360.753
1.61542 383.136
1.0974 347.214
1.5675 379.946
1.49277 374.823
1.47795 373.863
1.50791 376.014
1.53538 377.992
1.76652 394.121
1.60254 382.798
1.40462 369.116
1.32801 363.862
1.65208 386.448
1.5559 379.835
1.4868 375.103
1.67434 388.203
1.53735 378.754
1.47167 374.261
1.44993 372.82
1.39871 369.33
1.48891 375.666
1.6974 390.222
1.77179 395.46
1.73398 392.902
1.51452 377.724
1.63276 386.009
1.19981 355.997
1.46753 374.668
1.4387 372.734
1.40663 370.576
1.52895 379.143
1.142 352.328
1.30608 363.798
1.55987 381.5
1.01316 343.585
1.62828 386.392
1.41275 371.487
1.91151 406.21
1.13361 352.231
1.5787 383.225
1.08354 348.892
1.43041 373.061
1.22478 358.844
1.28915 363.386
1.55999 382.273
1.59077 384.481
1.52959 380.3
1.76209 396.523
1.2284 359.512
1.42971 373.569
1.39901 371.505
1.00632 344.291
1.33606 367.27
1.07425 349.149
1.37528 370.134
0.901125 337.26
1.44751 375.291
1.27036 363.053
1.46916 376.934
1.32782 367.184
1.33556 367.791
1.23269 360.713
1.51786 380.596
1.76592 397.9
1.86043 404.537
1.449 376.021
1.54813 382.977
1.52895 381.714
1.35125 369.438
1.52126 381.319
1.15407 355.876
1.7373 396.468
1.58516 385.967
1.63559 389.541
1.81615 402.155
1.80499 401.449
1.78231 399.943
1.47792 378.863
1.51381 381.427
1.83685 403.941
1.90716 408.895
2.16508 426.885
2.03627 418.005
1.75329 398.413
1.96342 413.082
1.43939 376.742
1.99503 415.417
1.14664 356.541
1.92893 410.963
1.88014 407.643
1.59775 388.092
1.8011 402.29
1.16467 358.141
1.6715 393.425
1.6544 392.306
1.52879 383.649
1.96958 414.344
2.29495 437.02
1.80693 403.182
2.01388 417.63
1.61709 390.131
1.419 376.437
1.62079 390.527
1.51076 382.951
1.76435 400.641
1.78001 401.798
1.52141 383.9
1.50353 382.727
1.59588 389.213
1.40751 376.195
1.04732 351.238
1.79765 403.44
1.15182 358.638
1.5161 384.018
1.27351 367.232
1.30426 369.438
1.96201 415.207
1.83314 406.323
1.83449 406.486
1.687 396.308
1.25138 366.111
1.61831 391.674
1.36473 374.125
1.55262 387.25
1.24378 365.861
1.02321 350.606
0.500335 314.346
0.805417 335.613
1.10938 356.801
1.13844 358.889
1.23267 365.506
1.62888 393.104
1.26614 367.971
1.67043 396.13
1.63426 393.686
1.60943 392.031
1.71073 399.138
1.31615 371.793
1.56379 389.068
1.65113 395.205
1.65791 395.746
1.58492 390.744
1.66954 396.693
1.81878 407.132
1.75797 402.976
1.47925 383.681
1.74318 402.087
1.69562 398.853
1.98889 419.298
2.06017 424.32
1.71882 400.673
1.48926 384.793
2.01558 421.431
1.90193 413.604
1.50915 386.383
1.75433 403.487
1.63983 395.601
1.88915 412.994
1.42855 381.061
1.56898 390.887
1.02868 353.417
1.34909 375.749
1.04796 354.896
1.38078 378.089
1.28225 371.313
1.58097 392.137
1.91606 415.489
1.72848 402.525
1.42943 381.817
1.64928 397.161
1.39456 379.533
1.64424 396.95
1.43707 382.626
1.19399 365.806
1.34347 376.262
0.941656 348.413
1.3815 379.043
1.72685 403.107
1.45473 384.27
1.63134 396.61
1.46654 385.229
1.4414 383.552
1.59373 394.205
1.33327 376.178
1.92126 417.1
1.8973 415.505
1.43671 383.573
1.42973 383.158
1.65912 399.165
1.40758 381.758
1.34716 377.629
1.35526 378.262
1.48617 387.427
1.40388 381.779
1.72583 404.217
1.35384 378.441
1.43042 383.831
1.20947 368.549
1.21527 369.022
1.12842 363.057
1.1428 364.126
1.03191 356.49
1.22201 369.768
1.30428 375.553
1.41907 383.599
1.35366 379.123
1.43336 384.73
1.90964 417.891
1.53959 392.25
1.9487 420.744
1.25348 372.51
1.64844 400.021
1.84149 413.504
0.884962 347.114
1.68306 402.635
1.38142 381.747
1.65532 400.846
1.45813 387.216
1.98934 424.193
1.72036 405.574
1.33853 379.115
2.07548 430.386
1.5867 396.496
1.4333 385.908
0.916036 350.038
1.01616 357.064
1.40246 383.973
1.41471 384.894
1.58906 397.076
1.28124 375.759
1.50334 391.26
1.46324 388.543
1.04271 359.395
1.72933 407.17
1.30151 377.515
1.34927 380.902
1.03815 359.356
0.87648 348.193
0.868865 347.733
0.865361 347.559
1.32474 379.546
1.54181 394.697
1.51146 392.658
1.08855 363.344
0.895703 350.015
0.962238 354.707
1.23123 373.466
1.40108 385.336
1.69091 405.543
1.49644 392.101
1.49111 391.8
1.67511 404.653
1.67204 404.509
1.82979 415.54
1.57207 397.703
2.05977 431.657
1.7511 410.28
1.58 398.462
1.67878 405.395
1.73973 409.699
1.4995 393.077
1.55452 396.969
2.10919 435.577
1.78093 412.839
1.85378 417.971
1.7012 407.438
1.56582 398.102
1.62574 402.335
1.57641 398.977
1.20837 373.475
1.53922 396.532
1.3556 383.844
1.74806 411.181
2.13224 437.942
1.96661 426.504
1.80506 415.35
1.46186 391.574
1.68947 407.458
1.69292 407.766
1.5761 399.72
1.39253 387.035
1.15501 370.602
1.18041 372.436
1.12468 368.633
1.43039 389.943
1.66608 406.388
1.66997 406.728
1.8121 416.673
1.45847 392.172
1.55655 399.056
1.6542 405.91
1.87467 421.298
1.85119 419.736
1.87482 421.447
1.89358 422.82
1.49905 395.478
1.67665 407.887
1.60787 403.177
1.63628 405.221
1.83914 419.385
1.5258 397.684
1.46806 393.742
1.59091 402.347
1.30003 382.206
1.74387 413.113
1.39256 388.774
1.57906 401.801
1.68766 409.416
1.19011 374.916
1.90864 424.909
1.36124 386.945
1.47721 395.072
2.02278 433.048
1.61474 404.766
1.47729 395.286
1.6732 408.967
1.18258 374.949
1.51134 397.86
1.54436 400.224
1.84586 421.241
1.39028 389.658
1.37927 388.962
1.46345 394.881
1.31343 384.527
1.27165 381.693
1.47163 395.658
1.79454 418.162
1.81962 419.974
1.69147 411.14
1.89785 425.549
1.98606 431.747
1.89618 425.571
1.57809 403.54
1.77231 417.104
1.71751 413.366
2.01115 433.837
2.22526 448.783
2.07875 438.673
1.90729 426.829
1.76281 416.861
1.97653 431.78
1.89168 425.954
1.58541 404.744
1.33615 387.495
1.60051 405.931
1.37368 390.241
1.95247 430.524
1.90992 427.638
1.4743 397.44
1.46931 397.163
1.66183 410.609
1.25166 382.18
1.10065 371.758
1.17253 376.821
1.35195 389.357
1.74605 416.808
1.31757 387.107
1.48589 398.871
1.19613 378.809
1.16345 376.607
1.36145 390.434
1.65295 410.756
1.37482 391.501
1.88834 427.25
1.41654 394.539
1.57154 405.378
1.40908 394.16
1.94158 431.227
1.76591 419.091
1.72294 416.175
1.76561 419.21
1.75431 418.493
1.76044 418.989
2.07579 440.969
1.63669 410.53
1.86583 426.52
1.86863 426.784
1.51552 402.32
1.54147 404.192
1.32717 389.372
1.09541 373.339
1.28799 386.789
1.31195 388.523
1.20888 381.431
1.29788 387.684
1.68048 414.337
1.50961 402.534
2.06124 440.93
1.58654 408.018
1.78502 421.878
2.26689 455.427
1.96917 434.811
1.77224 421.199
1.66781 414.012
1.35047 392.033
1.57169 407.473
1.65708 413.475
1.72993 418.606
1.63849 412.322
1.6322 411.955
1.53475 405.254
1.18317 380.895
1.20034 382.158
1.51571 404.139
1.3013 389.312
1.57276 408.242
1.20733 382.922
1.09585 375.246
1.0749 373.859
1.26178 386.913
1.40388 396.856
1.59615 410.284
1.39035 396.055
1.52304 405.343
1.8194 426.003
1.54945 407.317
1.63282 413.179
1.41785 398.313
1.4878 403.242
1.41931 398.553
1.31908 391.659
1.65847 415.308
0.712509 349.654
1.32667 392.395
0.728107 350.876
1.43059 399.754
0.874874 361.213
1.36905 395.617
1.03712 372.624
1.14408 380.125
1.70829 419.395
1.18476 383.09
1.30646 391.615
1.1644 381.815
1.01071 371.206
1.27667 389.754
1.3708 396.364
1.49495 405.059
1.3426 394.543
1.27064 389.613
1.28399 390.611
1.49405 405.274
0.787406 356.247
1.61938 414.121
1.4869 404.986
1.17264 383.221
1.50932 406.683
1.16756 383.007
1.83727 429.607
1.37958 397.877
1.65138 416.831
1.45226 403.066
1.72709 422.23
1.30055 392.664
1.33744 395.297
1.60696 414.092
1.49885 406.65
1.61827 415.017
1.18991 385.325
1.32606 394.854
1.15327 382.918
1.39757 399.96
1.45133 403.766
1.54654 410.45
1.33967 396.146
1.0675 377.306
1.09801 379.495
1.46796 405.268
1.0967 379.543
1.3338 396.086
1.16562 384.47
1.43983 403.592
1.45866 404.97
1.46134 405.225
1.57387 413.113
1.21362 388.153
1.52848 410.099
1.35163 397.881
1.6661 419.799
2.3616 468.191
1.25318 391.249
1.52543 410.234
1.54125 411.402
2.15045 453.798
1.70995 423.263
1.67736 421.068
1.61004 416.46
1.18598 387.066
1.28018 393.68
1.50316 409.243
1.61695 417.218
1.80957 430.67
1.80244 430.245
1.98034 442.675
1.95449 440.947
1.80675 430.752
1.60028 416.476
1.556 413.469
1.33627 398.272
1.43659 405.312
1.24447 392.033
1.49997 409.854
1.58798 416.039
1.83358 433.172
1.85451 434.696
1.42455 404.893
1.32566 398.091
1.2435 392.452
1.16033 386.743
1.47335 408.561
1.42239 405.09
1.67456 422.68
1.62161 419.07
2.04396 448.484
1.79842 431.494
2.16451 456.999
1.79043 431.078
1.84721 435.092
1.595 417.639
1.52579 412.899
1.57245 416.21
1.67287 423.257
1.40152 404.473
1.39416 404.031
1.12318 385.274
1.33032 399.735
1.08614 382.839
1.18797 389.984
1.03968 379.75
1.40341 405.091
1.43065 407.053
1.70491 426.178
1.64249 421.911
2.12515 455.515
1.87183 437.984
1.80581 433.466
1.60725 419.74
1.62408 420.979
1.17092 389.563
1.53809 415.143
1.40971 406.293
1.60097 419.651
1.31965 400.175
1.60662 420.183
1.73505 429.175
1.51183 413.736
1.73056 429.002
1.87692 439.241
1.52709 415.005
1.72895 429.099
2.12168 456.455
1.57166 418.309
1.3488 402.895
1.55507 417.296
1.12838 387.719
1.55299 417.29
1.8422 437.454
1.69497 427.294
1.22943 395.018
1.89013 440.992
1.61239 421.764
1.94334 444.828
2.01935 450.179
2.1032 456.074
1.80402 435.357
1.84346 438.167
1.72375 429.919
1.84327 438.292
1.45757 411.564
2.17453 461.447
1.77443 433.718
1.59379 421.236
1.56799 419.514
1.48023 413.486
1.43673 410.533
1.5954 421.626
1.8292 437.94
1.60865 422.686
1.79657 435.812
1.74703 432.439
1.66589 426.871
1.86497 440.773
1.8387 439.017
2.02986 452.368
1.3554 405.577
1.2589 398.941
1.39243 408.289
1.36929 406.75
1.57268 420.951
1.70902 430.494
1.5657 420.605
2.06818 455.586
2.22759 466.732
1.98378 449.861
1.51719 417.513
2.14072 460.904
1.75925 434.469
1.54173 419.426
1.23666 398.3
1.4829 415.478
1.62681 425.546
1.73983 433.468
1.27429 401.192
1.66357 428.308
1.4608 414.289
1.52754 418.996
2.0371 454.469
1.66817 428.906
2.20849 466.516
1.76597 435.84
2.09517 458.782
1.58681 423.53
1.48816 416.746
1.23453 399.193
1.71361 432.549
1.28354 402.738
1.22894 399.013
1.53893 420.621
1.70969 432.554
1.4819 416.798
1.43355 413.508
1.83861 441.72
1.92438 447.749
1.68313 431.057
1.81102 440.012
1.81867 440.613
1.74912 435.85
1.29398 404.297
1.12513 392.635
1.0338 386.359
1.45993 416.036
1.19638 397.794
1.30768 405.596
1.63309 428.275
1.2755 403.499
1.30222 405.425
1.6589 430.276
1.26399 402.908
1.48804 418.545
1.45491 416.312
1.96225 451.631
1.39012 411.95
1.92588 449.243
1.63648 429.205
1.3572 409.871
1.52994 421.942
1.37976 411.577
1.7547 437.697
1.64665 430.259
1.39533 412.867
1.35722 410.289
1.36358 410.8
1.30557 406.839
1.46181 417.764
1.50713 420.982
1.57856 426.015
1.86332 445.869
1.87083 446.46
1.88367 447.422
1.60731 428.29
1.67703 433.203
1.55948 425.106
1.88159 447.555
1.80736 442.467
1.89582 448.683
1.92514 450.789
1.23072 402.611
1.45761 418.445
1.39262 413.999
1.51163 422.337
1.79053 441.784
1.54233 424.609
1.66587 433.262
1.76795 440.424
1.83915 445.44
1.95915 453.847
1.62222 430.507
1.97684 455.215
1.44292 418.189
1.55172 425.817
1.37995 413.952
1.64018 432.103
1.05944 391.823
1.14563 397.88
0.998207 387.707
1.51832 423.913
1.21983 403.244
1.83435 446.01
1.35177 412.55
1.4744 421.14
1.24143 405.023
1.21451 403.222
1.23588 404.776
1.42503 417.988
1.57124 428.216
1.66318 434.673
1.28322 408.343
1.41815 417.788
1.0477 392.119
1.36329 414.115
1.24289 405.819
1.3172 411.052
1.37627 415.225
1.2249 404.778
1.41199 417.846
1.578 429.45
1.4641 421.606
1.74149 440.947
1.77356 443.246
1.5791 429.804
1.54734 427.667
1.33787 413.183
1.57197 429.517
1.36368 415.115
1.45975 421.859
1.51487 425.758
1.76626 443.294
1.84422 448.78
1.67515 437.103
1.57752 430.389
1.41928 419.464
1.43612 420.704
1.42299 419.861
1.87176 451.11
1.59994 432.294
1.72088 440.766
1.59536 432.115
1.19489 404.36
1.548 428.963
1.28564 410.804
1.6162 433.841
1.57727 431.206
1.53844 428.577
1.79322 446.348
1.72145 441.431
1.80138 447.055
2.04481 464.037
1.88332 452.887
2.12708 469.892
1.86282 451.601
1.82941 449.349
1.68186 439.167
1.59838 433.436
1.61626 434.748
1.57945 432.26
1.43937 422.597
1.40281 420.127
1.55198 430.56
1.85877 451.945
1.21126 407.026
1.79804 447.864
1.3386 416.012
1.51011 427.998
1.35917 417.581
0.835156 381.242
1.27518 411.884
0.877756 384.341
1.36835 418.497
1.13032 402.028
1.32445 415.585
1.07172 398.095
1.25661 411.011
1.23809 409.793
1.02813 395.275
1.06386 397.827
1.17165 405.386
1.27812 412.853
1.38906 420.63
1.54047 431.219
1.61386 436.388
1.08068 399.412
1.60776 436.103
1.20386 408.11
1.60833 436.282
1.45299 425.558
0.916998 388.387
0.924102 388.951
1.03571 396.774
1.71841 444.277
1.70346 443.308
1.77332 448.231
1.76171 447.494
1.45446 426.216
1.36065 419.768
1.34652 418.855
0.935834 390.391
1.53 431.743
1.05907 399.092
1.49551 429.485
1.34748 419.269
1.11676 403.309
1.30508 416.463
1.01709 396.523
1.65155 440.674
1.75128 447.673
1.58839 436.425
1.31939 417.804
1.31204 417.363
1.31144 417.391
1.31024 417.377
1.44797 427.016
1.15333 406.614
1.19229 409.39
1.23086 412.14
1.30442 417.32
1.33728 419.673
1.40744 424.617
1.84129 454.829
1.47013 429.111
1.06871 401.291
1.33835 420.094
1.06865 401.425
1.18438 409.536
1.51665 432.691
1.14984 407.275
1.38521 423.697
1.19262 410.386
1.44855 428.237
0.940853 393.032
1.34087 420.895
1.40465 425.395
1.38158 423.862
1.48871 431.375
1.34447 421.423
1.22352 413.089
1.07182 402.618
1.22738 413.496
1.33339 420.931
1.25229 415.366
1.54222 435.579
1.30434 419.121
1.35797 422.917
1.1749 410.267
1.46451 430.458
1.28274 417.898
1.33208 421.396
1.30717 419.734
1.6795 445.673
1.33549 421.841
1.56112 437.587
1.4806 432.062
1.50827 434.054
1.68519 446.416
1.34681 422.975
1.45567 430.608
1.30161 419.973
0.779914 383.796
1.05379 402.894
1.14596 409.367
1.08179 404.979
1.45496 430.976
1.52897 436.187
0.827252 387.502
1.25777 417.483
1.00337 399.877
0.724069 380.541
1.5437 437.558
1.41397 428.614
1.33569 423.244
1.42076 429.224
1.32251 422.468
1.42482 429.646
1.58188 440.627
1.11875 408.519
1.26873 419.009
1.2378 416.929
1.57138 440.176
1.56843 440.04
1.40474 428.737
1.58519 441.344
1.26026 418.837
1.47861 434.078
1.63345 444.905
1.26484 419.364
1.49269 435.264
1.13 410.134
1.59756 442.69
1.4334 431.354
1.41368 430.053
0.945965 397.626
1.21831 416.618
1.23525 417.864
1.43722 431.966
1.48584 435.414
1.5493 439.892
1.33318 424.946
1.35065 426.229
1.14687 412.14
1.21698 417.081
1.32414 424.596
1.62587 445.629
1.57469 442.143
1.3801 428.692
1.306 423.613
1.57934 442.675
1.34474 426.444
1.35345 427.119
1.32576 425.264
1.24416 419.664
1.48335 436.353
0.854775 392.749
1.41902 432.022
1.08139 408.633
1.42403 432.509
1.41215 431.753
1.2323 419.327
1.00813 403.821
1.47 435.981
0.955099 400.275
0.993946 403.044
0.781578 388.358
1.00349 403.846
1.07212 408.684
1.58578 444.442
0.738479 385.642
1.16299 415.206
0.803879 390.325
1.29582 424.573
1.40157 431.991
1.22379 419.708
1.19173 417.55
1.10923 411.887
1.26311 422.649
0.867268 395.215
1.20225 418.559
0.894074 397.217
0.653631 380.58
0.787832 389.974
0.67972 382.532
0.87327 396.049
0.438451 365.908
1.04423 408.066
1.06025 409.248
1.33883 428.674
0.975302 403.486
0.897923 398.179
0.870991 396.377
1.26511 423.83
1.37071 431.236
1.2861 425.427
1.80846 461.79
1.59353 446.925
1.6205 448.869
1.79278 460.908
1.57312 445.716
1.85934 465.672
1.64894 451.123
1.76457 459.227
1.75239 458.449
2.0806 481.323
1.71767 456.176
1.90939 469.566
1.60424 448.434
1.45897 438.411
1.26738 425.168
1.64247 451.299
1.18522 419.599
1.28126 426.341
1.29548 427.398
1.62705 450.505
1.77657 460.963
1.36301 432.299
1.5151 442.935
1.35081 431.591
1.03751 409.892
1.65811 453.08
1.503 442.373
1.12082 415.888
1.12882 416.514
0.761008 391.028
1.48991 441.741
1.33775 431.239
1.48019 441.205
1.60921 450.238
1.25888 425.968
1.51297 443.691
1.25493 425.832
1.24458 425.183
1.37428 434.263
1.29318 428.698
1.49614 442.869
1.43995 439.034
1.36372 433.807
1.38186 435.137
1.47791 441.88
1.54653 446.717
1.59952 450.468
1.29746 429.551
1.45915 440.855
1.36814 434.601
1.1657 420.605
1.3238 431.659
1.14375 419.219
1.43455 439.493
1.12265 417.892
1.15644 420.309
1.23599 425.906
1.36324 434.817
1.53249 446.645
1.61527 452.466
1.50502 444.876
1.1638 421.237
1.21516 424.875
1.11437 417.942
1.42532 439.616
1.51621 446
1.53605 447.449
1.36363 435.538
1.24991 427.706
1.36184 435.553
1.25796 428.404
1.34332 434.405
1.39407 438
1.52222 446.973
1.25063 428.174
1.52577 447.359
1.7133 460.459
1.5095 446.368
1.50429 446.076
1.38999 438.203
1.46686 443.614
1.63624 455.452
1.52347 447.686
1.442 442.095
1.48905 445.434
0.968202 409.315
1.61291 454.178
1.4474 442.748
1.6985 460.263
1.59723 453.297
1.48124 445.307
1.2594 429.964
2.14979 491.897
1.46898 444.664
1.89624 474.42
1.72812 462.808
1.34327 436.138
1.35423 436.97
1.54028 449.965
1.22449 428.094
1.46672 444.994
1.4191 441.754
1.70073 461.391
2.20113 496.228
2.0498 485.783
2.11328 490.263
2.06766 487.163
1.72752 463.6
1.98103 481.283
2.15406 493.374
1.72972 463.961
1.52519 449.82
1.43758 443.803
1.42546 443.03
1.58458 454.155
1.69916 462.186
1.25015 431.058
1.9834 482.073
1.09469 420.396
1.42785 443.613
1.43856 444.426
1.68014 461.281
1.74107 465.583
1.84183 472.654
1.58973 455.208
1.64144 458.87
1.78762 469.096
1.71492 464.114
1.74071 465.976
1.7448 466.329
1.64978 459.797
1.76159 467.635
1.47826 448.019
1.81771 471.673
2.38486 511.147
1.56735 454.417
2.12718 493.383
2.00417 484.906
1.98228 483.454
2.08899 490.938
1.68816 463.158
2.08877 491.061
2.01191 485.791
1.91356 479.027
1.19986 429.509
1.23724 432.176
1.06505 420.282
1.45704 447.586
1.80644 471.932
1.7006 464.648
1.79892 471.548
1.69337 464.284
1.65078 461.395
1.65979 462.091
1.58158 456.726
1.53497 453.557
1.46839 449.001
1.38745 443.446
1.45102 447.932
1.8346 474.653
2.24257 503.068
2.44103 516.926
1.96779 484.115
1.98637 485.476
1.31991 439.24
1.54566 454.994
1.71042 466.512
1.62134 460.391
1.63231 461.223
1.88975 479.179
1.77433 471.23
1.59378 458.755
1.83283 475.433
1.78783 472.376
1.8122 474.138
1.84146 476.241
1.62862 461.522
1.51831 453.928
1.65026 463.165
1.34424 441.973
1.33845 441.64
1.2557 435.96
1.61872 461.252
1.78367 472.782
1.87314 479.067
1.57793 458.626
1.41815 447.594
1.54165 456.244
1.4553 450.314
1.6334 462.758
1.71145 468.25
1.78468 473.407
1.31877 441.106
1.53346 456.092
1.53304 456.133
1.87896 480.236
1.97264 486.815
1.84269 477.855
1.73904 470.723
1.81948 476.381
1.52766 456.175
1.55593 458.209
1.4688 452.225
1.65417 465.173
1.76118 472.678
1.70454 468.812
1.47096 452.653
1.69719 468.441
1.77757 474.095
1.92108 484.135
1.77993 474.398
1.97268 487.859
1.64535 465.186
1.51124 455.938
1.99283 489.468
2.05227 493.667
1.99263 489.593
1.69883 469.249
1.50133 455.597
1.6315 464.71
1.52792 457.583
1.40649 449.216
1.46645 453.452
1.46779 453.614
1.64686 466.125
1.23128 437.32
1.77085 474.878
1.57153 461.1
1.26553 439.908
1.56117 460.518
1.70082 470.291
1.55749 460.402
1.73899 473.082
1.73863 473.126
1.93448 486.803
1.85423 481.297
2.0523 495.128
2.37339 517.506
2.69408 539.857
2.1983 505.481
2.41945 520.915
2.26416 510.195
2.12891 500.868
1.9091 485.665
1.89064 484.452
1.93606 487.678
1.85272 481.956
1.78385 477.241
2.19786 506.075
1.97682 490.787
1.94641 488.744
1.86762 483.339
1.96124 489.913
1.78697 477.874
1.41531 452.121
1.46593 455.708
1.32637 446.081
1.69904 472.043
2.14832 503.328
1.79337 478.736
1.65678 469.315
1.58934 464.699
1.49628 458.303
1.17052 435.739
1.50207 458.844
1.57522 463.996
1.71633 473.87
1.69858 472.706
1.91767 487.998
1.90115 486.92
1.87915 485.46
2.16685 505.519
1.65017 469.69
1.60299 466.481
1.50377 459.657
1.42989 454.593
1.85137 483.947
1.35115 449.261
1.79023 479.838
1.8545 484.373
1.68465 472.642
2.10236 501.733
1.89352 487.292
1.64626 470.183
1.43127 455.315
1.4927 459.652
1.93093 490.17
2.24744 512.23
1.87136 486.17
1.85127 484.844
1.75049 477.911
2.00987 496.001
1.58095 466.27
2.12379 504.055
1.79855 481.527
1.91022 489.356
1.95687 492.666
1.74514 478.025
1.99353 495.353
1.72632 476.856
1.84278 485.017
1.5989 468.142
2.08358 501.887
1.88922 488.453
1.67092 473.355
1.52455 463.255
1.66485 473.072
1.82827 484.496
1.61368 469.656
1.86453 487.154
1.79934 482.694
1.99593 496.422
1.97851 495.282
1.88981 489.189
1.76693 480.72
2.00189 497.115
1.47095 460.295
1.59257 468.815
1.53276 464.728
1.79603 483.089
1.49923 462.538
1.76961 481.393
1.66401 474.125
1.93767 493.209
1.90512 491.017
2.07061 502.584
1.97128 495.752
1.82919 485.949
1.5904 469.428
1.46693 460.919
1.21032 443.16
1.51134 464.143
1.19535 442.258
1.33827 452.257
1.44549 459.777
1.40527 457.052
1.27353 447.968
1.47495 462.032
1.3594 454.073
2.03336 500.969
1.63322 473.237
1.88255 490.629
1.48238 462.896
1.5673 468.865
1.51718 465.453
1.89513 491.782
1.6701 476.216
2.06202 503.515
2.12619 508.044
2.02802 501.292
1.81731 486.722
1.83897 488.297
2.20045 513.481
1.82423 487.411
2.23517 516.032
1.78634 484.918
1.69468 478.619
1.61762 473.334
1.3713 456.289
1.51199 466.134
1.35822 455.519
1.30912 452.177
1.5071 466.003
1.23618 447.249
1.06159 435.188
1.48976 465.006
0.896435 423.852
0.966704 428.804
1.07307 436.263
1.31741 453.309
1.57857 471.524
1.76988 484.885
1.40414 459.543
1.25578 449.305
1.39378 458.963
0.901581 424.835
1.37238 457.615
1.50544 466.929
1.5442 469.692
1.35751 456.79
1.74123 483.52
1.26204 450.296
1.56447 471.378
1.24902 449.531
1.32237 454.696
1.40266 460.344
1.63103 476.281
1.36489 457.859
1.51554 468.395
1.50821 467.956
1.66233 478.733
1.31377 454.585
1.70532 481.859
1.6098 475.292
1.35431 457.61
1.34618 457.115
1.45264 464.581
1.42329 462.611
1.60289 475.159
1.51029 468.795
1.3814 459.909
1.26226 451.701
1.24819 450.793
1.64813 478.65
1.45266 465.138
1.58679 474.527
1.52577 470.357
1.47295 466.757
1.3288 456.811
1.53004 470.862
1.79686 489.47
1.92756 498.62
2.23516 520.062
1.95319 500.54
1.67021 480.948
1.77996 488.643
1.75712 487.125
1.8384 492.842
1.69494 482.944
1.81118 491.09
1.60733 476.996
1.62991 478.635
1.53706 472.253
1.96233 501.87
1.58602 475.793
1.53511 472.326
1.33454 458.46
1.22136 450.666
1.42149 464.64
1.40439 463.521
1.16927 447.255
1.47386 468.487
1.6375 479.926
1.45118 467.05
1.71913 485.737
1.66306 481.91
1.86211 495.81
1.73931 487.347
1.91026 499.294
1.1091 443.7
1.36589 461.611
1.5267 472.853
1.59668 477.785
1.60667 478.549
1.88433 497.91
1.61992 479.608
1.54487 474.463
1.35657 461.45
1.28709 456.692
1.66145 482.771
1.53592 474.119
1.59862 478.545
1.71796 486.906
1.73447 488.122
1.49889 471.824
1.34627 461.29
1.93571 502.313
1.14166 447.213
1.45548 469.086
1.27758 456.795
1.7031 486.429
1.97283 505.24
1.46771 470.214
1.74135 489.295
1.50055 472.635
1.59449 479.231
1.78162 492.302
1.70201 486.84
1.41256 466.799
1.81944 495.138
1.98208 506.508
2.00877 508.431
1.97616 506.235
1.92949 503.062
1.88684 500.169
2.15963 519.191
2.02054 509.597
1.97089 506.217
1.63614 483.028
1.8105 495.211
1.93941 504.237
2.05607 512.412
1.82181 496.206
1.73604 490.316
1.67275 485.988
1.70479 488.284
1.4819 472.867
1.55721 478.169
1.4212 468.789
1.60128 481.37
1.59042 480.685
1.60796 481.973
1.46618 472.192
1.38246 466.444
1.51528 475.742
1.52091 476.203
1.4308 470.011
1.31128 461.777
1.16444 451.644
1.61562 483.061
1.47646 473.462
1.60126 482.202
1.18559 453.391
1.67252 487.292
1.09907 447.519
1.44536 471.649
0.961205 438.079
1.28614 460.725
1.24239 457.755
1.4876 474.861
1.52088 477.243
1.41498 469.954
1.46625 473.587
1.22787 457.093
1.21465 456.244
1.46836 473.941
1.26756 460.059
1.37147 467.349
0.946717 437.906
1.19605 455.3
1.27609 460.93
1.14944 452.2
1.57674 481.958
1.83123 499.709
2.01591 512.61
1.61333 484.709
1.84989 501.214
1.3638 467.51
1.488 476.209
1.64155 486.947
1.20871 456.943
1.33693 465.922
1.23891 459.18
1.33186 465.708
1.44617 473.719
1.49892 477.454
1.4073 471.158
1.6177 485.846
1.54226 480.674
1.39668 470.629
1.69261 491.259
1.2989 463.974
1.67574 490.226
1.52861 480.073
1.40871 471.811
1.21619 458.505
1.56708 482.954
1.45551 475.272
1.37286 469.599
1.4304 473.666
1.46265 475.976
1.24683 461.051
1.01337 444.9
1.19954 457.904
1.1881 457.179
1.269 462.869
1.10307 451.41
1.20041 458.242
1.07892 449.871
1.35803 469.333
1.42651 474.16
1.04163 447.488
1.08346 450.465
1.61831 487.695
1.5664 484.158
1.39826 472.545
1.23574 461.322
1.66401 491.148
1.42951 474.924
1.89049 507.022
1.81725 502.003
1.50711 480.525
2.02073 516.28
1.43629 475.743
1.44341 476.307
1.35739 470.4
1.15098 456.128
1.53536 482.904
1.14307 455.717
1.22308 461.346
1.10632 453.304
1.25172 463.475
1.00814 446.621
0.781194 430.922
1.11733 454.346
1.12525 454.966
1.68173 493.699
1.44502 477.322
1.22644 462.205
1.27297 465.507
1.50265 481.535
1.48129 480.12
1.27428 465.806
1.43711 477.19
1.38017 473.303
1.70228 495.752
1.07727 452.397
1.21456 462.005
1.26074 465.283
1.38636 474.08
1.39535 474.774
1.35535 472.064
1.4772 480.6
1.30426 468.654
1.07156 452.556
1.0935 454.15
1.50192 482.595
1.51306 483.439
1.33065 470.835
1.5224 484.227
1.48985 482.035
1.65079 493.286
1.6339 492.183
1.72132 498.326
1.50243 483.187
1.71814 498.244
1.57311 488.236
1.7219 498.644
1.73014 499.286
1.90161 511.269
1.93401 513.59
2.02009 519.64
1.38167 475.352
1.79954 504.455
1.29604 469.542
1.42997 478.917
1.53426 486.232
1.46379 481.405
0.886485 441.364
1.39638 476.861
1.16722 461.009
1.61098 491.91
1.5075 484.79
1.48347 483.189
1.48049 483.052
1.20047 463.666
1.58359 490.355
1.65466 495.361
1.48067 483.342
1.58287 490.513
1.36871 475.702
1.4993 484.845
1.34746 474.365
1.45964 482.229
1.36149 475.479
1.29103 470.653
1.44585 481.479
1.47368 483.482
1.71012 499.979
1.40725 479.006
1.21317 465.591
1.24891 468.143
1.15091 461.404
1.3098 472.513
1.03547 453.522
1.39284 478.421
0.927027 446.127
1.11153 459.015
0.850092 440.92
0.719057 431.885
0.570825 421.656
1.02581 453.338
1.00899 452.238
1.02773 453.609
0.969308 449.62
1.09994 458.766
1.43041 481.796
1.45183 483.354
1.41268 480.703
1.80806 508.243
1.68125 499.502
1.47178 485.018
1.22948 468.252
1.25405 470.029
1.71408 502.061
1.34876 476.748
1.52044 488.746
1.99692 521.921
1.44133 483.388
1.72578 503.221
1.19385 466.333
1.17812 465.309
1.20914 467.534
1.58478 493.703
1.44854 484.306
1.80795 509.347
1.94756 519.116
1.71057 502.72
1.49837 488.046
1.13865 463.123
1.40222 481.504
1.41779 482.656
1.51197 489.269
1.48789 487.666
1.05977 457.99
1.32664 476.601
1.13606 463.429
1.526 490.592
0.945985 450.362
1.57379 494.05
1.37971 480.635
1.20569 468.614
1.75097 506.569
1.60465 496.472
2.00901 524.637
1.63144 498.473
1.80764 510.785
1.67834 501.87
1.4732 487.687
1.33367 478.062
1.30412 476.078
1.48765 488.899
1.1343 464.418
1.52295 491.491
1.43739 485.616
1.63207 499.212
1.70314 504.219
1.83726 513.607
1.61389 498.157
1.75684 508.159
1.51563 491.469
1.36744 481.242
1.84244 514.314
1.72796 506.43
1.92207 519.985
1.77105 509.563
1.80034 511.667
1.33322 479.281
1.24633 473.314
0.982083 455.024
1.38732 483.249
0.700107 435.571
1.13629 465.947
1.09841 463.384
1.08732 462.683
1.41691 485.652
1.46541 489.091
1.6108 499.262
1.59257 498.065
1.78226 511.314
1.55691 495.727
1.65883 502.877
1.66007 503.033
1.24296 474.122
1.35879 482.239
1.27832 476.717
1.5102 492.898
1.28748 477.493
1.71352 507.163
1.45268 489.11
1.58943 498.681
1.23699 474.263
1.4466 488.896
1.7251 508.315
2.13835 537.097
2.04192 530.467
1.2267 473.896
1.89268 520.236
1.17365 470.349
1.224 473.917
0.839504 447.271
1.3498 482.796
1.43029 488.457
1.52683 495.235
2.10111 535.205
1.30533 479.984
1.66738 505.208
1.48359 492.508
1.33753 482.43
1.5432 496.789
1.32909 481.982
1.10085 466.194
0.94162 455.2
1.036 461.827
0.865053 450.019
1.08094 465.088
1.06235 463.866
1.1964 473.249
0.935179 455.169
1.20715 474.135
1.21345 474.642
1.22981 475.849
1.39579 487.45
1.29289 480.37
1.40559 488.27
1.52113 496.367
1.38906 487.261
1.12339 468.871
1.53664 497.653
1.76666 513.704
0.974668 458.747
1.39461 487.994
1.17743 472.973
1.53448 497.85
1.04195 463.699
1.50798 496.148
1.59113 501.995
1.59349 502.228
1.75287 513.371
1.142 470.998
1.50264 496.124
1.4659 493.641
1.59015 502.344
1.36846 487.01
1.26358 479.793
1.5561 500.186
1.65912 507.413
1.58792 502.536
1.60484 503.781
1.67649 508.829
1.77215 515.545
1.86164 521.832
1.18228 474.7
1.6719 508.788
1.40887 490.582
1.40167 490.152
1.64925 507.423
1.7542 514.783
1.48189 495.934
1.47695 495.66
2.20925 546.609
1.87617 523.536
1.99453 531.829
2.09628 538.968
1.55466 501.406
1.17429 475.048
1.41045 491.526
1.64756 508.07
1.858 522.76
1.77224 516.871
1.21479 478.21
1.38927 490.402
1.22065 478.755
1.32941 486.382
1.54462 501.403
1.86801 523.942
1.89828 526.114
1.76125 516.663
1.35245 488.329
1.19144 477.212
1.4499 495.24
1.55308 502.477
1.37946 490.484
1.38963 491.26
0.936378 459.838
0.971421 462.343
1.20799 478.849
0.918468 458.802
1.41589 493.432
1.48959 498.622
1.44428 495.544
1.54199 502.402
1.10982 472.445
1.28387 484.607
0.893734 457.57
1.09617 471.705
1.26181 483.283
1.03624 467.68
1.44029 495.822
1.14034 475.052
1.17272 477.371
1.5553 504.022
1.37301 491.425
1.33853 489.099
1.40252 493.615
1.54643 503.683
1.76341 518.828
1.66244 511.883
1.79219 520.967
1.5871 506.787
1.88565 527.599
1.35235 490.616
1.59613 507.623
1.41286 494.959
1.6097 508.704
1.35711 491.224
1.51976 502.594
1.42209 495.878
1.64214 511.236
1.50195 501.565
1.82662 524.193
1.67793 513.931
1.45732 498.673
1.73204 517.83
1.50982 502.46
1.46043 499.098
1.65223 512.493
1.24308 484.135
1.49604 501.78
1.27351 486.388
0.994373 467.064
1.40528 495.683
1.53457 504.735
1.64708 512.621
1.573 507.544
1.78374 522.256
1.21508 482.815
1.21143 482.631
1.05822 472.056
1.28147 487.637
1.27828 487.484
1.37929 494.572
1.69191 516.361
1.46349 500.561
1.41606 497.335
1.52466 504.95
1.36953 494.241
1.14063 478.407
1.08617 474.693
1.32418 491.298
1.09781 475.64
1.59273 510.096
1.2368 485.436
1.75741 521.677
1.21441 484.019
1.23543 485.549
1.16235 480.541
1.53641 506.6
1.37182 495.234
1.30285 490.511
1.49172 503.704
1.39209 496.85
1.70808 518.875
1.92809 534.23
1.67034 516.392
1.64741 514.868
1.69032 517.919
1.56486 509.271
1.92042 534.045
1.2675 488.75
1.72085 520.318
1.57356 510.154
1.62921 514.09
1.64975 515.586
1.44846 501.67
1.63366 514.607
1.73774 521.908
1.52235 507.013
1.40078 498.636
1.60663 513.007
1.53792 508.303
1.45667 502.727
1.63556 515.226
1.2305 487.152
1.46593 503.579
1.07376 476.401
1.21753 486.459
1.50865 506.756
1.86121 531.32
1.43044 501.461
1.28599 491.494
1.42188 501.005
1.33623 495.124
1.37588 497.947
0.906585 465.411
1.33506 495.251
1.09769 478.828
1.484 505.738
1.43781 502.598
1.55333 510.694
1.26523 490.746
1.54001 509.907
1.15186 483.009
1.39078 499.678
1.3963 500.131
1.63238 516.603
1.84142 531.196
2.01307 543.192
1.69639 521.259
1.34924 497.208
1.63526 517.151
1.07107 478.02
1.42667 502.797
1.27792 492.531
1.00764 473.822
1.37168 499.185
1.27048 492.223
1.47915 506.79
1.13757 483.127
1.19639 487.284
1.09768 480.495
1.37036 499.51
1.36087 498.92
1.35076 498.287
1.43669 504.327
1.58937 515.004
1.80321 529.931
1.63931 518.613
1.66732 520.628
1.61227 516.873
1.60403 516.37
1.2936 494.871
1.40648 502.784
1.50394 509.624
1.39753 502.3
1.83655 532.872
1.48188 508.3
0.955498 471.797
0.906576 468.467
1.14142 484.854
0.955053 471.975
1.2205 490.487
1.24479 492.244
1.6772 522.357
1.25195 492.881
1.21799 490.591
1.17939 487.978
0.779056 460.233
1.60682 517.815
1.85959 535.446
1.72652 526.27
2.04873 548.726
1.34672 500.021
1.36163 501.126
1.32886 498.919
1.46198 508.238
1.55975 515.1
1.63289 520.251
1.62531 519.794
2.0203 547.307
1.48315 510.056
1.31085 498.154
1.21424 491.511
1.2459 493.781
1.17828 489.152
1.98196 545.06
1.71972 526.909
1.37976 503.358
1.43801 507.475
1.32341 499.583
1.86607 537.355
1.7621 530.202
1.69852 525.854
1.58711 518.182
1.45168 508.842
1.04655 480.764
1.58494 518.24
1.19255 491.046
1.16391 489.126
1.27435 496.869
1.11676 485.989
1.22417 493.521
1.40063 505.851
1.73359 529.054
1.58715 518.949
1.75482 530.668
1.45453 509.873
2.0472 551.121
1.48766 512.315
1.614 521.162
1.94558 544.269
1.58992 519.628
1.589 519.634
1.42131 508.052
1.38002 505.253
1.53133 515.835
1.48588 512.747
1.56133 518.058
1.28936 499.231
1.35014 503.524
1.32754 502.024
1.54465 517.177
1.52811 516.097
1.53071 516.348
1.47749 512.72
1.34785 503.782
1.29694 500.314
1.33099 502.75
1.30512 501.021
1.3069 501.215
1.22864 495.846
1.21728 495.127
1.65862 525.86
1.20723 494.567
1.28409 499.977
0.983039 479.13
1.33015 503.316
1.15343 491.108
1.66559 526.761
1.38065 507.034
1.64222 525.277
1.68251 528.145
1.4917 514.958
1.43179 510.864
1.11104 488.649
1.106 488.368
1.53049 517.931
1.23174 497.243
1.74627 533.062
1.42173 510.583
1.53438 518.479
1.49932 516.112
1.25618 499.288
1.4469 512.609
1.89903 544.092
1.32124 504.018
1.40155 509.667
1.35476 506.485
1.6301 525.685
1.19755 495.702
1.66808 528.463
1.67889 529.284
1.67274 528.926
1.49618 516.728
1.75856 535.027
1.24083 499.126
1.43331 512.568
1.19076 495.785
1.43206 512.62
0.91263 476.6
1.2116 497.442
1.0038 483.074
1.2585 500.839
1.00372 483.207
1.41033 511.528
1.01032 483.804
1.40108 511.024
1.4652 515.548
1.47349 516.194
1.45228 514.789
1.90834 546.546
1.50556 518.63
1.67657 530.581
1.88548 545.166
1.44433 514.584
1.38927 510.828
1.56545 523.139
1.45468 515.512
1.25711 501.855
1.20865 498.557
1.05534 487.975
1.18806 497.266
0.966125 481.915
1.15059 494.801
1.60778 526.636
1.61313 527.077
1.91608 548.195
1.79589 539.914
1.57085 524.347
1.84241 543.285
1.67315 531.594
1.57861 525.095
1.63163 528.848
1.25979 503.083
1.2135 499.936
1.11318 493.035
1.53374 522.325
1.31897 507.473
1.93064 550.04
1.91387 548.945
1.65341 530.918
1.3283 508.399
1.72487 536.021
1.52887 522.473
1.20051 499.729
0.940571 481.738
0.814443 473.044
0.956775 483.002
1.17649 498.338
1.28126 505.687
0.973228 484.354
0.989159 485.53
1.05658 490.284
1.3868 513.297
1.41926 515.622
1.17111 498.45
1.41159 515.227
1.05177 490.297
1.42809 516.513
1.45593 518.517
1.39374 514.265
1.20198 501.011
1.63512 531.176
1.5342 524.233
1.45208 518.597
1.27929 506.661
1.59429 528.617
1.39915 515.128
1.40006 515.26
1.62678 531.082
1.47408 520.542
1.82136 544.74
1.68079 535.043
1.66525 534.033
1.69969 536.495
1.63948 532.381
1.98636 556.552
1.5786 528.291
1.95187 554.295
1.68545 535.853
1.90724 551.333
1.85849 548.015
1.8378 546.647
1.82032 545.502
1.7465 540.442
1.52012 524.783
1.20281 502.806
1.44337 519.59
1.50555 523.979
1.54267 526.628
1.35665 513.773
1.31902 511.228
1.34555 513.141
1.43305 519.29
1.30404 510.396
1.48776 523.23
1.47967 522.737
1.62381 532.821
1.3982 517.215
1.5133 525.282
1.32771 512.457
1.4432 520.55
1.60618 531.943
1.45629 521.599
1.62347 533.284
1.42945 519.873
1.23678 506.556
1.49312 524.436
1.02092 491.697
1.30319 511.378
1.6391 534.787
0.990404 489.786
1.33516 513.809
1.23107 506.646
1.27487 509.758
1.34879 514.964
0.926601 485.7
1.22346 506.395
1.39769 518.569
1.61991 534.079
1.51398 526.788
1.15082 501.626
1.57121 530.904
1.24503 508.311
1.37793 517.614
1.55481 529.972
1.57704 531.586
2.07641 566.352
1.79252 546.697
2.04122 564.046
1.50038 526.538
1.79299 546.938
1.48479 525.594
1.61018 534.376
1.12263 500.571
1.2821 511.72
1.04877 495.577
1.71634 542.029
1.59928 533.966
1.10087 499.406
1.85436 551.828
1.22119 507.905
1.24782 509.824
1.41428 521.46
1.25477 510.447
1.60994 535.193
1.37967 519.263
1.31728 514.998
1.38503 519.774
1.19838 506.876
1.0864 499.165
1.20449 507.439
1.08257 499.038
1.24903 510.673
1.59194 534.567
1.30308 514.567
1.50593 528.73
1.17211 505.606
1.33427 516.943
1.42416 523.257
1.41867 522.946
1.36249 519.112
1.32072 516.279
1.30328 515.137
1.28989 514.276
1.25892 512.194
0.981293 492.974
1.26385 512.675
1.25684 512.257
1.21513 509.429
0.975567 492.854
0.876893 486.068
1.27359 513.699
1.09141 501.111
1.52305 531.17
0.975201 493.176
1.14739 505.209
0.969911 492.947
1.00408 495.391
0.956066 492.124
0.778197 479.836
0.996383 495.064
0.953723 492.17
1.12412 504.078
1.02384 497.18
1.26889 514.276
1.32754 518.42
1.63755 540.029
1.92964 560.393
1.23497 512.197
1.79602 551.248
1.47615 529.093
1.65224 541.397
1.6708 542.756
1.15448 506.952
1.00306 496.501
1.27352 515.362
1.31998 518.659
0.916919 490.725
1.20571 510.859
1.14153 506.469
0.99879 496.621
0.802124 483.027
1.34163 520.581
0.910509 490.696
1.5158 532.82
1.36482 522.4
1.29356 517.518
1.11437 505.138
0.94355 493.339
1.28112 516.862
1.11706 505.533
1.57639 537.517
1.22076 512.878
1.22718 513.392
1.00252 497.853
0.884181 489.701
0.738166 479.625
0.437472 458.803
0.93929 493.738
0.357795 453.406
0.542367 466.299
0.769915 482.178
1.04519 501.374
1.02888 500.31
1.18102 510.95
1.24242 515.286
1.46013 530.481
1.12535 507.29
1.47524 531.67
1.25425 516.386
1.45355 530.302
1.13701 508.378
1.2087 513.429
1.05655 502.927
1.11534 507.081
0.68624 477.337
1.21343 514.035
1.42511 528.813
0.879866 490.999
1.1052 506.724
0.913704 493.489
1.23188 515.665
0.652306 475.466
1.42758 529.401
1.32862 522.595
1.11652 507.928
1.27246 518.832
0.95775 497.035
1.19792 513.792
0.807365 486.726
0.712813 480.226
0.753829 483.145
0.68665 478.547
1.06262 504.739
1.04387 503.505
0.919913 494.962
0.971714 498.631
1.2523 518.195
1.25398 518.381
1.10125 507.84
1.17644 513.133
1.6135 543.569
1.39795 528.662
1.21372 515.931
1.6321 545.069
1.17914 513.668
1.12638 510.072
1.12761 510.226
1.16856 513.141
1.20997 516.088
1.24006 518.248
1.17699 513.935
1.22728 517.499
1.2596 519.814
1.14647 512.023
1.0338 504.265
1.51846 538.008
1.20117 516.032
1.19728 515.831
1.35193 526.646
1.10747 509.731
1.18693 515.321
1.27632 521.601
1.19611 516.098
1.45676 534.277
1.1821 515.263
1.49341 536.962
1.65742 548.427
1.30266 523.848
1.49139 537.03
1.26707 521.514
1.08198 508.724
1.17396 515.184
1.35363 527.737
1.22254 518.699
1.51991 539.429
1.71896 553.328
1.50604 538.604
1.16765 515.163
1.07314 508.665
1.36059 528.707
1.13622 513.187
1.41368 532.534
1.68868 551.711
1.43498 534.153
1.46057 536
1.33467 527.323
1.71302 553.679
1.8135 560.731
1.8416 562.752
1.47899 537.628
1.50305 539.369
1.42373 533.927
1.54538 542.449
1.48698 538.461
1.58433 545.294
1.34282 528.584
1.26797 523.452
1.08202 510.602
1.66019 550.843
1.43769 535.453
1.96473 572.141
1.22182 520.593
1.44238 535.987
1.52034 541.473
1.55904 544.231
1.63391 549.503
1.47261 538.366
1.66148 551.557
1.53652 542.945
1.12264 514.258
1.46649 538.219
1.26389 524.212
1.39305 533.255
1.2149 520.947
0.991315 505.482
1.198 519.912
1.28201 525.818
1.08828 512.427
1.45259 537.808
1.48478 540.115
1.72316 556.746
1.74555 558.371
1.60609 548.751
1.40224 534.657
1.49046 540.857
1.33605 530.198
1.45256 538.362
1.06519 511.517
0.972576 505.152
1.02782 509.06
0.913761 501.205
0.924393 502.013
1.04601 510.533
0.778627 492.024
1.02371 509.122
1.02917 509.571
1.44412 538.47
1.3475 531.827
1.58579 548.453
1.75412 560.218
1.45505 539.508
1.14997 518.381
1.40603 536.241
1.55811 546.877
1.81281 564.643
1.5912 549.315
1.82579 565.684
1.57827 548.556
1.45787 540.26
1.52298 544.853
1.31326 530.351
1.20444 522.86
0.805013 495.178
1.19825 522.569
1.29651 529.466
1.41611 537.845
1.59902 550.622
1.32119 531.389
1.43389 539.289
1.48972 543.237
1.43117 539.238
1.31964 531.559
1.28888 529.491
1.68047 556.768
1.30959 531.069
1.22699 525.399
1.36238 534.876
1.01448 510.773
1.48898 543.811
0.981874 508.647
1.59472 551.297
1.52428 546.472
1.29186 530.393
0.846146 499.495
1.42266 539.62
1.18697 523.314
0.961661 507.729
1.27591 529.632
1.39379 537.892
1.62962 554.346
1.42839 540.434
1.09511 517.348
1.78969 565.676
1.03841 513.548
1.80351 566.776
1.20224 525.069
1.69301 559.237
1.58029 551.475
1.94315 576.755
1.39969 539.066
1.44619 542.366
1.43987 541.997
1.5562 550.149
1.65624 557.169
1.21086 526.294
1.71794 561.595
1.26567 530.241
1.91299 575.286
1.83038 569.615
0.977802 510.448
1.24741 529.25
0.931014 507.337
1.31395 534.012
1.33325 535.422
1.44122 542.994
1.28557 532.249
1.6064 554.609
1.63032 556.34
1.66412 558.759
1.39319 540.004
1.32618 535.417
1.4987 547.474
1.19722 526.597
1.42375 542.405
1.50875 548.381
1.22572 528.785
1.3838 539.838
1.24147 530.018
1.08746 519.388
1.37136 539.182
1.41039 541.964
1.412 542.144
1.41938 542.727
1.63173 557.55
1.59349 554.963
1.7808 568.046
1.75226 566.133
1.70772 563.108
2.02118 584.956
1.77144 567.674
1.5251 550.628
1.63107 558.06
1.39322 541.604
1.34831 538.553
1.45284 545.885
1.51828 550.501
1.45574 546.226
1.57002 554.235
1.65503 560.211
1.29163 535.032
1.69492 563.122
1.31841 537.032
1.39005 542.078
1.24459 532.042
1.49812 549.726
1.47297 548.048
1.45975 547.199
2.03071 586.939
1.56823 554.875
1.69844 563.992
1.37614 541.668
1.35466 540.245
1.45938 547.59
1.41367 544.484
1.58682 556.583
1.3245 538.428
1.27514 535.067
1.19518 529.582
1.01034 516.809
1.45243 547.594
1.23109 532.285
1.04846 519.666
1.37388 542.345
1.55993 555.341
1.51794 552.493
1.83985 574.928
1.64238 561.278
1.49005 550.764
2.064 590.71
1.88306 578.208
2.00788 586.95
1.5726 556.777
1.50872 552.408
1.19065 530.379
1.46973 549.838
1.13288 526.504
1.14183 527.195
1.37095 543.183
1.33661 540.867
1.63608 561.743
1.39883 545.329
1.43758 548.091
1.32875 540.599
0.969786 515.728
1.46396 550.132
1.56849 557.464
1.46322 550.219
1.59735 559.608
1.2498 535.53
1.22523 533.893
1.34421 542.229
1.29358 538.78
1.28789 538.454
0.957452 515.566
1.3996 546.355
1.24766 535.868
1.04394 521.783
1.01859 520.091
1.12166 527.322
1.46574 551.298
1.1045 526.269
1.53169 556.019
1.51919 555.22
1.68293 566.666
1.66866 565.744
1.72574 569.779
2.0361 591.412
1.30519 540.699
1.64735 564.541
1.34865 543.857
1.27437 538.766
1.36971 545.459
1.40957 548.299
1.37816 546.185
1.29752 540.652
1.28212 539.652
0.848699 509.608
1.15941 531.265
1.0993 527.158
1.29746 540.996
1.51047 555.865
1.68051 567.748
1.09022 526.805
1.59322 561.823
1.46258 552.815
1.45172 552.13
1.45276 552.272
1.08949 527.101
1.07807 526.378
1.35478 545.673
1.20915 535.624
1.35403 545.759
1.45624 552.931
1.2297 537.26
1.46674 553.799
1.36976 547.13
1.14772 531.773
1.16408 532.979
1.37992 548.044
1.3265 544.403
1.27372 540.805
1.14178 531.707
1.36037 546.965
0.739354 503.886
0.901753 515.239
1.00397 522.411
0.941926 518.169
0.978686 520.793
0.992556 521.826
0.949067 518.874
1.02673 524.34
0.796563 508.417
0.951408 519.245
0.941459 518.623
0.858159 512.905
0.799421 508.893
0.905902 516.361
1.04652 526.2
1.20543 537.311
1.41239 551.76
1.19524 536.742
1.06029 527.435
1.02942 525.36
1.19045 536.617
1.24039 540.157
1.17811 535.899
1.36614 549.033
1.46469 555.949
1.34476 547.687
1.4397 554.352
1.42337 553.287
1.27119 542.783
1.16337 535.361
1.49829 558.701
1.32721 546.884
0.901633 517.385
1.16848 535.994
1.08891 530.535
1.44914 555.633
1.29088 544.707
1.48209 558.062
1.22456 540.238
1.31931 546.891
1.45394 556.314
1.43195 554.855
1.77143 578.512
1.69982 573.606
1.65544 570.592
1.50982 560.544
1.73252 576.086
1.47318 558.137
1.38335 551.966
0.96808 523.182
0.79681 511.352
0.935066 521.028
1.1154 533.627
1.25943 543.703
1.11097 533.457
1.42348 555.24
1.60456 567.891
1.40176 553.87
1.43867 556.504
1.35077 550.466
1.06035 530.357
1.02457 527.941
1.32937 549.188
0.974628 524.61
0.851894 516.152
0.879169 518.117
0.844846 515.801
0.863586 517.173
1.24319 543.617
0.930094 521.933
1.20516 541.114
1.01249 527.796
0.709501 506.815
0.950356 523.619
0.944594 523.288
0.985687 526.212
0.793265 512.912
0.48128 491.305
0.709228 507.213
0.187358 471.023
0.712518 507.58
1.20651 541.972
1.43152 557.675
1.6202 570.854
1.38553 554.618
1.34247 551.696
1.31879 550.12
1.36826 553.626
1.19936 541.961
1.28389 547.904
0.936504 523.837
1.05233 531.954
0.717044 508.728
1.00968 529.13
1.03078 530.665
0.75991 511.915
0.972058 526.724
0.8894 521.051
0.992002 528.249
0.959865 526.086
1.09557 535.583
1.02047 530.435
0.830669 517.318
0.890114 521.517
0.799751 515.308
0.756463 512.37
0.688247 507.7
0.667843 506.352
0.66575 506.276
0.935372 525.079
0.886987 521.786
0.944431 525.847
1.13523 539.173
0.630625 504.183
0.810877 516.776
1.30387 551.099
1.12743 538.909
1.26656 548.645
1.03604 532.698
0.968474 528.073
0.960137 527.564
1.23899 547.007
0.900957 523.591
1.37965 556.919
1.01999 532
1.41602 559.585
1.37957 557.122
0.981917 529.563
0.870849 521.916
0.792003 516.507
1.07274 536.082
1.03364 533.435
0.936132 526.729
0.787851 516.497
1.10814 538.819
0.998012 531.237
0.910887 525.253
1.30019 552.371
1.19535 545.157
1.44255 562.401
1.26007 549.792
1.27955 551.215
1.32149 554.198
1.50398 566.947
1.48401 565.629
1.43067 561.993
0.848423 521.608
1.05807 536.244
1.22076 547.617
1.26178 550.536
1.6214 575.592
1.82702 589.947
1.72468 582.906
1.62735 576.214
2.20898 616.694
1.55519 571.339
2.1078 609.803
1.66849 579.35
1.99845 602.345
1.64494 577.853
1.51819 569.116
1.49961 567.894
1.08191 538.943
1.37265 559.212
1.39843 561.073
1.45971 565.4
1.31799 555.623
1.27914 552.993
1.01379 534.626
1.2893 553.838
1.25905 551.806
1.08111 539.512
1.16944 545.719
1.0983 540.845
1.31233 555.786
1.41899 563.266
1.68508 581.823
1.44341 565.101
1.24035 551.062
1.20641 548.774
1.35988 559.506
1.55563 573.176
1.44585 565.618
1.38603 561.531
1.18509 547.639
1.1545 545.584
1.39556 562.402
1.80274 590.762
1.83154 592.832
1.78946 589.978
1.32964 558.1
1.46885 567.842
1.56879 574.855
1.48739 569.268
1.60319 577.384
1.44837 566.697
1.52595 572.156
1.13306 544.928
1.06535 540.293
1.17493 547.976
1.27824 555.223
1.20131 549.948
1.50017 570.781
1.59174 577.214
1.42891 565.97
1.46897 568.823
1.25517 554.037
1.73554 587.482
1.67643 583.445
1.65196 581.815
1.55352 575.044
1.78931 591.497
1.27276 555.677
1.39307 564.105
1.28413 556.605
1.43208 566.954
1.352 561.46
1.44659 568.101
1.34341 561.002
2.19531 620.26
2.03482 609.179
1.81414 593.916
1.15204 547.984
1.46355 569.696
1.62762 581.166
1.51729 573.569
1.72944 588.379
1.47736 570.934
1.63759 582.136
1.3015 558.854
1.45706 569.732
1.1705 549.892
1.05626 542.024
1.69992 586.814
1.28929 558.353
1.66912 584.813
1.49505 572.788
1.51972 574.572
1.60757 580.745
1.19404 552.083
1.9882 607.33
1.51064 574.219
1.47756 571.99
1.24562 555.944
1.39436 566.348
1.31531 560.925
0.913827 533.1
1.20367 553.308
1.06603 543.814
1.37913 565.637
1.29554 559.899
1.666 585.708
1.47774 572.698
1.81865 596.453
1.68499 587.236
1.56235 578.784
1.29408 560.215
1.5552 578.427
1.752 592.169
1.63065 583.808
1.63634 584.272
1.63016 583.912
1.53889 577.641
1.69313 588.426
1.40689 568.609
1.86886 600.775
1.50946 575.874
1.25845 558.503
1.37507 566.676
1.6212 583.846
1.48737 574.617
1.7535 593.177
1.59442 582.194
1.48598 574.729
1.45696 572.782
1.25993 559.162
1.35707 565.981
1.38815 568.21
1.35588 566.037
1.43334 571.488
1.57579 581.455
1.18634 554.466
1.41441 570.381
1.44019 572.242
1.51294 577.367
1.65669 587.423
1.42368 571.303
1.59545 583.308
1.87336 602.686
1.49882 576.732
1.48798 576.049
1.51405 577.93
1.67389 589.105
1.33334 565.514
1.38118 568.907
1.05883 546.579
1.53986 580.07
1.53095 579.521
1.39412 570.084
1.62815 586.413
1.3986 570.534
1.59406 584.183
1.77376 596.738
1.61365 585.684
1.49556 577.549
1.33239 566.281
1.76011 596.068
1.48977 577.354
1.71902 593.352
1.94392 609.047
1.97209 611.074
1.83547 601.652
2.00961 613.82
1.65535 589.276
1.76875 597.224
1.33801 567.366
1.6365 588.174
1.78406 598.496
1.94219 609.553
1.81258 600.617
1.67805 591.34
1.93523 609.277
2.11864 622.09
1.73803 595.715
1.64894 589.595
1.59326 585.796
1.79417 599.824
1.90705 607.736
1.73726 596.009
1.67627 591.841
1.80454 600.822
1.89193 606.963
1.91618 608.718
1.7764 599.076
1.70215 593.987
1.52165 581.515
1.68372 592.845
1.57305 585.225
1.82629 602.89
1.6871 593.288
1.58616 586.344
1.32538 568.295
1.44612 576.754
1.17563 558.03
1.40261 573.87
1.5181 581.963
1.81506 602.665
1.6749 592.996
1.85354 605.477
1.2885 566.288
1.52683 582.917
1.33587 569.719
1.2909 566.664
1.6005 588.244
1.5443 584.408
1.82262 603.815
1.40823 575.094
1.95893 613.425
1.63375 590.901
1.7477 598.888
2.00297 616.694
1.63075 590.902
1.86361 607.15
1.3215 569.554
1.57932 587.536
1.38589 574.167
1.47652 580.533
1.52835 584.204
1.54009 585.089
1.40622 575.857
1.48748 581.572
1.06822 552.512
1.36139 572.951
1.63986 592.368
1.51614 583.842
1.52157 584.288
1.39783 575.761
1.57027 587.811
1.3346 571.506
1.29619 568.907
1.40137 576.284
1.43176 578.466
1.65635 594.139
1.61187 591.118
1.30406 569.801
1.572 588.487
1.67857 595.961
1.78306 603.29
1.41198 577.578
1.4697 581.657
1.49775 583.676
1.60449 591.162
1.21202 563.962
1.58766 590.131
1.31964 571.579
1.04513 552.576
1.2501 566.886
1.00325 549.805
1.18626 562.59
1.24845 566.98
1.08259 555.525
1.40966 578.319
1.52118 586.137
1.05129 553.559
1.12181 558.528
0.970693 548.099
1.13267 559.422
1.31746 572.331
1.72545 600.747
1.48248 583.935
1.05468 554.281
1.81204 606.972
1.50014 585.37
1.19616 564.32
0.962469 548.152
1.55217 589.194
1.12601 559.654
1.47122 583.708
1.20921 565.573
1.43742 581.499
1.30761 572.549
1.53574 588.469
0.96564 548.929
1.45203 582.792
1.49044 585.53
1.77925 605.666
1.65278 596.948
1.46188 583.754
1.61768 594.649
1.59158 592.905
1.70449 600.819
1.40842 580.318
1.19122 565.296
1.12188 560.548
1.30297 573.2
0.912659 546.151
1.27773 571.585
1.5531 590.787
1.04997 555.899
0.867403 543.284
0.853206 542.367
0.780714 537.4
1.00782 553.249
1.14836 563.083
1.49121 586.973
1.03718 555.497
1.38952 580.047
1.1538 563.739
0.991321 552.519
1.23674 569.64
1.0971 560.008
1.19328 566.759
0.928233 548.414
1.42475 582.981
1.07206 558.546
1.14603 563.755
1.33534 576.977
1.07037 558.637
1.02864 555.807
1.26333 572.183
1.29533 574.475
1.33026 576.971
1.56729 593.51
1.02089 555.616
1.31458 576.09
0.964547 551.84
1.20934 568.918
1.63742 598.73
1.22329 570.026
1.23589 570.971
1.36594 580.076
1.66616 601.005
1.27265 573.733
1.60405 596.828
1.06642 559.543
1.46096 587.025
1.02388 556.727
1.28783 575.135
1.15357 565.877
1.0614 559.542
0.732875 536.786
0.951512 552.046
1.18292 568.194
1.15583 566.381
1.31509 577.516
1.11277 563.528
1.45137 587.123
1.15903 566.881
1.06764 560.601
0.919408 550.371
1.02475 557.76
1.32276 578.535
1.29417 576.618
1.61181 598.757
1.20833 570.793
1.26052 574.488
1.11929 564.745
0.912714 550.462
1.05702 560.558
1.23968 573.318
1.49883 591.394
1.27017 575.576
1.45129 588.229
1.559 595.782
1.25669 574.848
1.44912 588.287
1.27014 575.921
1.18199 569.866
1.27312 576.267
1.00026 557.379
1.17823 569.813
1.21489 572.43
1.46894 590.151
1.36241 582.818
1.21491 572.64
1.37005 583.488
1.3083 579.267
1.40513 586.064
1.4802 591.349
1.48051 591.441
1.53507 595.301
1.7907 613.131
1.62849 601.931
1.37986 584.726
1.56531 597.68
1.47036 591.152
1.25868 576.515
1.44267 589.367
0.900375 551.759
1.21036 573.365
1.26461 577.205
1.21073 573.53
1.50781 594.241
1.742 610.581
1.82282 616.266
1.38398 585.846
1.42535 588.79
1.20355 573.449
1.58108 599.748
1.35116 583.843
1.29621 580.095
1.28465 579.361
1.19694 573.337
0.921479 554.267
0.945764 556.024
1.02881 561.863
1.08224 565.645
1.21353 574.836
1.30215 581.063
1.26971 578.879
1.00424 560.504
0.932366 555.58
1.12826 569.259
1.15261 571.021
1.02627 562.312
0.905227 553.972
0.97836 559.123
0.788088 545.972
1.47189 593.551
1.00858 561.431
1.0284 562.877
0.811393 547.869
0.9201 555.492
1.31197 582.788
1.18285 573.886
1.49989 595.983
1.49408 595.649
1.4589 593.274
0.986314 560.509
1.47971 594.859
1.0531 565.288
1.02265 563.242
1.12934 570.724
1.19453 575.323
0.969526 559.759
0.813255 548.971
1.306 583.276
1.40673 590.344
1.12868 571.095
1.21963 577.484
0.718985 542.769
0.991531 561.775
0.525289 529.45
0.921366 557.039
0.568534 532.594
0.677746 540.251
0.558468 532.033
0.878139 554.313
0.650924 538.596
0.864464 553.502
0.973055 561.116
1.27548 582.198
1.09648 569.831
1.10162 570.257
1.32588 585.908
1.10405 570.565
1.05804 567.438
1.14347 573.443
1.00507 563.896
0.894355 556.274
1.10352 570.876
1.0171 564.941
1.44985 595.077
1.15746 574.832
1.35568 588.673
1.13039 573.09
1.64812 609.13
1.14218 574.048
1.26485 582.641
0.922044 558.892
0.95928 561.549
0.526742 531.566
0.897863 557.421
1.03024 566.687
1.18102 577.233
0.811609 551.636
0.776584 549.272
0.82803 552.916
0.595262 536.813
0.362305 520.697
0.841692 554.074
0.735365 546.756
0.905884 558.673
0.816833 552.555
0.681641 543.231
0.911532 559.273
0.743738 547.685
0.582407 536.545
0.727177 546.673
0.624619 539.617
0.988041 564.937
1.05586 569.718
0.657433 542.105
0.683599 543.993
0.565495 535.856
0.49197 530.817
0.536186 533.959
0.550642 535.033
0.516112 532.703
0.800144 552.507
0.778932 551.103
0.72958 547.743
0.597009 538.602
0.738335 548.491
0.862286 557.172
0.809469 553.572
0.574015 537.282
0.855992 556.943
0.489947 531.58
0.957325 564.123
0.865668 557.824
0.616881 540.608
0.796335 553.146
0.822491 555.032
0.783326 552.381
0.898493 560.452
0.717592 547.953
1.11008 575.292
1.07565 572.969
0.786463 552.946
1.03884 570.551
0.678646 545.594
0.634821 542.619
0.840743 556.995
0.83409 556.603
1.17235 580.174
0.752751 551.09
0.973446 566.493
0.649449 544.052
0.673817 545.814
0.680827 546.371
1.21279 583.4
0.901154 561.818
0.932853 564.09
0.706361 548.423
0.538856 536.854
0.731241 550.29
0.747043 551.458
0.969293 566.969
0.991277 568.566
1.24078 585.97
1.10935 576.908
1.06283 573.746
1.04318 572.45
1.04444 572.607
1.48665 603.401
1.33068 592.633
0.989165 568.975
1.06049 574
0.70636 549.465
0.745499 552.254
0.967755 567.765
0.442657 531.352
1.3123 591.843
0.785238 555.293
0.953196 567.032
0.980524 569
0.793014 556.041
0.648125 546.044
1.10252 577.685
1.3929 597.93
0.996154 570.433
1.03482 573.189
0.815666 558.032
0.680674 548.723
0.459418 533.419
0.608042 543.815
0.747606 553.581
0.533067 538.745
0.539413 539.255
0.131731 510.999
0.53106 538.814
0.779748 556.162
1.27909 590.925
1.06882 576.386
1.02136 573.157
0.446152 533.262
0.585893 543.04
0.709138 551.673
1.29726 592.605
0.769823 556.028
0.492495 536.829
1.01665 573.316
0.76636 555.996
0.866662 563.034
1.50121 607.191
1.03868 575.125
1.09254 578.936
0.88256 564.417
0.664533 549.338
0.571343 542.933
0.956075 569.733
1.27663 592.074
1.23345 589.144
0.937566 568.655
0.910228 566.826
1.16039 584.276
1.19082 586.46
0.860096 563.551
1.02779 575.271
1.0355 575.877
0.923652 568.175
1.33133 596.57
1.12631 582.395
1.22812 589.538
1.32492 596.333
0.931102 569.04
0.724304 554.741
0.976835 572.357
1.02224 575.581
0.98463 573.037
0.997767 574.019
0.552016 543.118
0.971608 572.341
1.14685 584.586
0.983776 573.325
0.613857 547.693
1.03587 577.083
0.678601 552.33
1.07477 579.925
1.15668 585.686
1.1674 586.5
1.05389 578.683
1.24204 591.825
0.972112 573.14
1.18692 588.134
1.20619 589.542
1.00258 575.465
0.968812 573.189
1.29845 596.161
1.13252 584.702
1.23902 592.171
1.19372 589.093
0.780457 560.449
1.07246 580.807
1.34795 600.017
1.00383 576.178
0.634152 550.562
0.604277 548.556
0.368454 532.241
0.624447 550.096
0.59301 547.982
0.864594 566.92
0.775671 560.812
1.20986 591.048
1.096 583.207
1.0908 582.915
1.03739 579.274
1.15252 587.342
0.901747 569.988
0.968284 574.681
0.746571 559.346
0.451988 538.948
0.977985 575.563
0.931866 572.428
1.08286 582.989
0.859365 567.53
1.05585 581.251
0.929054 572.511
1.05441 581.29
1.28879 597.643
0.971084 575.639
0.651021 553.471
0.813708 564.844
0.802822 564.157
0.687904 556.242
0.807947 564.652
0.900164 571.129
0.962683 575.542
0.680816 556.028
0.87703 569.73
0.80447 564.758
0.846948 567.779
1.00596 578.896
0.897202 571.409
1.26058 596.726
0.918022 572.995
1.24026 595.453
1.22963 594.784
1.03259 581.164
1.04843 582.333
0.878493 570.596
1.22677 594.863
1.2077 593.608
1.28462 599.022
1.1648 590.766
0.910168 573.144
1.02341 581.082
0.800374 565.654
0.92905 574.664
0.796509 565.525
0.985122 578.699
1.13798 589.389
1.17065 591.728
1.24111 596.693
1.22182 595.423
1.26706 598.635
1.13716 589.679
0.740835 562.213
1.07374 585.412
0.704981 559.86
0.834545 568.932
1.1506 590.96
1.07558 585.818
0.696015 559.515
0.825427 568.576
0.863383 571.283
1.06549 585.395
1.06739 585.596
1.11482 588.961
1.42383 610.5
1.17295 593.139
1.04415 584.26
0.831061 569.524
0.928046 576.331
0.840021 570.285
0.968343 579.27
0.927057 576.471
1.26224 599.829
1.02791 583.617
0.950925 578.338
1.05543 585.669
0.898544 574.838
0.697198 560.918
0.887953 574.241
0.662919 558.675
0.641038 557.224
0.659109 558.549
1.1054 589.626
1.16118 593.572
1.10677 589.861
1.05146 586.087
0.902836 575.831
1.1709 594.525
1.34089 606.405
1.15149 593.315
1.18283 595.562
0.898288 575.862
1.12209 591.481
0.934496 578.517
1.46853 615.69
1.51505 618.992
1.20303 597.382
1.28461 603.12
1.20828 597.887
1.35454 608.118
1.51138 619.084
1.62079 626.755
1.81524 640.335
1.51525 619.562
1.43912 614.342
1.18748 596.928
0.899061 576.958
0.907075 577.584
0.597517 556.146
1.20043 598.105
1.22751 600.056
0.995138 583.981
1.30445 605.541
1.32674 607.159
1.19627 598.164
1.27207 603.499
1.33338 607.829
1.30325 605.805
1.267 603.356
1.3293 607.754
1.14832 595.249
1.26888 603.695
1.05256 588.734
1.22838 601.02
0.868788 576.105
1.05939 589.418
1.11353 593.249
1.54906 623.579
1.35656 610.273
0.956814 582.569
0.967195 583.359
1.14339 595.671
1.20726 600.177
1.27669 605.071
0.762688 569.428
0.784819 571.035
0.594377 557.873
1.20866 600.623
1.17381 598.27
1.56695 625.655
1.36972 612.021
1.30274 607.437
0.999377 586.429
1.35191 610.992
1.39643 614.155
1.28011 606.142
0.995437 586.433
1.09635 593.514
1.38782 613.835
1.22263 602.427
0.967752 584.788
1.50877 622.447
1.05136 590.735
1.62319 630.535
1.49826 621.924
1.52744 624.022
1.23747 603.944
1.05357 591.237
1.03601 590.086
1.20917 602.187
0.899215 580.72
1.26333 606.089
1.24534 604.908
1.41217 616.568
1.6994 636.595
1.76526 641.24
1.24096 604.882
1.01495 589.248
0.732004 569.659
0.585942 559.58
0.894863 581.113
0.869309 579.407
0.996853 588.338
0.919329 583.021
1.5119 624.262
1.07892 594.248
1.3044 609.984
1.12834 597.821
1.2849 608.768
1.14524 599.134
1.51649 624.998
1.16604 600.718
1.6165 632.085
1.2541 606.975
1.43278 619.46
1.21212 604.198
1.27242 608.457
0.846472 578.932
1.20918 604.202
1.00269 589.925
1.09508 596.413
0.779516 574.558
1.02181 591.462
1.03349 592.342
1.1601 601.209
1.06062 594.367
1.38052 616.662
1.27936 609.703
1.36133 615.468
1.26862 609.096
1.21382 605.358
1.08216 596.28
1.28316 610.315
1.10638 598.101
0.860564 581.092
1.34003 614.475
0.974537 589.15
1.12354 599.572
1.33579 614.388
1.11228 598.929
0.74185 573.261
0.905901 584.728
0.822012 578.969
0.969566 589.291
1.04535 594.625
1.16667 603.125
1.49334 625.89
1.37139 617.487
1.1777 604.099
1.42584 621.409
1.28333 611.577
1.6079 634.197
1.32345 614.504
1.45365 623.619
1.42946 622.008
1.51505 628.024
1.04149 595.191
1.26129 610.532
0.939982 588.277
0.694239 571.273
0.631845 567.007
1.08103 598.286
1.40582 620.921
1.25349 610.407
1.41172 621.47
1.57659 632.995
1.48668 626.817
1.43732 623.457
0.798492 579.142
1.24162 609.999
1.1342 602.605
1.76058 646.195
1.41673 622.374
1.41398 622.253
0.996083 593.287
1.03378 595.975
0.652992 569.588
0.958264 590.868
1.01893 595.152
1.07951 599.431
1.27141 612.833
1.44097 624.684
1.15299 604.745
1.35229 618.661
1.74563 646.059
1.64507 639.142
1.47836 627.629
1.3986 622.156
1.12393 603.142
1.35814 619.484
1.16144 605.888
1.12291 603.28
1.16084 605.985
1.1034 602.064
1.19002 608.151
1.28797 615.026
1.15716 606.007
0.76616 578.91
1.27578 614.387
1.05578 599.172
0.761832 578.818
1.07956 600.963
1.13591 604.947
1.17564 607.778
1.32015 617.887
1.10037 602.686
1.20844 610.265
1.05169 599.443
0.989385 595.184
1.08828 602.124
1.1974 609.775
1.25252 613.675
1.14145 606.027
1.20177 610.288
1.28921 616.432
1.27844 615.753
1.22379 612.026
1.16572 608.06
0.825897 584.52
0.414883 556.032
0.515588 563.099
0.246054 544.441
-0.535294 490.223
-0.75716 474.878
-0.854082 468.213
-0.527369 490.982
-0.164879 516.237
-0.292344 507.451
-0.579184 487.591
-0.527907 491.223
-0.542373 490.287
-0.884667 466.575
-0.59847 486.529
-0.453501 496.671
-0.470614 495.551
-0.537711 490.959
-0.445357 497.445
-0.690772 480.463
-0.345366 504.531
-0.543957 490.803
-0.826259 471.258
-0.859031 469.051
-0.708903 479.551
-0.833859 470.938
-0.425359 499.39
-0.611414 486.533
-0.705725 480.05
-0.567371 489.732
-0.945601 463.522
-0.773513 475.548
-0.468835 496.786
-0.906241 466.465
-0.817645 472.69
-0.995949 460.371
-1.02426 458.474
-0.645777 484.84
-0.468203 497.247
-0.526405 493.273
-1.23041 444.428
-1.5831 419.993
-2.2324 374.95
-2.92391 326.974
-3.46995 289.106
-3.90832 258.718
-3.98889 253.189
-5.05272 179.345
-5.69906 134.507
-6.06434 109.198
-6.09113 107.406
-6.47507 80.7994
-6.27893 94.4964
-6.44167 83.2588
-6.1177 105.838
-6.38906 87.0527
-6.51659 78.2621
-6.23398 97.9671
-5.77895 129.651
-6.32766 91.5969
-6.47215 81.6271
-6.61679 71.6478
-6.0609 110.34
-6.02262 113.069
-6.50366 79.7161
-5.89299 122.214
-5.57929 144.079
-5.80878 128.204
-6.07024 110.108
-5.87616 123.661
-5.59774 143.076
-5.85864 125.018
-6.1585 104.253
-6.12907 106.367
-6.37749 89.1772
-6.50162 80.6222
-6.7013 66.8178
-6.4267 85.9662
-5.96101 118.392
-5.72366 134.952
-5.98842 116.626
-5.66503 139.164
-5.92513 121.162
-6.02135 114.547
-5.68923 137.691
-6.02881 114.167
-6.12337 107.667
-5.85348 126.488
-5.64052 141.353
-5.62983 142.165
-5.43607 155.698
-5.54265 148.362
-5.55377 147.659
-5.17616 173.964
-5.19163 172.959
-5.4835 152.749
-6.12733 108.086
-6.43113 87.0478
-6.03123 114.902
-6.21371 102.293
-5.93647 121.625
-5.83441 128.786
-5.86865 126.476
-5.97946 118.847
-6.09187 111.106
-5.94328 121.499
-5.79089 132.157
-6.10243 110.581
-6.27114 98.9285
-6.706 68.7845
-6.56391 78.7261
-6.07517 112.753
-5.79995 131.944
-5.67456 140.726
-5.58503 147.016
-5.45639 156.023
-5.34021 164.164
-5.735 136.804
-5.63219 144.017
-5.5747 148.08
-5.08556 182.135
-4.91911 193.77
-5.69891 139.659
-5.9169 124.583
-5.58399 147.783
-5.54018 150.896
-5.55794 149.731
-5.91649 124.889
-6.00366 118.902
-5.86124 128.867
-5.89267 126.753
-5.953 122.631
-5.74189 137.368
-5.49947 154.28
-5.40806 160.701
-5.28232 169.507
-5.28999 169.043
-5.345 165.291
-5.46146 157.269
-5.55891 150.567
-5.55443 150.948
-5.76831 136.157
-6.28784 100.131
-6.52231 83.9093
-6.50442 85.2214
-5.9076 126.758
-5.63953 145.452
-5.60979 147.588
-5.62984 146.264
-5.34721 165.97
-5.6355 146.01
-5.80804 134.092
-5.78233 135.948
-5.81809 133.532
-6.04774 117.646
-6.14007 111.301
-6.01328 120.179
-6.12232 112.673
-6.39381 93.8795
-6.39854 93.6205
-6.04908 117.97
-6.0734 116.35
-5.84436 132.332
-5.32635 168.393
-5.68406 143.609
-5.75169 138.98
-5.55207 152.918
-5.8076 135.234
-5.91303 127.978
-5.61403 148.822
-5.56553 152.261
-5.21723 176.53
-5.21298 176.895
-5.20404 177.586
-5.52907 155.072
-5.4718 159.12
-5.56087 153.002
-5.63087 148.208
-5.50904 156.742
-5.53882 154.743
-5.6037 150.304
-5.68338 144.837
-5.86271 132.447
-5.993 123.464
-6.1945 109.534
-5.91931 128.723
-5.72496 142.296
-5.7325 141.841
-5.44739 161.72
-5.52955 156.081
-5.40496 164.807
-5.66526 146.791
-5.50497 157.997
-5.81164 136.759
-5.72893 142.576
-5.61898 150.284
-5.09556 186.721
-5.07882 187.953
-4.8356 204.922
-4.81651 206.317
-5.17234 181.664
-5.74474 141.964
-5.34402 169.875
-5.35885 168.914
-5.5793 153.667
-5.38856 166.988
-5.01233 193.198
-5.47629 161.032
-5.65797 148.479
-5.57834 154.08
-5.46604 161.953
-5.53539 157.204
-6.09939 118.088
-6.68689 77.3375
-6.75911 72.3895
-6.93143 60.4863
-7.12236 47.2905
-7.47517 22.8469
-7.58586 15.2253
-7.33021 33.0572
-7.41325 27.3573
-6.89979 63.1014
-6.47211 92.886
-6.21685 110.69
-6.21257 111.057
-5.87075 134.876
-5.53192 158.487
-5.48676 161.694
-5.85592 136.115
-5.82716 138.182
-5.916 132.079
-5.93986 130.491
-6.15407 115.678
-5.96754 128.707
-6.12291 117.982
-5.77036 142.546
-5.60521 154.09
-5.82176 139.114
-6.21952 111.547
-6.52452 90.4255
-6.52568 90.4147
-6.74113 75.5144
-6.61655 84.2398
-6.57295 87.3386
-7.0157 56.6465
-7.4364 27.4858
-7.44322 27.0816
-7.84847 -1.00561
-7.99357 -11.0176
-8.61804 -54.3356
-8.63514 -55.4542
-8.31048 -32.8273
-7.96535 -8.77894
-8.16129 -22.3229
-8.23309 -27.2421
-7.99617 -10.7118
-7.54438 20.7477
-7.1423 48.7537
-6.69788 79.701
-6.3658 102.843
-5.88654 136.211
-6.05434 124.622
-6.22991 112.493
-6.0235 126.903
-5.61978 155.023
-5.61465 155.449
-5.66445 152.058
-5.33643 174.918
-5.28841 178.324
-5.32401 175.92
-5.14387 188.506
-5.286 178.7
-5.43015 168.754
-5.92829 134.214
-6.13572 119.871
-5.88066 137.661
-5.88043 137.747
-5.49007 164.939
-5.23154 182.97
-5.1186 190.886
-5.17443 187.077
-5.0246 197.557
-5.3665 173.871
-5.55632 160.752
-5.31589 177.527
-4.83901 210.729
-5.17491 187.461
-5.1438 189.691
-5.18881 186.634
-5.27086 181.002
-5.41442 171.098
-5.3789 173.635
-5.4746 167.056
-5.80538 144.143
-6.00967 130.018
-6.08097 125.134
-5.51345 164.634
-5.27415 181.33
-5.48842 166.512
-5.40143 172.625
-5.30821 179.172
-5.64606 155.768
-5.80489 144.802
-5.86408 140.759
-5.58014 160.556
-5.43792 170.507
-5.60873 158.709
-5.67341 154.285
-5.9777 133.212
-5.7539 148.831
-5.52951 164.491
-5.41484 172.528
-5.194 187.941
-5.20887 186.977
-5.82307 144.372
-5.79225 146.583
-5.96307 134.785
-5.96414 134.779
-5.43003 171.959
-5.68049 154.627
-5.70632 152.901
-5.63944 157.617
-5.58968 161.144
-5.71068 152.806
-5.76724 148.946
-5.63649 158.1
-5.8236 145.169
-5.58862 161.565
-5.66018 156.663
-5.50194 167.727
-5.95266 136.48
-5.97905 134.717
-5.55506 164.244
-5.43872 172.397
-5.59485 161.619
-5.44162 172.335
-5.51473 167.324
-5.28617 183.274
-5.25983 185.174
-5.5322 166.319
-5.28507 183.559
-5.22001 188.149
-5.62369 160.171
-5.5464 165.61
-5.5541 165.145
-5.71323 154.158
-5.29757 183.107
-5.08961 197.626
-5.05222 200.293
-5.32778 181.217
-6.03111 132.419
-6.06104 130.409
-5.91408 140.69
-5.84721 145.405
-5.9983 134.977
-5.87404 143.679
-6.06224 130.673
-5.85242 145.321
-5.97214 137.073
-6.30712 113.868
-6.17712 122.969
-5.8019 149.109
-5.94251 139.409
-5.69436 156.719
-5.52701 168.416
-5.69272 156.972
-5.5754 165.193
-5.61666 162.396
-5.89897 142.851
-5.96065 138.635
-6.02906 133.951
-5.88101 144.307
-5.67225 158.881
-5.96242 138.79
-5.98036 137.613
-5.64247 161.159
-5.40337 177.841
-5.3698 180.242
-5.62747 162.409
-6.0922 130.19
-6.13376 127.372
-5.66448 160.046
-5.2377 189.768
-5.11526 198.345
-5.29166 186.158
-5.44583 175.516
-5.45698 174.811
-5.31806 184.532
-5.71623 156.937
-5.61946 163.73
-5.36963 181.158
-5.22224 191.468
-4.92693 212.055
-5.22774 191.224
-5.9122 143.738
-6.04934 134.279
-6.30753 116.41
-6.20016 123.939
-6.27658 118.699
-6.31963 115.778
-5.76736 154.218
-5.75826 154.92
-5.4057 179.485
-5.66847 161.298
-5.75985 155.018
-5.51942 171.792
-5.26132 189.795
-5.0866 202.003
-5.29667 187.477
-5.31674 186.152
-5.45631 176.525
-5.249 190.998
-5.70633 159.293
-5.99364 139.4
-5.93721 143.39
-6.05491 135.282
-5.83029 150.958
-5.96955 141.351
-5.94538 143.1
-5.36594 183.429
-5.19512 195.366
-5.45234 177.564
-5.74045 157.616
-5.32912 186.265
-5.48607 175.43
-5.95037 143.24
-6.0205 138.437
-5.91205 146.041
-6.06628 135.395
-5.70059 160.872
-5.64883 164.538
-5.68395 162.168
-5.2028 195.667
-5.24663 192.691
-5.85769 150.305
-5.45819 178.131
-5.62297 166.752
-5.25044 192.704
-5.13581 200.738
-5.69638 161.86
-4.95702 213.299
-4.96909 212.53
-5.48935 176.452
-5.55235 172.145
-5.26345 192.287
-5.85637 151.16
-5.4221 181.402
-5.65869 165.034
-5.21063 196.234
-5.2168 195.875
-5.94019 145.684
-5.49545 176.654
-5.37428 185.142
-5.2012 197.237
-5.24881 193.999
-5.33748 187.908
-5.46496 179.12
-5.36748 185.962
-5.52821 174.864
-5.95901 145.002
-5.506 176.546
-5.37977 185.386
-5.69657 163.445
-6.45503 110.817
-6.88726 80.8556
-6.4036 114.529
-5.86227 152.21
-5.65273 166.838
-5.71566 162.535
-5.62139 169.154
-6.04063 140.096
-6.65127 97.7384
-6.40807 114.705
-6.1734 131.079
-6.61153 100.708
-6.43079 113.335
-6.19209 129.989
-6.39154 116.201
-6.20794 129.027
-6.0062 143.113
-6.17084 131.743
-6.41488 114.857
-6.19916 129.915
-6.43595 113.532
-6.52743 107.246
-6.50688 108.743
-6.8272 86.5573
-6.56251 105.017
-6.52672 107.573
-6.60195 102.416
-5.96668 146.623
-5.87802 152.852
-6.64274 99.7898
-6.3296 121.616
-6.67364 97.7819
-5.77235 160.472
-5.83608 156.114
-6.45626 113.093
-6.24745 127.671
-6.34218 121.159
-6.21696 129.929
-6.48 111.722
-6.45931 113.229
-6.14979 134.804
-6.43069 115.357
-6.65395 99.914
-6.55387 106.937
-6.29301 125.131
-6.47521 112.542
-6.60686 103.464
-6.48767 111.814
-6.36694 120.272
-5.9124 151.923
-6.08536 139.975
-5.66835 169.018
-5.44585 184.547
-5.79299 160.497
-5.96656 148.507
-5.97307 148.124
-6.211 131.662
-5.95431 149.567
-6.659 100.675
-6.74278 94.9235
-6.17925 134.146
-6.2395 130.03
-6.03121 144.571
-6.35313 122.274
-6.36861 121.268
-5.86177 156.552
-6.56422 107.816
-6.15605 136.245
-6.31914 124.983
-6.38434 120.522
-6.18078 134.735
-5.95856 150.244
-6.03826 144.776
-5.91725 153.253
-5.9025 154.348
-6.08789 141.536
-6.43072 117.786
-6.44054 117.173
-6.19533 134.28
-6.15214 137.35
-6.302 127.008
-5.85258 158.302
-5.97177 150.09
-5.84881 158.703
-5.92231 153.666
-5.59435 176.522
-5.82785 160.368
-6.27957 129.052
-6.13088 139.453
-6.45291 117.148
-6.60457 106.68
-6.38256 122.175
-6.2 134.929
-6.21445 133.994
-6.33673 125.567
-6.27687 129.795
-6.48736 115.24
-6.26529 130.74
-5.93261 153.923
-6.21528 134.353
-6.84453 90.703
-6.6174 106.553
-6.42912 119.704
-6.64904 104.494
-6.38195 123.121
-6.64652 104.808
-6.56902 110.262
-5.87067 158.852
-6.35249 125.445
-6.39493 122.566
-5.57322 179.727
-5.77862 165.525
-5.71623 169.929
-6.13703 140.762
-5.50707 184.6
-6.16199 139.167
-6.64199 105.886
-6.67921 103.37
-6.21327 135.813
-6.69874 102.153
-6.09417 144.227
-5.99936 150.884
-6.26356 132.597
-6.25981 132.927
-6.22388 135.492
-6.26381 132.787
-6.26043 133.092
-6.12027 142.9
-5.81158 164.416
-5.70031 172.217
-5.80032 165.338
-6.14914 141.172
-6.42951 121.761
-6.14436 141.642
-6.28606 131.867
-6.10282 144.668
-6.19612 138.255
-6.13311 142.702
-6.01766 150.793
-6.22899 136.18
-5.87988 160.505
-6.26493 133.822
-6.1193 144.009
-6.02185 150.85
-6.06074 148.217
-5.96138 155.19
-6.12203 144.097
-6.08822 146.516
-6.36935 127.053
-6.29445 132.326
-6.16567 141.343
-6.44998 121.659
-6.45557 121.34
-6.5714 113.362
-6.83468 95.1392
-6.27194 134.307
-6.49983 118.543
-6.44326 122.543
-6.10529 146.094
-5.82398 165.709
-5.94955 157.054
-6.15009 143.19
-6.28678 133.762
-5.84616 164.446
-5.68061 176.017
-6.24018 137.209
-6.02772 152.04
-6.47474 121.05
-6.4628 121.95
-6.65242 108.845
-6.25109 136.798
-5.71005 174.458
-6.03252 152.123
-6.19264 141.067
-6.35833 129.625
-5.97973 155.999
-5.81468 167.536
-6.16566 143.22
-6.20515 140.545
-6.28285 135.217
-6.23793 138.407
-6.62657 111.474
-6.43516 124.842
-6.28361 135.442
-6.52368 118.832
-6.78517 100.733
-7.13071 76.7946
-7.74796 33.9779
-8.10857 8.99279
-7.64497 41.2726
-8.03497 14.2451
-7.53359 49.1503
-7.30608 65.0269
-7.62057 43.2458
-7.9467 20.6564
-8.07212 12.0114
-7.83518 28.543
-7.93808 21.4631
-7.7131 37.1646
-7.39866 59.0809
-7.44072 56.2279
-7.99384 17.867
-7.88055 25.808
-7.74158 35.5333
-7.7087 37.887
-7.83588 29.1198
-7.99009 18.475
-7.88924 25.5513
-8.06404 13.4759
-8.20375 3.83899
-7.89208 25.5629
-7.45308 56.1332
-7.28648 67.7783
-7.4147 58.9392
-8.15648 7.47014
-8.03926 15.6842
-7.73537 36.8674
-7.69638 39.6461
-7.74515 36.3269
-7.9223 24.0885
-7.68715 40.4958
-7.49905 53.6341
-7.21555 73.4012
-6.85027 98.8498
-7.08924 82.3163
-7.27717 69.3284
-7.11834 80.4329
-7.13423 79.3988
-7.8153 32.148
-8.59084 -21.6663
-8.58723 -21.3463
-8.61832 -23.437
-8.22378 4.04525
-8.21625 4.638
-7.42549 59.6486
-7.19291 75.8774
-7.56784 49.897
-7.42127 60.1501
-7.7555 36.9976
-7.45626 57.8583
-7.26355 71.3165
-7.29558 69.1606
-6.98147 91.0543
-7.23236 73.6921
-7.53618 52.6527
-7.5378 52.6098
-7.84079 31.6275
-7.69018 42.1612
-7.78281 35.7945
-7.4508 58.9321
-7.52596 53.7794
-7.53543 53.1914
-7.61696 47.5957
-7.71937 40.55
-7.84367 31.9831
-7.6581 44.9462
-7.31742 68.6857
-7.17539 78.623
-6.95149 94.249
-6.89302 98.3811
-7.11154 83.2677
-7.73625 39.9328
-7.88185 29.8862
-7.80003 35.6406
-7.39888 63.5819
-7.5396 53.8739
-7.07118 86.489
-7.58599 50.7896
-7.75574 39.0655
-7.80814 35.4942
-7.73495 40.649
-7.87365 31.0816
-7.79972 36.2876
-7.97779 23.9849
-7.62067 48.8669
-7.44974 60.8122
-7.18254 79.4464
-7.27138 73.3433
-7.86532 32.1465
-7.60486 50.3124
-7.62297 49.1237
-7.67706 45.4349
-7.5313 55.632
-7.2259 76.9199
-7.38292 66.0803
-7.33856 69.2316
-7.34352 68.9568
-7.05767 88.8864
-7.22198 77.5399
-7.23848 76.4632
-7.32813 70.3036
-7.90238 30.4746
-8.30163 2.80482
-8.0717 18.8497
-7.71676 43.5799
-7.37318 67.5211
-7.3511 69.125
-7.52976 56.7809
-7.85864 34.0004
-7.70969 44.4188
-7.48256 60.2689
-7.21012 79.2675
-7.29091 73.7235
-7.22985 78.0356
-7.32393 71.568
-7.51102 58.6392
-7.60061 52.4837
-7.76613 41.0529
-7.35091 69.9718
-6.91953 100.013
-6.51158 128.426
-6.88094 102.833
-7.08484 88.7359
-7.75162 42.4783
-7.61443 52.0796
-7.685 47.246
-7.67311 48.141
-7.45875 63.1044
-7.36531 69.6659
-7.35507 70.4465
-7.25374 77.5564
-7.42843 65.4885
-7.40709 67.0413
-7.33106 72.3931
-7.42505 65.932
-7.42446 66.0427
-7.68171 48.2383
-7.40265 67.6971
-7.483 62.1838
-7.5402 58.2788
-7.39014 68.7744
-7.61074 53.5169
-7.16006 84.8988
-7.24674 78.9465
-7.34544 72.1578
-7.50003 61.4872
-7.60268 54.4246
-7.5829 55.8681
-7.82464 39.1417
-7.94719 30.6967
-7.93391 31.6885
-7.89044 34.7783
-7.80186 41.0024
-7.93166 32.0537
-7.83042 39.1571
-7.46092 64.8986
-7.22578 81.306
-7.57829 56.8834
-7.59786 55.5929
-6.89871 104.238
-6.81736 109.96
-7.68947 49.4367
-7.95972 30.7294
-7.77159 43.8698
-7.62313 54.2544
-7.71437 47.9846
-7.90975 34.4786
-7.84522 39.0316
-7.49099 63.7131
-7.06469 93.4012
-6.83444 109.468
-7.24408 81.0761
-7.51934 62.0209
-7.47596 65.1045
-7.80294 42.456
-7.30821 76.899
-7.00637 97.9399
-7.17746 86.1219
-7.68949 50.6163
-7.80412 42.7209
-8.04682 25.9281
-7.96623 31.5971
-7.36433 73.4859
-7.1267 90.0658
-7.64726 53.9672
-7.47151 66.2476
-7.16117 87.879
-7.29513 78.641
-7.38529 72.4465
-7.38224 72.7277
-7.66977 52.8201
-7.27868 80.0618
-7.17785 87.137
-7.27237 80.6394
-7.19841 85.8473
-7.2211 84.3403
-7.1724 87.7938
-7.47911 66.5531
-7.48979 65.8804
-7.6232 56.681
-7.75102 47.8698
-8.0504 27.1387
-7.94342 34.6409
-7.86345 40.2664
-7.9554 33.9472
-7.96251 33.5226
-7.68085 53.1618
-7.52321 64.1839
-7.74029 49.1711
-7.89119 38.7559
-8.08512 25.3514
-8.10771 23.8517
-7.76108 48.0041
-7.41495 72.1227
-7.34262 77.2178
-7.58439 60.4889
-7.84401 42.5204
-7.58644 60.4856
-8.00296 31.6157
-7.97731 33.4671
-7.85746 41.8639
-7.68221 54.1096
-7.80567 45.6013
-8.54955 -6.01348
-8.25906 14.2393
-7.75582 49.2731
-7.66999 55.3058
-7.41945 72.7828
-7.69167 53.9383
-7.92554 37.7588
-7.69626 53.7588
-7.72809 51.6169
-7.71694 52.461
-8.43378 2.72488
-8.15876 21.9024
-8.00365 32.7491
-7.91446 39.0152
-7.90047 40.0566
-8.07926 27.7039
-8.00735 32.7698
-7.9897 34.0657
-7.80106 47.2415
-7.57612 62.9398
-7.19181 89.7105
-7.40489 74.9754
-7.41634 74.2492
-7.72893 52.6006
-8.06071 29.6183
-7.72231 53.1994
-7.32109 81.1449
-7.06868 98.7521
-7.01808 102.337
-6.9745 105.435
-7.25899 85.7377
-7.67796 56.6975
-7.74552 52.0732
-7.75059 51.7903
-7.32945 81.1204
-6.93648 108.493
-7.20378 89.9909
-7.93079 39.5479
-7.5718 64.5598
-7.43813 73.9164
-7.31248 82.7162
-7.50562 69.3661
-7.28475 84.782
-7.42859 74.8577
-7.25391 87.0638
-7.39346 77.4374
-7.53601 67.6021
-7.43522 74.6743
-7.64639 60.0722
-7.53813 67.6638
-7.83363 47.2019
-8.23324 19.5067
-7.81268 48.7962
-7.66419 59.1827
-7.93105 40.711
-8.05716 32.0185
-7.5256 69.0202
-7.59302 64.4058
-7.04996 102.206
-7.31009 84.202
-7.69512 57.5202
-7.58458 65.2699
-8.14478 26.4173
-8.40138 8.65853
-7.44726 75.0189
-7.11208 98.3766
-7.17679 93.9499
-6.99215 106.848
-6.74738 123.924
-6.83121 118.169
-7.09497 99.913
-7.00819 106.012
-7.24807 89.4147
-7.547 68.7144
-7.33534 83.4903
-7.3124 85.1536
-7.41811 77.878
-7.70752 57.8396
-7.88962 45.2575
-7.81646 50.4096
-7.66356 61.1026
-7.19755 93.5501
-7.29713 86.7008
-7.66317 61.3384
-7.56643 68.1293
-7.31107 85.9409
-7.58964 66.6551
-7.9649 40.6519
-7.7373 56.535
-7.63649 63.609
-7.74186 56.3574
-7.74289 56.3553
-7.92642 43.6734
-7.86722 47.8558
-7.69621 59.8065
-7.19033 95.0243
-6.82591 120.413
-7.0715 103.42
-7.40114 80.5863
-7.49759 73.9544
-7.25394 90.9521
-7.54694 70.6642
-7.33637 85.3641
-7.0239 107.144
-7.55306 70.4474
-8.1474 29.2231
-8.14273 29.6167
-7.9996 39.6309
-7.73365 58.1782
-7.58627 68.4875
-7.32781 86.5146
-7.47966 76.0335
-7.33501 86.1534
-7.33436 86.268
-7.40493 81.434
-7.65731 63.9685
-8.26287 21.9643
-8.38927 13.2516
-8.24616 23.2641
-7.80535 53.9605
-7.77431 56.1869
-7.77131 56.4649
-7.98116 41.9541
-8.19152 27.4083
-7.71 60.933
-7.48742 76.467
-7.41903 81.2885
-7.58959 69.5077
-7.99677 41.2867
-7.86354 50.6127
-7.4205 81.4642
-7.47994 77.4035
-7.5872 70.0211
-7.25075 93.4664
-7.67737 63.895
-8.56931 1.9933
-8.28122 22.079
-8.13741 32.1404
-8.15561 30.9452
-7.62241 68.061
-7.72365 61.0965
-7.86069 51.6442
-7.79308 56.4111
-7.71327 62.0262
-7.68908 63.7764
-7.60646 69.586
-7.21669 96.7363
-7.31614 89.8962
-7.63876 67.5504
-7.78452 57.4925
-8.05823 38.545
-8.06194 38.3563
-7.65483 66.7119
-7.43991 81.7138
-7.72826 61.749
-7.80729 56.327
-7.95685 46.0054
-8.05681 39.1299
-7.76249 59.6486
-7.40579 84.5007
-7.19732 99.0548
-7.03774 110.212
-7.79122 57.9303
-8.16841 31.7931
-7.58449 72.4326
-7.76336 60.0741
-7.83791 54.9644
-7.67379 66.4364
-8.13155 34.7015
-8.28717 23.9586
-7.89134 51.5296
-7.79183 58.5131
-7.56336 74.4563
-7.46975 81.0298
-7.38992 86.6462
-7.51721 77.8716
-7.73234 62.9937
-7.50446 78.8964
-7.29611 93.4419
-7.42177 84.7804
-7.18016 101.637
-7.19546 100.643
-7.29288 93.9441
-7.61137 71.8849
-7.66769 68.0416
-7.77951 60.3417
-8.05727 41.1128
-7.44935 83.4198
-7.32725 91.9728
-7.03221 112.541
-7.2759 95.6795
-7.18345 102.172
-7.42229 85.6471
-7.73773 63.8004
-7.5314 78.2053
-7.39415 87.8111
-7.79089 60.3153
-7.55641 76.6767
-7.27895 96.0236
-7.15101 104.982
-7.28726 95.5847
-6.92943 120.516
-6.92537 120.867
-7.1824 103.079
-7.57314 76
-7.64053 71.3875
-7.86678 55.7373
-7.72306 65.7928
-7.68686 68.3771
-7.57239 76.3997
-7.77187 62.6097
-8.03999 44.0502
-8.19123 33.612
-7.63026 72.6567
-7.41906 87.4002
-7.37023 90.8623
-7.63572 72.4859
-7.87019 56.2648
-7.57525 76.8261
-7.48053 83.4768
-7.64444 72.1579
-7.65228 71.6832
-7.60268 75.1987
-7.27084 98.3241
-7.53644 79.9399
-7.64024 72.7974
-7.75166 65.1255
-7.95737 50.9027
-7.76248 64.5126
-7.40705 89.2774
-7.4811 84.2018
-8.018 46.9675
-7.58384 77.2026
-7.25225 100.31
-7.43799 87.475
-7.5921 76.8366
-7.46303 85.8742
-7.57688 78.0335
-7.48313 84.6165
-7.50345 83.2743
-7.55755 79.5846
-7.96463 51.3705
-7.98677 49.9021
-7.77145 64.9319
-7.66857 72.1493
-7.39916 90.9367
-8.01062 48.5227
-8.40544 21.1603
-7.85003 59.819
-7.38916 91.9099
-7.85597 59.5453
-8.42683 19.9525
-8.01392 48.7105
-7.48567 85.4824
-7.7135 69.722
-7.9493 53.4085
-8.48621 16.1741
-8.00626 49.5903
-8.23025 34.0966
-8.19472 36.635
-8.24447 33.2478
-8.01881 48.9959
-7.60891 77.5445
-7.4815 86.4666
-7.67012 73.431
-7.93169 55.3265
-8.23349 34.4274
-7.88519 58.6965
-7.33917 96.7027
-7.05154 116.757
-7.4325 90.3574
-7.87363 59.7779
-8.31914 28.8933
-8.44123 20.4801
-8.34875 26.9754
-7.65962 74.9246
-7.58473 80.1975
-7.41061 92.3646
-7.99033 52.1561
-8.45915 19.6522
-8.27835 32.2835
-8.01902 50.3708
-7.67035 74.6653
-7.47077 88.6014
-7.65016 76.2071
-7.62971 77.6979
-8.20284 37.9469
-8.15482 41.3525
-7.85459 62.2817
-7.70056 73.0527
-7.79721 66.4071
-7.45971 89.9257
-7.32114 99.623
-7.72254 71.804
-7.66395 75.9441
-7.57504 82.1905
-7.45917 90.3108
-7.26706 103.728
-7.42714 92.6755
-7.59081 81.373
-8.11272 45.1811
-8.03616 50.5697
-7.61836 79.6671
-7.58248 82.2295
-7.69042 74.8
-7.58756 82.0155
-7.47579 89.851
-7.47977 89.6438
-7.40857 94.66
-7.72708 72.5997
-8.00445 53.3978
-7.46791 90.7458
-7.39889 95.611
-7.53258 86.3918
-7.72229 73.28
-8.03304 51.7593
-7.73665 72.4215
-7.23739 107.179
-7.76537 70.565
-7.49859 89.1697
-7.46829 91.3448
-8.26063 36.363
-7.83283 66.1555
-7.99003 55.3034
-8.35261 30.1812
-8.15212 44.1805
-8.17766 42.4752
-8.18533 42.0117
-8.50332 19.9878
-8.65134 9.77263
-8.49007 21.0475
-8.30129 34.2333
-8.10821 47.7178
-8.53344 18.2421
-8.16266 44.073
-8.21716 40.356
-8.30996 33.9782
-8.36949 29.9114
-8.36867 30.0379
-8.41244 27.066
-8.08469 49.9078
-7.79966 69.7804
-7.62245 82.1622
-7.68312 78.0169
-7.99417 56.4746
-7.83113 67.8723
-7.81778 68.8692
-7.8422 67.2415
-8.03039 54.2359
-7.75903 73.1594
-7.61171 83.4647
-7.50088 91.2343
-7.78678 71.4395
-7.77695 72.192
-7.73106 75.45
-7.37407 100.323
-7.38365 99.7268
-7.03611 123.943
-6.99489 126.877
-7.28444 106.828
-7.49297 92.4091
-7.31256 105.013
-7.13196 117.63
-6.84467 137.661
-6.91882 132.579
-7.19018 113.794
-7.28352 107.379
-7.79336 72.0248
-7.85167 68.0432
-7.86296 67.328
-8.22022 42.5756
-8.24119 41.1878
-8.08338 52.2219
-8.15695 47.1795
-8.01357 57.2111
-7.82166 70.6142
-7.24 111.097
-7.43572 97.5678
-7.74616 76.0686
-7.52777 91.3117
-7.66315 81.9749
-7.66091 82.1998
-7.78929 73.3495
-8.14564 48.66
-8.24357 41.9256
-7.65006 83.2315
-7.66358 82.362
-7.55441 90.0163
-7.48585 94.849
-7.43463 98.4773
-7.54164 91.1118
-7.97071 61.3699
-8.20228 45.35
-8.44151 28.7982
-8.3255 36.9282
-7.99612 59.8826
-7.59572 87.7717
-7.84341 70.6318
-8.06171 55.5341
-8.04989 56.4247
-9.15143 -20.0401
-9.1902 -22.6639
-9.10138 -16.4236
-9.01688 -10.4829
-8.5761 20.2117
-8.12543 51.5933
-8.22976 44.414
-7.98831 61.259
-7.76328 76.9635
-8.01217 59.7401
-8.46124 28.6085
-8.39818 33.0596
-8.22186 45.3796
-7.88723 68.6989
-8.17895 48.5
-8.31321 39.2412
-8.29573 40.5248
-8.48135 27.6975
-8.62339 17.8986
-8.29701 40.6445
-7.96363 63.8772
-7.82104 73.8532
-7.48088 97.5568
-7.78406 76.5617
-7.64474 86.3106
-7.52594 94.6345
-8.32302 39.3239
-8.37408 35.8454
-8.19573 48.3069
-7.8175 74.6551
-7.95805 64.9596
-8.23007 46.1295
-7.95718 65.1588
-7.8374 73.5503
-7.93815 66.6202
-7.4877 97.9865
-7.25656 114.115
-7.40174 104.097
-7.61044 89.6672
-7.86398 72.1205
-7.9372 67.1028
-7.98018 64.1862
-8.04919 59.461
-8.14933 52.5727
-8.46885 30.4424
-8.56492 23.8367
-8.73754 11.9129
-8.13834 53.6144
-8.21796 48.1515
-8.45927 31.4554
-8.46514 31.1167
-8.6536 18.0925
-8.12477 54.9046
-8.11421 55.7075
-7.97989 65.1091
-7.93939 67.9925
-8.68031 16.5837
-9.5631 -44.6823
-9.1066 -12.8954
-7.80071 77.9059
-7.63696 89.353
-7.99472 64.5654
-7.85918 74.0518
-7.83206 76.0059
-8.10469 57.1336
-7.92012 70.0267
-7.87511 73.2235
-7.78201 79.7612
-7.58976 93.188
-7.47853 100.986
-7.79419 79.1233
-7.59249 93.2065
-7.66672 88.1187
-7.47199 101.718
-7.83496 76.5688
-7.38144 108.148
-7.66858 88.2677
-8.23253 49.1545
-8.09348 58.8851
-8.84838 6.50466
-8.59178 24.4022
-8.35243 41.102
-7.50412 100.111
-7.46932 102.598
-7.0601 131.1
-7.54117 97.7451
-8.39628 38.4022
-8.15315 55.3645
-8.12717 57.2391
-7.95273 69.428
-7.89368 73.6004
-7.9518 69.6315
-7.40102 107.969
-7.16123 124.699
-7.21633 120.94
-7.18751 123.012
-7.56381 96.9363
-8.11433 58.756
-8.20229 52.7145
-7.94422 70.7147
-7.88652 74.7926
-8.24566 49.9093
-8.05158 63.4636
-8.41281 38.4348
-7.84754 77.7792
-7.88452 75.2793
-8.19074 54.0728
-8.43338 37.2841
-8.11625 59.3872
-8.06169 63.2477
-7.70429 88.1489
-7.47626 104.061
-7.49278 102.983
-7.79702 81.9142
-7.88933 75.5702
-7.58279 96.9378
-8.07436 62.8538
-8.15229 57.5087
-8.15211 57.5902
-7.56219 98.647
-7.37864 111.469
-7.63416 93.7855
-7.15952 126.833
-7.3174 115.933
-8.09767 61.7895
-8.48944 34.6393
-8.0636 64.2956
-8.24338 51.8743
-8.30988 47.3238
-8.27353 49.9185
-8.13696 59.477
-7.94854 72.6375
-8.02544 67.3639
-7.95479 72.342
-7.86791 78.4478
-8.16009 58.2171
-8.34136 45.692
-8.25063 52.0655
-8.09481 62.9613
-7.80022 83.4982
-7.60187 97.3488
-7.66041 93.3515
-7.91911 75.4467
-8.24495 52.8768
-8.60479 27.945
-8.0763 64.7338
-7.88557 78.0547
-7.855 80.248
-8.16117 59.0455
-8.56122 31.3195
-8.17139 58.4741
-8.13387 61.1506
-8.16904 58.7765
-8.35406 45.9908
-8.24423 53.6911
-7.91632 76.5435
-7.86768 79.9924
-7.7783 86.272
-8.32404 48.4242
-8.29225 50.7025
-8.14898 60.7263
-8.1326 61.9335
-8.28162 51.6496
-8.66121 25.3451
-8.41435 42.5666
-7.90228 78.2142
-7.97168 73.4613
-8.23734 55.0729
-8.25833 53.6842
-7.86835 80.849
-8.50189 36.9007
-8.26693 53.295
-7.74214 89.8269
-7.51456 105.708
-7.59338 100.301
-7.8509 82.4785
-8.21588 57.1895
-8.14608 62.1088
-7.81155 85.4209
-7.89393 79.7665
-7.56199 102.899
-7.52581 105.482
-7.9752 74.3285
-8.33078 49.693
-8.32899 49.8869
-8.2382 56.2638
-7.68048 95.0832
-7.51531 106.628
-7.92616 78.153
-8.33807 49.6033
-8.30194 52.1827
-8.53912 35.7736
-9.01733 2.61732
-8.81002 17.0903
-8.63709 29.1752
-8.58151 33.1057
-8.21844 58.4015
-7.69327 94.9588
-7.51943 107.107
-7.63122 99.4088
-8.17364 61.792
-8.4349 43.7089
-8.74489 22.2413
-8.7585 21.3647
-8.83607 16.0447
-8.15286 63.5827
-7.80562 87.7783
-7.95071 77.7669
-7.90179 81.2358
-7.83394 86.0188
-7.90963 80.8296
-8.131 65.5188
-8.25994 56.6293
-8.28305 55.0933
-8.45658 43.1064
-8.38919 47.858
-8.19454 61.4513
-8.29011 54.881
-8.48686 41.2801
-8.54143 37.558
-8.0848 69.3542
-7.32767 122.028
-7.27417 125.815
-6.80423 158.535
-7.27996 125.551
-7.45496 113.462
-7.32685 122.432
-7.60646 103.075
-7.91423 81.7606
-8.10101 68.8528
-7.77127 91.8328
-8.35051 51.6572
-8.34016 52.4454
-7.92619 81.2773
-8.0154 75.1488
-7.4969 111.243
-7.51856 109.807
-7.62033 102.806
-7.74661 94.102
-7.91065 82.7736
-7.84379 87.4883
-7.91606 82.5368
-7.90511 83.367
-8.05166 73.2546
-7.76504 93.2381
-7.91758 82.7093
-7.56356 107.376
-7.60671 104.447
-7.79766 91.2494
-8.1255 68.5412
-8.87687 16.4064
-8.37296 51.4868
-7.93169 82.2151
-8.10198 70.453
-8.25207 60.0944
-7.8255 89.8014
-7.84343 88.6251
-8.07678 72.4821
-8.23483 61.5703
-7.97237 79.875
-7.94371 81.9361
-7.68674 99.8596
-7.64021 103.162
-7.64101 103.176
-7.86401 87.7515
-8.45733 46.5976
-8.99685 9.18135
-8.72089 28.4246
-8.50442 43.534
-8.1432 68.7009
-7.98417 79.8195
-8.23792 62.259
-8.26697 60.3098
-8.09107 72.6008
-7.86628 88.2882
-8.03999 76.2889
-7.64022 104.134
-7.8284 91.129
-8.12642 70.4923
-8.43462 49.1484
-8.05197 75.8039
-7.66181 102.981
-7.56615 109.697
-7.85451 89.7313
-7.83974 90.8269
-8.28976 59.6294
-8.16538 68.3407
-7.84452 90.7032
-7.85579 89.99
-8.03463 77.6335
-8.49128 45.9759
-8.29604 59.6099
-8.37597 54.1263
-8.33308 57.1758
-8.18323 67.6566
-8.16996 68.648
-7.63524 105.869
-6.91975 155.65
-7.41962 120.989
-7.61216 107.681
-8.14985 70.3928
-8.20844 66.3912
-8.39753 53.3231
-8.79715 25.6274
-8.67864 33.9304
-7.86898 90.2546
-7.38671 123.832
-7.46235 118.646
-7.7852 96.2842
-8.0846 75.5513
-7.60693 108.809
-7.66186 105.062
-7.74123 99.6171
-7.35055 126.831
-7.26951 132.531
-7.42874 121.537
-7.55325 112.955
-7.85626 91.9723
-7.70585 102.492
-7.63427 107.535
-7.70885 102.423
-7.86109 91.9141
-7.85245 92.5841
-7.88273 90.5497
-7.71976 101.943
-7.88191 90.7456
-8.66114 36.6754
-8.21474 67.7601
-7.72621 101.772
-7.84952 93.2742
-7.76857 98.9679
-7.91571 88.8144
-7.99365 83.4687
-8.06704 78.439
-7.65654 107.029
-7.30641 131.426
-7.15123 142.277
-6.97594 154.526
-7.69804 104.424
-7.75942 100.229
-7.8996 90.5587
-8.21447 68.7515
-7.94097 87.8237
-7.74612 101.431
-7.71222 103.856
-7.42974 123.552
-7.5137 117.788
-7.97298 85.947
-7.63246 109.676
-7.97734 85.7832
-7.85221 94.5461
-7.84234 95.3013
-7.9767 86.0361
-8.32223 62.0979
-8.67073 37.9543
-8.54284 46.9094
-7.81706 97.4052
-7.37531 128.167
-7.11051 146.635
-7.3597 129.391
-7.55078 116.184
-7.77257 100.844
-7.67736 107.529
-7.88769 92.9845
-7.8054 98.7716
-7.94613 89.0628
-7.69387 106.659
-7.56745 115.512
-7.80836 98.8435
-8.25686 67.7516
-8.28606 65.7926
-8.2569 67.8879
-7.74235 103.708
-7.78327 100.934
-7.58422 114.834
-7.99757 86.1842
-7.77297 101.859
-7.66008 109.771
-8.08167 80.549
-7.81124 99.4077
-7.61494 113.116
-7.53739 118.574
-7.59471 114.66
-8.04185 83.663
-8.47782 53.4416
-7.92887 91.6517
-7.80765 100.143
-8.40749 58.5364
-8.62527 43.4753
-8.37774 60.7426
-8.33467 63.8045
-7.77885 102.492
-7.45387 125.141
-7.66466 110.565
-7.61758 113.906
-7.85656 97.3709
-8.0597 83.326
-8.12758 78.6797
-7.89243 95.0868
-8.15771 76.7251
-8.11976 79.431
-8.1265 79.0324
-7.8163 100.654
-7.56995 117.84
-7.45423 125.949
-7.71429 107.95
-7.76049 104.81
-7.83822 99.4788
-7.86818 97.4662
-7.96617 90.7277
-7.78384 103.466
-7.80638 101.969
-7.7865 103.42
-7.72335 107.877
-7.54964 120.015
-7.55466 119.736
-7.89011 96.4989
-8.1231 80.3803
-8.69064 41.0179
-8.51958 52.9722
-8.06597 84.5582
-7.604 116.725
-7.4068 130.495
-8.0169 88.1757
-8.28314 69.7475
-8.56616 50.1525
-8.30242 68.5465
-7.92008 95.1806
-7.96352 92.2318
-7.91686 95.5435
-7.83172 101.528
-7.93154 94.6623
-8.01078 89.2264
-7.91853 95.7055
-8.79793 34.6748
-8.51322 54.5256
-8.28781 70.2562
-7.87505 99.0042
-7.84565 101.117
-7.93942 94.6706
-7.75302 107.691
-7.79682 104.717
-7.93948 94.8749
-7.706 111.166
-7.6963 111.91
-7.52299 124.02
-7.48814 126.511
-7.99132 91.6205
-8.43749 60.6904
-8.41391 62.3983
-8.29959 70.411
-8.14604 81.1488
-8.2831 71.6952
-8.03951 88.6892
-8.15167 80.9662
-8.11413 83.6439
-7.93466 96.1829
-7.81564 104.521
-7.70231 112.465
-7.75181 109.095
-8.50151 57.0763
-8.2705 73.1965
-8.50149 57.2165
-8.12896 83.1693
-8.13403 82.8865
-7.75924 108.996
-7.78007 107.618
-7.77165 108.273
-8.10182 85.4024
-8.05361 88.8211
-8.08758 86.5305
-7.71847 112.246
-7.40151 134.337
-7.53821 124.908
-7.95295 96.1624
-8.26736 74.3868
-8.06969 88.1902
-8.01289 92.2065
-7.77011 109.144
-8.17693 80.9478
-8.40597 65.1038
-8.44368 62.5534
-8.36087 68.3761
-7.93173 98.2622
-7.88234 101.763
-7.74484 111.386
-7.81841 106.344
-8.16931 82.0333
-8.18546 80.9806
-7.62615 119.911
-7.38027 137.064
-7.64644 118.64
-8.05806 90.1102
-8.35224 69.7401
-8.13296 85.0453
-8.24574 77.2784
-7.87766 102.922
-7.19324 150.544
-7.5523 125.667
-8.06841 89.8774
-8.21694 79.627
-8.61356 52.1399
-8.53426 57.7187
-7.94977 98.3982
-8.21659 79.9292
-8.10859 87.5022
-7.97942 96.5469
-8.01482 94.1565
-8.40196 67.3281
-8.3152 73.4251
-7.94282 99.3674
-7.81854 108.072
-7.85651 105.503
-8.22837 79.7363
-8.37247 69.7937
-8.16874 84.018
-8.19591 82.2001
-8.33878 72.343
-8.31268 74.226
-8.31863 73.8817
-8.25205 78.5771
-8.98199 27.9311
-8.64194 51.627
-8.68154 48.945
-7.90686 102.838
-7.72978 115.211
-7.83223 108.163
-7.75858 113.349
-8.45735 64.8693
-8.05448 92.9296
-8.81096 40.4397
-8.27595 77.6811
-8.43411 66.7615
-8.65063 51.7874
-8.57268 57.2728
-8.07769 91.7338
-7.98267 98.4054
-8.26756 78.6808
-8.2701 78.5735
-7.79507 111.648
-7.71547 117.248
-8.03999 94.7704
-8.5266 61.0305
-8.96156 30.8795
-8.41253 69.0947
-8.27337 78.8332
-8.27932 78.4892
-7.98275 99.1638
-8.14436 88.0052
-8.59314 56.8936
-8.29486 77.6872
-7.82035 110.725
-7.70193 119.022
-7.98373 99.5125
-8.14763 88.1948
-8.13138 89.3933
-8.22013 83.2964
-8.05296 94.9806
-7.75858 115.503
-7.75833 115.59
-7.52773 131.682
-7.56576 129.109
-7.64126 123.932
-7.90624 105.591
-8.13379 89.8507
-8.43514 68.9828
-8.40068 71.4466
-8.46765 66.8629
-8.20664 85.0676
-8.21166 84.7881
-8.09769 92.776
-7.97859 101.12
-7.63428 125.113
-7.91482 105.69
-8.0327 97.5694
-8.1046 92.6431
-8.39599 72.4672
-7.9311 104.837
-7.66708 123.25
-8.27063 81.3857
-8.50943 64.8638
-8.40103 72.4644
-8.22429 84.8136
-8.17538 88.2817
-8.32475 77.973
-8.43538 70.356
-8.31439 78.8314
-8.49722 66.1983
-8.5509 62.5379
-8.25274 83.3231
-8.49813 66.3436
-8.13389 91.7197
-7.99579 101.384
-8.0541 97.4025
-8.12517 92.5339
-8.37324 75.3679
-8.38008 74.9623
-7.88101 109.706
-7.58556 130.304
-7.61958 128.01
-7.39201 143.89
-7.53876 133.764
-7.83941 112.945
-8.3384 78.3447
-8.20309 87.8152
-7.96568 104.38
-7.9882 102.885
-8.13687 92.6243
-8.25483 84.4983
-8.02867 100.281
-8.05527 98.5025
-8.22423 86.8331
-8.26687 83.9394
-7.7584 119.337
-7.74997 119.993
-7.59511 130.821
-8.04501 99.6324
-8.15024 92.3904
-7.98114 104.208
-7.6006 130.717
-7.78984 117.639
-8.01119 102.33
-7.98148 104.463
-7.84607 113.941
-7.85696 113.253
-7.44666 141.83
-7.60532 130.876
-7.74084 121.53
-7.56497 133.819
-7.70018 124.494
-7.91512 109.63
-8.02563 102.021
-8.116 95.8116
-8.19638 90.2962
-8.07297 98.9403
-7.75225 121.293
-7.7518 121.394
-7.28996 153.551
-7.34 150.144
-7.40254 145.868
-7.83215 116.089
-7.79425 118.792
-7.80152 118.356
-7.62384 130.77
-7.44921 142.973
-7.64531 129.418
-7.54404 136.523
-7.89764 112.025
-7.74168 122.93
-7.66543 128.297
-7.66132 128.653
-7.84165 116.193
-7.38508 147.985
-7.32423 152.282
-7.80665 118.834
-7.8431 116.37
-7.55089 136.742
-8.05641 101.689
-8.02232 104.127
-7.86475 115.144
-8.01742 104.606
-8.3644 80.5681
-8.25386 88.3177
-8.04252 103.07
-7.59576 134.181
-7.33222 152.561
-7.54355 137.947
-7.83619 117.684
-8.06099 102.135
-7.99202 106.997
-7.96776 108.751
-7.77339 122.325
-8.05825 102.603
-8.13645 97.2392
-8.09597 100.121
-7.59102 135.274
-7.24747 159.213
-7.4885 142.536
-7.30229 155.543
-7.50208 141.732
-7.74776 124.732
-8.05813 103.237
-8.15779 96.3817
-7.9651 109.84
-7.98326 108.647
-7.99931 107.601
-8.4066 79.3726
-8.30919 86.2101
-7.81114 120.884
-7.85946 117.596
-7.52158 141.141
-7.96792 110.199
-7.82313 120.329
-7.46783 145.084
-7.39614 150.135
-7.94487 112.079
-7.84156 119.326
-8.06232 104.058
-7.77876 123.828
-7.91605 114.359
-8.04103 105.745
-8.53419 71.5499
-7.77037 124.689
-7.28913 158.194
-7.67095 131.736
-7.84665 119.598
-7.34373 154.609
-6.99612 178.83
-7.06553 174.077
-7.2041 164.52
-7.81504 122.141
-8.03376 107.014
-8.11691 101.307
-8.30202 88.5146
-8.12271 101.042
-8.54447 71.8088
-8.10485 102.423
-8.01016 109.071
-7.86961 118.906
-7.54446 141.566
-7.71071 130.085
-7.35392 154.944
-7.88772 117.925
-7.78517 125.12
-8.53719 72.9394
-9.09092 34.537
-8.82842 52.8445
-8.36221 85.3053
-8.45071 79.2262
-8.23606 94.2092
-8.46526 78.3545
-8.19462 97.2272
-8.33664 87.4298
-7.88333 118.995
-7.86462 120.364
-8.13659 101.537
-8.23102 95.0458
-7.76201 127.702
-7.57173 140.992
-7.73852 129.473
-7.90664 117.862
-7.85102 121.795
-7.76119 128.106
-7.95203 114.916
-8.27587 92.4857
-8.03181 109.512
-7.80205 125.545
-7.84739 122.464
-8.42927 82.1053
-8.63445 67.9194
-8.46464 79.7866
-8.18104 99.5609
-7.73478 130.636
-7.90244 119.057
-7.77733 127.818
-7.79056 126.969
-7.64676 137.029
-7.90528 119.137
-8.14155 102.79
-8.30235 91.6881
-8.35535 88.0753
-8.29731 92.1769
-8.00085 112.845
-7.9289 117.913
-7.91417 119.006
-8.15248 102.518
-7.7738 128.898
-7.4983 148.109
-8.14404 103.312
-8.31198 91.7139
-8.54492 75.5989
-8.24914 96.2186
-8.47241 80.7759
-7.79223 128.103
-7.39644 155.672
-7.22101 167.93
-7.29315 162.987
-7.61184 140.915
-7.82463 126.2
-7.89465 121.404
-7.80154 127.943
-7.65338 138.306
-7.83185 125.976
-8.03377 112.016
-8.32177 92.0754
-8.0508 110.972
-8.13849 104.949
-8.42463 85.1377
-8.28108 95.1806
-7.9005 121.693
-8.01623 113.721
-8.64302 70.242
-8.61054 72.5679
-8.42807 85.3154
-8.25937 97.1061
-7.83722 126.506
-7.93099 120.06
-7.90115 122.203
-7.88547 123.362
-7.91842 121.142
-7.9666 117.864
-7.94845 119.195
-7.94309 119.637
-7.98721 116.641
-8.01745 114.609
-8.64081 71.3679
-8.3203 93.7066
-7.87544 124.684
-8.05277 112.433
-7.21582 170.653
-7.31994 163.488
-7.72466 135.438
-7.8558 126.396
-7.64885 140.844
-6.91161 192.136
-7.20532 171.799
-7.46041 154.146
-7.97919 118.171
-7.83559 128.217
-7.45322 154.853
-7.32307 163.965
-7.13613 177.024
-7.34749 162.408
-7.85271 127.375
-7.79773 131.265
-7.95534 120.384
-7.32431 164.296
-7.36362 161.635
-7.77394 133.195
-7.46259 154.897
-7.51483 151.337
-7.68179 139.806
-7.61415 144.576
-7.65875 141.546
-7.32651 164.7
-7.15881 176.42
-7.21953 172.271
-7.61564 144.819
-8.08726 112.121
-8.07836 112.809
-8.03551 115.855
-8.05605 114.498
-8.42827 88.706
-8.37609 92.4011
-7.74342 136.428
-7.6948 139.875
-7.3654 162.831
-7.36301 163.067
-8.04679 115.628
-8.29497 98.4538
-8.01918 117.685
-7.88019 127.411
-7.39856 160.944
-7.82155 131.624
-8.07751 113.91
-7.52355 152.468
-7.75527 136.438
-7.95739 122.465
-8.11328 111.703
-8.34756 95.495
-8.19118 106.429
-7.71986 139.245
-7.7313 138.52
-7.62116 146.242
-7.8985 127.043
-7.83753 131.348
-8.18515 107.265
-8.24398 103.247
-8.17928 107.812
-8.42171 91.0374
-7.97416 122.203
-7.60267 148.082
-7.56331 150.887
-7.70102 141.389
-7.78911 135.337
-7.71961 140.236
-7.75573 137.796
-8.40052 93.0655
-8.20312 106.851
-8.33504 97.7544
-8.04585 117.917
-8.02218 119.631
-7.89331 128.654
-8.40557 93.132
-8.63689 77.1293
-7.68396 143.407
-7.90558 128.079
-7.82767 133.561
-7.87359 130.44
-8.14006 111.996
-8.0871 115.745
-7.86191 131.46
-8.03964 119.182
-7.98226 123.238
-7.93612 126.513
-8.30809 100.738
-7.7393 140.327
-7.83232 133.933
-7.91771 128.07
-7.79597 136.598
-8.19818 108.722
-8.84779 63.6573
-8.67621 75.6482
-8.18308 109.98
-7.99983 122.781
-8.36661 97.3675
-8.98725 54.3154
-9.80934 -2.73354
-10.4523 -47.3377
-10.5879 -56.6905
-11.0032 -85.4699
-10.8474 -74.5805
-10.8558 -75.0916
-10.1019 -22.6438
-9.48749 20.115
-9.33429 30.8288
-9.59429 12.8337
-9.71745 4.34608
-9.65783 8.55765
-9.54462 16.4932
-9.54955 16.22
-9.75129 2.27281
-9.94844 -11.3557
-10.179 -27.3063
-9.97898 -13.3384
-9.78169 0.438419
-9.76751 1.4928
-10.2932 -34.961
-10.5351 -51.6996
-10.5589 -53.2862
-10.1657 -25.8975
-10.1873 -27.3264
-10.2394 -30.8754
-10.2593 -32.1897
-9.99503 -13.7588
-9.77971 1.27045
-9.19821 41.7421
-8.91085 61.7771
-8.75225 72.8658
-8.88267 63.874
-9.81799 -1.04156
-10.8382 -71.8586
-10.8279 -71.0681
-10.3673 -39.0009
-10.0011 -13.4861
-9.81573 -0.537084
-9.66333 10.1209
-9.92479 -7.97549
-10.1832 -25.8605
-10.4655 -45.4073
-10.49 -47.0392
-10.3665 -38.3863
-10.2473 -30.0323
-10.1765 -25.0503
-10.0145 -13.7228
-10.1359 -22.0906
-10.1874 -25.599
-10.2763 -31.7024
-10.1266 -21.2322
-10.2477 -29.5806
-10.3734 -38.2418
-10.249 -29.5278
-9.89465 -4.8395
-9.84018 -0.985312
-10.3649 -37.3727
-10.7582 -64.6271
-11.1878 -94.4059
-11.142 -91.1569
-11.1693 -92.9822
-11.3412 -104.859
-10.6422 -56.2198
-10.0121 -12.3711
-9.15965 46.9223
-8.73489 76.504
-8.43741 97.2425
-8.48085 94.2934
-8.97861 59.7791
-9.76959 4.89187
-10.43 -40.9248
-10.8928 -73.011
-10.9438 -76.4809
-11.092 -86.7075
-10.9936 -79.8052
-10.7639 -63.7717
-10.456 -42.3102
-10.3712 -36.3514
-10.4216 -39.7861
-9.98468 -9.35709
-9.84705 0.274594
-10.5013 -45.1128
-10.6344 -54.2903
-10.6807 -57.4358
-10.7423 -61.6513
-10.9243 -74.2232
-10.7777 -63.9692
-10.1722 -21.8303
-10.16 -20.9113
-9.83419 1.79341
-9.80888 3.62144
-9.87746 -1.07383
-10.0333 -11.835
-9.91399 -3.47296
-10.1783 -21.7672
-10.5435 -47.072
-10.2355 -25.6001
-10.36 -34.1827
-10.4737 -42.0137
-10.1768 -21.3178
-9.6228 17.2447
-9.32679 37.8809
-8.63407 86.0799
-8.10469 122.93
-8.46919 97.6744
-8.25471 112.645
-9.18409 48.1427
-10.015 -9.52151
-10.2161 -23.4227
-10.4455 -39.2882
-10.8629 -68.2187
-10.5607 -47.1578
-10.4616 -40.1994
-10.748 -60.0289
-10.8881 -69.6922
-10.8606 -67.7124
-11.0358 -79.8195
-10.809 -63.9897
-10.3702 -33.4315
-10.5376 -44.9953
-10.435 -37.7936
-10.3911 -34.6794
-10.7477 -59.3865
-10.8655 -67.4976
-10.6669 -53.6335
-10.5482 -45.3128
-10.1304 -16.2144
-10.1287 -16.0267
-10.1974 -20.7317
-10.432 -36.9635
-11.1006 -83.347
-11.2253 -91.9429
-10.2922 -27.0442
-9.42131 33.5372
-9.2387 46.2937
-8.73178 81.5837
-9.13719 53.4857
-8.91505 68.9895
-8.70556 83.6135
-8.57896 92.4793
-8.09146 126.42
-7.69987 153.697
-8.06642 128.298
-8.16922 121.225
-8.32157 110.71
-8.00155 133.014
-7.98764 134.05
-8.64517 88.4347
-8.1657 121.818
-7.54596 164.946
-7.8466 144.127
-8.20886 119.027
-7.98425 134.702
-8.50099 98.8694
-8.57731 93.636
-8.50298 98.87
-7.78576 148.771
-7.93741 138.304
-8.20258 119.95
-8.22148 118.706
-8.39557 106.68
-8.43131 104.267
-8.68505 86.7066
-8.41191 105.754
-8.5031 99.4867
-8.86305 74.5477
-8.75998 81.7781
-9.01252 64.3017
-9.06579 60.6699
-9.14779 55.0423
-9.03274 63.1051
-8.96433 67.9275
-8.77062 81.4558
-8.40516 106.917
-8.09932 128.236
-8.49063 101.118
-8.6682 88.8496
-8.83478 77.3453
-8.79446 80.2161
-8.52842 98.77
-8.53422 98.4362
-7.81092 148.76
-7.73631 154.013
-7.70444 156.297
-7.82759 147.81
-8.33732 112.465
-8.76238 83.0007
-8.53722 98.7143
-8.36634 110.656
-8.95273 69.9842
-9.15614 55.9206
-8.82223 79.1898
-8.15226 125.809
-8.11154 128.707
-8.24722 119.349
-8.26133 118.439
-8.69067 88.6782
-8.36637 111.28
-8.67302 90.0435
-8.08706 130.824
-8.19413 123.455
-7.6869 158.766
-7.11477 198.587
-7.56445 167.413
-7.66345 160.604
-8.17025 125.462
-7.94958 140.863
-8.25688 119.581
-8.58952 96.5397
-8.89495 75.3879
-9.08834 62.0214
-9.43982 37.6704
-9.79505 13.0583
-10.2387 -17.6961
-10.3066 -22.343
-10.1635 -12.3344
-10.0614 -5.17132
-10.4579 -32.6492
-10.5686 -40.2727
-10.7183 -50.602
-10.4586 -32.4918
-10.275 -19.6641
-10.3068 -21.805
-10.1298 -9.43654
-10.3059 -21.6017
-10.1464 -10.4479
-10.6948 -48.4842
-10.8625 -60.0628
-10.7859 -54.6751
-10.627 -43.5631
-10.1871 -12.9308
-10.0019 0.00368655
-9.86937 9.28437
-9.82478 12.4518
-9.58616 29.1007
-9.87392 9.17712
-10.4916 -33.671
-10.4162 -28.3625
-10.2587 -17.3487
-9.71041 20.8149
-9.67197 23.5551
-9.87409 9.58178
-10.0034 0.66991
-10.2427 -15.8874
-10.0959 -5.61755
-10.2072 -13.2831
-10.1881 -11.8896
-10.9731 -66.3622
-10.8869 -60.2987
-10.3017 -19.5714
-10.022 -0.0667349
-9.89123 9.08565
-9.9498 5.08611
-10.0103 0.949785
-10.227 -14.0345
-10.4504 -29.4889
-10.4842 -31.7675
-10.4797 -31.3837
-10.193 -11.3914
-9.96464 4.54107
-9.69898 23.0686
-9.71766 21.8403
-9.91811 7.98241
-10.2294 -13.5782
-10.3233 -20.0318
-10.3524 -21.9853
-10.6428 -42.0869
-10.9357 -62.3691
-11.0323 -69.0124
-10.2233 -12.7324
-9.86391 12.3043
-10.0543 -0.85214
-10.5988 -38.6147
-10.4835 -30.5385
-10.3157 -18.8045
-10.4467 -27.8416
-10.8042 -52.6112
-11.028 -68.0895
-11.0434 -69.0886
-10.9176 -60.2792
-10.4003 -24.2658
-10.3248 -18.9568
-10.3111 -17.9292
-9.95403 6.94587
-9.82496 15.9832
-10.5361 -33.3595
-11.1391 -75.1844
-10.7707 -49.5189
-10.1187 -4.14947
-9.98336 5.32512
-10.2121 -10.4956
-10.523 -32.0285
-10.1675 -7.2603
-9.83069 16.2099
-10.0877 -1.57546
-10.6303 -39.2088
-10.8223 -52.4793
-10.0999 -2.21898
-9.39483 46.8406
-9.11293 66.496
-8.80537 87.935
-8.83609 85.8695
-8.45485 112.427
-8.10881 136.54
-7.7656 160.455
-8.04194 141.325
-8.36182 119.169
-8.46747 111.898
-8.66721 98.0897
-8.68968 96.5983
-8.59631 103.155
-8.6823 97.2496
-8.23447 128.434
-8.44991 113.535
-8.39676 117.297
-8.57255 105.153
-8.97973 76.932
-9.3936 48.246
-10.0454 3.03214
-10.8436 -52.3608
-10.3988 -21.389
-10.2322 -9.7396
-10.3625 -18.7258
-10.5321 -30.4354
-10.266 -11.883
-10.0949 0.0764776
-10.3364 -16.6337
-10.7682 -46.5628
-10.4694 -25.7353
-10.2285 -8.9301
-10.0488 3.62604
-9.97542 8.79456
-9.71746 26.787
-9.67908 29.5231
-9.94297 11.258
-10.1787 -5.05297
-10.2955 -13.096
-10.161 -3.68261
-10.0678 2.86538
-9.90088 14.5293
-9.74708 25.2847
-9.54096 39.6754
-10.1039 0.634576
-10.8862 -53.6496
-10.9585 -58.6087
-10.6566 -37.5575
-10.6455 -36.7193
-10.9245 -56.0325
-10.9616 -58.5428
-10.7232 -41.9076
-10.741 -43.077
-10.1639 -2.91375
-10.0968 1.82206
-10.3258 -14.0189
-10.5361 -28.5618
-10.1894 -4.40525
-9.59799 36.7549
-9.52676 41.7735
-9.74915 26.3918
-10.1109 1.3239
-10.9171 -54.6189
-11.1187 -68.5565
-10.6124 -33.311
-10.2216 -6.08572
-10.2307 -6.64588
-10.6479 -35.5647
-10.8597 -50.2138
-10.8213 -47.4764
-10.8587 -50.0062
-10.2135 -5.10674
-10.1816 -2.81903
-10.4171 -19.1171
-10.805 -45.9935
-10.929 -54.5386
-10.4477 -21.034
-10.1122 2.34784
-10.4567 -21.5198
-10.6663 -36.013
-10.3455 -13.6523
-9.92159 15.8695
-9.77493 26.1291
-10.4429 -20.2096
-11.2211 -74.2133
-11.1284 -67.6972
-10.9203 -53.175
-10.6069 -31.3261
-10.0927 4.46961
-10.0488 7.58804
-9.90859 17.3981
-10.1276 2.25199
-10.5126 -24.4259
-10.6643 -34.8961
-10.0491 7.917
-9.56875 41.3574
-9.38704 54.052
-9.28965 60.8877
-9.98942 12.3382
-10.6767 -35.346
-11.016 -58.8521
-10.5404 -25.7384
-9.55282 42.9509
-9.33713 58.0057
-9.27087 62.6791
-9.49078 47.4692
-9.93083 16.9648
-10.6331 -31.7576
-10.8712 -48.2347
-11.0409 -59.9518
-11.0163 -58.1752
-10.4649 -19.7914
-10.0578 8.5586
-9.94894 16.1929
-10.0787 7.2452
-10.3452 -11.2026
-10.5943 -28.4362
-10.4682 -19.6044
-10.404 -15.0801
-10.3062 -8.21199
-10.3893 -13.9162
-10.5232 -23.1476
-10.4962 -21.2056
-10.3649 -12.0132
-10.4331 -16.6798
-10.6759 -33.4854
-10.8672 -46.7034
-10.5815 -26.7845
-10.075 8.47416
-9.81597 26.543
-9.56168 44.28
-9.22429 67.7916
-9.27979 64.0045
-9.38842 56.5268
-9.40715 55.2946
-9.38254 57.0743
-9.06017 79.5414
-8.82048 96.2644
-8.80141 97.6588
-8.04468 150.305
-7.54238 185.274
-7.45794 191.21
-7.81348 166.577
-8.27706 134.438
-8.52872 117.022
-9.34165 60.6101
-10.0444 11.8537
-10.9483 -50.8773
-11.0402 -57.194
-10.4557 -16.5177
-10.1846 2.3925
-10.5133 -20.3753
-10.7032 -33.5059
-10.1457 5.3024
-10.0964 8.79515
-10.2184 0.387959
-10.4921 -18.555
-10.466 -16.6723
-10.3998 -12.0093
-10.4461 -15.1528
-10.5797 -24.3631
-10.898 -46.4097
-10.862 -43.8414
-10.1646 4.68438
-9.53309 48.6292
-9.42266 56.3712
-9.55304 47.382
-9.73071 35.1067
-9.90438 23.1099
-9.99357 16.9825
-10.0798 11.0593
-9.85281 26.9013
-9.90313 23.475
-10.1386 7.18323
-10.2869 -3.0497
-10.406 -11.2539
-10.1998 3.14226
-10.1889 3.97009
-10.4872 -16.6905
-10.6546 -28.2489
-10.3117 -4.35564
-9.78688 32.1771
-9.72399 36.6163
-9.66149 41.0277
-9.92737 22.6244
-9.95703 20.6331
-10.038 15.0754
-10.2047 3.56648
-10.2572 -0.0170394
-10.6265 -25.6029
-10.8075 -38.1125
-10.0872 12.0045
-9.38686 60.7342
-9.43371 57.549
-9.90457 24.9033
-10.5159 -17.5002
-10.8291 -39.1945
-10.9288 -46.0517
-10.8987 -43.8926
-10.8401 -39.7463
-10.5117 -16.8594
-10.4634 -13.4349
-10.4654 -13.5075
-10.4823 -14.6096
-10.5562 -19.6796
-10.3052 -2.16711
-10.2773 -0.161707
-10.1512 8.67207
-10.4006 -8.58526
-10.4161 -9.59701
-10.2187 4.18811
-9.93239 24.1514
-9.89489 26.8267
-10.3836 -7.05837
-10.5117 -15.8907
-10.178 7.36817
-10.2849 0.00606539
-10.1806 7.32125
-10.2837 0.228043
-10.4837 -13.5994
-10.5316 -16.8534
-10.526 -16.3955
-10.6477 -24.7832
-10.3165 -1.70056
-10.5548 -18.1923
-10.8466 -38.3973
-10.6504 -24.6923
-10.4188 -8.52883
-10.4146 -8.17372
-10.4675 -11.7781
-10.8616 -39.0872
-10.9052 -42.046
-10.4036 -7.12791
-9.8187 33.5792
-9.396 63.0175
-9.14365 80.6196
-9.07892 85.1869
-9.09278 84.2933
-9.72311 40.5684
-10.4162 -7.51491
-10.6379 -22.8524
-10.5252 -14.9544
-10.4419 -9.09563
-10.0456 18.5094
-10.0635 17.3381
-10.0259 20.0193
-10.2721 2.9806
-10.289 1.87601
-10.3053 0.815632
-10.6991 -26.4791
-10.7336 -28.8082
-10.4701 -10.4306
-10.6554 -23.2359
-10.5364 -14.8953
-10.2272 6.65457
-10.1287 13.5697
-10.1087 15.031
-10.3806 -3.7942
-10.6504 -22.4706
-10.5456 -15.1161
-10.1877 9.81804
-9.78621 37.782
-9.76769 39.1382
-10.0428 20.0899
-10.259 5.14358
-10.602 -18.6218
-10.6542 -22.1803
-10.4542 -8.21298
-10.2137 8.56415
-10.3332 0.336373
-10.394 -3.81965
-10.0499 20.1528
-9.65352 47.7653
-9.79963 37.6835
-10.2313 7.76075
-10.6963 -24.4768
-9.65484 47.9513
-9.13051 84.4512
-9.24571 76.5166
-9.10601 86.2925
-8.78964 108.342
-8.766 110.055
-8.76066 110.495
-8.59209 122.277
-8.84185 104.993
-9.40456 65.966
-9.76959 40.6737
-10.1506 14.269
-10.1125 16.9846
-10.0511 21.3214
-10.5042 -10.0918
-11.0302 -46.5676
-11.1277 -53.2724
-10.4134 -3.56867
-10.1593 14.15
-9.73396 43.7743
-9.91472 31.285
-10.3249 2.85653
-10.6254 -17.9544
-10.862 -34.322
-11.044 -46.9006
-10.9766 -42.1442
-10.4101 -2.71828
-10.2857 5.99394
-10.6469 -19.029
-10.8338 -31.9441
-10.5445 -11.7796
-9.85597 36.1313
-9.51471 59.9111
-10.1674 14.6337
-10.7496 -25.7466
-10.8175 -30.3939
-10.8966 -35.8203
-11.0229 -44.5281
-10.445 -4.30546
-10.4726 -6.15637
-10.6442 -18.0093
-10.5273 -9.81849
-10.3398 3.28127
-10.2862 7.07457
-10.1932 13.6008
-10.1778 14.7466
-10.1657 15.654
-10.678 -19.8739
-10.9003 -35.2471
-10.8211 -29.6712
-10.8645 -32.6235
-10.9565 -38.9438
-10.8274 -29.9027
-10.5862 -13.076
-10.502 -7.15549
-11.0603 -45.8757
-11.0807 -47.2231
-10.6005 -13.7891
-10.1794 15.5342
-10.404 -0.000693427
-10.8792 -32.9452
-10.5935 -13.0279
-10.3527 3.77566
-10.2815 8.79114
-10.5229 -7.91687
-11.0126 -41.8646
-11.2335 -57.1463
-10.8275 -28.868
-10.6484 -16.3547
-10.4686 -3.79564
-10.4131 0.133541
-10.7367 -22.2843
-11.0089 -41.1257
-11.0397 -43.1976
-10.6438 -15.6157
-10.3113 7.5545
-10.8816 -32.0035
-10.9026 -33.391
-10.7052 -19.6066
-10.8004 -26.155
-11.0207 -41.3887
-10.6026 -12.2677
-10.7025 -19.1442
-10.7192 -20.2318
-10.5979 -11.7359
-11.0248 -41.3281
-10.9057 -32.9796
-10.2831 10.3433
-9.93108 34.8731
-9.62986 55.8707
-10.2468 13.0768
-10.8648 -29.7944
-10.4639 -1.87212
-10.3118 8.76758
-10.4873 -3.35618
-10.4435 -0.241659
-10.4368 0.295061
-10.881 -30.5034
-10.5584 -8.02106
-10.7042 -18.0794
-11.0194 -39.9105
-10.3213 8.66459
-9.76983 47.0492
-10.0183 29.857
-10.0598 27.0437
-10.074 26.1213
-10.0194 29.9888
-10.2561 13.6084
-10.4899 -2.56485
-10.1975 17.8212
-10.1351 22.2238
-10.2894 11.578
-10.8698 -28.68
-10.9241 -32.3863
-10.8358 -26.1784
-10.5154 -3.84734
-10.3593 7.06885
-10.6007 -9.63391
-10.8835 -29.2139
-10.3281 9.44479
-9.7035 52.908
-9.93506 36.8891
-10.2965 11.8474
-10.3343 9.28674
-10.2432 15.6879
-10.606 -9.44985
-10.7391 -18.6265
-10.7101 -16.5421
-10.6085 -9.41382
-10.515 -2.85084
-10.6913 -15.0273
-10.3916 5.86485
-10.2262 17.4219
-10.1252 24.5121
-10.3242 10.7565
-10.4798 0.0158217
-10.3291 10.552
-10.5448 -4.36445
-10.7027 -15.266
-10.8695 -26.7816
-10.4344 3.51778
-9.77633 49.307
-9.42974 73.4571
-9.3043 82.2423
-9.12838 94.5342
-9.55847 64.7219
-10.5098 -1.30896
-10.7558 -18.3315
-10.9507 -31.8025
-10.3935 6.9846
-10.2191 19.1674
-10.4791 1.17706
-10.4125 5.86881
-10.4331 4.51187
-10.6312 -9.18859
-10.8314 -23.0225
-10.3079 13.4157
-10.0725 29.8397
-9.98551 35.9546
-10.2502 17.6305
-10.5638 -4.08482
-10.8421 -23.3522
-10.7048 -13.7434
-10.5302 -1.54403
-10.7171 -14.4587
-10.5641 -3.7589
-10.5149 -0.269595
-10.5002 0.817961
-10.5833 -4.88405
-10.1527 25.1045
-10.2486 18.5125
-10.145 25.779
-10.0927 29.4774
-10.3025 14.9729
-10.37 10.3553
-10.2063 21.7986
-10.3169 14.1793
-10.407 7.9885
-10.4876 2.45917
-10.6272 -7.16831
-10.3543 11.8616
-9.90649 43.043
-9.64821 61.0574
-9.95275 39.9675
-10.5403 -0.788289
-10.6532 -8.55662
-10.4758 3.83435
-10.5611 -2.01896
-10.4453 6.09191
-10.5226 0.789019
-10.5317 0.227237
-10.3836 10.592
-10.1438 27.3206
-10.2446 20.3817
-10.3578 12.5896
-10.5142 1.79561
-10.8314 -20.1802
-10.7061 -11.3996
-10.4332 7.62584
-10.2012 23.8197
-10.2093 23.3233
-10.422 8.61472
-10.7527 -14.2937
-10.6391 -6.32991
-10.1783 25.7584
-10.0687 33.4421
-10.3611 13.1934
-10.8278 -19.1646
-10.5948 -2.9008
-10.4931 4.23
-10.0369 35.9942
-9.79988 52.5346
-10.1625 27.4088
-10.0484 35.4059
-9.51417 72.5937
-9.52395 71.9837
-9.80822 52.3022
-10.5219 2.78312
-10.8842 -22.3164
-10.7132 -10.3649
-10.8865 -22.3347
-10.6394 -5.09724
-10.5964 -2.04131
-10.7878 -15.2694
-10.5445 1.70443
-10.5444 1.78041
-10.0723 34.6489
-10.1115 31.9952
-10.2746 20.7347
-10.4542 8.32019
-10.357 15.1461
-9.96557 42.4122
-9.875 48.7741
-10.0262 38.3375
-10.594 -1.04073
-10.5369 2.99746
-10.457 8.61608
-10.4961 5.96595
-9.96401 43.0067
-9.97476 42.3295
-10.5574 1.91854
-10.3881 13.7531
-10.2016 26.7755
-10.3924 13.5922
-10.3023 19.923
-10.0211 39.5291
-10.3337 17.8779
-10.3272 18.3997
-10.4979 6.60979
-10.7277 -9.29015
-10.7822 -13.0043
-10.1597 30.312
-9.78163 56.6511
-9.28383 91.3076
-9.53606 73.8521
-10.2157 26.6998
-10.3357 18.4315
-10.0469 38.5675
-9.58303 70.8664
-8.89591 118.676
-9.16887 99.7808
-9.9441 45.9885
-10.3487 17.946
-9.88916 49.9442
-9.34443 87.8612
-9.21368 97.0149
-10.0633 38.0505
-11.2102 -41.5629
-10.1667 31.0091
-9.49677 77.6237
-9.26179 94.0193
-8.74786 129.796
-8.0956 175.185
-7.82637 193.96
-8.11997 173.63
-8.6284 138.374
-9.31617 90.6581
-10.0698 38.365
-10.6247 -0.116871
-10.2674 24.7771
-9.82867 55.3279
-10.1993 29.6452
-10.349 19.3127
-10.1868 30.6575
-9.98662 44.6322
-10.0936 37.2694
-10.6341 -0.213867
-11.2169 -40.6366
-10.8336 -13.9371
-10.4186 14.9655
-10.2454 27.0677
-10.7763 -9.7473
-11.0942 -31.7689
-10.4832 10.7583
-9.97166 46.3664
-9.7938 58.7934
-10.0508 41.0032
-10.1711 32.7143
-10.6648 -1.51225
-10.4542 13.1859
-10.6224 1.56966
-10.7397 -6.51164
-10.7565 -7.60513
-10.8871 -16.6123
-10.8058 -10.8971
-10.4455 14.2072
-10.3435 21.368
-10.595 3.96302
-10.8577 -14.2246
-10.8669 -14.7888
-11.1161 -32.0383
-10.6655 -0.658175
-10.5756 5.6535
-10.9242 -18.4962
-11.5138 -59.3885
-11.1611 -34.8134
-10.8057 -10.052
-10.6511 0.760197
-10.4531 14.5866
-10.5557 7.52647
-10.42 17.0204
-10.4817 12.8083
-10.7384 -4.95839
-10.3639 21.1318
-10.0937 39.9725
-10.2678 27.942
-10.4673 14.1552
-10.6624 0.664245
-10.9862 -21.759
-10.7487 -5.19198
-10.5115 11.3585
-10.7208 -3.11307
-9.86232 56.603
-9.37639 90.4345
-9.30549 95.4302
-9.14284 106.8
-9.27097 97.9677
-9.41301 88.168
-9.52581 80.4002
-9.25512 99.2774
-9.32604 94.4191
-9.42312 87.7439
-10.0409 44.8914
-10.8808 -13.3966
-10.6586 2.11391
-9.83184 59.6239
-9.57102 77.8151
-9.95054 51.5156
-10.6442 3.39375
-11.1448 -31.3233
-11.3245 -43.7341
-10.7705 -5.17851
-9.63285 73.936
-9.4421 87.2586
-10.0227 46.9919
-10.5042 13.6065
-10.6194 5.66642
-10.1526 38.1736
-11.1245 -29.2879
-11.7737 -74.3221
-11.4952 -54.9056
-10.7236 -1.22304
-10.7285 -1.49665
-10.6462 4.29103
-10.7524 -3.01746
-10.549 11.1838
-10.3024 28.388
-10.3979 21.8203
-10.0367 46.9907
-9.98337 50.7634
-10.5818 9.25503
-10.6851 2.14572
-10.358 24.9444
-10.2506 32.4769
-10.4743 17.0036
-10.7447 -1.71918
-11.1961 -33.008
-10.7331 -0.77015
-10.3114 28.5982
-10.508 15.0061
-10.7286 -0.247602
-10.6051 8.39957
-10.469 17.9264
-10.2131 35.7723
-10.3579 25.7829
-10.8189 -6.17666
-11.0502 -22.1806
-10.4615 18.792
-10.3361 27.5732
-10.8589 -8.67937
-10.8875 -10.5974
-10.3376 27.6813
-10.4153 22.3506
-10.587 10.4904
-10.5645 12.1257
-10.326 28.7639
-9.93944 55.6917
-10.0718 46.5665
-10.3553 26.9381
-10.4278 21.9669
-10.5359 14.5307
-10.6868 4.10993
-11.064 -22.0229
-11.1284 -26.427
-10.7124 2.54196
-10.5403 14.5688
-10.365 26.8206
-10.3953 24.7849
-10.3922 25.0652
-10.5374 15.0494
-10.4977 17.8802
-10.4716 19.7594
-10.6605 6.70221
-10.674 5.83742
-10.583 12.227
-10.6472 7.8389
-10.6215 9.69146
-10.6598 7.09901
-10.4422 22.2895
-10.7132 3.53221
-11.4189 -45.4303
-10.9306 -11.4352
-10.1788 40.8652
-10.2775 34.0824
-10.6979 4.94138
-10.725 3.12666
-10.4925 19.3485
-10.089 47.4507
-10.103 46.5486
-10.4076 25.4552
-10.976 -13.9655
-10.4915 19.7699
-10.2027 39.9034
-10.81 -2.2226
-10.6863 6.43908
-10.7773 0.187675
-11.0789 -20.7002
-11.0748 -20.346
-10.7847 -0.114666
-10.3502 30.1376
-9.79382 68.8664
-9.35689 99.2928
-9.73434 73.1374
-10.6592 8.94673
-10.6061 12.7101
-10.8358 -3.18056
-11.0393 -17.2493
-10.7112 5.61383
-10.3491 30.8399
-10.4188 26.0679
-10.5056 20.1038
-10.1567 44.4176
-10.4003 27.5641
-10.4124 26.7877
-10.0712 50.5681
-10.2443 38.6113
-10.2702 36.8776
-10.9265 -8.65052
-11.0618 -17.9828
-10.8937 -6.22981
-10.5814 15.5368
-10.2518 38.5042
-10.435 25.847
-10.3954 28.6703
-10.4492 24.9994
-10.5108 20.7849
-10.5458 18.4244
-10.7133 6.85809
-10.367 30.9872
-9.69308 77.8805
-9.70656 77.0136
-10.1374 47.1495
-10.4055 28.5913
-10.4382 26.3862
-10.3949 29.4638
-10.471 24.2512
-10.7696 3.5729
-11.134 -21.6794
-11.2431 -29.1913
-10.2914 37.0078
-9.45757 95.0076
-9.27804 107.551
-9.37997 100.538
-10.1375 47.9733
-10.8903 -4.25602
-10.75 5.55776
-10.4505 26.4393
-10.5318 20.8544
-10.3381 34.3882
-10.4104 29.4319
-10.5438 20.2316
-10.9123 -5.30123
-10.4939 23.8375
-10.5892 17.286
-10.5457 20.3788
-10.5774 18.2458
-10.8704 -2.04311
-10.5019 23.6296
-10.4999 23.8378
-10.3883 31.663
-10.2436 41.7838
-9.96289 61.3578
-9.84595 69.552
-10.2819 39.33
-10.3958 31.4846
-10.2413 42.2935
-10.1302 50.0828
-10.14 49.4661
-10.1203 50.9089
-10.2263 43.6086
-10.4225 30.0527
-10.4986 24.8345
-10.3572 34.7228
-9.77709 75.1006
-9.24005 112.483
-9.09622 122.546
-9.63554 85.1437
-10.3186 37.7525
-10.3595 34.9809
-10.0912 53.6905
-9.84802 70.6585
-9.92711 65.2331
-10.1383 50.6277
-10.2518 42.8116
-10.4739 27.4527
-11.3866 -35.8903
-11.6579 -54.6697
-10.6569 14.9467
-10.0192 59.318
-10.019 59.4038
-10.51 25.3583
-11.0742 -13.7742
-10.7489 8.90121
-10.483 27.4445
-10.7534 8.7262
-10.828 3.61615
-10.3186 39.0756
-9.79806 75.3108
-9.60453 88.8265
-9.93733 65.7738
-10.444 30.6427
-10.548 23.4853
-9.94702 65.3085
-9.25347 113.566
-9.20353 117.105
-9.44074 100.693
-10.0297 59.845
-10.6312 18.1229
-10.6813 14.7063
-10.8378 3.90443
-11.2548 -25.0016
-11.0344 -9.61785
-10.1782 49.9431
-10.1275 53.5361
-10.3614 37.3495
-10.6732 15.7559
-10.7834 8.16991
-10.4518 31.2767
-10.5168 26.8352
-10.5291 26.0448
-9.73306 81.4255
-9.45185 101.033
-9.64947 87.3721
-10.1933 49.6534
-10.2499 45.7909
-9.86712 72.4585
-9.67456 85.9068
-9.86675 72.623
-10.0229 61.8434
-10.278 44.1882
-10.4823 30.0644
-10.3062 42.3664
-10.2454 46.6611
-10.0917 57.4122
-9.40565 105.146
-9.31891 111.242
-9.50639 98.286
-9.66766 87.1505
-10.4106 35.6035
-10.5479 26.1332
-10.6335 20.2506
-10.3226 41.9208
-10.1755 52.2153
-10.0607 60.2587
-10.1178 56.3614
-10.4757 31.5662
-10.599 23.0659
-10.6921 16.6681
-10.8543 5.46888
-10.8033 9.08102
-10.52 28.8324
-10.2392 48.4116
-10.0231 63.4986
-10.4603 33.1927
-11.0007 -4.28952
-10.9133 1.85491
-10.5775 25.2549
-10.6918 17.3828
-10.9099 2.30128
-10.8768 4.66884
-10.5272 29.0292
-10.3638 40.4497
-10.3353 42.4988
-10.6189 22.8661
-10.5601 27.0204
-10.7865 11.3612
-10.6912 18.0515
-11.1271 -12.165
-10.8305 8.51189
-10.2308 50.2481
-10.3082 44.9424
-10.5266 29.8325
-10.3991 38.7611
-10.8777 5.57672
-10.6063 24.5067
-10.7177 16.8344
-10.771 13.1983
-10.2575 48.9448
-10.3323 43.8197
-10.4143 38.1905
-10.5068 31.8371
-10.1747 54.9818
-10.1985 53.3944
-10.6023 25.4083
-10.6887 19.4753
-10.6057 25.3126
-10.4946 33.0968
-10.6336 23.5114
-10.543 29.8732
-10.4984 33.0454
-10.5432 29.9981
-10.6627 21.7658
-10.7788 13.7732
-10.8678 7.6553
-10.8369 9.87426
-10.2291 52.1702
-10.7697 14.6813
-10.8249 10.9118
-10.9666 1.1392
-11.5231 -37.4545
-10.9506 2.38914
-10.7518 16.2695
-10.5416 30.9446
-10.4361 38.3489
-10.666 22.4425
-10.9855 0.316012
-10.9507 2.79955
-10.8571 9.37055
-10.9206 5.03059
-10.6465 24.1433
-10.9221 5.0618
-10.8783 8.18056
-10.9735 1.63083
-11.1249 -8.81656
-10.9825 1.14403
-10.5005 34.7053
-10.5983 27.9799
-11.0093 -0.50606
-10.6005 27.9649
-10.657 24.1085
-11.0265 -1.49511
-10.7048 20.927
-10.9915 1.07829
-10.992 1.11026
-10.9331 5.27203
-10.8406 11.7726
-10.9074 7.19934
-10.9169 6.60701
-11.0832 -4.87673
-10.7117 21.0057
-10.5456 32.616
-11.0633 -3.2856
-10.8719 10.0803
-10.8177 13.9152
-10.5004 36.0298
-10.7122 21.3874
-10.8613 11.0986
-10.1645 59.5795
-10.2823 51.4642
-11.14 -8.06269
-11.2145 -13.1682
-10.4455 40.3298
-10.7957 16.0738
-11.0322 -0.291795
-10.785 16.95
-10.7001 22.922
-11.3195 -20.0444
-10.9196 7.80936
-11.2227 -13.1794
-10.8939 9.7352
-10.8125 15.4588
-10.5769 31.895
-10.3824 45.4841
-10.4514 40.7535
-10.2112 57.5144
-10.3006 51.3746
-10.671 25.7065
-10.8863 10.8159
-11.0042 2.69636
-11.1436 -6.91696
-11.1964 -10.5199
-11.2204 -12.1197
-11.0962 -3.41926
-11.4287 -26.4504
-10.5383 35.4858
-11.0641 -0.978214
-10.7548 20.5785
-10.7893 18.254
-11.0984 -3.15326
-11.213 -11.0501
-11.0473 0.535926
-11.0675 -0.800095
-11.2213 -11.4126
-11.2689 -14.6561
-10.6964 25.1932
-10.8739 12.9274
-10.8777 12.7328
-11.2382 -12.2447
-10.8019 18.1437
-10.2704 55.1371
-10.6948 25.7199
-11.0765 -0.730269
-11.3768 -21.5222
-11.5553 -33.8537
-10.8619 14.3874
-10.2436 57.418
-10.5503 36.1789
-11.1588 -6.0288
-11.3402 -18.5669
-11.0206 3.71364
-10.6628 28.6399
-10.322 52.3887
-10.3325 51.7262
-10.3219 52.5361
-10.5124 39.3667
-10.7982 19.5791
-10.8711 14.5826
-10.6245 31.7864
-10.52 39.1201
-10.1043 68.069
-10.0913 69.0439
-10.3547 50.8131
-10.9301 10.9016
-11.2998 -14.7176
-11.1662 -5.36436
-10.7656 22.5422
-11.097 -0.41991
-11.311 -15.2187
-11.1541 -4.24387
-11.4107 -22.001
-11.3942 -20.7897
-11.3646 -18.6628
-11.0868 0.710887
-10.6942 28.0554
-10.6169 33.4959
-10.4824 42.9113
-11.2751 -12.0993
-11.1156 -0.942023
-10.9133 13.183
-10.7277 26.1474
-10.7567 24.2008
-10.5571 38.137
-10.3441 53.0082
-11.1222 -0.983153
-11.4127 -21.0996
-11.053 3.95736
-11.1271 -1.11667
-11.0506 4.26522
-11.129 -1.11021
-10.7272 26.8729
-10.892 15.4917
-10.4339 47.3905
-10.502 42.7268
-10.8316 19.8975
-10.7843 23.2517
-10.921 13.8239
-10.8124 21.4442
-10.9162 14.3011
-10.708 28.8312
-10.8409 19.6666
-10.7782 24.0957
-10.598 36.6815
-10.9984 8.93335
-11.0255 7.12368
-11.041 6.11504
-11.2773 -10.2372
-11.1864 -3.85174
-10.9549 12.3049
-11.0349 6.81659
-10.5859 38.0848
-10.8832 17.4926
-10.5486 40.8131
-10.5073 43.7494
-10.5308 42.1883
-10.8563 19.6393
-10.7774 25.1945
-10.7589 26.5465
-10.7499 27.2438
-10.9866 10.8663
-10.8973 17.1396
-10.8812 18.3279
-10.8273 22.1426
-10.4266 50.0499
-10.637 35.5012
-11.3619 -14.7931
-11.0667 5.79015
-11.0351 8.05175
-10.7186 30.1089
-10.8277 22.5998
-10.7673 26.8688
-10.4451 49.3205
-10.9006 17.7473
-10.6251 36.9535
-10.811 24.1099
-10.8727 19.8922
-10.4082 52.2352
-10.4754 47.6354
-11.1937 -2.20327
-10.545 42.9394
-10.3862 54.0392
-10.9335 16.0865
-10.8817 19.7524
-10.9855 12.6119
-10.7292 30.4889
-11.1157 3.70069
-10.9783 13.3207
-10.3529 56.8417
-10.1421 71.5581
-10.5628 42.3973
-11.055 8.2697
-11.1393 2.48123
-11.0533 8.52722
-10.8737 21.0726
-11.0344 9.97849
-10.9261 17.569
-10.9473 16.1685
-10.882 20.7762
-10.9079 19.0464
-11.0693 7.89773
-11.3513 -11.6265
-11.3119 -8.81754
-11.1098 5.29168
-10.8753 21.6592
-10.6486 37.4769
-10.356 57.8737
-10.4627 50.5317
-10.8535 23.4474
-11.3306 -9.63144
-11.4229 -15.9727
-11.0874 7.40793
-10.6213 39.8629
-10.8863 21.5197
-10.5817 42.7519
-10.1604 72.0944
-9.65938 106.971
-10.0809 77.7512
-10.5534 44.9915
-10.4388 53.0242
-9.98518 84.6129
-9.58922 112.194
-9.72566 102.783
-10.128 74.8963
-10.6707 37.2633
-10.3896 56.8603
-9.69108 105.463
-9.38024 127.13
-9.43823 123.171
-9.94218 88.2258
-10.3428 60.4593
-10.8254 26.9986
-10.8439 25.783
-10.4301 54.606
-10.4805 51.1714
-11.2704 -3.63845
-11.3512 -9.18476
-11.3414 -8.43166
-11.4845 -18.3093
-10.8333 27.0084
-10.4456 54.0148
-10.7691 31.6038
-10.6151 42.3774
-10.791 30.2236
-11.5262 -20.7849
-11.4369 -14.5111
-11.0432 12.9121
-10.8504 26.3773
-10.774 31.7492
-10.6206 42.4795
-10.8472 26.8066
-10.894 23.6199
-10.7289 35.1607
-11.0013 16.3089
-11.0576 12.4666
-11.1186 8.2934
-11.7633 -36.4255
-11.1827 3.97957
-11.3905 -10.3867
-11.8957 -45.4194
-11.6219 -26.3226
-12.0932 -59.0017
-11.9023 -45.6719
-11.4797 -16.2339
-11.366 -8.26736
-10.9647 19.6823
-10.9519 20.6396
-10.9825 18.585
-11.1345 8.0939
-11.6374 -26.7802
-11.2856 -2.26495
-10.5304 50.2743
-11.3185 -4.41314
-11.518 -18.2029
-11.1915 4.5521
-11.1412 8.11431
-11.5002 -16.7555
-11.1585 7.04889
-10.7779 33.5641
-11.5321 -18.7655
-11.5787 -21.9371
-11.1756 6.13983
-11.0143 17.4157
-10.8494 28.9425
-10.9742 20.3418
-10.9584 21.5127
-10.7952 32.9206
-10.6073 46.0422
-10.6843 40.7629
-11.1674 7.26509
-10.9017 25.7971
-11.0468 15.7841
-11.513 -16.534
-11.9108 -44.102
-11.5662 -20.0946
-10.8306 31.0854
-10.3787 62.5554
-10.2784 69.5876
-10.6904 41.0367
-11.111 11.8804
-10.8663 28.9486
-10.7138 39.6141
-10.9234 25.1237
-11.0339 17.5158
-11.4428 -10.8234
-11.772 -33.6274
-11.5294 -16.7025
-11.4514 -11.2174
-10.9795 21.6449
-11.0475 16.9863
-11.0036 20.1056
-10.8357 31.8405
-10.9481 24.1006
-10.7561 37.5115
-10.7665 36.8558
-11.2068 6.3383
-10.6573 44.5875
-10.4527 58.8666
-10.6657 44.138
-10.8982 28.0587
-11.1894 7.89399
-11.2661 2.63598
-11.0141 20.2087
-10.8483 31.8011
-10.83 33.1415
-11.4367 -8.9388
-11.0012 21.3833
-11.0412 18.678
-10.9811 22.9237
-10.9683 23.8832
-10.7242 40.9095
-10.1645 79.8646
-10.3395 67.7743
-10.7002 42.7826
-10.6577 45.8042
-10.7167 41.7745
-10.5192 55.5664
-10.2578 73.8014
-10.3363 68.4171
-10.6588 46.0804
-10.4075 63.6091
-9.91064 98.1991
-10.0212 90.5879
-10.3227 69.7091
-10.4822 58.6957
-10.6527 46.9215
-10.986 23.8286
-11.3801 -3.48413
-10.9712 24.9985
-10.3558 67.8276
-10.3103 71.056
-10.5426 54.9877
-10.633 48.7756
-10.6887 44.9758
-10.4128 64.2105
-9.87512 101.639
-9.46076 130.498
-9.3841 135.894
-9.92161 98.6175
-10.0324 90.9887
-10.0386 90.628
-9.95362 96.6024
-9.85293 103.667
-10.1784 81.1212
-10.6049 51.5606
-10.6024 51.8024
-10.1899 80.5304
-10.243 76.913
-10.6018 52.0533
-10.7046 44.9807
-10.8571 34.4577
-11.4317 -5.39892
-11.382 -1.87378
-10.5961 52.7966
-10.1396 84.5839
-10.2295 78.4065
-10.3074 73.0622
-10.6923 46.3887
-10.9056 31.6378
-10.7633 41.5968
-11.011 24.4555
-11.4718 -7.48868
-11.488 -8.54414
-11.6268 -18.1174
-11.8632 -34.4752
-11.8495 -33.455
-12.0487 -47.228
-12.156 -54.61
-12.4024 -71.6606
-12.0113 -44.4209
-11.9216 -38.1157
-11.5491 -12.1683
-11.6198 -17.0106
-11.5656 -13.1702
-11.4036 -1.84727
-11.2417 9.47116
-11.2958 5.78397
-11.0743 21.2366
-11.1291 17.5042
-11.4977 -8.03981
-11.7961 -28.7002
-11.5194 -9.41063
-11.9474 -39.0759
-12.3805 -69.0976
-11.7771 -27.1047
-11.7161 -22.7993
-11.8851 -34.4711
-11.7791 -27.0347
-11.8819 -34.1087
-11.9901 -41.5552
-11.8546 -32.071
-11.253 9.79589
-11.8273 -30.036
-12.5765 -82.0209
-12.2248 -57.5121
-12.0547 -45.6236
-12.223 -57.2532
-12.3189 -63.841
-11.9313 -36.847
-11.8085 -28.2445
-11.6954 -20.3175
-11.744 -23.6205
-12.0573 -45.3188
-12.7193 -91.2479
-12.8376 -99.3998
-12.7665 -94.3881
-12.4079 -69.4049
-12.3528 -65.5031
-12.0747 -46.1154
-11.5988 -12.9789
-11.5869 -12.0844
-11.6046 -13.2419
-11.353 4.31007
-11.7898 -25.9685
-11.3876 2.04183
-11.8757 -31.7977
-11.7401 -22.3102
-12.415 -69.1286
-12.1277 -49.1017
-12.2445 -57.1474
-11.9428 -36.1176
-11.1599 18.3472
-11.2702 10.7584
-11.0948 23.0093
-10.7784 45.0672
-10.9946 30.1111
-11.8761 -31.0656
-11.6332 -14.1184
-11.712 -19.5239
-11.4645 -2.2587
-11.2016 16.074
-11.1386 20.5222
-11.3562 5.47526
-11.4642 -1.95654
-11.5254 -6.14224
-11.0393 27.7037
-10.7931 44.8763
-10.9089 36.9001
-11.2699 11.8901
-11.0797 25.1716
-11.1053 23.4641
-11.2503 13.4588
-11.1099 23.2806
-10.7917 45.457
-10.6253 57.0917
-10.8765 39.7079
-10.9269 36.2721
-11.0017 31.1456
-10.8558 41.3533
-10.768 47.5262
-11.057 27.5109
-10.9709 33.5634
-10.6703 54.5201
-10.5245 64.7193
-10.836 43.1441
-10.9933 32.2836
-10.8615 41.5161
-11.061 27.7223
-11.1543 21.3124
-10.8919 39.61
-11.0891 25.9758
-11.2731 13.2629
-11.1756 20.1053
-11.2639 14.0447
-11.2637 14.1277
-10.9845 33.5902
-11.1704 20.7448
-10.4421 71.42
-10.4022 74.2587
-10.8428 43.7139
-10.9064 39.3645
-10.8989 39.9542
-11.2109 18.3486
-11.1479 22.7961
-11.2936 12.7407
-11.642 -11.3968
-11.9604 -33.4463
-11.779 -20.7726
-10.8507 43.7922
-11.0213 32.0101
-11.2169 18.4917
-11.0643 29.1635
-11.2988 12.9402
-11.0919 27.3844
-10.5995 61.6606
-10.5344 66.2544
-11.2385 17.4038
-11.3032 12.9761
-11.1334 24.8468
-11.0682 29.4436
-11.7176 -15.6046
-11.5677 -5.11955
-10.8646 43.8017
-11.2733 15.474
-11.4424 3.79377
-11.4798 1.26266
-11.3609 9.5952
-10.9105 40.9612
-10.6152 61.5422
-10.7437 52.6858
-11.0011 34.8706
-10.724 54.1957
-10.529 67.809
-10.949 38.6974
-11.2661 16.7351
-11.2168 20.23
-10.8466 46.023
-10.9343 40
-10.9926 36.0168
-11.2176 20.4563
-11.004 35.3673
-11.0313 33.5353
-10.4345 75.0691
-10.0134 104.397
-10.7084 56.1778
-10.9632 38.5454
-10.9 43.0069
-10.8547 46.2229
-10.625 62.2536
-10.8591 46.056
-10.8072 49.7347
-11.02 35.0147
-10.9701 38.5518
-11.0763 31.2455
-10.6614 60.143
-10.3131 84.411
-10.5464 68.2677
-10.7376 55.0525
-11.0041 36.6103
-10.8066 50.3998
-10.9509 40.4454
-10.8256 49.2175
-10.4902 72.5943
-10.6165 63.8872
-11.2038 23.15
-10.6517 61.5785
-10.8497 47.8932
-11.3117 15.8647
-11.114 29.6688
-10.7569 54.5466
-11.159 26.6765
-11.7284 -12.8134
-11.1033 30.6855
-11.0956 31.2949
-11.2924 17.6898
-11.5211 1.86918
-11.5698 -1.44211
-11.0008 38.1611
-10.8389 49.4781
-11.1231 29.8001
-11.5198 2.30773
-11.448 7.36643
-11.0196 37.1978
-11.0123 37.7737
-11.3111 17.0874
-11.8352 -19.2624
-11.3314 15.8126
-11.3259 16.268
-11.1316 29.831
-11.4041 10.9725
-11.4874 5.25195
-11.5332 2.14194
-11.5605 0.314293
-11.9222 -24.7449
-11.8023 -16.3489
-11.3958 11.9639
-11.6939 -8.68013
-12.0148 -30.9027
-12.62 -72.8826
-12.971 -97.2018
-13.1092 -106.734
-12.9883 -98.2615
-13.2117 -113.718
-13.1212 -107.36
-12.6068 -71.5508
-12.4164 -58.2532
-12.5962 -70.6751
-13.386 -125.482
-13.6632 -144.671
-13.2854 -118.353
-12.4422 -59.6962
-12.6611 -74.8379
-12.8735 -89.5245
-13.1495 -108.632
-13.3645 -123.5
-12.8642 -88.6675
-12.3114 -50.1935
-12.7002 -77.1364
-13.0297 -99.9604
-13.3146 -119.684
-12.5387 -65.7086
-12.5355 -65.4153
-11.9894 -27.4057
-12.0231 -29.6762
-12.025 -29.7384
-12.03 -30.0127
-12.0316 -30.0571
-12.3553 -52.4789
-12.8586 -87.3802
-12.7944 -82.8498
-12.4428 -58.3505
-12.2746 -46.5898
-11.8344 -15.9411
-11.9319 -22.6419
-12.4425 -58.0512
-12.248 -44.4689
-12.336 -50.5116
-12.0707 -32.0058
-12.2019 -41.0581
-12.6095 -69.302
-12.3392 -50.4568
-12.5885 -67.7086
-13.0457 -99.4045
-13.2438 -113.096
-13.9686 -163.388
-14.3996 -193.261
-13.9579 -162.504
-13.3231 -118.331
-12.6074 -68.5351
-12.8077 -82.3823
-12.8021 -81.9259
-12.5966 -67.5731
-12.6075 -68.2645
-12.3942 -53.374
-12.4463 -56.9215
-12.4052 -54.0003
-12.4477 -56.8845
-12.5194 -61.7966
-12.2438 -42.5749
-12.3103 -47.1267
-12.0653 -30.0342
-12.0403 -28.2315
-12.4931 -59.62
-12.6762 -72.2718
-12.9136 -88.6973
-12.0997 -32.0793
-11.7853 -10.1644
-11.7028 -4.36403
-12.0316 -27.1407
-12.3628 -50.0835
-12.3247 -47.3629
-11.9077 -18.3213
-11.852 -14.3849
-11.8097 -11.3705
-11.6511 -0.283721
-11.496 10.5642
-11.7991 -10.4276
-11.8821 -16.1252
-11.9113 -18.0852
-12.381 -50.6486
-12.4905 -58.1896
-12.5797 -64.3162
-11.9166 -18.1729
-11.999 -23.8292
-12.1278 -32.7091
-12.1355 -33.1736
-11.9143 -17.735
-11.7648 -7.28359
-11.5897 4.95287
-12.3882 -50.4588
-12.4286 -53.193
-12.5104 -58.8049
-11.9634 -20.7339
-11.8716 -14.2844
-12.1078 -30.6256
-11.8278 -11.0996
-11.8021 -9.24668
-11.7316 -4.27824
-11.7713 -6.9654
-11.8355 -11.3573
-12.2067 -37.0804
-12.2752 -41.7695
-12.8831 -83.9407
-13.1355 -101.405
-12.632 -66.35
-12.6389 -66.7601
-12.5536 -60.7689
-12.5546 -60.7645
-12.3743 -48.1676
-12.1349 -31.469
-12.5427 -59.7317
-12.3237 -44.4482
-12.2109 -36.5385
-12.3279 -44.5953
-12.4599 -53.7005
-12.4617 -53.7537
-11.7701 -5.63396
-11.956 -18.4795
-11.8899 -13.8185
-12.2193 -36.6387
-12.5879 -62.1778
-11.9796 -19.842
-11.9868 -20.2766
-11.7673 -4.9546
-11.6328 4.45971
-11.6692 2.00213
-11.6265 5.04013
-11.98 -19.4551
-12.2636 -39.0864
-12.2909 -40.9151
-12.2794 -40.0473
-12.2673 -39.1372
-12.2423 -37.3303
-11.8667 -11.1676
-12.0357 -22.8356
-12.4662 -52.6769
-12.6478 -65.2303
-12.4267 -49.7947
-12.1805 -32.619
-12.3347 -43.2625
-12.611 -62.3934
-12.33 -42.802
-12.2429 -36.6799
-12.3388 -43.2725
-12.5391 -57.1155
-12.6429 -64.2594
-12.346 -43.564
-12.076 -24.7372
-12.0956 -26.0234
-12.245 -36.3348
-12.0952 -25.8628
-12.4388 -49.6628
-12.4736 -52.0102
-12.2242 -34.6143
-12.5049 -54.0453
-12.9124 -82.2901
-12.4847 -52.5034
-12.4022 -46.7025
-12.4768 -51.8189
-12.6128 -61.1973
-12.7222 -68.7254
-12.7822 -72.8282
-12.458 -50.2323
-12.6123 -60.8876
-12.4888 -52.2363
-12.2789 -37.5827
-12.5152 -53.9313
-12.5454 -55.9554
-12.4123 -46.642
-12.1353 -27.326
-12.4352 -48.0966
-12.3574 -42.616
-11.944 -13.8273
-12.3911 -44.8227
-12.761 -70.4534
-12.7931 -72.6134
-13.0929 -93.376
-12.6552 -62.8956
-12.5246 -53.7486
-12.078 -22.6501
-12.3671 -42.6657
-12.142 -26.9589
-12.2064 -31.3651
-12.1641 -28.3555
-11.9714 -14.8938
-11.9883 -16.0019
-12.5482 -54.835
-13.2489 -103.445
-13.4801 -119.443
-13.3413 -109.725
-13.4711 -118.674
-13.4215 -115.163
-13.4611 -117.84
-12.8821 -77.5455
-12.601 -57.9453
-12.5109 -51.6137
-12.4317 -46.0419
-12.4516 -47.357
-12.5132 -51.5688
-11.8856 -7.89444
-11.6173 10.8181
-11.8171 -2.99267
-11.4817 20.378
-11.9896 -14.84
-12.4929 -49.7373
-12.5518 -53.7641
-12.3521 -39.8153
-12.3069 -36.6103
-11.7369 3.06744
-11.6601 8.47251
-12.3031 -36.1326
-12.8478 -73.9149
-12.6483 -59.9833
-12.6236 -58.1949
-12.4723 -47.6107
-12.7807 -68.9714
-12.8037 -70.5012
-12.4884 -48.5213
-12.4901 -48.5718
-12.6669 -60.79
-12.486 -48.1492
-12.3702 -40.0358
-12.3863 -41.083
-12.4739 -47.0966
-12.4211 -43.365
-12.1744 -26.1488
-12.4342 -44.1317
-12.2476 -31.0978
-12.137 -23.3463
-12.3452 -37.7426
-12.1574 -24.6251
-12.4268 -43.2701
-12.3675 -39.0796
-12.7643 -66.5824
-12.7171 -63.2341
-12.8596 -73.0615
-12.8107 -69.5966
-12.5054 -48.3187
-12.3263 -35.7995
-12.144 -23.0667
-11.8157 -0.188505
-11.6307 12.7387
-12.1749 -25.0054
-12.1985 -26.5779
-12.1534 -23.371
-12.0302 -14.7415
-12.2419 -29.3814
-12.2249 -28.1313
-12.0129 -13.3359
-12.04 -15.1497
-12.5929 -53.4935
-12.2712 -31.0716
-11.8743 -3.42652
-11.6171 14.5124
-12.1955 -25.6025
-12.6435 -56.6595
-12.5715 -51.5907
-12.4692 -44.4126
-12.6578 -57.4449
-12.4919 -45.8481
-12.1076 -19.0816
-11.8823 -3.35511
-12.0896 -17.6862
-12.2922 -31.697
-12.0961 -18.002
-12.2183 -26.4195
-12.473 -44.0479
-12.4866 -44.9255
-12.2845 -30.8122
-12.2529 -28.5489
-12.2409 -27.6447
-12.6094 -53.1777
-12.559 -49.611
-12.2254 -26.3598
-11.8646 -1.22151
-12.2006 -24.4975
-12.1744 -22.6116
-12.1989 -24.2402
-11.9807 -9.01184
-11.7931 4.09495
-12.2895 -30.3252
-12.938 -75.313
-13.2575 -97.444
-13.2426 -96.34
-12.8253 -67.2746
-12.3005 -30.741
-11.9256 -4.62603
-11.9238 -4.42996
-12.241 -26.4045
-12.4668 -42.023
-12.4527 -40.9708
-12.7572 -62.0602
-12.1029 -16.5313
-12.0986 -16.1625
-12.0716 -14.2175
-12.3595 -34.1484
-12.6751 -56.0095
-12.6316 -52.9153
-12.4189 -38.0642
-12.334 -32.0964
-12.0962 -15.5094
-12.0769 -14.0941
-12.2977 -29.3706
-11.9782 -7.09851
-12.2277 -24.3677
-12.11 -16.1222
-12.1837 -21.1723
-12.6501 -53.5092
-12.5771 -48.3654
-12.1021 -15.2953
-12.2567 -25.9658
-12.0655 -12.6081
-12.4502 -39.2692
-12.5277 -44.5865
-12.1555 -18.6565
-12.1609 -18.9585
-11.9893 -6.96538
-12.178 -20.0125
-12.9734 -75.2042
-13.1608 -88.1527
-13.2043 -91.1048
-13.3795 -103.211
-13.4811 -110.198
-13.2669 -95.249
-12.9865 -75.6946
-12.4809 -40.4975
-12.6072 -49.2054
-12.1547 -17.6971
-12.1469 -17.0873
-12.3814 -33.3113
-12.5087 -42.0856
-12.243 -23.5548
-11.9307 -1.78408
-12.0184 -7.81051
-12.0707 -11.3755
-12.1928 -19.7868
-12.2639 -24.6551
-11.8954 1.01478
-11.9961 -5.91587
-12.4485 -37.278
-12.531 -42.9371
-12.2991 -26.7529
-12.3993 -33.6492
-12.2679 -24.4492
-12.7048 -54.736
-12.6228 -48.972
-12.7661 -58.8525
-12.272 -24.4572
-12.1744 -17.6088
-12.1231 -13.9748
-12.6317 -49.2432
-13.1129 -82.6044
-13.2181 -89.8447
-12.9939 -74.1992
-12.8712 -65.5997
-12.8112 -61.3615
-12.4061 -33.1492
-12.3366 -28.2515
-12.8265 -62.2184
-13.1918 -87.5295
-12.48 -38.0038
-12.8579 -64.191
-12.8531 -63.7909
-12.7136 -54.0248
-12.239 -20.9816
-12.1127 -12.1385
-12.3539 -28.8267
-11.6607 19.4073
-11.7399 13.9707
-12.3627 -29.2282
-12.6795 -51.1706
-12.5084 -39.2113
-12.7738 -57.5851
-12.2173 -18.8491
-12.3516 -28.1112
-12.5468 -41.607
-12.4018 -31.4609
-12.171 -15.3566
-12.3252 -25.9977
-12.2664 -21.8467
-12.2643 -21.6307
-11.9855 -2.1886
-11.7113 16.931
-12.4775 -36.2303
-12.2776 -22.2751
-12.3865 -29.7687
-12.2737 -21.8623
-12.0345 -5.17363
-12.1397 -12.4155
-12.4868 -36.4638
-12.0321 -4.80245
-12.0102 -3.21127
-11.7184 17.1362
-12.0318 -4.57422
-12.1866 -15.2594
-12.3792 -28.5683
-12.4053 -30.312
-12.2851 -21.8917
-12.3233 -24.4778
-12.2687 -20.6133
-12.3135 -23.6594
-12.3449 -25.7666
-12.5197 -37.8471
-12.8806 -62.8541
-12.8242 -58.8595
-12.8086 -57.7069
-12.5293 -38.2346
-12.503 -36.3361
-12.1749 -13.4689
-12.4305 -31.1597
-12.1045 -8.4383
-12.2844 -20.8697
-12.4717 -33.8158
-12.7729 -54.6703
-13.1475 -80.6309
-13.2721 -89.2153
-13.2089 -84.7579
-12.7735 -54.4341
-11.9754 1.08063
-11.9825 0.662502
-12.3058 -21.7355
-12.4955 -34.8457
-12.7996 -55.9012
-13.2112 -84.4299
-13.1181 -77.8954
-12.5089 -35.4972
-12.2582 -18.0109
-12.2385 -16.574
-12.2238 -15.4809
-12.2391 -16.4742
-12.216 -14.8007
-12.4377 -30.1344
-12.4533 -31.1496
-12.8455 -58.3293
-13.1928 -82.3862
-13.0152 -69.978
-12.8162 -56.0838
-13.112 -76.5676
-13.3739 -94.6914
-13.3255 -91.2578
-13.2218 -83.9867
-12.3905 -26.1582
-11.8965 8.23542
-11.9001 8.04935
-11.6786 23.511
-12.2829 -18.4079
-13.2752 -87.2809
-13.339 -91.6411
-12.8038 -54.3879
-12.4499 -29.7289
-12.8698 -58.8363
-13.065 -72.3304
-12.8124 -54.7075
-12.4929 -32.4406
-12.3907 -25.2685
-12.6252 -41.4958
-13.1803 -79.9921
-13.4212 -96.661
-13.2062 -81.652
-12.8171 -54.5462
-12.5245 -34.1467
-12.585 -38.2845
-12.8184 -54.4302
-12.6645 -43.6683
-12.5029 -32.3674
-12.6494 -42.4808
-12.0445 -0.383838
-12.2309 -13.2651
-12.2717 -16.0283
-12.5408 -34.6566
-12.773 -50.7174
-13.0309 -68.5714
-12.7297 -47.5705
-12.3723 -22.6687
-12.3721 -22.5848
-12.3971 -24.2523
-12.6339 -40.6389
-12.5842 -37.1159
-12.7405 -47.9026
-12.4472 -27.4605
-12.1812 -8.90684
-12.3768 -22.4305
-12.5029 -31.123
-12.6137 -38.7507
-12.5183 -32.0513
-12.2784 -15.3153
-12.4237 -25.3399
-11.9475 7.81922
-12.4992 -30.448
-12.8579 -55.2974
-12.7998 -51.1943
-12.3267 -18.2541
-12.5895 -36.44
-12.8233 -52.6146
-13.2687 -83.491
-13.3536 -89.3241
-12.8518 -54.3889
-12.5193 -31.2171
-12.4883 -28.9903
-12.5354 -32.1977
-12.5622 -33.9883
-12.5579 -33.6231
-12.5707 -34.4434
-12.7198 -44.7334
-12.9121 -58.0233
-12.9343 -59.4983
-12.8395 -52.8382
-12.6939 -42.6503
-12.3389 -17.9203
-11.8411 16.7409
-11.5836 34.7007
-12.2494 -11.4908
-12.7332 -45.0374
-12.852 -53.2183
-12.1106 -1.64187
-12.1108 -1.58667
-12.0567 2.24403
-12.3939 -21.1148
-12.6342 -37.7389
-12.6809 -40.9176
-12.8963 -55.8131
-12.707 -42.5881
-13.0033 -63.1065
-13.314 -84.6221
-13.1324 -71.9384
-12.6728 -39.935
-12.3434 -16.9786
-12.1883 -6.13228
-12.072 2.01275
-12.4566 -24.638
-12.5406 -30.4007
-12.6849 -40.3624
-13.1418 -72.0333
-12.5363 -29.8996
-12.4156 -21.4382
-13.0001 -61.9813
-13.5336 -98.979
-13.793 -116.935
-13.8684 -122.101
-13.8889 -123.46
-13.7902 -116.53
-13.3398 -85.169
-12.9461 -57.744
-12.8418 -50.428
-12.8882 -53.5839
-12.9622 -58.6568
-12.4694 -24.3461
-12.5848 -32.2949
-12.4252 -21.1368
-12.1697 -3.31648
-12.2392 -8.07168
-12.3456 -15.3948
-12.443 -22.0975
-12.7305 -41.9973
-12.4876 -25.0531
-11.8988 15.9267
-12.0528 5.29097
-12.5503 -29.2017
-12.7784 -44.9829
-12.6254 -34.2798
-12.5336 -27.8343
-12.5718 -30.4184
-12.4968 -25.1361
-12.482 -24.038
-12.5936 -31.721
-12.4325 -20.4619
-12.4451 -21.2709
-12.4802 -23.6394
-12.5085 -25.5346
-12.4848 -23.8165
-12.5424 -27.7499
-12.5593 -28.8535
-12.2918 -10.1971
-12.4503 -21.1425
-12.4607 -21.796
-12.2517 -7.20397
-12.5666 -29.0166
-12.8112 -45.9366
-12.5371 -26.8225
-13.1621 -70.1793
-12.6784 -36.5045
-12.59 -30.2907
-12.5814 -29.628
-12.5442 -26.9684
-12.4974 -23.6477
-12.5511 -27.3142
-12.3707 -14.7117
-12.3954 -16.3531
-12.4405 -19.4181
-12.8271 -46.2105
-12.87 -49.1186
-12.9259 -52.9391
-12.6953 -36.8431
-12.5723 -28.2317
-12.2862 -8.28056
-12.1642 0.262834
-11.9833 12.9043
-12.4395 -18.7263
-12.6585 -33.8727
-12.6278 -31.667
-12.2865 -7.88264
-12.2728 -6.86794
-12.2106 -2.47408
-12.571 -27.4443
-13.1543 -67.9002
-13.0601 -61.2843
-12.5286 -24.2903
-12.6813 -34.8268
-12.6344 -31.5006
-12.3784 -13.6461
-12.1192 4.43165
-12.4024 -15.1729
-12.3218 -9.50478
-12.3709 -12.844
-12.4531 -18.4858
-12.9589 -53.5596
-12.8779 -47.8661
-12.6943 -35.0414
-12.3663 -12.1775
-12.6476 -31.6527
-12.5612 -25.5854
-12.167 1.87472
-11.7828 28.6382
-11.4976 48.5256
-11.4177 54.1436
-12.0413 10.8894
-12.5016 -21.0218
-12.3255 -8.72092
-12.4097 -14.498
-12.505 -21.0503
-12.8358 -43.967
-12.6164 -28.6552
-12.3107 -7.34585
-12.3803 -12.1112
-12.5053 -20.7286
-13.0702 -59.9018
-13.455 -86.5737
-13.1091 -62.4668
-12.9357 -50.349
-12.8917 -47.2218
-13.0227 -56.2602
-12.8665 -45.3343
-12.5472 -23.0837
-12.9285 -49.5037
-12.6871 -32.6629
-12.4384 -15.3146
-12.7881 -39.5439
-12.4084 -13.088
-12.6422 -29.2649
-12.4766 -17.6908
-12.4629 -16.6666
-12.0392 12.8397
-12.0138 14.6766
-12.3533 -8.84682
-12.6448 -29.0304
-12.5281 -20.8477
-12.0345 13.5167
-12.132 6.80783
-12.3775 -10.1814
-12.9138 -47.3683
-12.7602 -36.6286
-12.2559 -1.52147
-12.2368 -0.126966
-12.3408 -7.2818
-12.7182 -33.4344
-12.5953 -24.8264
-12.1868 3.62451
-11.8602 26.389
-12.2099 2.16151
-12.5254 -19.6877
-12.8577 -42.7057
-12.4603 -15.0266
-12.1107 9.33214
-12.2769 -2.14368
-12.519 -18.8986
-12.5 -17.5096
-12.3593 -7.66615
-12.334 -5.83426
-12.4454 -13.5095
-12.325 -5.07235
-12.1047 10.3049
-12.219 2.42924
-11.9613 20.4084
-12.1024 10.6692
-12.2956 -2.68023
-12.5683 -21.562
-12.2825 -1.63434
-12.4231 -11.3326
-12.6855 -29.4955
-13.1235 -59.8595
-12.9753 -49.4884
-12.5865 -22.4097
-13.1075 -58.5353
-13.4958 -85.4458
-13.0453 -54.0751
-12.9049 -44.2478
-12.9745 -49.0196
-13.5538 -89.1971
-13.6244 -94.0345
-13.9772 -118.473
-13.9393 -115.772
-13.7269 -100.946
-13.3265 -73.0582
-13.2928 -70.6467
-13.1918 -63.5567
-12.8119 -37.0954
-12.7067 -29.7168
-12.2554 1.70574
-12.4412 -11.131
-12.0691 14.792
-12.1203 11.3074
-12.6163 -23.0847
-12.5581 -18.975
-12.565 -19.3828
-12.9473 -45.8783
-12.8392 -38.2971
-13.1698 -61.1972
-12.7883 -34.6238
-13.1854 -62.1388
-12.7915 -34.7027
-12.5687 -19.1542
-12.2256 4.75471
-12.2091 5.96542
-12.0091 19.9311
-12.165 9.17002
-12.6665 -25.6054
-12.4829 -12.7779
-12.7694 -32.6115
-13.3973 -76.1687
-13.55 -86.708
-13.9261 -112.775
-13.4405 -78.9651
-13.1533 -58.9415
-12.6642 -24.8878
-12.7109 -28.0631
-12.8348 -36.6009
-13.0037 -48.2673
-12.6096 -20.8176
-12.4512 -9.73961
-12.1343 12.3485
-12.143 11.8141
-12.4453 -9.12314
-12.2155 6.91507
-12.3876 -4.97316
-12.2506 4.61333
-12.7787 -32.01
-12.9094 -41.0228
-12.3438 -1.65028
-12.3069 0.979992
-12.5146 -13.3802
-12.8379 -35.7759
-12.9338 -42.3652
-12.7276 -27.9694
-12.2952 2.13913
-12.8328 -35.1404
-13.1629 -58.0049
-12.9481 -43.0123
-12.9309 -41.7521
-12.6019 -18.8219
-12.7955 -32.2062
-12.4434 -7.66795
-12.6862 -24.4717
-12.9742 -44.4123
-13.1947 -59.6597
-12.6755 -23.5208
-12.4365 -6.84389
-12.1672 11.9398
-12.5455 -14.2808
-12.116 15.6313
-12.3196 1.55796
-11.8867 31.7036
-11.6372 49.111
-12.3527 -0.534304
-12.2352 7.69652
-12.8498 -34.9331
-12.6002 -17.521
-12.8275 -33.2487
-12.7835 -30.1177
-13.0978 -51.889
-12.6762 -22.5243
-12.4166 -4.42021
-12.29 4.44805
-12.3518 0.223513
-12.2957 4.19293
-12.3958 -2.69535
-12.7673 -28.4384
-12.7957 -30.3399
-12.6569 -20.6278
-12.4471 -5.98126
-12.5619 -13.8883
-12.4373 -5.16561
-12.5051 -9.80553
-12.7142 -24.2652
-12.6867 -22.2799
-12.5168 -10.4093
-12.1408 15.7881
-12.3269 2.92692
-12.3168 3.69609
-12.619 -17.2278
-12.5818 -14.5792
-12.2093 11.3736
-12.2263 10.2608
-12.1718 14.1147
-12.4753 -6.8971
-12.6507 -19.0172
-12.6944 -21.9838
-12.596 -15.0741
-12.1546 15.6616
-12.2355 10.107
-12.1709 14.6673
-12.1313 17.4894
-12.3728 0.776726
-12.6032 -15.1584
-12.567 -12.5752
-12.3951 -0.562859
-12.0809 21.3402
-12.0685 22.266
-12.0579 23.0755
-12.3208 4.87821
-12.7221 -22.937
-12.7842 -27.1819
-12.3908 0.225031
-12.6291 -16.2663
-12.1664 15.9531
-12.1332 18.3285
-12.1967 13.9873
-12.3636 2.45716
-12.5353 -9.39929
-13.2763 -60.8171
-13.4238 -70.9907
-13.2365 -57.9083
-12.9709 -39.3866
-12.9335 -36.7171
-12.446 -2.77601
-12.3261 5.62401
-12.2457 11.2748
-12.6636 -17.6868
-13.1515 -51.5171
-12.6172 -14.3252
-13.0436 -43.8824
-12.9349 -36.2623
-12.6006 -12.963
-11.5133 62.6505
-11.7018 49.6224
-11.7663 45.2093
-12.0341 26.6755
-11.8132 42.091
-12.5586 -9.62867
-12.5764 -10.7989
-12.432 -0.694625
-12.4119 0.772951
-12.4392 -1.05934
-12.6873 -18.2274
-12.4101 1.10622
-12.319 7.50566
-12.2662 11.2411
-12.0551 25.9804
-12.4695 -2.74145
-12.8032 -25.8591
-12.9326 -34.7822
-13.189 -52.5273
-12.9624 -36.7111
-12.8116 -26.1654
-12.5635 -8.85958
-12.5735 -9.48541
-12.4784 -2.80414
-12.2076 16.0748
-12.0375 27.9637
-12.0409 27.7957
-12.2368 14.2579
-12.1625 19.4865
-12.4521 -0.566231
-12.7414 -20.5913
-12.8707 -29.5104
-12.5316 -5.87975
-12.476 -1.94836
-12.1011 24.1684
-11.9049 37.8747
-11.9245 36.582
-11.6969 52.4617
-11.7831 46.5474
-12.1022 24.4441
-12.1138 23.7033
-12.4956 -2.7509
-13.1887 -50.8377
-13.6096 -80.0127
-13.2459 -54.6737
-12.4136 3.2269
-11.677 54.4687
-11.8842 40.1417
-12.252 14.6617
-12.4091 3.81181
-12.4504 1.016
-12.5005 -2.39771
-12.6353 -11.6934
-12.6718 -14.1625
-12.6378 -11.7271
-12.9036 -30.1237
-12.9968 -36.5317
-12.9094 -30.389
-12.7011 -15.8458
-12.6106 -9.49064
-12.5085 -2.32934
-12.3741 7.07817
-12.511 -2.36005
-12.5953 -8.14842
-12.7878 -21.4547
-12.7523 -18.9181
-12.7231 -16.8236
-12.8498 -25.5557
-12.6364 -10.6555
-12.5548 -4.92002
-11.9388 37.9498
-11.9905 34.4253
-12.0838 28.0161
-12.6521 -11.4007
-12.7212 -16.1306
-12.8686 -26.3043
-13.1116 -43.1195
-13.5328 -72.3103
-13.7462 -87.0712
-13.8665 -95.3596
-13.3916 -62.2922
-12.4203 5.26024
-12.1853 21.6564
-12.7134 -14.9661
-13.0029 -35.0116
-12.949 -31.1961
-13.2316 -50.7585
-13.1451 -44.6822
-13.3491 -58.789
-13.6275 -78.0593
-12.9801 -33.0083
-12.4889 1.1857
-12.7221 -14.9483
-12.9539 -30.9826
-13.0476 -37.4208
-13.2585 -52.0042
-13.2987 -54.7279
-13.5129 -69.539
-13.5156 -69.6578
-13.5136 -69.4534
-13.0534 -37.4045
-12.8801 -25.2984
-12.8346 -22.0689
-13.1946 -47.0088
-13.0298 -35.4874
-12.5955 -5.24883
-12.2617 18.0151
-12.54 -1.25039
-12.6362 -7.86264
-12.8867 -25.2035
-12.7777 -17.5556
-12.4839 2.92275
-12.5074 1.35934
-12.3598 11.6864
-12.5754 -3.22712
-12.4665 4.40871
-12.4813 3.45323
-12.2111 22.2932
-12.0756 31.7777
-11.6971 58.1439
-11.7052 57.6561
-11.9926 37.7545
-12.2802 17.8399
-12.7032 -11.4789
-12.5012 2.62929
-12.4769 4.38077
-12.4701 4.92376
-12.5749 -2.28699
-13.0478 -35.0697
-12.9223 -26.2829
-12.542 0.211412
-12.2116 23.2306
-12.2875 18.027
-12.0099 37.3841
-12.3704 12.4121
-12.8853 -23.2938
-12.7934 -16.8443
-12.482 4.86375
-12.3801 12.01
-12.4796 5.17244
-12.2224 23.1114
-12.4631 6.4514
-12.8339 -19.2362
-12.8328 -19.0896
-12.46 6.88102
-12.0734 33.8115
-12.0641 34.5236
-12.299 18.2695
-12.2809 19.601
-12.2761 20.0046
-12.4628 7.10222
-12.588 -1.52737
-12.5864 -1.34989
-12.9846 -28.9436
-12.5226 3.22073
-12.4728 6.75214
-12.9679 -27.5746
-13.334 -52.9441
-13.4996 -64.3763
-12.8838 -21.528
-12.8833 -21.421
-12.8106 -16.297
-12.5155 4.27297
-12.0051 39.8036
-11.8747 48.9323
-12.0539 36.5551
-12.4793 7.06514
-12.6138 -2.21025
-12.8357 -17.5593
-12.8811 -20.6393
-12.3051 19.4486
-12.1182 32.5057
-12.2446 23.7912
-12.6867 -6.85816
-13.1091 -36.1339
-13.5442 -66.2997
-13.2652 -46.8457
-12.5162 5.26901
-12.382 14.6568
-12.034 38.9061
-11.8101 54.5324
-11.8372 52.7192
-12.1415 31.6481
-12.046 38.3538
-12.2077 27.1886
-12.1338 32.3942
-12.2732 22.7768
-12.1251 33.1337
-12.1986 28.0972
-12.3313 18.9477
-12.4775 8.8555
-12.4915 7.95338
-12.2905 21.9882
-12.5841 1.65904
-12.606 0.207298
-12.3165 20.3907
-12.4197 13.2897
-12.5294 5.7407
-12.5756 2.59757
-12.5105 7.19105
-12.4359 12.447
-12.2854 22.9726
-12.079 37.3801
-11.9668 45.2424
-11.9743 44.7952
-12.134 33.7651
-12.4188 14.0489
-12.1781 30.8423
-11.8628 52.8183
-11.9773 44.9306
-12.0749 38.2219
-12.3977 15.8621
-12.7194 -6.42057
-12.4005 15.8054
-12.1047 36.4276
-11.8083 57.0933
-12.0216 42.3373
-12.302 22.9254
-12.2807 24.4795
-12.0167 42.8865
-12.1319 34.9521
-12.1908 30.9288
-12.417 15.2833
-12.8193 -12.5963
-12.7912 -10.578
-12.4881 10.5536
-12.6276 0.929131
-12.8818 -16.664
-12.5584 5.87672
-12.2637 26.4231
-12.3219 22.447
-12.1609 33.7017
-12.7648 -8.18371
-13.2664 -42.9641
-13.4816 -57.8517
-13.1823 -36.9854
-12.1816 32.6115
-12.1118 37.5303
-12.0102 44.6609
-11.6126 72.3538
-11.5379 77.616
-11.5999 73.3772
-12.0553 41.8042
-12.6104 3.30938
-12.4548 14.1874
-12.3999 18.0743
-12.5915 4.83162
-12.339 22.4398
-12.1797 33.5826
-12.008 45.5803
-12.207 31.8221
-12.4577 14.4754
-12.8259 -11.0408
-12.5915 5.31797
-12.3128 24.7471
-12.1867 33.5786
-12.2142 31.7395
-12.2007 32.745
-12.1858 33.8477
-12.2758 27.6677
-12.4808 13.4941
-12.5013 12.1408
-12.409 18.6209
-12.191 33.8365
-12.0942 40.6308
-12.213 32.4481
-11.9775 48.8766
-11.9851 48.4179
-11.9761 49.1145
-12.4672 15.0603
-12.6626 1.55933
-12.1833 34.9247
-12.1581 36.7461
-12.2863 27.9068
-12.3085 26.4392
-12.3131 26.1869
-12.4721 15.2063
-12.4703 15.4063
-12.409 19.7318
-12.4344 18.0357
-12.7364 -2.87736
-12.9133 -15.0957
-12.8117 -7.96711
-12.5091 13.125
-12.2899 28.4259
-11.7655 64.9303
-11.6925 70.0706
-11.7316 67.4239
-12.1844 36.0287
-12.7872 -5.7825
-12.7279 -1.59168
-12.5919 7.92484
-12.6542 3.66612
-12.7367 -1.9911
-12.6841 1.73031
-12.5983 7.75735
-12.7373 -1.82481
-12.4629 17.3101
-12.4617 17.4595
-12.4028 21.6248
-12.4254 20.1231
-12.1137 41.8503
-12.1901 36.6078
-12.3454 25.8905
-11.804 63.5743
-11.9824 51.2449
-12.5283 13.3894
-12.9828 -18.118
-12.5738 10.3659
-12.2189 35.0938
-12.0529 46.6955
-12.162 39.1855
-12.2663 32.0104
-12.4878 16.6876
-12.6307 6.83058
-12.5652 11.4495
-12.6085 8.51412
-12.315 28.9715
-12.2563 33.1216
-12.4734 18.1057
-12.4684 18.5241
-12.3056 29.9047
-12.2136 36.3669
-12.3929 23.9745
-12.7004 2.68047
-13.0293 -20.0976
-13.2667 -36.522
-13.1111 -25.6443
-13.0586 -21.9241
-12.9266 -12.688
-12.8143 -4.81404
-12.5911 10.7613
-12.4303 22.0019
-12.455 20.3593
-12.4377 21.6279
-12.9139 -11.3911
-13.0487 -20.6831
-13.3005 -38.1105
-13.4255 -46.7245
-13.3553 -41.7784
-13.3475 -41.1634
-13.3282 -39.7567
-13.578 -57.0393
-13.8974 -79.1667
-13.9607 -83.4941
-14.2026 -100.227
-14.0418 -88.9884
-14.0209 -87.4661
-13.6252 -59.9017
-13.1024 -23.5091
-12.6753 6.23257
-12.5702 13.6066
-12.7858 -1.30399
-12.9633 -13.5724
-12.647 8.47556
-12.1617 42.2637
-12.3754 27.4873
-12.8994 -8.85163
-12.7559 1.19078
-12.4518 22.3859
-11.8616 63.464
-11.7121 73.9209
-11.8857 61.9268
-12.6959 5.70138
-12.8877 -7.54902
-12.5697 14.6113
-12.5246 17.8161
-13.024 -16.8153
-13.0322 -17.3123
-12.8058 -1.51695
-12.6592 8.74238
-12.5096 19.2028
-12.7601 1.87229
-12.3607 29.6902
-12.409 26.3993
-12.8389 -3.39903
-13.0201 -15.9148
-12.9786 -12.9622
-12.3217 32.7429
-12.5486 17.0514
-13.2488 -31.5318
-13.4658 -46.5364
-13.276 -33.277
-12.9202 -8.48751
-12.5908 14.4643
-12.8884 -6.13941
-13.2709 -32.6491
-13.6298 -57.5127
-13.2024 -27.7517
-12.7305 5.10513
-12.7284 5.32371
-12.9372 -9.11895
-13.0627 -17.7652
-12.7257 5.71641
-12.8038 0.363988
-12.3789 29.9513
-12.4939 22.0286
-13.1501 -23.494
-13.3299 -35.9138
-13.1682 -24.6062
-13.2741 -31.8993
-13.1082 -20.3044
-13.2846 -32.4903
-13.4874 -46.5061
-13.6012 -54.3494
-13.6252 -55.9462
-12.9166 -6.64096
-12.6113 14.6362
-12.658 11.4663
-12.2574 39.3678
-12.3777 31.0807
-12.9112 -5.91962
-13.1588 -23.0509
-12.8601 -2.22854
-12.8051 1.66266
-12.7895 2.81196
-13.0415 -14.6246
-13.3124 -33.3746
-13.3756 -37.6962
-13.051 -15.0746
-13.2449 -28.4766
-13.5147 -47.1544
-13.8002 -66.9211
-13.3297 -34.1659
-13.2691 -29.8798
-13.0252 -12.8643
-13.3077 -32.4278
-13.2173 -26.0775
-13.1566 -21.7911
-12.6981 10.1379
-12.7035 9.82921
-12.3876 31.8482
-12.3254 36.2431
-12.4435 28.1058
-12.6392 14.5736
-12.6448 14.254
-12.7255 8.719
-12.8314 1.42961
-12.6634 13.1716
-12.9674 -7.87972
-12.7208 9.32282
-12.5767 19.4064
-12.6573 13.8746
-13.2683 -28.5099
-13.2699 -28.5468
-13.3685 -35.3276
-13.2397 -26.315
-13.4227 -38.9589
-13.3224 -31.9171
-13.0724 -14.4761
-12.9787 -7.89799
-12.8234 2.96278
-12.4353 29.9953
-12.3898 33.2223
-12.3895 33.3174
-13.0192 -10.3676
-12.6583 14.7803
-12.5934 19.3555
-12.83 2.98708
-12.8246 3.4314
-12.6583 15.0551
-12.5391 23.4089
-12.7217 10.7903
-13.1627 -19.7809
-13.1493 -18.778
-13.1572 -19.2597
-12.4592 29.3093
-12.4656 28.9344
-12.371 35.5754
-12.7541 9.02365
-12.8468 2.65391
-12.2209 46.2083
-11.9569 64.6257
-12.1067 54.281
-12.4689 29.1906
-12.4521 30.4231
-12.7371 10.6905
-12.0953 55.3526
-11.772 77.8884
-11.8115 75.2114
-11.8498 72.621
-12.3547 37.612
-12.8246 5.02785
-12.5154 26.5828
-12.5678 23.0122
-12.2483 45.2771
-12.1288 53.6514
-12.1479 52.3961
-12.6103 20.3363
-12.6257 19.3335
-12.6249 19.4589
-12.3497 38.6534
-12.6712 16.3818
-12.4749 30.0892
-12.5218 26.9046
-12.5444 25.3986
-12.427 33.6271
-12.6312 19.5107
-12.4731 30.5649
-12.552 25.1499
-12.7281 12.9873
-12.4434 32.8361
-11.9551 66.8295
-12.1203 55.4217
-12.1724 51.8696
-12.549 25.7799
-12.3548 39.3368
-12.1894 50.8986
-12.3466 40.0478
-12.1752 52.0235
-12.1616 53.0392
-12.5135 28.6604
-12.6349 20.2923
-12.4945 30.1175
-12.5548 25.9982
-12.6687 18.1526
-12.4606 32.6857
-12.5444 26.9323
-12.2469 47.6686
-11.9387 69.1548
-11.8857 72.905
-11.9587 67.8989
-12.0866 59.0847
-12.1379 55.5896
-12.8583 5.60799
-13.1762 -16.4094
-13.0116 -4.90496
-12.4512 34.1027
-12.0644 61.0425
-12.1481 55.3008
-12.5467 27.6741
-12.2233 50.2097
-11.7788 81.1631
-12.3106 44.2849
-11.981 67.2584
-12.4138 37.2533
-13.0564 -7.32243
-13.3749 -29.384
-13.0238 -4.9179
-12.4357 36.0135
-11.9907 66.9983
-11.9905 67.0825
-11.7227 85.7565
-12.0232 64.946
-12.4191 37.5099
-12.5755 26.7149
-12.256 48.9828
-12.0902 60.5695
-12.4951 32.5103
-12.7684 13.59
-12.9262 2.69324
-12.7591 14.3758
-12.6063 25.0634
-12.4584 35.4097
-12.3442 43.4096
-12.696 19.0373
-12.6189 24.4613
-12.9221 3.46688
-12.8476 8.71578
-12.6383 23.3232
-12.3602 42.7127
-12.4156 38.9353
-12.6514 22.6256
-12.2038 53.7941
-11.9904 68.6836
-11.9062 74.6046
-12.0701 63.2888
-12.2568 50.3893
-12.4964 33.8081
-12.6365 24.1419
-12.5271 31.8158
-12.0438 65.4637
-11.7102 88.7095
-11.7826 83.7507
-12.1767 56.4401
-12.7615 15.8757
-12.9715 1.35531
-13.2218 -15.9663
-12.9292 4.43396
-12.4658 36.6971
-12.2065 54.7819
-12.1792 56.748
-12.0451 66.1393
-12.0693 64.5229
-11.784 84.4143
-12.338 45.9929
-13.3122 -21.6221
-12.6528 24.2644
-12.9656 2.59902
-12.9061 6.80344
-12.4509 38.4955
-12.6211 26.7391
-12.6955 21.6412
-12.7865 15.3921
-13.0886 -5.53057
-13.2041 -13.4885
-12.9911 1.3839
-13.1796 -11.6455
-12.8247 13.0817
-12.7782 16.3842
-12.7671 17.2255
-12.5632 31.4609
-12.6157 27.8801
-12.3407 47.0557
-12.4315 40.8176
-12.1799 58.3702
-12.1295 61.9401
-12.1559 60.1782
-12.6336 27.0521
-13.0606 -2.5446
-13.0381 -0.909607
-13.0271 -0.0730583
-12.9355 6.35675
-13.1773 -10.3734
-13.0199 0.630916
-13.1896 -11.0883
-13.3771 -24.0445
-13.3438 -21.664
-13.1346 -7.06205
-12.9553 5.46524
-13.0073 1.92671
-12.987 3.40495
-13.1746 -9.56042
-13.3073 -18.7101
-13.1038 -4.49993
-13.0227 1.20493
-13.4752 -30.169
-13.4261 -26.687
-12.921 8.47583
-12.7813 18.2543
-12.6874 24.8477
-12.4024 44.7153
-12.5515 34.4235
-12.8479 13.9061
-12.8054 16.9219
-12.9108 9.66893
-12.8372 14.8512
-12.8652 12.9758
-13.0408 0.846635
-13.1265 -5.03969
-13.0165 2.67601
-12.7333 22.4214
-13.0081 3.40062
-12.5446 35.6679
-12.5497 35.3871
-13.0603 -0.0219869
-13.4163 -24.6878
-13.6246 -39.0901
-13.6707 -42.2246
-12.9283 9.43106
-13.0478 1.19808
-13.171 -7.29258
-13.3088 -16.8022
-13.4391 -25.7827
-13.184 -7.98701
-13.3297 -18.0442
-12.928 9.9327
-12.5847 33.8573
-12.6885 26.7146
-12.8009 18.9747
-12.921 10.7009
-13.2396 -11.3669
-12.9068 11.8235
-12.8236 17.6766
-12.9355 9.9727
-12.7975 19.6285
-12.4695 42.4891
-12.8317 17.3881
-12.5235 38.8726
-12.5828 34.8197
-12.7245 25.049
-12.6641 29.316
-12.7918 20.5082
-13.057 2.15528
-12.9788 7.65896
-13.3655 -19.143
-13.1646 -5.11522
-13.304 -14.7302
-12.7477 23.9901
-13.0822 0.822692
-13.3875 -20.325
-13.5671 -32.7348
-13.4187 -22.3538
-12.9486 10.3803
-12.6764 29.3633
-12.519 40.3658
-12.686 28.8354
-12.9472 10.754
-13.34 -16.4634
-13.3999 -20.5567
-13.2361 -9.10883
-13.0425 4.41191
-12.9772 9.01557
-12.9631 10.071
-12.7557 24.5477
-12.8841 15.6948
-13.2578 -10.1987
-13.2833 -11.901
-13.4908 -26.2525
-13.4834 -25.663
-13.2768 -11.2392
-13.2518 -9.43257
-13.2038 -6.03229
-13.0853 2.27017
-13.3428 -15.5528
-13.2121 -6.40166
-13.4861 -25.3692
-13.2183 -6.68829
-13.0006 8.50178
-12.4237 48.6583
-12.5856 37.4747
-12.6849 30.6494
-12.6994 29.7072
-13.115 0.905448
-12.9604 11.7142
-12.7401 27.0922
-12.6407 34.0643
-12.7087 29.4136
-13.3042 -11.8972
-13.1229 0.771621
-12.9919 9.94003
-12.9949 9.80268
-13.0159 8.41363
-12.8393 20.7506
-12.694 30.9175
-12.771 25.6382
-12.6681 32.8557
-12.2796 59.9216
-12.1214 70.9798
-12.1751 67.317
-12.5179 43.5705
-13.3898 -16.9404
-12.8153 23.0458
-12.61 37.3782
-12.5394 42.3552
-12.89 18.0629
-12.5115 44.4329
-12.3544 55.4139
-12.4011 52.2438
-12.9163 16.5153
-13.3853 -15.9993
-12.7366 29.1381
-12.3358 57.058
-12.8831 19.0963
-12.6682 34.1013
-12.6558 35.0301
-12.6096 38.3111
-12.2336 64.5036
-12.4334 50.6914
-13.0581 7.35582
-12.9025 18.2387
-12.371 55.2378
-12.777 27.0988
-13.2091 -2.85844
-13.0391 9.02236
-12.9186 17.4657
-12.5051 46.265
-12.3725 55.5478
-12.2984 60.7697
-12.5048 46.4922
-12.4059 53.4342
-12.5004 46.938
-12.4914 47.6365
-12.9355 16.8514
-12.6735 35.119
-12.6637 35.8711
-13.0967 5.85941
-13.0067 12.1762
-12.5434 44.4388
-12.3779 56.0043
-12.8065 26.3011
-13.0791 7.42762
-12.6611 36.5396
-12.7358 31.4194
-13.055 9.31348
-13.2477 -4.01108
-13.3452 -10.7154
-13.0201 11.9457
-12.7886 28.0947
-13.0793 7.96755
-13.1713 1.64321
-13.2611 -4.52545
-12.8379 24.9529
-12.6424 38.6015
-12.4816 49.8457
-12.6554 37.8356
-12.3508 59.0702
-11.9245 88.756
-12.2996 62.7672
-11.9798 85.0532
-12.1956 70.1304
-11.9794 85.2199
-12.5347 46.7129
-12.6271 40.3635
-13.1988 0.710974
-12.895 21.8849
-12.584 43.5643
-12.7085 34.9822
-12.9001 21.7369
-12.824 27.095
-13.0596 10.7996
-13.172 3.05934
-13.1334 5.81012
-13.2263 -0.576234
-13.2266 -0.531034
-13.4034 -12.7421
-13.0849 9.4536
-13.0318 13.214
-12.6987 36.4248
-12.6691 38.5557
-12.8374 26.93
-12.8325 27.3366
-13.0099 15.0818
-13.1846 3.01635
-12.4042 57.3049
-11.9459 89.2161
-11.8658 94.8558
-12.0858 79.6376
-12.2279 69.8343
-12.2587 67.7643
-12.4378 55.3886
-12.2928 65.5296
-12.2358 69.5628
-12.2216 70.6197
-12.2839 66.3612
-12.305 64.9644
-11.977 87.8212
-11.4654 123.437
-12.1666 74.7868
-12.7591 33.6893
-12.8033 30.6858
-12.801 30.9188
-12.5974 45.1323
-12.5347 49.561
-12.7817 32.4709
-13.0162 16.2445
-13.4942 -16.9003
-12.968 19.7299
-12.4906 52.9735
-12.2318 71.0214
-12.5211 50.9919
-12.2298 71.2999
-12.1474 77.0942
-12.1464 77.2317
-12.5774 47.3564
-12.8856 26.0136
-13.0086 17.5349
-12.9363 22.6281
-12.9009 25.1554
-13.4911 -15.7774
-13.3214 -3.91925
-13.1856 5.58381
-13.26 0.486909
-12.9095 24.9116
-12.8253 30.8281
-12.1411 78.4351
-11.8744 97.0349
-12.217 73.2988
-12.463 56.2796
-12.3521 64.0508
-12.7718 34.96
-12.5884 47.7744
-12.5503 50.4884
-12.4208 59.5544
-12.2928 68.5172
-12.2613 70.7752
-11.9599 91.7876
-12.0725 84.0357
-12.5885 48.256
-13.1047 12.4552
-13.2279 3.97065
-13.016 18.757
-12.9741 21.7392
-12.58 49.1912
-12.8872 27.9155
-12.6833 42.1532
-12.6802 42.437
-12.3549 65.1091
-12.4345 59.6448
-12.627 46.3455
-12.9723 22.4211
-12.7588 37.3238
-12.8311 32.3723
-12.7049 41.209
-12.8186 33.3763
-12.9729 22.724
-12.759 37.6554
-12.4251 60.9289
-12.8813 29.2996
-13.3006 0.2363
-13.3552 -3.48542
-13.098 14.4536
-12.4084 62.4358
-12.1 83.9317
-12.1569 80.0475
-12.4032 63.0013
-12.8677 30.8023
-12.666 44.8841
-12.8108 34.8923
-12.5783 51.1144
-12.7292 40.6994
-12.8146 34.8392
-12.9822 23.2585
-12.6737 44.7686
-12.8224 34.5059
-12.6943 43.4713
-12.6228 48.512
-12.8506 32.7549
-12.5422 54.2469
-12.6311 48.1396
-12.5164 56.1795
-12.3858 65.3213
-12.6981 43.6959
-12.898 29.8777
-13.0935 16.365
-12.9955 23.2419
-12.7382 41.1839
-12.5771 52.4497
-12.7729 38.9164
-12.8541 33.3443
-13.1477 13.0165
-12.9687 25.5167
-12.6729 46.1434
-12.6104 50.5518
-12.5667 53.6602
-12.7758 39.203
-13.0661 19.0964
-13.386 -3.05973
-13.048 20.4976
-13.2111 9.23485
-13.0084 23.3834
-13.1702 12.2117
-13.6195 -18.9313
-13.6947 -24.0853
-13.7497 -27.8371
-13.3079 2.92823
-12.6843 46.3203
-12.7708 40.3779
-13.2772 5.26557
-13.6046 -17.4129
-13.4133 -4.04935
-13.3445 0.802039
-12.9176 30.5302
-12.7293 43.6794
-12.729 43.7716
-12.9296 29.902
-12.8952 32.3634
-12.9539 28.3514
-13.0817 19.541
-13.6688 -21.1772
-14.0191 -45.4435
-13.788 -29.3195
-13.6101 -16.8894
-13.6469 -19.3786
-13.7259 -24.7939
-13.7447 -26.0371
-13.8708 -34.7222
-14.0533 -47.3372
-14.9278 -108.025
-15.324 -135.483
-15.0478 -116.224
-14.5827 -83.8414
-14.4975 -77.848
-14.6891 -91.0952
-14.6497 -88.2845
-14.3313 -66.0958
-14.2468 -60.1564
-14.3775 -69.1668
-14.4237 -72.3098
-14.6629 -88.8545
-14.7277 -93.2882
-14.8607 -102.458
-14.6083 -84.8516
-14.6241 -85.8824
-14.6975 -90.9121
-14.526 -78.9298
-14.7473 -94.2364
-14.39 -69.3416
-14.1603 -53.3134
-14.1654 -53.5978
-13.5531 -10.9874
-13.175 15.3539
-13.3333 4.42242
-13.7938 -27.4981
-14.0557 -45.6272
-14.3862 -68.517
-14.1384 -51.233
-13.7174 -21.9152
-13.2257 12.3174
-13.3491 3.81604
-13.3189 5.98428
-13.6551 -17.31
-13.7113 -21.1444
-13.5168 -7.55894
-13.8415 -30.0463
-13.2417 11.6959
-12.6034 56.1091
-13.1149 20.641
-13.4911 -5.42404
-13.5789 -11.4589
-13.3318 5.78144
-12.8059 42.3858
-12.7451 46.6848
-12.6746 51.6517
-12.5126 62.9734
-12.4757 65.6061
-13.0803 23.6727
-13.9189 -34.5211
-14.2885 -60.1342
-13.8603 -30.317
-14.102 -47.0391
-14.6425 -84.5194
-14.9805 -107.937
-14.8009 -95.3882
-14.2971 -60.3174
-13.9304 -34.7668
-13.8483 -28.9954
-13.7261 -20.4358
-13.7998 -25.4817
-13.7026 -18.6627
-13.4583 -1.61677
-13.3915 3.09293
-13.3841 3.67298
-12.8821 38.6259
-13.1582 19.513
-13.0257 28.7884
-12.8612 40.287
-12.9121 36.8175
-12.957 33.7668
-13.4415 0.175902
-13.368 5.34702
-13.8193 -25.9337
-13.6523 -14.2644
-12.9772 32.7138
-12.4101 72.1843
-11.9275 105.782
-12.2579 82.8972
-12.5533 62.4387
-13.7279 -19.1009
-13.9085 -31.5768
-13.9764 -36.2259
-13.6081 -10.5649
-13.7599 -21.0477
-14.1442 -47.6784
-13.5464 -6.07174
-13.1891 18.8215
-13.4234 2.61216
-13.544 -5.69838
-13.2079 17.7246
-13.1902 19.0247
-13.6842 -15.23
-13.8675 -27.8977
-13.7369 -18.7554
-13.92 -31.4012
-13.8727 -28.0479
-13.761 -20.2214
-13.5735 -7.12466
-13.6209 -10.3431
-13.8005 -22.7577
-13.6212 -10.2256
-13.9667 -34.163
-14.2338 -52.6479
-14.0573 -40.3182
-13.7084 -16.0105
-13.3738 7.30729
-13.5019 -1.52402
-13.5712 -6.26708
-13.8742 -27.2491
-13.6967 -14.851
-13.7141 -15.9845
-13.2599 15.6397
-13.4159 4.87033
-13.3583 8.94321
-12.9941 34.3125
-12.8234 46.2477
-12.3952 76.0656
-12.3955 76.1162
-12.7115 54.23
-12.8189 46.8334
-12.7177 53.9397
-12.7493 51.8072
-12.9724 36.381
-13.468 2.01578
-14.1445 -44.9194
-14.9324 -99.5924
-15.0099 -104.906
-14.6333 -78.6692
-14.4797 -67.9316
-14.3174 -56.5816
-13.6646 -11.157
-13.6944 -13.1567
-13.7421 -16.4061
-13.7795 -18.9315
-14.1241 -42.8066
-14.5616 -73.1361
-14.734 -85.0426
-14.4743 -66.9319
-14.1831 -46.6245
-14.2447 -50.8393
-14.7122 -83.2527
-14.9537 -99.9624
-15.2889 -123.181
-15.529 -139.794
-15.4867 -136.781
-15.4426 -133.65
-14.9472 -99.1635
-14.6463 -78.1826
-14.5126 -68.829
-14.8465 -91.9571
-14.6313 -76.9361
-14.3734 -58.9457
-14.3709 -58.7051
-14.1264 -41.6476
-13.3824 10.1176
-12.687 58.5003
-12.4456 75.3445
-12.5943 65.0812
-13.1319 27.797
-13.4593 5.12083
-13.7568 -15.4786
-13.9681 -30.0931
-14.4693 -64.8418
-14.4396 -62.71
-14.2424 -48.9434
-14.2479 -49.2566
-14.2399 -48.6265
-14.2892 -51.9853
-14.3723 -57.6895
-14.4137 -60.4988
-14.4935 -65.9689
-15.115 -109.083
-15.367 -126.519
-15.123 -109.501
-14.6965 -79.7962
-14.1143 -39.2761
-13.9492 -27.7332
-13.3965 10.7325
-13.6092 -3.97612
-13.5928 -2.7643
-13.8989 -23.9666
-14.0737 -36.0409
-13.6679 -7.77163
-13.7854 -15.8715
-13.0727 33.717
-12.8946 46.1621
-12.8578 48.7863
-12.9523 42.29
-12.7285 57.9085
-12.8262 51.1943
-13.284 19.4556
-14.0871 -36.277
-14.4129 -58.8404
-14.3939 -57.4522
-14.1209 -38.412
-14.2403 -46.6419
-14.2027 -43.9622
-13.9549 -26.6705
-13.704 -9.16958
-13.6126 -2.75297
-13.8284 -17.6782
-13.9939 -29.1059
-14.2318 -45.565
-14.427 -59.0603
-14.3995 -57.0742
-14.2883 -49.2847
-14.1966 -42.8403
-13.8762 -20.5096
-13.4443 9.56599
-13.5564 1.84571
-13.6884 -7.25129
-14.0803 -34.4118
-14.6944 -77.0128
-15.4574 -129.956
-15.5987 -139.701
-15.8237 -155.263
-15.4033 -125.987
-14.7341 -79.4203
-14.1576 -39.3004
-14.355 -52.9447
-14.4154 -57.0691
-15.0758 -102.883
-15.0031 -97.7626
-14.734 -78.9986
-14.3312 -50.9435
-14.0617 -32.1502
-14.005 -28.1362
-14.024 -29.3877
-14.2751 -46.7643
-14.134 -36.8928
-13.9192 -21.9007
-13.657 -3.61505
-13.3026 21.0816
-13.0528 38.5059
-12.9643 44.7208
-13.568 2.84545
-14.1706 -38.9514
-14.6877 -74.8079
-14.6707 -73.5564
-14.3098 -48.4113
-13.7029 -6.17565
-13.6207 -0.393584
-13.3409 19.1162
-13.2325 26.7146
-13.2462 25.83
-13.0191 41.6836
-13.0971 36.3326
-13.3921 15.9011
-14.056 -30.1526
-14.033 -28.4887
-13.4069 15.0862
-12.7918 57.8915
-12.5371 75.6577
-12.4963 78.5584
-12.612 70.5899
-13.0754 38.4661
-13.4758 10.7125
-13.7598 -8.94735
-13.9528 -22.2871
-14.3397 -49.1023
-14.6995 -74.0313
-14.7238 -75.6472
-14.6626 -71.3298
-14.2479 -42.4467
-13.9617 -22.4937
-14.0059 -25.4952
-14.0482 -28.3632
-14.0988 -31.8044
-13.7059 -4.44194
-13.792 -10.351
-14.2124 -39.495
-14.7784 -78.7506
-15.2832 -113.753
-15.3856 -120.797
-14.3228 -46.8822
-13.7241 -5.21825
-13.559 6.32073
-13.6349 1.12025
-13.9687 -22.004
-13.9419 -20.0749
-13.8691 -14.9436
-13.804 -10.3515
-13.9213 -18.4325
-13.9636 -21.3054
-14.276 -42.9406
-14.5221 -59.9663
-15.3567 -117.886
-15.1718 -104.967
-15.0775 -98.3465
-14.8489 -82.3945
-14.6125 -65.9002
-14.5201 -59.4085
-14.7425 -74.7912
-14.9264 -87.5047
-14.8956 -85.2922
-14.9368 -88.0831
-14.9238 -87.1158
-14.0721 -27.8692
-13.8204 -10.3131
-14.1734 -34.7675
-14.1155 -30.6738
-13.9906 -21.9266
-14.0095 -23.1701
-13.9066 -15.952
-13.7252 -3.27799
-13.4081 18.8198
-13.3934 19.9107
-13.5404 9.76658
-13.4031 19.3743
-13.237 30.9844
-13.6443 2.75891
-13.075 42.3825
-13.2624 29.4293
-13.4431 16.9473
-13.8649 -12.2877
-13.8623 -12.0418
-13.3414 24.2186
-13.2722 29.0996
-13.8413 -10.371
-14.2747 -40.4188
-14.6505 -66.457
-14.5143 -56.9243
-14.3372 -44.5471
-14.2724 -39.979
-13.9115 -14.8353
-13.5699 8.97207
-13.3574 23.8056
-13.4358 18.4267
-13.4679 16.2657
-13.1561 37.9958
-12.8828 57.0575
-12.6519 73.1705
-12.8774 57.5735
-13.4414 18.4562
-13.8109 -7.14772
-13.7519 -2.97917
-13.2581 31.3942
-12.6928 70.7452
-13.098 42.6576
-13.6422 4.91737
-13.2222 34.168
-13.3211 27.3648
-13.238 33.2084
-12.8337 61.3678
-12.8191 62.453
-12.9896 50.6811
-12.9742 51.8199
-12.9896 50.8153
-13.1999 36.2759
-13.3169 28.2137
-13.0202 48.899
-12.721 69.756
-13.2385 33.8726
-13.0851 44.5989
-13.2813 31.0349
-12.7656 66.9344
-12.5583 81.4092
-12.3312 97.2534
-12.777 66.3532
-13.4372 20.5486
-13.3184 28.8748
-12.9938 51.5004
-12.8892 58.8319
-12.9829 52.3909
-13.4798 17.9383
-13.1719 39.3986
-12.5133 85.2273
-12.4196 91.8114
-12.3977 93.4037
-12.8954 58.8917
-13.0684 46.938
-13.0915 45.4046
-13.5863 11.096
-13.7007 3.21865
-13.8695 -8.44039
-13.6208 8.90975
-13.3035 31.0227
-12.9873 53.0589
-12.7963 66.4023
-13.1024 45.2009
-12.8605 62.0769
-12.8995 59.4375
-13.0516 48.9386
-13.0176 51.3707
-12.5965 80.7009
-12.1852 109.346
-12.5244 85.8491
-13.3655 27.4798
-13.4185 23.8693
-12.7872 67.7961
-12.7442 70.852
-12.8064 66.603
-12.8216 65.6152
-13.6327 9.33433
-14.571 -55.7926
-15.4745 -118.498
-16.1075 -162.404
-16.217 -169.943
-16.2314 -170.874
-16.1472 -164.959
-16.0329 -156.945
-15.8806 -146.297
-16.0842 -160.37
-16.5519 -192.799
-16.8743 -215.129
-16.2704 -173.1
-16.2453 -171.285
-15.9881 -153.347
-15.7297 -135.322
-15.3371 -107.978
-14.6188 -58.0017
-13.841 -3.89103
-13.1895 41.4451
-13.279 35.2972
-13.8959 -7.49943
-14.2594 -32.6795
-14.4048 -42.7154
-14.009 -15.1491
-14.1285 -23.3771
-13.9923 -13.8456
-14.0295 -16.3612
-13.8701 -5.21857
-14.0322 -16.4092
-14.4787 -47.3658
-14.5624 -53.11
-14.5801 -54.2711
-14.8576 -73.4806
-15.1198 -91.6298
-15.2723 -102.154
-15.4031 -111.174
-14.8857 -75.1568
-14.5073 -48.7962
-14.1477 -23.7395
-14.2097 -27.98
-14.4748 -46.33
-14.5414 -50.8899
-14.2122 -27.9453
-14.0205 -14.5547
-13.9678 -10.8255
-14.0625 -17.3381
-13.9686 -10.7444
-14.0592 -16.9696
-13.885 -4.79496
-13.9377 -8.38851
-14.5821 -53.0898
-15.0692 -86.8647
-15.133 -91.224
-14.8502 -71.5085
-14.4288 -42.1624
-13.9308 -7.48845
-13.4219 27.9391
-13.405 29.1793
-14.0125 -12.9549
-14.2785 -31.3713
-14.323 -34.3916
-14.5025 -46.7939
-14.5937 -53.0628
-14.44 -42.3109
-14.3329 -34.8014
-14.4697 -44.24
-14.1442 -21.5498
-13.7761 4.09071
-13.6752 11.1734
-14.3093 -32.8164
-15.0533 -84.4375
-15.6937 -128.863
-15.7906 -135.529
-15.2636 -98.8433
-14.4611 -43.012
-13.7515 6.36044
-13.5347 21.4931
-13.4837 25.0996
-13.8174 1.9882
-14.6102 -53.0263
-14.9637 -77.5149
-14.7323 -61.3695
-14.5856 -51.1093
-14.3153 -32.2562
-14.0271 -12.1632
-13.9967 -9.98093
-13.8393 1.02473
-13.9626 -7.47767
-13.9071 -3.55226
-13.8472 0.683817
-14.5505 -48.1116
-14.8219 -66.9045
-15.2315 -95.2921
-15.28 -98.5903
-14.9698 -76.9665
-14.7326 -60.4164
-14.2684 -28.0972
-14.1318 -18.5368
-14.0879 -15.414
-13.5359 23.0028
-12.6294 86.0586
-12.5268 93.2555
-13.662 14.4518
-13.8663 0.326036
-13.6884 12.7535
-13.1164 52.5655
-13.1996 46.8532
-13.4154 31.9355
-13.5713 21.1677
-13.5519 22.5883
-12.913 67.0506
-13.3151 39.1787
-13.8457 2.3846
-14.2422 -25.0993
-14.148 -18.4819
-13.8613 1.50619
-13.6382 17.0814
-13.4887 27.5341
-14.0093 -8.56559
-14.1423 -17.7404
-14.0735 -12.8866
-13.6178 18.8397
-13.4029 33.8437
-13.7931 6.80222
-13.3686 36.3629
-13.0966 55.3327
-13.5348 24.9566
-13.6035 20.2559
-13.091 55.9339
-13.3755 36.2303
-13.4744 29.429
-13.8649 2.36706
-13.2487 45.2525
-12.8319 74.2771
-13.5047 27.6067
-13.5897 21.7671
-13.8081 6.65983
-14.0405 -9.41559
-13.9856 -5.53059
-13.7094 13.7282
-13.0633 58.6858
-12.787 77.957
-12.6411 88.1593
-12.9734 65.1463
-13.9828 -4.91661
-14.5832 -46.5666
-14.7727 -59.6618
-14.1023 -13.0111
-13.5415 26.022
-13.1646 52.2747
-13.582 23.3438
-13.3422 40.073
-13.3186 41.7813
-13.0137 63.0404
-13.1947 50.5338
-13.6527 18.7813
-13.9791 -3.83087
-13.6233 20.9624
-13.2245 48.7382
-13.2669 45.8598
-13.7123 14.9832
-13.5971 23.0583
-13.8875 2.95336
-13.989 -4.02825
-14.0813 -10.3742
-13.9068 1.81902
-13.5592 26.0413
-13.7449 13.2046
-14.2481 -21.6878
-14.3722 -30.2392
-14.6546 -49.7909
-14.4582 -36.0749
-14.578 -44.3302
-14.6305 -47.9047
-14.6296 -47.7728
-14.7152 -53.6492
-14.5195 -39.984
-14.4358 -34.1017
-13.9822 -2.51758
-13.9852 -2.65672
-13.7167 16.0692
-13.9081 2.83845
-13.9698 -1.37444
-14.2798 -22.8414
-14.34 -26.9589
-14.4811 -36.6953
-14.6013 -44.9771
-14.7094 -52.412
-14.5229 -39.3881
-14.1965 -16.6436
-14.0973 -9.67891
-13.9438 1.05412
-14.1775 -15.1133
-14.7285 -53.3254
-14.9383 -67.83
-15.1423 -81.9352
-14.7336 -53.4721
-14.5962 -43.8565
-14.9978 -71.6912
-14.7578 -54.9455
-14.4638 -34.4507
-14.2642 -20.5085
-14.1368 -11.5864
-14.2605 -20.1145
-14.5548 -40.4957
-14.4424 -32.6146
-14.0178 -3.0404
-13.8427 9.19383
-14.0433 -4.67815
-14.2455 -18.6539
-14.2839 -21.2541
-13.8963 5.7472
-13.717 18.2727
-13.4479 37.0418
-13.5615 29.2169
-13.896 6.04145
-13.2946 47.8987
-13.1903 55.2117
-13.0826 62.7667
-13.5923 27.4216
-14.3188 -22.9817
-14.6362 -44.9703
-14.2526 -18.2451
-14.1069 -8.05145
-14.7749 -54.395
-15.4912 -104.097
-15.3127 -91.6254
-14.8067 -56.3987
-14.2034 -14.4133
-14.2166 -15.2574
-14.4396 -30.6811
-14.6104 -42.4766
-14.6251 -43.4338
-14.5082 -35.2406
-14.1675 -11.4995
-13.9812 1.51147
-14.1646 -11.1595
-14.8469 -58.4963
-15.2527 -86.622
-15.1254 -77.7022
-14.7626 -52.4317
-14.6543 -44.8337
-14.1448 -9.36835
-13.7877 15.5141
-13.0943 63.7577
-12.9285 75.353
-13.1232 61.8947
-13.579 30.294
-13.7616 17.675
-14.329 -21.6749
-14.1429 -8.67867
-13.9741 3.11766
-14.0796 -4.14165
-14.2801 -18.0048
-14.0509 -2.00558
-14.1829 -11.1076
-14.0823 -4.04996
-14.0098 1.05396
-14.4845 -31.8557
-14.925 -62.3948
-15.0229 -69.1267
-15.3996 -95.2283
-15.0256 -69.1722
-14.2777 -17.1425
-13.9511 5.61797
-14.1905 -10.9416
-14.2532 -15.2266
-14.2628 -15.8265
-13.8796 10.8677
-13.5436 34.2802
-13.5138 36.4211
-13.3301 49.2571
-13.252 54.7519
-13.2705 53.532
-13.4301 42.516
-14.1091 -4.59079
-14.8636 -56.9435
-14.8535 -56.1767
-14.1812 -9.39528
-14.4994 -31.4337
-14.686 -44.3261
-15.0432 -69.0779
-15.1147 -73.9768
-14.8378 -54.6653
-14.3899 -23.4753
-14.0798 -1.86393
-13.8551 13.8187
-14.2202 -11.4785
-14.2558 -13.884
-14.1257 -4.77423
-14.1218 -4.42941
-13.7253 23.1863
-13.6017 31.844
-14.0897 -1.99099
-14.9299 -60.2984
-15.4821 -98.5948
-15.4719 -97.8174
-15.2495 -82.295
-14.7121 -44.8916
-14.2308 -11.3839
-14.1299 -4.2976
-13.9395 8.99941
-14.2192 -10.3649
-14.6669 -41.4032
-14.7017 -43.7526
-14.7429 -46.542
-14.6469 -39.8021
-14.3574 -19.6201
-13.9935 5.72983
-14.0298 3.27884
-14.1441 -4.59309
-14.4154 -23.3719
-14.3821 -20.9887
-14.4816 -27.8326
-14.2974 -14.9646
-14.6167 -37.0831
-14.2424 -11.0085
-14.3019 -15.0707
-14.9702 -61.4359
-14.8598 -53.6927
-14.2804 -13.3697
-13.7276 25.1123
-14.1427 -3.66039
-14.7196 -43.6729
-14.8849 -55.0874
-14.8442 -52.1958
-14.4109 -22.0154
-14.2972 -14.0463
-14.4906 -27.4189
-14.7444 -44.9775
-14.7648 -46.3289
-14.6038 -35.0709
-14.2128 -7.83555
-14.0965 0.311503
-14.5165 -28.7962
-14.526 -29.3927
-14.8905 -54.6477
-14.7763 -46.6433
-14.8162 -49.3422
-14.7243 -42.8898
-14.9924 -61.4439
-15.1292 -70.8859
-14.7262 -42.8147
-14.3378 -15.7556
-13.9721 9.72018
-13.6523 32.0068
-13.7296 26.7054
-13.7653 24.2969
-14.1011 1.03198
-13.6288 33.9162
-13.6669 31.345
-13.5802 37.4342
-13.6296 34.0752
-13.4932 43.6198
-13.6288 34.2663
-14.2177 -6.58106
-14.754 -43.7697
-15.1573 -71.7206
-15.1108 -68.4222
-15.0483 -64.0124
-14.9979 -60.4408
-14.3095 -12.5386
-13.6692 32.0144
-13.7337 27.6014
-13.9173 14.9155
-13.9615 11.9183
-14.1573 -1.62186
-13.9937 9.81425
-14.4608 -22.5641
-14.176 -2.70993
-13.9372 13.9486
-14.2409 -7.08325
-14.5147 -26.0372
-14.8068 -46.2604
-14.707 -39.2523
-14.2895 -10.181
-14.0844 4.14075
-13.8274 22.0636
-13.5979 38.0845
-13.6267 36.1528
-13.8356 21.7024
-14.0511 6.79858
-13.9413 14.497
-13.7354 28.874
-13.3576 55.1916
-12.7281 99.0036
-12.6932 101.496
-12.7154 100.023
-13.351 55.9272
-12.8218 92.7687
-13.292 60.168
-12.8498 90.9616
-13.0554 76.7432
-13.2995 59.8562
-13.3842 54.0381
-13.5622 41.7405
-13.6604 34.9865
-13.5409 43.3613
-13.7281 30.4271
-13.8082 24.932
-14.0521 8.05189
-14.2088 -2.76587
-14.4587 -20.0581
-14.3273 -10.857
-14.1247 3.28459
-14.0927 5.58116
-14.0983 5.25634
-14.2303 -3.84523
-14.3831 -14.387
-14.5525 -26.0877
-15.0406 -59.9333
-15.5039 -92.0552
-15.4694 -89.5878
-14.9076 -50.4842
-14.4441 -18.2104
-14.6524 -32.6118
-14.7199 -37.2357
-14.5819 -27.5733
-14.0675 8.23572
-14.0555 9.13835
-14.1586 2.04561
-14.1275 4.27033
-14.4489 -17.9875
-14.4712 -19.4688
-14.7473 -38.5851
-14.8515 -45.7528
-14.8139 -43.068
-14.4091 -14.875
-13.9804 14.9797
-14.0745 8.50818
-14.0548 9.94642
-13.9188 19.4688
-14.3038 -7.2115
-14.3659 -11.4575
-14.8634 -45.9563
-14.5145 -21.6407
-14.1606 3.01538
-14.1971 0.550717
-14.1708 2.44241
-14.1852 1.51478
-14.2822 -5.15532
-14.607 -27.6503
-14.4031 -13.4138
-14.5918 -26.4575
-14.2456 -2.33325
-14.1009 7.78919
-14.0088 14.2576
-14.0098 14.2579
-14.0479 11.6778
-14.2115 0.383022
-13.708 35.4317
-13.8968 22.3892
-13.6142 42.0892
-13.8853 23.3267
-13.7446 33.1673
-13.7254 34.5698
-13.7766 31.0878
-13.8593 25.409
-13.6271 41.6135
-13.9185 21.4331
-13.9414 19.9097
-13.5022 50.4986
-13.5346 48.3162
-14.1129 8.20241
-13.7962 30.2782
-13.7689 32.242
-14.1441 6.24325
-14.0281 14.373
-14.0524 12.7537
-14.4505 -14.8356
-14.8111 -39.8172
-14.8726 -44.0209
-14.7059 -32.3691
-14.4542 -14.8112
-14.1525 6.21994
-13.8833 24.9938
-14.0269 15.083
-14.0175 15.809
-13.6899 38.6366
-13.8214 29.5673
-14.0401 14.4477
-14.2794 -2.11172
-14.5407 -20.1946
-15.1054 -59.3651
-15.3661 -77.4093
-14.9999 -51.8964
-14.5051 -17.4428
-14.6479 -27.297
-14.896 -44.4646
-15.2075 -66.043
-14.8203 -39.0647
-14.3692 -7.65483
-14.5588 -20.757
-14.6827 -29.3011
-14.4961 -16.2622
-14.2401 1.58903
-13.9205 23.8661
-13.6064 45.7584
-13.5574 49.234
-13.6409 43.4994
-13.2094 73.5532
-12.6796 110.432
-12.5331 120.675
-12.7862 103.166
-13.3981 60.7163
-13.6033 46.5321
-13.3531 63.9853
-12.9852 89.6157
-12.6636 112.03
-12.5151 122.418
-12.3463 134.212
-12.6119 115.83
-12.7971 103.031
-12.9522 92.3267
-13.0586 85.0026
-13.3845 62.4284
-13.5533 50.7717
-12.6398 114.31
-12.6696 112.303
-12.7605 106.059
-12.5359 121.737
-11.9345 163.585
-11.6717 181.916
-12.2845 139.409
-13.2437 72.8339
-13.7554 37.3515
-13.5073 54.6591
-12.8433 100.865
-12.7703 106.003
-12.8058 103.607
-12.8729 99.0143
-13.204 76.0824
-13.9839 21.9622
-14.2169 5.84036
-14.2084 6.50436
-14.3623 -4.11736
-14.7564 -31.4344
-14.6875 -26.5758
-14.7759 -32.647
-14.689 -26.5386
-14.5706 -18.2477
-14.6662 -24.8193
-14.4578 -10.2711
-14.4702 -11.0604
-14.5265 -14.9014
-15.0685 -52.4899
-15.1715 -59.5817
-14.8789 -39.1796
-14.6256 -21.5109
-14.6139 -20.6274
-14.2014 8.10397
-13.7759 37.7351
-13.5948 50.3839
-14.1581 11.3193
-14.7851 -32.1741
-15.3312 -70.0482
-15.7953 -102.223
-16.0178 -117.615
-15.8571 -106.379
-15.8971 -109.089
-15.4607 -78.6959
-15.4565 -78.3378
-15.2727 -65.4987
-15.0551 -50.3085
-15.2649 -64.8144
-14.7585 -29.5612
-14.7313 -27.6053
-15.3015 -67.1494
-15.0921 -52.5329
-15.1596 -57.1565
-15.1671 -57.6035
-15.2579 -63.841
-15.3134 -67.6336
-15.5959 -87.1907
-15.3159 -67.6664
-14.9889 -44.8774
-14.5186 -12.1308
-14.4395 -6.56464
-14.5342 -13.0768
-14.6223 -19.1266
-14.354 -0.413404
-13.8117 37.3323
-13.9632 26.8767
-14.3945 -3.01906
-14.8562 -35.0308
-14.8907 -37.3608
-14.3352 1.303
-14.4356 -5.60126
-14.5531 -13.6918
-14.9669 -42.3736
-14.728 -25.7105
-14.0398 22.1784
-14.1068 17.5886
-13.8298 36.9103
-14.2414 8.37891
-14.8613 -34.6227
-14.9331 -39.5391
-14.5966 -16.0883
-14.4419 -5.27622
-14.261 7.36204
-14.1857 12.6652
-14.4558 -6.03095
-14.3688 0.0864917
-14.6169 -17.0862
-14.7917 -29.163
-14.835 -32.1001
-14.3004 5.11596
-13.9669 28.354
-13.4023 67.6499
-13.0182 94.4082
-13.3927 68.4548
-13.559 56.9735
-13.6014 54.095
-13.6085 53.6695
-13.0325 93.7614
-12.6708 118.964
-13.4545 64.5841
-13.9455 30.5337
-13.9977 26.9814
-14.1269 18.0749
-14.2048 12.7294
-14.3717 1.19873
-15.0081 -42.9482
-15.2327 -58.4805
-15.1777 -54.5892
-14.5646 -11.9247
-14.7774 -26.638
-14.6641 -18.6934
-14.7612 -25.3752
-14.9703 -39.8332
-14.8292 -29.9611
-14.6323 -16.2127
-14.3688 2.16485
-13.679 50.166
-13.3544 72.787
-13.2828 77.8271
-13.6567 51.92
-13.7332 46.6725
-14.1406 18.4428
-13.8373 39.5804
-13.9082 34.7253
-13.9312 33.1965
-13.6412 53.4177
-13.5886 57.1415
-13.4673 65.6366
-13.3395 74.5877
-13.2692 79.5415
-13.591 57.2517
-13.5758 58.3765
-14.1836 16.2186
-14.3259 6.4014
-14.0683 24.3658
-13.712 49.1927
-13.7636 45.6756
-13.4132 70.0927
-13.2458 81.7909
-13.1574 88.0053
-13.1121 91.2194
-13.4796 65.7533
-13.7364 47.9821
-14.1071 22.2925
-14.2589 11.8194
-14.6944 -18.3687
-15.2163 -54.5599
-15.1513 -49.9752
-15.1022 -46.4966
-15.3024 -60.3332
-15.2934 -59.6432
-15.3915 -66.3878
-15.224 -54.6824
-14.2662 11.9396
-13.7382 48.6919
-13.392 72.8162
-12.7677 116.262
-13.1313 91.0636
-13.6699 53.7135
-13.2908 80.125
-13.3234 77.9305
-13.5568 61.7786
-13.5745 60.6206
-13.6863 52.9256
-13.4354 70.4271
-13.9469 34.9578
-14.2813 11.7874
-14.195 17.8535
-14.292 11.1888
-14.5687 -7.96837
-14.767 -21.6779
-14.9695 -35.6783
-14.6804 -15.5201
-14.396 4.30539
-14.1073 24.4383
-14.1933 18.5296
-14.5094 -3.36469
-14.8546 -27.2786
-14.577 -7.92387
-13.9969 32.4566
-14.0755 27.0648
-13.9717 34.3452
-14.0597 28.2996
-13.7406 50.5384
-13.4015 74.1668
-13.4207 72.9012
-13.8293 44.5881
-14.0127 31.9143
-14.482 -0.622193
-14.9009 -29.6607
-14.1204 24.6395
-14.0636 28.6509
-14.4443 2.27481
-14.6557 -12.3494
-14.5131 -2.37225
-14.7088 -15.8955
-14.6972 -15.0195
-14.7183 -16.4212
-14.5654 -5.72173
-14.5279 -3.05032
-14.5332 -3.34975
-14.8225 -23.3791
-14.4999 -0.896671
-14.4742 0.956095
-14.8423 -24.5473
-14.7562 -18.498
-14.6546 -11.3667
-14.3772 7.97963
-14.2975 13.5826
-14.9048 -28.5439
-14.9371 -30.7171
-14.8073 -21.6271
-14.8934 -27.5395
-15.0927 -41.3209
-14.6458 -10.1979
-14.576 -5.28142
-14.4051 6.66584
-15.0032 -34.8215
-15.1165 -42.6287
-15.2183 -49.626
-14.7108 -14.3017
-14.1717 23.2241
-14.1933 21.7932
-14.0746 30.1113
-14.4154 6.50324
-15.1634 -45.3959
-15.4421 -64.6949
-15.2324 -50.0551
-14.7846 -18.8677
-14.8659 -24.4473
-14.5469 -2.21966
-14.4889 1.88617
-14.306 14.6634
-14.3738 10.0181
-15.0312 -35.5848
-14.937 -28.97
-14.6359 -7.98219
-15.2033 -47.335
-15.3562 -57.8913
-14.9323 -28.3705
-15.1442 -43.0188
-14.7967 -18.8107
-14.7479 -15.3479
-14.8938 -25.4181
-14.625 -6.67093
-14.8896 -24.9835
-14.7356 -14.2133
-14.5893 -3.97898
-14.6676 -9.35448
-14.9399 -28.2
-14.7445 -14.5535
-14.8988 -25.2086
-14.4038 9.25416
-14.2924 17.0645
-14.6133 -5.16328
-14.6513 -7.73429
-15.1348 -41.2565
-15.3516 -56.2536
-14.6499 -7.42732
-14.2237 22.2509
-14.2724 18.9417
-14.3317 14.888
-14.4858 4.25383
-14.2884 18.035
-14.2598 20.0926
-14.5524 -0.169594
-15.2427 -48.062
-14.7622 -14.6035
-14.0385 35.7485
-14.1512 27.9832
-14.4073 10.2631
-14.7959 -16.6678
-14.7762 -15.233
-14.2658 20.3017
-13.911 45.0205
-14.2355 22.5431
-14.7496 -13.1016
-14.2688 20.3688
-14.1993 25.2685
-14.9642 -27.8045
-15.1693 -41.9896
-14.5245 2.88336
-14.077 34.0464
-14.2767 20.237
-14.3016 18.5765
-14.5887 -1.30013
-14.2451 22.6454
-14.5097 4.32959
-14.8998 -22.7028
-15.144 -39.602
-15.0425 -32.4792
-14.4311 10.0668
-14.0051 39.7352
-14.2192 24.9287
-14.5069 5.01274
-14.6981 -8.20836
-14.5062 5.19893
-14.3076 19.063
-14.4708 7.7963
-14.5162 4.70915
-14.5776 0.510987
-14.5797 0.441129
-14.2024 26.7245
-14.0394 38.1157
-14.1103 33.2571
-14.4213 11.7178
-14.6416 -3.51835
-14.9217 -22.9059
-14.3646 15.8677
-14.2058 26.9706
-14.0165 40.1914
-13.9058 47.9544
-13.7681 57.5914
-14.4716 8.78184
-15.1117 -35.6211
-14.2739 22.6548
-13.9356 46.2314
-14.2726 22.8833
-14.4516 10.5158
-14.6019 0.145533
-14.9854 -26.4309
-15.2459 -44.4611
-15.4863 -61.0901
-15.3721 -53.0857
-14.9708 -25.1387
-14.6711 -4.24809
-14.7389 -8.88846
-14.8722 -18.0787
-14.8255 -14.7655
-14.8718 -17.9139
-14.9262 -21.6194
-14.8561 -16.6819
-14.7656 -10.3247
-14.7676 -10.3965
-14.768 -10.35
-15.1146 -34.3665
-15.1439 -36.3284
-14.9754 -24.5519
-15.064 -30.6404
-15.383 -52.7364
-15.3576 -50.9011
-14.7982 -11.9661
-14.8934 -18.5077
-14.6545 -1.84268
-14.8293 -13.9196
-15.3571 -50.5157
-15.4945 -59.9917
-14.8001 -11.6792
-14.5203 7.82984
-14.2008 30.0993
-14.1199 35.787
-14.0656 39.6309
-13.9741 46.0567
-14.2366 27.889
-14.5934 3.16809
-14.3759 18.3495
-14.0961 37.857
-14.0242 42.9222
-14.3516 20.2463
-14.9688 -22.5652
-15.2698 -43.4082
-15.0867 -30.6229
-14.7216 -5.18242
-14.247 27.864
-14.2001 31.1885
-14.3887 18.1541
-14.6358 1.05919
-14.801 -10.3521
-14.455 13.7564
-14.1542 34.7261
-14.3152 23.6095
-14.2264 29.8501
-14.2326 29.4864
-14.1314 36.5856
-14.2855 25.9527
-14.1557 35.0406
-13.7003 66.7463
-14.0867 39.9709
-14.4013 18.1797
-14.1027 38.9987
-14.2429 29.3277
-13.6045 73.7496
-13.4029 87.8259
-13.5489 77.754
-14.1499 36.0638
-14.3947 19.1257
-14.2549 28.9095
-14.0463 43.4742
-13.7999 60.6637
-14.245 29.805
-14.8822 -14.3978
-15.1827 -35.2075
-15.4694 -55.0569
-15.42 -51.5565
-15.3029 -43.3483
-14.6031 5.34475
-13.8313 59.0342
-13.7033 67.9964
-13.5187 80.8957
-14.0287 45.5269
-14.0557 43.7263
-14.0194 46.315
-13.965 50.1643
-14.2649 29.3973
-14.5875 7.05145
-15.0672 -26.2077
-14.5049 12.932
-13.7006 68.8784
-13.5704 77.9989
-13.921 53.7071
-14.1159 40.2354
-13.9708 50.3843
-14.0583 44.3746
-14.5397 10.9968
-14.9996 -20.8833
-15.2668 -39.3835
-15.0285 -22.756
-14.8114 -7.60405
-13.7612 65.4319
-13.9803 50.2823
-14.1557 38.1662
-13.9223 54.4511
-13.7322 67.727
-14.3203 26.9402
-14.6191 6.24441
-13.8577 59.2195
-13.3181 96.7764
-13.5263 82.384
-13.873 58.3622
-14.0421 46.6813
-13.7754 65.2829
-13.4201 90.0369
-13.6976 70.8258
-13.6176 76.4529
-14.1725 37.9688
-14.6057 7.94276
-14.7909 -4.85672
-14.3944 22.7644
-14.6044 8.23725
-14.7177 0.437129
-15.0176 -20.329
-15.1603 -30.1768
-15.257 -36.8211
-14.5663 11.2324
-14.5122 15.0645
-13.9604 53.4708
-14.0221 49.2558
-14.4882 16.94
-14.9173 -12.8074
-14.8773 -9.95582
-14.4937 16.7664
-14.7559 -1.38131
-14.6554 5.66709
-14.2266 35.5297
-14.0822 45.6356
-13.6713 74.2532
-13.7457 69.15
-14.2216 36.158
-14.894 -10.4889
-15.1727 -29.7836
-15.4749 -50.713
-15.3356 -40.9668
-14.9322 -12.8649
-14.2226 36.5039
-14.0944 45.4801
-13.9367 56.5044
-14.038 49.5366
-14.5106 16.7699
-14.926 -12.0212
-15.449 -48.2867
-15.4308 -46.9511
-15.2269 -32.7172
-14.8798 -8.52921
-14.6056 10.5877
-14.4695 20.1131
-14.3747 26.7679
-14.1253 44.1657
-14.1849 40.0987
-14.1737 40.944
-14.8451 -5.63398
-14.9196 -10.7398
-14.2697 34.4793
-13.9388 57.5426
-13.5837 82.2837
-13.3838 96.2408
-13.4263 93.3602
-13.6427 78.395
-13.4939 88.8044
-13.3955 95.7075
-13.3666 97.7823
-13.7064 74.2419
-14.2274 38.1164
-13.7703 69.9426
-13.206 109.219
-13.0873 117.539
-13.3321 100.602
-13.4513 92.3878
-13.6884 75.9841
-13.7248 73.5209
-13.3859 97.1391
-13.1996 110.151
-13.2347 107.783
-13.7776 70.1292
-14.2848 34.9618
-14.6865 7.12126
-14.8154 -1.76614
-15.6046 -56.5273
-15.0911 -20.7841
-14.5322 18.1213
-13.6762 77.6646
-13.5134 89.0424
-14.2415 38.5257
-14.7606 2.52766
-15.2377 -30.5505
-15.6573 -59.6305
-15.3087 -35.3449
-14.8566 -3.86027
-14.5179 19.7413
-14.2245 40.1945
-14.1137 47.9601
-13.9815 57.2189
-14.1496 45.6037
-14.2633 37.7773
-13.9232 61.4777
-14.0302 54.1084
-14.1021 49.1812
-14.5381 18.9582
-14.679 9.23865
-15.025 -14.7281
-15.4575 -44.7076
-15.4439 -43.6985
-15.2935 -33.1744
-15.1862 -25.6487
-14.9406 -8.51985
-14.8154 0.249296
-14.2558 39.2002
-13.727 76.0076
-13.8131 70.094
-14.0579 53.155
-14.3403 33.6088
-14.4218 28.0164
-14.3004 36.5213
-14.195 43.912
-14.5008 22.7358
-14.5216 21.3548
-14.0493 54.2417
-14.1321 48.5579
-14.6433 13.1139
-14.6512 12.6306
-14.5871 17.1515
-14.2582 40.0735
-13.877 66.6283
-13.6741 80.7967
-13.7631 74.6807
-13.859 68.0902
-14.1812 45.7709
-14.7567 5.85628
-15.0114 -11.7664
-15.2112 -25.5805
-15.6252 -54.2753
-15.4858 -44.5203
-15.0981 -17.5136
-14.9038 -3.94849
-15.2173 -25.6616
-15.6515 -55.7559
-15.8494 -69.4375
-15.6274 -53.9433
-15.5952 -51.6365
-15.1426 -20.12
-14.7343 8.31833
-14.6476 14.4067
-14.846 0.697746
-15.2721 -28.84
-15.7831 -64.2766
-15.6101 -52.1837
-15.6324 -53.6687
-15.6445 -54.4399
-15.8295 -67.2204
-15.5978 -51.0514
-15.707 -58.5686
-15.9115 -72.7073
-15.2796 -28.7389
-14.7964 4.90505
-14.6582 14.5798
-14.7006 11.7012
-14.9877 -8.17493
-15.2958 -29.5167
-14.8189 3.69189
-14.3236 38.1711
-13.6227 86.9377
-13.2884 110.238
-13.3492 106.083
-13.541 92.8212
-13.8116 74.0943
-13.9012 67.9366
-14.2007 47.2005
-14.2699 42.4568
-14.2651 42.8595
-14.2288 45.451
-13.983 62.6001
-14.0542 57.7243
-14.8098 5.2967
-15.1379 -17.429
-15.2515 -25.259
-15.3186 -29.8463
-14.9341 -3.06282
-14.7356 10.7998
-14.1263 53.2005
-13.2293 115.59
-12.7843 146.58
-12.583 160.638
-12.8 145.628
-13.047 128.54
-13.326 109.222
-13.2437 115.01
-12.8182 144.641
-12.6475 156.568
-12.7929 146.536
-12.9825 133.433
-12.9439 136.183
-13.0774 126.977
-13.0271 130.543
-13.33 109.566
-13.4181 103.519
-13.5103 97.1836
-13.8099 76.4308
-13.6925 84.6606
-13.2067 118.482
-12.2489 185.101
-12.0481 199.119
-12.3409 178.847
-13.0032 132.897
-13.3469 109.09
-13.1224 124.756
-13.0396 130.577
-13.1342 124.078
-13.0797 127.931
-13.1871 120.537
-13.1299 124.586
-12.9559 136.744
-13.0367 131.199
-13.3067 112.51
-13.3618 108.748
-13.3356 110.641
-13.198 120.266
-12.7034 154.701
-12.8187 146.762
-12.5624 164.635
-12.6062 161.665
-13.1893 121.222
-13.2883 114.411
-12.6739 157.168
-12.7039 155.153
-12.9415 138.717
-13.2124 119.965
-13.2359 118.398
-12.9722 136.789
-12.912 141.041
-13.3434 111.14
-13.3098 113.542
-12.9303 139.979
-12.9234 140.528
-13.2654 116.837
-13.5609 96.3733
-13.5931 94.2054
-13.3166 113.489
-13.3187 113.408
-13.6276 92.0163
-13.6326 91.7422
-13.6659 89.4946
-13.8901 73.9866
-14.1487 56.0879
-14.0481 63.1512
-14.0717 61.5761
-13.9726 68.5364
-14.0471 63.4274
-14.3096 45.258
-14.0732 61.7523
-14.2031 52.7942
-14.1663 55.4206
-14.6038 25.0968
-15.1743 -14.4708
-15.1024 -9.40688
-14.308 45.8593
-13.8259 79.4241
-13.1882 123.797
-13.2435 120.028
-13.5415 99.3916
-13.7673 83.771
-13.8805 75.9725
-13.9584 70.6354
-14.0366 65.2705
-14.0693 63.0665
-14.0205 66.5242
-13.9806 69.3653
-13.7032 88.7109
-13.5136 101.956
-13.6821 90.3164
-14.1827 55.6026
-14.5912 27.2943
-14.7375 17.1984
-14.9945 -0.589679
-14.8273 11.0969
-14.9851 0.201737
-15.2405 -17.4733
-15.6391 -45.1
-15.4504 -31.921
-15.0934 -7.04295
-14.2332 52.7896
-14.2519 51.5585
-14.8646 9.0605
-15.5633 -39.4138
-16.2151 -84.6293
-16.6505 -114.817
-16.2556 -87.3081
-16.1283 -78.3927
-15.505 -35.0179
-15.0377 -2.48032
-14.6121 27.1578
-14.3441 45.8526
-14.8926 7.81054
-15.5383 -36.9829
-16.1293 -77.9777
-16.069 -73.7147
-15.5694 -38.9376
-14.8834 8.79292
-14.7965 14.9015
-14.7298 19.6099
-15.0082 0.336258
-14.692 22.3689
-14.8679 10.2215
-14.9345 5.66186
-14.6219 27.4492
-14.6467 25.7967
-14.5169 34.8863
-14.4573 39.0952
-13.809 84.2104
-14.1665 59.4362
-14.8868 9.46544
-14.9531 4.92551
-15.1412 -8.07099
-15.1505 -8.6519
-15.0915 -4.48059
-14.8298 13.7735
-14.7287 20.8642
-14.7148 21.8966
-14.7374 20.3967
-14.4103 43.1957
-14.6002 30.0713
-14.6543 26.3816
-14.6808 24.6076
-15.4455 -28.4506
-15.7169 -47.2391
-15.299 -18.1321
-14.9129 8.7616
-14.3313 49.242
-14.3581 47.4459
-14.0843 66.5378
-14.5851 31.8176
-14.9822 4.29085
-14.6354 28.4613
-14.3181 50.5753
-14.155 61.9786
-14.0828 67.0597
-14.1834 60.1389
-14.5532 34.5147
-14.8032 17.2146
-14.7944 17.9009
-14.3595 48.1864
-14.5208 37.0455
-14.4824 39.7835
-14.1797 60.8819
-14.1989 59.6229
-14.5738 33.6436
-14.9983 4.21414
-15.7274 -46.3677
-15.8396 -54.098
-15.6911 -43.7069
-15.3009 -16.5312
-15.4165 -24.4934
-15.6037 -37.4312
-15.5191 -31.4793
-15.3019 -16.3199
-15.3906 -22.4147
-14.9131 10.8313
-15.0376 2.25202
-15.0709 0.00382561
-15.0387 2.31542
-14.983 6.25186
-15.372 -20.7045
-15.5964 -36.2273
-15.1945 -8.23533
-14.6959 26.4801
-14.7329 23.9772
-15.1838 -7.27875
-15.2989 -15.2095
-14.7565 22.5465
-14.7311 24.3831
-14.7813 20.9644
-14.408 46.9647
-14.6892 27.4973
-14.6818 28.0846
-14.7151 25.8423
-14.8216 18.5079
-15.3599 -18.8231
-15.5512 -32.0428
-15.3946 -21.0965
-14.5523 37.4962
-14.4821 42.444
-13.9951 76.348
-14.1008 69.0791
-14.5358 38.9218
-14.8336 18.3
-15.2578 -11.1002
-15.5276 -29.7785
-15.4376 -23.4554
-15.5578 -31.7372
-15.083 1.31743
-14.8031 20.8338
-14.6875 28.9414
-14.3445 52.8366
-14.6763 29.8544
-14.8278 19.402
-14.6183 34.0237
-14.5852 36.3909
-14.681 29.8063
-14.5737 37.3307
-14.4825 43.7363
-14.5089 41.9695
-14.6309 33.5677
-14.8139 20.9205
-15.1329 -1.17484
-14.7277 27.0469
-14.3626 52.4875
-14.4515 46.3744
-14.4982 43.202
-14.7441 26.1876
-14.9145 14.4193
-15.1632 -2.78962
-14.9642 11.1005
-14.557 39.4672
-14.4817 44.7651
-14.4755 45.268
-14.2783 59.0376
-14.4457 47.4719
-14.669 32.0299
-15.0056 8.71232
-14.9003 16.0985
-15.3341 -13.9715
-15.2278 -6.51455
-15.2196 -5.88131
-15.2911 -10.7779
-15.5604 -29.4179
-16.0981 -66.7101
-16.157 -70.7308
-15.9364 -55.3351
-15.8545 -49.5728
-15.8048 -46.0531
-15.6929 -38.2088
-15.4743 -22.9505
-15.4143 -18.712
-15.4449 -20.7705
-15.4542 -21.3447
-15.3633 -14.9563
-15.5581 -28.4257
-15.4773 -22.7425
-15.2127 -4.28472
-14.6914 32.0001
-15.0569 6.67647
-14.9861 11.667
-14.9991 10.8336
-14.6341 36.2629
-14.5863 39.6544
-14.5738 40.5889
-14.9922 11.5924
-14.9541 14.3044
-15.1123 3.38428
-15.1561 0.41021
-15.2961 -9.24483
-15.2382 -5.15775
-15.1763 -0.784727
-15.1051 4.22948
-15.2537 -6.02712
-15.2783 -7.66596
-15.0291 9.72291
-14.9846 12.8796
-15.2623 -6.34068
-15.2141 -2.92587
-14.9387 16.2783
-14.6422 36.9495
-14.4813 48.1981
-14.5914 40.6192
-14.807 25.7094
-15.326 -10.2818
-15.4974 -22.1234
-15.1476 2.2511
-15.0497 9.12036
-14.8276 24.6212
-14.522 45.9234
-14.3119 60.5946
-14.6388 37.9486
-14.6919 34.3329
-15.0089 12.3714
-15.3093 -8.42625
-15.0761 7.8462
-14.6351 38.5541
-14.3458 58.7228
-14.3491 58.5609
-14.0482 79.542
-14.4789 49.6841
-14.6767 36.0141
-14.8536 23.7898
-15.0262 11.8705
-15.1702 1.93027
-15.1008 6.82134
-14.6063 41.2505
-13.9574 86.4042
-13.8184 96.1294
-13.7706 99.5251
-13.9856 84.6541
-14.2468 66.5733
-14.9578 17.2473
-14.8436 25.2453
-14.2632 65.6435
-14.6278 40.3799
-15.3845 -12.1223
-15.5805 -25.6731
-15.0422 11.7976
-14.5359 47.0467
-14.3167 62.3455
-13.9107 90.6209
-14.2223 69.0429
-14.7423 32.9823
-15.1178 6.95891
-15.1607 4.05103
-15.2269 -0.479501
-15.031 13.2017
-14.5485 46.7952
-14.3321 61.8972
-14.4676 52.5562
-14.9697 17.741
-15.168 4.02998
-15.1064 8.38122
-14.3869 58.4411
-14.2171 70.3045
-14.0253 83.7048
-14.5747 45.5964
-14.9629 18.6985
-15.3998 -11.5871
-15.346 -7.77957
-15.2035 2.18827
-15.0971 9.6483
-14.9425 20.4635
-14.6447 41.2251
-14.7531 33.7567
-14.709 36.8949
-14.9224 22.1392
-15.1987 3.00955
-15.4994 -17.8134
-15.8787 -44.101
-16.0736 -57.5673
-16.4882 -86.3034
-16.7154 -102.02
-16.888 -113.942
-16.7481 -104.153
-16.3453 -76.0971
-16.1244 -60.6848
-15.9559 -48.9068
-15.8751 -43.2248
-16.118 -60.0294
-16.1558 -62.5861
-16.1953 -65.2644
-16.318 -73.7166
-16.3896 -78.622
-15.919 -45.8548
-14.9441 21.9451
-14.8374 29.4321
-14.6476 42.688
-15.1361 8.81426
-15.5155 -17.4719
-15.5818 -22.012
-15.1775 6.14668
-15.7119 -30.9087
-15.8073 -37.467
-16.0409 -53.6279
-15.9343 -46.1583
-15.4667 -13.5983
-15.2519 1.39762
-15.2406 2.24956
-14.8141 31.952
-14.871 28.0674
-15.0745 14.0023
-15.4348 -10.9665
-15.7889 -35.4957
-15.7871 -35.3047
-16.2078 -64.4643
-16.2583 -67.9021
-16.3321 -72.962
-15.9922 -49.2769
-15.2357 3.3559
-14.9579 22.7246
-14.7927 34.2744
-14.9471 23.6125
-15.322 -2.36566
-15.2103 5.46906
-15.3686 -5.4625
-15.8863 -41.3607
-15.501 -14.5243
-14.8521 30.6366
-15.1177 12.2474
-15.4427 -10.2606
-15.0882 14.435
-14.9607 23.3652
-15.3522 -3.76305
-15.8317 -37.0086
-15.7523 -31.4266
-15.8549 -38.4876
-15.9973 -48.3066
-15.6378 -23.2611
-15.2485 3.85352
-15.386 -5.63028
-15.8449 -37.4392
-16.3774 -74.3715
-17.129 -126.52
-17.0211 -118.954
-16.8781 -108.953
-16.4825 -81.3942
-15.7579 -30.9783
-15.6482 -23.2863
-15.7598 -30.9765
-15.6515 -23.3788
-15.3405 -1.70462
-15.4004 -5.79302
-15.4827 -11.4441
-15.49 -11.8833
-14.4867 57.8976
-14.0451 88.6491
-14.552 53.4984
-15.1813 9.84812
-15.8961 -39.7495
-16.2623 -65.1234
-16.0016 -46.9381
-15.4987 -11.9294
-15.2489 5.49736
-15.1713 10.9552
-15.4209 -6.31257
-15.0852 17.0763
-14.7883 37.7732
-14.7932 37.5059
-15.0856 17.2616
-15.5479 -14.7935
-15.6215 -19.8339
-15.8926 -38.6058
-16.2841 -65.7376
-16.8803 -107.091
-17.2126 -130.104
-16.476 -78.8576
-16.0341 -48.0881
-15.4864 -9.96028
-14.9969 24.1189
-14.4028 65.4627
-14.1004 86.5409
-14.4782 60.3615
-14.2528 76.0963
-14.1046 86.4589
-13.9375 98.142
-14.0449 90.7456
-14.6121 51.4073
-15.2241 8.95743
-14.7853 39.5161
-14.8473 35.2729
-14.4638 61.9906
-14.2696 75.5513
-13.681 116.517
-13.5884 123.02
-13.8424 105.442
-14.5547 56.0235
-14.4406 64.0182
-14.18 82.1936
-13.8251 106.922
-14.117 86.7105
-14.1433 84.9513
-14.1927 81.5905
-14.4306 65.1282
-14.9794 27.0713
-15.0594 21.5782
-14.7984 39.7844
-14.8348 37.3225
-14.2973 74.7404
-13.7742 111.15
-14.1501 85.1025
-14.8524 36.382
-14.6055 53.6057
-14.6694 49.2347
-15.014 25.3577
-14.9046 33.0306
-15.003 26.2623
-14.6483 50.9745
-14.7842 41.6071
-15.2587 8.70628
-15.3938 -0.613888
-15.0509 23.2804
-15.0402 24.0959
-14.7935 41.3031
-14.2377 79.9943
-14.1179 88.3814
-14.5956 55.266
-15.6157 -15.5418
-15.8686 -33.047
-15.5247 -9.07903
-15.0784 21.998
-14.8461 38.204
-14.1356 87.6413
-14.2493 79.8106
-14.6713 50.5582
-14.7355 46.1713
-15.0912 21.5256
-14.9154 33.8119
-14.8898 35.6577
-14.852 38.354
-14.3991 69.8893
-14.1044 90.4337
-14.4445 66.8711
-14.6327 53.8691
-14.6004 56.1809
-14.4747 64.9838
-14.4177 69.0109
-14.7028 49.2721
-14.7093 48.8902
-14.8424 39.7133
-14.255 80.5977
-14.2367 81.938
-14.4389 67.9604
-14.349 74.2736
-14.4381 68.1549
-14.3671 73.1577
-14.2969 78.1015
-14.4778 65.6052
-14.2266 83.1249
-14.1468 88.7413
-14.1205 90.6386
-14.4358 68.7997
-14.7944 43.9512
-14.9557 32.8154
-15.1165 21.714
-14.7943 44.1662
-14.951 33.3471
-14.8069 43.4343
-15.1069 22.6561
-15.0309 28.0057
-15.297 9.58872
-14.8639 39.7473
-14.4305 69.9341
-14.2088 85.4054
-14.1154 91.9606
-14.5568 61.3666
-14.437 69.7569
-14.4028 72.2025
-14.563 61.1413
-15.3481 6.66138
-15.82 -26.0532
-16.062 -42.7995
-16.0356 -40.8978
-15.2494 13.8004
-14.9027 37.9548
-14.7159 51.0052
-14.3192 78.6358
-14.9516 34.7649
-14.9981 31.6069
-14.8251 43.6953
-14.5671 61.6879
-14.9569 34.6744
-15.2485 14.4876
-15.5025 -3.089
-14.9426 35.8807
-14.9411 36.0531
-14.9863 32.9817
-14.7424 49.9961
-14.8304 43.9513
-15.4226 2.8759
-15.2007 18.3648
-14.8489 42.8754
-14.9238 37.7398
-14.4734 69.1033
-14.4844 68.408
-14.0834 96.3368
-14.3804 75.7731
-14.3489 78.0313
-14.4432 71.5503
-14.5423 64.7321
-14.7229 52.2563
-14.7849 48.0196
-14.6715 55.9652
-14.7608 49.8313
-14.6672 56.4013
-14.6255 59.369
-14.8892 41.1151
-14.8646 42.8947
-15.0152 32.5034
-14.4939 68.79
-14.7542 50.7758
-14.7731 49.5343
-15.1419 23.9746
-15.1309 24.8114
-15.2369 17.5191
-14.8815 42.276
-14.6313 59.7295
-14.7639 50.5886
-14.6927 55.6063
-14.958 37.2391
-14.9894 35.1252
-14.7321 53.0775
-15.353 10.0025
-15.3518 10.1593
-15.0502 31.18
-14.5987 62.6205
-14.5114 68.7563
-14.5762 64.3203
-14.4788 71.1591
-14.6406 59.9879
-14.8359 46.4904
-15.4638 2.93184
-15.1769 22.9352
-14.3473 80.6466
-14.017 103.663
-14.0268 103.053
-14.3763 78.8401
-14.8428 46.4964
-15.0103 34.9286
-15.1387 26.0732
-14.5394 67.7846
-14.4808 71.9232
-14.2516 87.9206
-14.8154 48.8136
-15.5379 -1.31337
-15.3792 9.77973
-14.9856 37.2009
-14.7504 53.6125
-14.4469 74.7635
-14.5449 68.0288
-14.4556 74.3022
-14.4534 74.5199
-14.6916 58.0449
-15.0021 36.5407
-14.7062 57.1701
-15.2533 19.2256
-15.2859 17.0308
-15.2803 17.4873
-15.182 24.3875
-15.4766 3.99112
-15.3484 12.9635
-15.3211 14.9286
-15.0413 34.4432
-15.051 33.8354
-15.2405 20.7422
-15.4803 4.14717
-15.6061 -4.52142
-15.6043 -4.32558
-15.7797 -16.445
-15.552 -0.554179
-15.6677 -8.52711
-15.8107 -18.3878
-16.2244 -47.0673
-16.1176 -39.5728
-15.5034 3.17034
-15.1742 26.1081
-15.285 18.4823
-15.1169 30.2304
-15.2724 19.4928
-15.2423 21.6547
-15.4464 7.54508
-15.217 23.555
-15.2377 22.1846
-15.3089 17.3086
-15.7451 -12.9332
-15.8801 -22.2432
-15.915 -24.5969
-15.8311 -18.6977
-15.4515 7.74711
-15.6946 -9.07228
-15.4595 7.328
-15.2995 18.5162
-14.9285 44.3597
-15.1182 31.253
-14.7577 56.3713
-15.0594 35.4744
-15.2581 21.7391
-15.1301 30.704
-14.6095 66.942
-14.3443 85.4354
-14.7347 58.3844
-15.1927 26.6311
-15.4616 8.01488
-15.261 22.0245
-14.8942 47.5772
-14.839 51.4861
-14.7944 54.6506
-14.7438 58.2384
-14.9981 40.6365
-15.1909 27.3141
-15.3419 16.892
-15.1161 32.6464
-15.3583 15.8918
-15.2581 22.919
-14.943 44.8869
-14.8769 49.5467
-14.6724 63.8222
-15.0257 39.3488
-15.4965 6.70815
-15.9343 -23.6418
-16.4231 -57.5327
-16.6731 -74.836
-16.0812 -33.6393
-15.5606 2.59943
-14.9556 44.7001
-14.7405 59.7172
-14.9109 47.9499
-15.0474 38.5325
-15.4188 12.7981
-15.0579 37.9437
-14.9208 47.5402
-14.6593 65.7752
-14.5557 73.042
-14.2655 93.2743
-13.9958 112.083
-13.5955 139.964
-13.5732 141.583
-13.3575 156.638
-13.8479 122.639
-14.4847 78.4661
-15.1744 30.6092
-15.2796 23.3733
-15.6918 -5.19781
-16.0805 -32.1336
-16.037 -29.0432
-15.8289 -14.5159
-15.738 -8.12828
-15.7013 -5.5117
-15.8885 -18.4437
-16.0695 -30.9519
-15.7404 -8.01779
-15.8352 -14.5332
-16.1153 -33.9253
-16.1995 -39.7065
-15.7726 -9.97678
-15.729 -6.88151
-15.7734 -9.89479
-15.836 -14.1743
-15.4774 10.8142
-15.1187 35.8029
-14.8581 53.9816
-15.0239 42.527
-14.8952 51.5395
-14.9225 49.7154
-14.84 55.5149
-15.274 25.4296
-15.5234 8.16988
-15.7514 -7.60156
-15.4259 15.0851
-14.9634 47.2845
-15.0371 42.2341
-15.5558 6.27013
-15.6561 -0.63243
-15.7137 -4.56321
-15.5802 4.78145
-15.8008 -10.4799
-15.9137 -18.2533
-15.8572 -14.2554
-15.8694 -15.0363
-15.9055 -17.4719
-15.4291 15.6969
-15.1645 34.1477
-15.5394 8.17213
-16.2337 -39.9976
-16.6209 -66.8291
-16.3659 -49.0429
-15.872 -14.6617
-15.8807 -15.1972
-16.1772 -35.7276
-16.3582 -48.2316
-16.0281 -25.2287
-16.1769 -35.4941
-16.6911 -71.1524
-16.6439 -67.8074
-16.2696 -41.7306
-16.3065 -44.2232
-16.0546 -26.6535
-15.0945 40.1236
-14.3212 93.925
-14.1295 107.312
-14.3397 92.775
-14.479 83.1661
-14.5327 79.5071
-14.7264 66.1169
-14.5339 79.5583
-14.8022 60.9915
-14.9825 48.5345
-15.2973 26.7317
-14.9817 48.7275
-14.596 75.592
-14.1582 106.081
-13.957 120.132
-14.1264 108.431
-14.2832 97.6073
-14.4097 88.8873
-14.0604 113.221
-13.9074 123.922
-13.8886 125.295
-13.8382 128.871
-14.3107 96.1133
-14.9516 51.653
-14.7026 69.0206
-15.0234 46.7988
-15.1534 37.8395
-14.6339 73.999
-14.7123 68.6269
-14.4624 86.0585
-14.6729 71.4986
-14.6466 73.3979
-14.7744 64.5859
-14.7683 65.0781
-14.8452 59.8102
-15.2306 33.0966
-15.3488 24.9561
-15.0642 44.8011
-15.0513 45.7676
-15.2915 29.147
-15.5729 9.66668
-15.7197 -0.464866
-15.9348 -15.3418
-16.0603 -23.9884
-15.3279 26.9663
-14.3333 96.1399
-14.3755 93.2788
-14.5609 80.4655
-14.6868 71.7845
-14.7498 67.4775
-14.6756 72.7012
-14.2681 101.085
-14.225 104.151
-14.5006 85.0705
-15.2438 33.5014
-15.8818 -10.7548
-15.8219 -6.52396
-15.6584 4.90408
-15.7423 -0.857079
-16.0186 -19.98
-15.9518 -15.2718
-15.9902 -17.8677
-15.6716 4.33614
-15.0917 44.6935
-14.5155 84.7976
-14.4952 86.2768
-14.7522 68.4954
-14.9502 54.8039
-15.1503 40.9722
-14.9883 52.2982
-15.058 47.524
-15.1731 39.5967
-15.0964 44.9949
-14.9325 56.452
-14.8943 59.1728
-15.0782 46.4673
-15.5076 16.6995
-15.1042 44.8028
-15.0614 47.8446
-14.9785 53.6726
-15.1885 39.1486
-15.4211 23.0614
-15.5716 12.6758
-15.5633 13.3189
-15.4193 23.3953
-15.1992 38.7539
-14.4466 91.1132
-14.1335 112.94
-14.4603 90.3026
-14.471 89.6304
-14.5423 84.7469
-14.969 55.1668
-14.7512 70.3653
-14.903 59.8914
-14.8264 65.2859
-14.6914 74.7312
-14.8002 67.2445
-14.7721 69.2615
-14.5405 85.427
-14.4744 90.0833
-14.4749 90.1225
-15.0242 52.0266
-15.4556 22.1207
-15.3269 31.1337
-15.3154 31.9998
-15.0598 49.8288
-14.7797 69.3581
-14.8106 67.2806
-14.7972 68.2848
-14.9325 58.9536
-14.9533 57.576
-14.9403 58.5529
-14.8466 65.1318
-14.7238 73.7281
-14.499 89.42
-13.859 133.957
-14.3419 100.472
-14.9981 54.9512
-15.1739 42.8064
-15.3326 31.8475
-15.1825 42.349
-15.1179 46.9082
-15.456 23.4869
-14.9929 55.7318
-15.1261 46.5447
-14.8413 66.3998
-14.6592 79.1194
-15.0843 49.6547
-15.4921 21.3908
-15.6762 8.6681
-15.5823 15.2638
-15.1396 46.0925
-14.7311 74.5413
-14.8897 63.5914
-14.5425 87.7889
-14.479 92.2652
-14.4053 97.4573
-14.6013 83.9086
-14.4676 93.2694
-14.6994 77.2344
-14.7037 77.0029
-14.759 73.2338
-14.876 65.1712
-15.0513 53.0601
-15.0522 53.0676
-14.8827 64.915
-14.796 71.0088
-14.8736 65.6839
-15.2655 38.5289
-15.6545 11.5713
-15.765 3.95844
-15.7121 7.70236
-15.7641 4.16348
-15.9353 -7.66146
-15.9259 -6.94065
-15.9212 -6.54539
-15.2423 40.6952
-15.0815 51.9356
-14.9106 63.8799
-15.1461 47.5863
-15.0955 51.171
-15.1186 49.6371
-14.9114 64.0988
-15.0461 54.8116
-15.2865 38.1793
-15.5205 21.9931
-15.3309 35.23
-15.3379 34.8125
-15.3691 32.7199
-15.4234 29.0169
-15.8418 0.0171787
-15.6315 14.6944
-15.819 1.73526
-15.8415 0.245481
-15.9398 -6.51844
-16.3642 -35.9371
-16.5539 -49.0447
-16.4073 -38.7889
-16.1885 -23.5204
-16.0668 -14.9925
-15.9334 -5.65336
-16.0899 -16.4581
-15.9789 -8.67913
-15.9976 -9.9094
-15.9564 -6.97757
-15.6462 14.6443
-15.6309 15.7819
-15.5876 18.8553
-15.6283 16.1014
-15.6925 11.7105
-15.6417 15.3088
-15.5811 19.5877
-15.6198 16.9702
-16.0083 -9.9578
-15.6311 16.3219
-15.6323 16.3056
-15.8711 -0.214682
-15.5682 20.898
-15.4183 31.3863
-15.1453 50.4199
-14.8398 71.7148
-14.5545 91.6052
-14.62 87.1257
-14.959 63.6443
-15.2057 46.5719
-15.419 31.8206
-15.6077 18.78
-15.7603 8.24499
-15.4905 27.0604
-15.4275 31.5073
-15.2575 43.3876
-14.6983 82.3111
-14.562 91.8545
-14.6859 83.3154
-14.5483 92.9416
-14.6772 84.0563
-14.8087 74.9913
-14.8651 71.1368
-14.8586 71.6604
-14.7351 80.3087
-14.7789 77.3385
-15.1355 52.6333
-14.8566 72.0797
-14.4619 99.571
-14.4942 97.3936
-14.7263 81.3356
-14.9315 67.1491
-15.0131 61.5535
-14.7687 78.6021
-14.4093 103.639
-14.6838 84.6382
-15.2323 46.5974
-15.5051 27.7127
-16.0634 -11.0043
-15.3662 37.5079
-14.4221 103.17
-13.8869 140.422
-14.3303 109.69
-14.9658 65.6046
-15.062 58.9887
-15.3181 41.2653
-15.4322 33.4034
-15.3191 41.3358
-15.1272 54.7328
-14.5316 96.185
-15.117 55.5815
-14.9684 65.9742
-15.1059 56.4915
-15.0752 58.6947
-15.1195 55.6887
-14.9631 66.624
-15.1289 55.1766
-14.6939 85.4669
-14.9323 68.9726
-15.1908 51.0801
-15.0771 59.0536
-15.1972 50.7752
-15.3368 41.1432
-15.4544 33.046
-15.3405 41.0274
-14.9652 67.1696
-14.8417 75.8223
-15.1713 52.9906
-15.1388 55.3176
-15.1868 52.0518
-14.729 83.9327
-14.658 88.9331
-14.5542 96.2151
-14.6347 90.6896
-14.3627 109.657
-14.2298 118.963
-14.8764 74.1062
-15.0653 61.0522
-15.3376 42.203
-15.337 42.3117
-15.1936 52.3466
-14.9759 67.5437
-15.2702 47.1652
-15.4187 36.9175
-14.9191 71.6927
-15.1916 52.8319
-15.2253 50.5622
-15.0091 65.6487
-14.4861 102.058
-14.3959 108.392
-14.299 115.196
-14.7078 86.8607
-15.3314 43.6021
-16.1306 -11.8549
-16.2786 -22.0681
-16.1324 -11.8393
-15.8182 10.0619
-15.3721 41.1234
-15.105 59.7538
-14.9408 71.2286
-15.1922 53.8336
-15.5123 31.6639
-15.4415 36.6519
-15.1296 58.3885
-15.1273 58.6181
-15.6271 23.9648
-16.0903 -8.15097
-16.3321 -24.883
-16.3711 -27.5235
-16.4836 -35.2709
-16.2733 -20.5892
-15.5297 31.1461
-15.3431 44.1787
-15.2163 53.0617
-14.9209 73.6542
-14.9813 69.5268
-15.1811 55.7161
-15.8313 10.6084
-16.3514 -25.4604
-16.3335 -24.1465
-15.5186 32.5445
-14.915 74.5509
-14.6123 95.6499
-14.5052 103.162
-14.9291 73.7785
-15.6724 22.2047
-16.0933 -6.96846
-15.9458 3.35082
-15.7178 19.2589
-15.2252 53.552
-15.1557 58.4511
-15.08 63.7839
-15.5095 34.0075
-15.3144 47.6322
-14.9317 74.2942
-14.6881 91.2877
-14.8476 80.2754
-15.2654 51.3191
-15.2638 51.5002
-15.3627 44.6967
-15.1312 60.8479
-14.8535 80.2165
-14.8434 80.9825
-14.7181 89.7617
-14.9528 73.5247
-15.792 15.2879
-15.7805 16.1564
-15.2515 52.9743
-15.3393 46.949
-15.4116 41.9922
-15.3876 43.7287
-15.4472 39.6606
-15.5643 31.5917
-15.4309 40.9323
-15.8531 11.6668
-15.9498 5.01592
-16.1871 -11.4013
-16.5371 -35.6517
-16.3268 -20.9676
-15.9229 7.16136
-15.5583 32.5634
-15.4433 40.6249
-15.3343 48.2643
-15.0427 68.597
-15.1699 59.8255
-15.6554 26.1659
-15.6705 25.187
-15.8165 15.111
-15.4876 38.03
-15.357 47.1741
-15.2754 52.914
-15.2047 57.8995
-15.8721 11.5956
-16.0932 -3.6963
-16.1202 -5.50005
-15.2934 52.0104
-15.2435 55.5488
-15.701 23.8298
-16.1977 -10.6088
-16.5561 -35.4425
-16.4523 -28.1587
-16.2967 -17.2828
-16.2461 -13.6967
-15.8389 14.665
-15.707 23.9031
-16.0144 2.6151
-15.9926 4.19641
-16.0261 1.93632
-16.0259 2.02291
-16.0668 -0.749033
-16.0157 2.86864
-15.7281 22.9216
-15.2254 57.9196
-14.8365 85.0061
-14.9226 79.0941
-15.3421 50.0152
-15.5091 38.4823
-15.8309 16.1944
-15.9296 9.41004
-16.3478 -19.5815
-16.3917 -22.561
-15.8413 15.7499
-15.174 62.1856
-14.9779 75.8792
-15.123 65.8695
-15.3871 47.5839
-15.6076 32.3384
-15.7802 20.4155
-15.9384 9.49309
-16.2752 -13.841
-16.3991 -22.3793
-16.1051 -1.88499
-16.0641 1.03734
-15.7314 24.2185
-15.3201 52.87
-15.5915 34.0806
-15.2997 54.4198
-15.1877 62.2765
-15.0882 69.2578
-15.2767 56.2281
-14.9572 78.5006
-14.8653 84.955
-15.1787 63.2444
-15.4195 46.5851
-15.8139 19.2526
-15.6546 30.3935
-15.3085 54.5074
-15.2801 56.5456
-14.8959 83.311
-14.7502 93.5077
-15.064 71.7687
-15.1977 62.5531
-14.9698 78.4539
-15.056 72.538
-15.0509 72.9567
-15.3021 55.5776
-15.8911 14.7192
-16.2848 -12.5629
-16.6344 -36.7835
-16.7088 -41.8846
-15.7854 22.3465
-15.0925 70.5525
-15.0524 73.4137
-15.0749 71.9194
-15.2495 59.8535
-15.6982 28.7476
-15.6696 30.8051
-15.0584 73.3434
-15.1122 69.6726
-15.3256 54.9131
-15.5856 36.918
-16.0524 4.55619
-16.3405 -15.389
-16.4237 -21.1037
-16.2461 -8.69117
-16.6198 -34.5856
-16.776 -45.3674
-16.5755 -31.3702
-16.2787 -10.6798
-16.0837 2.93852
-15.9478 12.4491
-15.8345 20.3939
-16.1779 -3.40099
-16.6826 -38.392
-17.0902 -66.6437
-17.2385 -76.8805
-17.2062 -74.5623
-16.801 -46.3416
-16.7097 -39.9312
-16.8953 -52.7526
-16.7957 -45.7643
-17.182 -72.5371
-16.9613 -57.1343
-16.3218 -12.6307
-15.8691 18.8884
-15.6045 37.3461
-15.5168 43.5061
-15.5315 42.5529
-15.8271 22.0866
-16.1638 -1.24004
-16.1959 -3.39945
-15.9504 13.726
-15.971 12.3668
-16.2121 -4.31302
-16.4975 -24.0751
-16.5032 -24.4014
-16.7391 -40.7241
-16.7064 -38.3812
-16.519 -25.2902
-15.9747 12.5932
-15.9472 14.5737
-16.4168 -17.9839
-16.7008 -37.643
-16.5596 -27.7669
-16.5882 -29.6816
-16.954 -55.0278
-16.9682 -55.9413
-16.5344 -25.7333
-16.3835 -15.184
-16.4005 -16.2898
-16.9323 -53.1726
-16.7989 -43.8322
-16.7075 -37.4114
-17.001 -57.7386
-17.1886 -70.705
-17.3952 -84.988
-17.4752 -90.4761
-17.8204 -114.39
-17.9197 -121.219
-17.3708 -83.0151
-17.1001 -64.1357
-16.6027 -29.506
-16.8053 -43.5154
-16.9566 -53.9554
-16.549 -25.5676
-16.7859 -41.9572
-16.2698 -6.03198
-16.5136 -22.8982
-17.1576 -67.5774
-17.1939 -70.026
-17.3467 -80.5748
-17.494 -90.7424
-16.8532 -46.1499
-16.8072 -42.8822
-16.756 -39.2574
-16.4094 -15.106
-16.0964 6.70944
-15.9499 16.9582
-15.9688 15.7173
-16.4979 -20.9776
-16.9006 -48.8822
-16.8081 -42.3908
-16.4733 -19.0566
-16.037 11.3221
-15.5327 46.4345
-15.6394 39.0884
-16.1208 5.71163
-16.7467 -37.706
-17.136 -64.6843
-17.2574 -73.05
-17.3143 -76.9346
-17.5695 -94.5975
-17.3857 -81.7578
-16.7727 -39.0991
-16.8708 -45.8394
-17.2959 -75.3094
-16.9128 -48.6215
-16.226 -0.834358
-16.0294 12.8971
-16.1794 2.54174
-16.6315 -28.801
-16.7409 -36.3308
-16.8985 -47.2087
-17.0634 -58.5982
-17.9031 -116.873
-18.2966 -144.139
-17.9631 -120.902
-17.4861 -87.6903
-16.7128 -33.8895
-15.9365 20.1121
-15.866 25.0836
-15.5715 45.615
-16.0193 14.5686
-16.3205 -6.28622
-16.449 -15.1498
-16.5417 -21.5206
-16.2932 -4.18235
-16.4582 -15.5762
-16.9255 -47.9773
-16.9408 -48.9695
-16.8843 -44.9759
-17.1358 -62.3766
-16.9469 -49.1819
-17.1085 -60.344
-17.2488 -70.019
-17.4152 -81.5109
-16.6563 -28.7155
-16.2785 -2.39543
-15.9449 20.8479
-16.0928 10.645
-16.6599 -28.6851
-16.7221 -32.9374
-17.2431 -69.0683
-17.3943 -79.5079
-17.6052 -94.0898
-17.7648 -105.105
-17.9413 -117.303
-17.3213 -74.1559
-17.672 -98.4531
-18.0996 -128.093
-17.8012 -107.292
-17.5511 -89.845
-17.2662 -69.9801
-17.7037 -100.31
-18.0731 -125.903
-17.5108 -86.7633
-16.6815 -29.0768
-16.1338 9.04431
-16.2871 -1.53641
-16.8083 -37.6787
-17.0048 -51.2607
-16.392 -8.61245
-16.1737 6.61861
-16.5107 -16.7236
-16.1766 6.55802
-15.9752 20.6232
-15.946 22.7229
-15.8362 30.4183
-16.102 12.02
-16.5306 -17.6902
-16.8737 -41.4602
-17.2848 -69.9483
-17.6359 -94.2786
-18.0407 -122.33
-17.9871 -118.535
-17.4916 -84.0396
-17.3807 -76.2705
-17.3733 -75.6839
-16.8122 -36.626
-16.5268 -16.728
-16.5724 -19.828
-16.9393 -45.2498
-16.9798 -47.9981
-17 -49.3329
-17.2236 -64.7975
-17.268 -67.8116
-17.3253 -71.7236
-17.8032 -104.855
-18.1854 -131.342
-17.5055 -84.0317
-16.988 -48.0073
-17.0039 -49.0484
-16.909 -42.3838
-17.1916 -61.9454
-17.482 -82.0556
-17.4199 -77.6686
-17.0985 -55.2737
-17.0856 -54.3033
-16.9075 -41.8582
-17.0416 -51.109
-17.0692 -52.9584
-16.7475 -30.5332
-16.7093 -27.8132
-16.7496 -30.5411
-17.0882 -53.9991
-17.1361 -57.2585
-16.9346 -43.1911
-16.8385 -36.4433
-16.7862 -32.7368
-16.2289 6.05219
-15.9219 27.4521
-15.4912 57.4477
-15.028 89.6943
-15.0952 85.0993
-15.4976 57.2076
-16.1474 12.1296
-16.704 -26.4687
-17.0812 -52.6073
-17.4645 -79.172
-17.8989 -109.283
-17.123 -55.3059
-16.9554 -43.593
-17.0471 -49.8907
-17.3131 -68.3042
-17.6735 -93.2737
-17.6808 -93.7152
-17.4355 -76.604
-17.2374 -62.7707
-17.029 -48.2155
-16.3965 -4.20104
-16.1835 10.6684
-16.0314 21.3011
-15.5465 55.063
-15.6808 45.7979
-16.0536 19.9662
-15.9589 26.618
-16.0697 18.9855
-16.5223 -12.3879
-16.9195 -39.9131
-16.9269 -40.3608
-16.7011 -24.6011
-16.363 -1.03967
-16.1341 14.934
-16.1417 14.4731
-16.3232 1.93043
-16.4455 -6.49667
-16.6543 -20.9306
-16.8956 -37.6302
-17.5049 -79.8939
-17.5991 -86.3711
-17.224 -60.2402
-16.5061 -10.2865
-16.4973 -9.60625
-16.1806 12.464
-16.3598 0.0823898
-16.7087 -24.0869
-16.9202 -38.7108
-17.2753 -63.3134
-17.3761 -70.2516
-16.9943 -43.6562
-17.5255 -80.4915
-17.8673 -104.17
-17.2519 -61.3421
-16.3869 -1.176
-16.2549 8.06727
-16.4036 -2.19466
-16.1425 16.0124
-16.016 24.8749
-16.0798 20.5132
-16.1045 18.8629
-16.1222 17.7033
-16.0609 22.033
-16.1875 13.3038
-16.3145 4.55219
-15.9531 29.7334
-16.1253 17.8354
-16.0077 26.0733
-15.9546 29.8319
-15.7422 44.659
-15.3301 73.3604
-15.4239 66.9177
-15.3572 71.6176
-15.7165 46.725
-16.1419 17.2395
-16.3055 5.94343
-15.7814 42.4271
-15.5886 55.8917
-15.5213 60.6321
-15.0798 91.3793
-15.4683 64.4587
-16.4313 -2.38186
-15.9671 29.9374
-15.5254 60.6972
-15.8871 35.6359
-15.431 67.3977
-15.3652 72.0357
-15.2987 76.7262
-14.9562 100.594
-15.0536 93.8943
-15.4805 64.3001
-15.8252 40.423
-15.3731 71.9072
-15.2054 83.6267
-15.1819 85.3251
-15.2338 81.7907
-15.0079 97.557
-15.2182 83.0121
-15.7526 45.9519
-15.9395 33.0404
-16.12 20.5677
-15.6554 52.9151
-15.3604 73.4836
-16.1254 20.399
-16.4188 0.0803133
-16.0407 26.4233
-16.0192 27.9856
-15.9283 34.3725
-15.6873 51.1838
-15.4953 64.5965
-15.3959 71.5714
-15.5471 61.1373
-15.7374 47.98
-16.262 11.6021
-16.6877 -17.904
-16.9042 -32.8779
-17.1385 -49.0853
-16.7023 -18.714
-16.9578 -36.3964
-17.4516 -70.6291
-17.7545 -91.6049
-17.6705 -85.7005
-17.6749 -85.9417
-17.5317 -75.9203
-17.4735 -71.8069
-17.2182 -53.9993
-17.0475 -42.0727
-17.0552 -42.5318
-16.8608 -28.9577
-16.5118 -4.64307
-16.5498 -7.20879
-16.6386 -13.3131
-16.8559 -28.3378
-16.7942 -23.9813
-16.3929 3.96807
-16.1293 22.3545
-16.0633 27.0089
-16.7724 -22.1924
-16.9503 -34.481
-16.4812 -1.81751
-16.1547 20.9345
-15.6753 54.3098
-15.6327 57.3402
-15.9534 35.1264
-16.6689 -14.5137
-17.0933 -43.932
-17.2586 -55.3455
-15.7712 48.0671
-14.3036 150.1
-14.3926 143.985
-14.8974 108.986
-15.4567 70.1962
-16.4065 4.27286
-16.8519 -26.6029
-17.1483 -47.1295
-17.5123 -72.3484
-17.2624 -54.9147
-17.3231 -59.0656
-17.1634 -47.9017
-16.8577 -26.588
-16.7143 -16.5588
-16.6467 -11.7905
-16.6719 -13.4751
-16.586 -7.43158
-16.9166 -30.3379
-17.0971 -42.8066
-17.2468 -53.1364
-16.8731 -27.1048
-16.623 -9.65888
-15.8413 44.7213
-15.6996 54.637
-16.6237 -9.4948
-16.8776 -27.0668
-17.3921 -62.744
-17.1078 -42.9225
-17.3582 -60.2491
-16.8679 -26.1147
-16.7861 -20.3663
-16.9083 -28.787
-16.4542 2.83745
-15.9487 38.0232
-15.4054 75.8409
-15.7647 50.9516
-16.2203 19.3613
-16.8616 -25.1228
-17.2237 -50.2158
-17.2985 -55.3419
-16.963 -31.9603
-16.8866 -26.5795
-17.3378 -57.8638
-17.1684 -46.0217
-17.0777 -39.6504
-17.4122 -62.8241
-17.3912 -61.2914
-17.2931 -54.4068
-16.9495 -30.4638
-16.4886 1.62718
-16.3042 14.5057
-16.269 17.0257
-16.4874 1.91512
-16.0303 33.7435
-16.1593 24.8513
-16.3546 11.3515
-16.5977 -5.46679
-16.1832 23.3992
-16.0756 30.9477
-16.1971 22.5725
-16.2862 16.4551
-15.6733 59.1061
-15.7119 56.4907
-16.0868 30.5168
-16.1004 29.6393
-15.8209 49.1263
-15.8755 45.4025
-15.7201 56.2721
-15.6868 58.6532
-16.2811 17.4321
-15.7313 55.6999
-15.5862 65.8552
-15.6597 60.8167
-15.3495 82.4384
-15.1658 95.2669
-15.4231 77.4611
-15.9262 42.5751
-16.5373 0.18786
-16.0353 35.1334
-15.4453 76.1949
-14.9064 113.71
-15.3838 80.6094
-16.3456 13.8549
-16.8896 -23.8743
-16.2565 20.1824
-15.591 66.4934
-15.5849 66.9851
-15.6578 61.9859
-15.915 44.1876
-15.9652 40.7702
-15.9875 39.2892
-16.2021 24.4521
-16.9797 -29.5089
-17.3931 -58.1616
-17.0684 -35.5298
-16.5336 1.69453
-16.2729 19.8762
-16.0667 34.2748
-15.7153 58.757
-15.8455 49.7806
-16.1118 31.3523
-16.6347 -4.91115
-16.5409 1.67334
-16.5647 0.0917956
-16.6482 -5.64135
-16.9584 -27.1215
-17.2399 -46.6125
-17.2542 -47.5393
-17.2974 -50.4685
-16.876 -21.1212
-16.4853 6.09602
-16.2609 21.7551
-15.9077 46.3638
-16.1522 29.443
-16.4674 7.61261
-17.0468 -32.5736
-17.1011 -36.2733
-16.8111 -16.0541
-16.3018 19.4003
-16.0058 40.0319
-15.8045 54.0918
-15.6198 66.9906
-15.2389 93.5233
-14.9683 112.394
-15.0199 108.879
-15.0965 103.631
-14.6222 136.652
-14.3389 156.403
-14.7581 127.346
-15.2527 93.0553
-15.681 63.3659
-15.9592 44.1051
-16.595 0.00234132
-16.9007 -21.167
-16.6427 -3.17704
-16.2456 24.4864
-15.8558 51.6376
-15.7246 60.8208
-15.6503 66.0563
-15.8114 54.9278
-15.7363 60.2206
-15.6899 63.5092
-15.7031 62.6616
-15.5331 74.5469
-15.2681 93.0246
-15.1508 101.245
-15.3082 90.3792
-15.6812 64.534
-16.3236 19.9661
-16.9676 -24.7077
-17.4495 -58.1168
-17.1915 -40.1207
-16.7953 -12.5285
-16.902 -19.8692
-17.0663 -31.2174
-17.3951 -53.9912
-17.4474 -57.553
-16.875 -17.7153
-16.2693 24.4354
-15.906 49.7466
-16.0845 37.4144
-16.7301 -7.36925
-17.2046 -40.2703
-16.8476 -15.3971
-17.108 -33.4177
-17.5474 -63.8765
-17.3518 -50.2209
-17.1474 -35.9473
-16.9355 -21.156
-16.6183 0.952918
-16.5401 6.45344
-16.2852 24.2354
-16.4536 12.6045
-16.7287 -6.43898
-16.7725 -9.41329
-16.5771 4.23466
-16.7228 -5.82225
-16.2171 29.3841
-15.9339 49.1271
-15.8594 54.3745
-16.0814 39.0193
-16.1759 32.5204
-16.7246 -5.53395
-16.8285 -12.6813
-16.9604 -21.7731
-16.7787 -9.0819
-16.7964 -10.239
-16.6263 1.64783
-16.9022 -17.4504
-17.3544 -48.8024
-17.8683 -84.4403
-17.4843 -57.6865
-17.0598 -28.1228
-16.8769 -15.3467
-16.7812 -8.62666
-17.2124 -38.5173
-17.4635 -55.8974
-16.7319 -4.99788
-16.8573 -13.6364
-16.7281 -4.5957
-16.9173 -17.6654
-16.8995 -16.3636
-16.8081 -9.94298
-16.5265 9.69417
-16.7044 -2.59604
-16.8547 -12.9746
-16.6331 2.49587
-16.6943 -1.68959
-16.6809 -0.688556
-16.6979 -1.79949
-16.4416 16.0762
-16.5225 10.5226
-16.2129 32.1068
-16.6505 1.77392
-16.7951 -8.20578
-16.4592 15.2
-16.6202 4.08412
-16.8837 -14.15
-16.8329 -10.5556
-16.7782 -6.6857
-16.8487 -11.5161
-17.0458 -25.1377
-17.247 -39.047
-17.2201 -37.1078
-17.0504 -25.2481
-16.9242 -16.4096
-17.197 -35.2924
-17.1061 -28.9074
-16.7511 -4.17914
-16.5386 10.6602
-15.9311 52.9385
-16.037 45.6471
-16.2383 31.7279
-16.8966 -13.939
-17.4356 -51.32
-17.6648 -67.1706
-17.7544 -73.3253
-17.2735 -39.8442
-16.7776 -5.3202
-16.5339 11.682
-15.7984 62.8503
-16.3294 26.0256
-16.7485 -3.02136
-17.1211 -28.8408
-17.1473 -30.5949
-16.5106 13.7157
-16.3123 27.5634
-16.4357 19.0604
-16.0146 48.3828
-16.2561 31.678
-16.6626 3.49985
-16.9388 -15.6171
-16.8575 -9.89973
-17.1162 -27.8021
-17.1315 -28.7995
-17.0995 -26.5088
-17.1146 -27.4836
-16.8858 -11.5175
-17.0436 -22.4156
-16.9189 -13.6782
-16.411 21.6781
-16.0472 47.0258
-16.221 35.0182
-16.3681 24.8653
-16.4384 20.0503
-16.1254 41.8664
-16.5639 11.4706
-17.1283 -27.6726
-17.6659 -64.9579
-18.0667 -92.7357
-17.9844 -86.9438
-17.7071 -67.6132
-17.195 -31.9586
-17.239 -34.9481
-17.7132 -67.824
-17.4188 -47.3013
-17.6763 -65.123
-17.3459 -42.1006
-16.6355 7.32682
-16.9101 -11.6809
-17.0595 -21.9929
-17.5778 -57.9309
-17.2254 -33.3805
-17.3872 -44.5507
-17.3677 -43.1286
-17.2398 -34.1683
-17.1493 -27.8096
-17.5959 -58.7733
-17.5099 -52.7244
-17.3184 -39.3529
-17.2805 -36.6506
-17.4908 -51.1906
-17.2691 -35.7189
-17.1021 -24.0441
-17.734 -67.8778
-17.5565 -55.4824
-17.9385 -81.9493
-18.0286 -88.1445
-18.0098 -86.7643
-17.2636 -34.8526
-17.006 -16.8811
-17.023 -17.9955
-16.976 -14.6567
-16.8448 -5.47374
-16.9713 -14.1939
-16.7433 1.71642
-16.331 30.434
-16.2169 38.4257
-16.4693 20.9616
-16.4075 25.3276
-16.4128 25.0238
-16.9128 -9.64677
-17.7848 -70.1577
-17.5466 -53.5417
-17.4762 -48.5768
-17.4874 -49.2868
-17.2502 -32.7409
-16.8902 -7.65313
-17.2554 -32.9591
-17.5974 -56.6523
-18.017 -85.7396
-17.824 -72.2592
-17.972 -82.4701
-18.1343 -93.6767
-17.6616 -60.763
-17.2358 -31.1158
-17.1241 -23.2818
-17.4415 -45.2686
-17.3922 -41.7739
-17.6239 -57.8008
-18.1986 -97.6626
-18.1569 -94.6907
-18.0937 -90.2321
-17.636 -58.3603
-17.2075 -28.5219
-17.7775 -68.0543
-18.1956 -97.0369
-18.1521 -93.9402
-17.7936 -68.9616
-17.7251 -64.1365
-17.6386 -58.0584
-17.5377 -50.9739
-17.5267 -50.1396
-17.797 -68.8535
-18.0512 -86.4491
-17.8343 -71.3086
-17.8257 -70.6412
-17.7281 -63.7886
-17.7661 -66.359
-17.8652 -73.1767
-18.1272 -91.3107
-17.9116 -76.2618
-17.8021 -68.5848
-17.2943 -33.2342
-16.9369 -8.33373
-16.7482 4.84997
-16.7797 2.73139
-17.1207 -20.8901
-17.1527 -23.0445
-17.3627 -37.5692
-16.9791 -10.8465
-16.906 -5.69448
-17.2749 -31.2583
-17.2282 -27.9467
-16.9369 -7.63264
-16.7505 5.38421
-16.9262 -6.75475
-16.9541 -8.62572
-17.1976 -25.4704
-17.1313 -20.794
-16.8807 -3.31493
-17.0895 -17.7545
-16.9986 -11.3664
-17.6862 -59.0677
-17.7843 -65.8195
-17.7218 -61.4038
-17.618 -54.1237
-17.3617 -36.2444
-17.5277 -47.7099
-17.6529 -56.339
-17.7477 -62.8609
-18.0184 -81.5983
-18.043 -83.2332
-17.6989 -59.2565
-17.9275 -75.0709
-17.6243 -53.9369
-17.6206 -53.6075
-17.3446 -34.3644
-17.4753 -43.3791
-17.3546 -34.9175
-17.3805 -36.6502
-17.333 -33.2798
-17.6207 -53.1986
-18.1694 -91.2544
-17.9005 -72.5005
-18.1697 -91.1333
-18.1092 -86.8641
-17.7464 -61.5829
-17.5288 -46.3999
-17.6147 -52.2941
-17.1066 -16.9228
-17.4476 -40.5457
-17.5982 -50.943
-17.2839 -29.0387
-17.2967 -29.8517
-17.0428 -12.1437
-17.2134 -23.9301
-17.0981 -15.8494
-17.2794 -28.3724
-17.0832 -14.6765
-17.1691 -20.5702
-16.9794 -7.3246
-16.7918 5.77737
-16.6601 15.004
-16.2863 41.0409
-16.2377 44.4883
-16.0869 55.0341
-16.3107 39.5562
-16.8677 0.925275
-17.0624 -12.5331
-17.5075 -43.3896
-17.524 -44.4674
-16.9813 -6.68941
-16.7701 8.05393
-16.7644 8.51802
-17.2077 -22.2125
-17.4793 -41.0116
-17.6309 -51.4769
-17.4841 -41.2066
-17.5099 -42.9302
-16.9891 -6.67985
-16.5949 20.7794
-16.9478 -3.66593
-17.3125 -28.9402
-17.7535 -59.5103
-17.708 -56.2815
-17.1998 -20.9003
-17.1813 -19.5478
-17.2805 -26.3686
-17.3266 -29.4986
-17.4883 -40.6639
-17.4527 -38.1263
-17.6642 -52.7477
-17.3844 -33.2409
-16.9736 -4.6284
-16.5463 25.1309
-16.7917 8.14999
-16.8159 6.53616
-16.4073 34.9945
-15.8227 75.6833
-16.0344 61.0453
-16.3811 37.0285
-16.5714 23.8724
-16.1851 50.7824
-15.9037 70.401
-15.7805 79.031
-15.8979 70.9426
-16.0034 63.6869
-16.2952 43.4765
-16.0975 57.282
-15.7891 78.7842
-15.6522 88.3635
-16.05 60.7974
-16.5244 27.9049
-16.497 29.8738
-16.2838 44.7585
-15.8135 77.5043
-15.9913 65.2231
-16.5888 23.7734
-16.7305 13.9982
-16.2344 48.5374
-15.5815 93.9697
-15.4971 99.9035
-15.7786 80.4183
-16.2808 45.5914
-16.8854 3.65146
-16.8128 8.7669
-16.4121 36.6768
-16.5993 23.7424
-17.0056 -4.41941
-17.4697 -36.598
-17.3218 -26.2489
-16.8035 9.83278
-16.8727 5.09559
-17.0669 -8.33051
-17.4533 -35.1045
-17.7821 -57.8825
-17.7195 -53.466
-17.3252 -26.0012
-16.8423 7.61867
-16.7081 17.0159
-16.866 6.11533
-17.1392 -12.8009
-16.766 13.199
-16.9019 3.82634
-17.8669 -63.1464
-17.3966 -30.4008
-16.8556 7.25283
-16.9372 1.65107
-17.1109 -10.3467
-16.3794 40.5493
-16.3738 41.0058
-16.3961 39.5297
-16.336 43.7685
-16.2969 46.5546
-16.2015 53.2557
-16.1756 55.1276
-16.3407 43.7205
-16.8328 9.60527
-16.5296 30.7348
-16.6883 19.7821
-17.0036 -2.05999
-17.1984 -15.5249
-17.4066 -29.9194
-17.6704 -48.1774
-17.2843 -21.2786
-17.5299 -38.2731
-17.6691 -47.8763
-17.6896 -49.2349
-17.7655 -54.4395
-17.7519 -53.4213
-17.694 -49.3266
-17.3967 -28.6042
-17.0302 -3.06857
-16.8887 6.83222
-17.1822 -13.4925
-17.0612 -5.01732
-16.7489 16.7516
-16.7513 16.6558
-16.8668 8.69855
-16.9275 4.55151
-16.9368 3.97551
-17.173 -12.3642
-16.9681 1.93946
-16.7832 14.8578
-17.0333 -2.45027
-17.5268 -36.6734
-17.6497 -45.1385
-17.6635 -46.0283
-17.1639 -11.2507
-17.1963 -13.4324
-17.5987 -41.3163
-17.7288 -50.2902
-17.5435 -37.3458
-17.1503 -9.95763
-17.187 -12.4396
-17.7322 -50.2479
-17.9822 -67.5486
-17.5343 -36.3602
-17.4331 -29.2608
-17.5039 -34.1041
-17.3108 -20.6244
-16.9048 7.6543
-17.0971 -5.63762
-17.5258 -35.3493
-17.6622 -44.7584
-17.3349 -21.9499
-17.2667 -17.1423
-17.5601 -37.4554
-17.5315 -35.4003
-17.417 -27.3757
-17.684 -45.8587
-17.5501 -36.4841
-17.2789 -17.5708
-17.1738 -10.2018
-17.171 -9.93537
-17.5278 -34.6532
-17.8374 -56.0991
-18.0423 -70.2673
-17.8529 -57.0329
-17.5246 -34.1544
-17.193 -11.0466
-17.1099 -5.20667
-17.1811 -10.0836
-17.0255 0.800818
-17.062 -1.66973
-17.1506 -7.75378
-16.9634 5.32063
-17.0149 1.81541
-16.7348 21.3471
-16.389 45.4395
-16.8119 16.1241
-17.3355 -20.1855
-17.4189 -25.9117
-17.3627 -21.9323
-17.1931 -10.0806
-16.8473 14.013
-16.8824 11.6463
-17.1954 -10.0337
-16.9252 8.8117
-16.6325 29.213
-16.6094 30.8924
-16.9022 10.6139
-16.8541 14.0297
-17.1871 -9.04056
-17.5624 -35.0465
-17.6625 -41.9322
-17.4771 -28.9783
-16.8745 12.9552
-16.5638 34.6134
-16.8619 13.97
-17.0946 -2.12548
-16.728 23.4161
-16.6609 28.1455
-16.94 8.82522
-17.1625 -6.56649
-16.7559 21.7525
-16.0692 69.5325
-16.7159 24.6696
-17.2282 -10.8554
-17.6314 -38.795
-17.8549 -54.2547
-17.8353 -52.8215
-17.6193 -37.7478
-17.4756 -27.6944
-17.1148 -2.55502
-17.02 4.10048
-17.3335 -17.6121
-18.0065 -64.3035
-17.7747 -48.1281
-17.6108 -36.6677
-17.4749 -27.1602
-17.0471 2.63647
-16.8632 15.478
-16.7348 24.469
-17.0713 1.16071
-17.2427 -10.6757
-17.4608 -25.766
-17.3982 -21.3447
-17.0047 6.06674
-16.4124 47.2875
-16.2645 57.6341
-16.3205 53.811
-17.0987 -0.184241
-17.4104 -21.7771
-17.3832 -19.8171
-17.3721 -18.9773
-17.5088 -28.403
-17.1026 -0.109038
-17.0781 1.65838
-17.1881 -5.91586
-16.6324 32.7657
-16.5725 36.9997
-16.6821 29.4502
-17.0232 5.82305
-17.596 -33.9047
-17.6002 -34.1252
-17.6971 -40.7894
-17.5953 -33.6475
-17.6092 -34.5424
-17.4234 -21.5666
-16.9997 7.93985
-16.7206 27.4007
-16.424 48.0792
-16.5769 37.5242
-16.6643 31.523
-16.8864 16.158
-17.2577 -9.56477
-17.1926 -4.97788
-17.0197 7.10432
-16.8655 17.8904
-17.094 2.08232
-17.3113 -12.9469
-17.1668 -2.83301
-16.6834 30.8214
-16.5217 42.1229
-16.6799 31.2036
-17.2433 -7.87111
-17.5712 -30.5837
-17.5489 -28.9648
-17.4272 -20.4428
-17.1875 -3.71691
-16.9642 11.8679
-17.3876 -17.4792
-17.3626 -15.6747
-17.2166 -5.45919
-17.4879 -24.2412
-17.9178 -54.0426
-17.6646 -36.3768
-17.2407 -6.85421
-17.2369 -6.5208
-17.003 9.79799
-17.0762 4.78267
-16.9206 15.6599
-17.1655 -1.28511
-17.4503 -21.0069
-17.4396 -20.188
-17.5052 -24.6776
-17.1791 -1.95351
-17.017 9.38043
-16.7731 26.3941
-16.5184 44.1587
-16.7906 25.3158
-16.9683 13.0414
-16.8802 19.232
-16.9737 12.8043
-16.7901 25.6278
-16.9399 15.2907
-16.8871 19.0269
-16.9951 11.5951
-17.3236 -11.1581
-17.392 -15.8426
-16.9864 12.4084
-16.9142 17.493
-16.8707 20.5896
-17.0335 9.34189
-17.0573 7.75778
-17.037 9.24107
-17.0403 9.08003
-17.2643 -6.41285
-17.2769 -7.21863
-17.1355 2.6722
-17.3519 -12.2928
-17.3767 -13.9431
-17.004 12.0202
-16.7873 27.1449
-17.1114 4.69803
-17.4096 -15.9504
-17.162 1.31712
-16.6164 39.2974
-16.9268 17.8007
-16.6827 34.8302
-16.3967 54.7696
-16.353 57.8755
-16.8687 22.1172
-17.1346 3.71015
-17.5013 -21.6986
-17.8252 -44.134
-17.7599 -39.5239
-16.9665 15.6701
-16.786 28.2805
-16.9885 14.2785
-17.0771 8.192
-17.2103 -0.994782
-17.3725 -12.1932
-17.5388 -23.6775
-17.4348 -16.3845
-17.0636 9.47679
-16.7264 32.9772
-17.316 -7.9239
-17.4173 -14.8912
-17.1364 4.69817
-17.1141 6.31738
-17.2328 -1.86518
-16.9762 16.0329
-16.7294 33.2532
-16.8448 25.307
-17.2235 -0.937563
-16.9841 15.7655
-16.9596 17.5349
-17.3805 -11.6411
-17.7286 -35.7525
-17.4941 -19.3943
-17.6282 -28.6395
-17.6581 -30.6456
-17.2389 -1.44968
-16.2623 66.4713
-16.0276 82.8491
-16.7542 32.4338
-17.1859 2.511
-17.1876 2.45938
-17.1561 4.71763
-16.8963 22.8386
-17.3575 -9.13398
-17.0653 11.2376
-16.9454 19.6319
-17.1886 2.80912
-17.391 -11.1883
-17.4854 -17.6763
-17.6449 -28.6859
-17.6705 -30.3979
-17.7688 -37.1602
-17.5956 -25.0554
-17.2577 -1.50934
-17.3236 -6.0201
-17.3716 -9.2802
-17.5285 -20.1146
-17.2488 -0.609677
-17.2172 1.6534
-17.0647 12.3153
-17.1452 6.79544
-17.0485 13.5833
-17.3998 -10.7585
-17.8117 -39.3045
-17.5679 -22.2991
-17.3145 -4.62314
-17.4364 -13.0235
-17.4097 -11.0968
-17.7616 -35.4768
-17.2569 -0.337991
-17.2346 1.27495
-17.2967 -2.96735
-16.9846 18.7868
-16.5422 49.596
-15.6899 108.879
-15.3459 132.854
-15.2054 142.682
-15.5234 120.659
-16.0681 82.881
-16.459 55.7889
-17.4074 -10.0342
-18.0979 -57.9412
-17.9894 -50.3299
-17.3016 -2.4729
-16.8319 30.2324
-16.7179 38.2208
-16.5962 46.748
-16.7468 36.3549
-17.2006 4.89364
-17.2734 -0.096465
-17.5439 -18.8208
-17.2516 1.55293
-17.2723 0.18466
-17.822 -37.9346
-17.7913 -35.7364
-17.1753 7.13423
-16.7529 36.5519
-16.979 20.9166
-17.2841 -0.213611
-17.642 -25.0102
-17.32 -2.56769
-17.0088 19.1172
-17.1433 9.84703
-16.9323 24.5744
-17.4058 -8.25308
-17.5645 -19.213
-18.0484 -52.7605
-18.5232 -85.6824
-18.2273 -65.0526
-17.9221 -43.7817
-17.6272 -23.221
-17.5974 -21.0767
-17.5736 -19.3576
-17.9889 -48.144
-17.822 -36.4798
-18.0235 -50.4036
-17.5939 -20.4863
-16.9081 27.2295
-16.691 42.3803
-16.7781 36.3986
-17.4091 -7.36988
-17.9843 -47.2689
-18.1989 -62.1048
-17.8081 -34.8847
-16.9465 25.0445
-16.082 85.1847
-15.9195 96.5445
-16.3401 67.3883
-16.8954 28.8754
-17.4446 -9.21464
-17.3988 -5.95839
-17.2712 2.97709
-17.3332 -1.26649
-17.3204 -0.306446
-17.0387 19.3339
-16.6159 48.7798
-16.5015 56.796
-16.7914 36.7242
-17.3044 1.15422
-17.227 6.59749
-17.0741 17.292
-16.9145 28.4546
-16.765 38.906
-16.842 33.6251
-16.9145 28.6603
-16.6334 48.2633
-16.4456 61.3777
-16.4083 64.0411
-16.359 67.5312
-16.6396 48.1104
-16.6487 47.5418
-17.0837 17.3886
-17.206 8.96607
-16.7898 37.9504
-16.8548 33.5059
-16.4677 60.4679
-16.1529 82.4063
-15.9819 94.3604
-16.5304 56.3208
-16.976 25.4282
-16.3398 69.7011
-16.2308 77.3463
-16.7733 39.722
-16.8946 31.3652
-16.6997 44.9736
-16.6123 51.1192
-16.5632 54.597
-16.6749 46.9047
-16.7514 41.6577
-17.227 8.68465
-17.3214 2.1975
-17.3835 -2.05067
-17.13 15.6323
-16.6787 47.061
-16.7868 39.6188
-16.7299 43.6391
-16.4526 62.9765
-15.8867 102.362
-16.1246 85.9005
-16.4212 65.3647
-16.6415 50.1292
-16.7645 41.6532
-16.9199 30.9279
-17.3936 -1.91555
-17.8702 -34.9626
-17.7056 -23.4586
-17.7433 -26.0026
-17.7788 -28.4062
-17.701 -22.925
-17.279 6.45962
-16.9668 28.2218
-16.5188 59.4215
-16.9446 29.9025
-17.3633 0.885572
-17.9228 -37.9216
-17.9364 -38.7997
-17.6528 -19.0253
-17.1862 13.4674
-17.2246 10.8636
-17.4941 -7.78666
-17.819 -30.2945
-17.7389 -24.661
-17.4211 -2.50928
-17.7189 -23.127
-17.7204 -23.162
-17.4112 -1.61388
-17.0096 26.3635
-16.6011 54.8149
-16.5553 58.0646
-16.4668 64.2834
-16.5782 56.6107
-16.3833 70.2204
-16.5165 61.0374
-16.7718 43.3686
-16.953 30.849
-16.8465 38.3175
-16.879 36.1311
-16.7833 42.8477
-17.3483 3.65964
-17.1648 16.4829
-16.6772 50.4286
-16.5841 56.9643
-16.5549 59.0612
-16.8119 41.2795
-16.8463 38.9596
-16.8867 36.2185
-16.8493 38.8875
-16.7241 47.6522
-16.7799 43.8486
-16.596 56.6942
-16.6192 55.1552
-16.6086 55.9569
-16.7499 46.2079
-16.2684 79.7329
-15.9931 98.9345
-16.3758 72.4133
-17.1146 21.1493
-17.0766 23.8564
-16.9101 35.499
-16.8847 37.3284
-16.6923 50.7685
-16.1156 90.9051
-16.0316 96.8117
-16.4459 68.0948
-16.8017 43.4474
-17.191 16.4644
-17.2772 10.5497
-17.1879 16.8207
-16.816 42.7305
-16.7912 44.521
-16.3881 72.6003
-16.2961 79.0603
-16.1893 86.5496
-16.1145 91.815
-16.5293 63.0691
-17.146 20.2854
-17.2342 14.2283
-17.6986 -17.9696
-17.8321 -27.1713
-17.3182 8.60473
-17.0519 27.1702
-16.6209 57.1906
-16.052 96.7865
-15.6755 123.011
-15.5507 131.756
-15.5376 132.734
-16.1453 90.5765
-16.7657 47.5462
-17.0534 27.6279
-17.1109 23.6995
-17.0998 24.54
-17.2074 17.1308
-16.8165 44.3641
-16.3937 73.806
-16.3686 75.6217
-16.623 58.0138
-16.6397 56.9229
-16.4593 69.5303
-16.4273 71.8172
-16.2149 86.6507
-16.1643 90.2345
-17.3562 7.48656
-17.5611 -6.67388
-17.4098 3.90207
-16.7741 48.1407
-17.1189 24.2575
-17.361 7.50429
-17.5167 -3.24471
-17.4032 4.71282
-17.2963 12.2104
-16.7517 50.1155
-16.3865 75.5558
-16.6164 59.6554
-16.4688 69.9762
-16.1641 91.2188
-16.0612 98.4388
-16.3124 81.0508
-16.1714 90.9234
-16.217 87.8194
-16.3864 76.1215
-16.1815 90.4283
-16.3278 80.3311
-16.8393 44.8599
-16.9969 33.9842
-16.7348 52.2623
-16.8483 44.4423
-17.2542 16.3141
-17.2389 17.4445
-17.3323 11.0229
-16.9256 39.3533
-16.9739 36.0676
-16.8222 46.6747
-16.6081 61.619
-16.6659 57.6774
-16.8147 47.4055
-17.0771 29.2404
-17.1498 24.2605
-17.0172 33.5472
-17.1558 23.9872
-17.1564 24.0123
-16.9641 37.4417
-17.1876 21.9819
-16.7773 50.5575
-16.4776 71.4526
-16.6804 57.4331
-17.0567 31.355
-17.4004 7.54449
-17.7504 -16.7005
-17.7634 -17.5348
-17.5506 -2.6838
-17.5483 -2.4544
-17.3858 8.90953
-18.01 -34.3918
-18.1736 -45.6922
-17.8161 -20.7801
-17.3454 11.9918
-17.457 4.3064
-17.466 3.74971
-17.9423 -29.2699
-18.3946 -60.6255
-18.36 -58.1553
-18.6033 -74.9855
-18.5723 -72.7632
-18.7333 -83.8808
-18.814 -89.418
-19.0328 -104.554
-19.278 -121.52
-19.1866 -115.095
-18.6632 -78.6671
-17.9663 -30.1764
-17.3429 13.2085
-16.7686 53.1809
-16.8077 50.5296
-16.6882 58.9067
-16.7881 52.0322
-17.0307 35.2476
-17.2707 18.6398
-17.0595 33.3847
-16.8101 50.7807
-16.3568 82.3453
-16.4388 76.72
-16.5386 69.8566
-17.2282 22.0089
-17.5229 1.60606
-17.6522 -7.30786
-17.7715 -15.5258
-17.5662 -1.19304
-17.3062 16.937
-17.5661 -1.05026
-17.4982 3.73509
-17.2857 18.5735
-17.0707 33.577
-17.2018 24.5425
-17.4522 7.20894
-17.5061 3.53499
-17.6524 -6.5589
-17.871 -21.6805
-17.4351 8.68035
-17.8922 -23.0113
-18.0661 -35.0239
-17.851 -20.0103
-17.7033 -9.6774
-17.5199 3.13423
-17.5225 3.02386
-17.4097 10.9283
-17.3398 15.8541
-17.5341 2.42447
-17.6559 -5.96997
-18.0002 -29.82
-17.8992 -22.7321
-17.1029 32.6602
-16.6216 66.1687
-16.5831 68.9151
-16.6537 64.0784
-17.0939 33.5651
-17.4919 5.9814
-17.3246 17.6745
-17.289 20.2186
-18.2176 -44.2287
-18.2408 -45.7724
-17.5362 3.25208
-17.2377 24.0578
-16.7103 60.7763
-17.1953 27.1436
-17.7743 -13.0101
-18.2371 -45.1001
-18.1571 -39.4679
-17.8423 -17.5329
-17.4207 11.8314
-17.0488 37.7375
-16.8389 52.394
-16.8173 53.9637
-16.8933 48.7542
-16.9583 44.3044
-17.4394 10.9496
-18.3125 -49.6414
-19.0927 -103.78
-19.2525 -114.815
-18.851 -86.8497
-18.2716 -46.5231
-17.7119 -7.56634
-17.1988 28.1519
-16.6902 63.5591
-16.4876 77.7031
-16.2488 94.3674
-16 111.72
-17.0024 42.1478
-17.0504 38.8803
-17.487 8.61481
-17.4778 9.32418
-17.2827 22.9478
-17.2862 22.7735
-17.2776 23.4416
-17.3798 16.4086
-17.4174 13.8659
-18.0284 -28.513
-18.1015 -33.5225
-18.1477 -36.6608
-17.4192 14.0228
-17.1335 33.9371
-16.9338 47.8866
-16.8028 57.0546
-17.127 34.5984
-16.9631 46.0551
-16.8496 54.0116
-17.2746 24.5553
-17.5978 2.16658
-17.6898 -4.15555
-17.2325 27.6859
-17.0821 38.2079
-16.9328 48.6471
-16.9713 46.042
-17.0079 43.5703
-17.2503 26.8014
-17.2387 27.676
-17.4395 13.7884
-17.0996 37.4803
-16.7631 60.9281
-17.1605 33.3829
-17.6284 0.94787
-17.7539 -7.70337
-17.6841 -2.78954
-17.8144 -11.7697
-17.5744 4.97458
-17.5138 9.25611
-17.527 8.40544
-17.4757 12.0382
-17.7345 -5.86905
-18.0485 -27.6195
-18.6713 -70.8202
-19.2597 -111.635
-19.5447 -131.363
-19.6022 -135.292
-19.1784 -105.772
-18.5618 -62.8647
-18.0705 -28.6633
-17.6289 2.08908
-17.6516 0.583187
-18.13 -32.5888
-18.6158 -66.272
-18.3903 -50.5334
-17.6449 1.32655
-17.1373 36.6617
-17.217 31.1953
-17.6985 -2.1906
-17.8328 -11.4498
-17.5556 7.87711
-17.347 22.4384
-17.2226 31.1517
-17.4101 18.198
-17.7166 -3.02681
-17.8207 -10.1955
-17.4468 15.8526
-17.0068 46.4975
-16.8822 55.2242
-16.8585 56.9364
-16.7326 65.7524
-16.9707 49.2832
-17.2886 27.2636
-17.4758 14.328
-17.6076 5.24179
-17.5615 8.50784
-17.1426 37.684
-16.9517 51.0177
-16.5765 77.156
-16.7134 67.7172
-17.0425 44.916
-17.1529 37.3145
-17.2858 28.1562
-17.3472 23.9555
-17.1578 37.1863
-17.0929 41.7656
-17.5335 11.2206
-17.8274 -9.12738
-17.7693 -5.02089
-17.3187 26.3522
-16.9507 51.9884
-17.4477 17.5266
-17.3733 22.7701
-17.0123 47.9231
-16.7854 63.753
-16.6523 73.0697
-16.4303 88.5673
-16.2574 100.645
-16.2407 101.874
-17.0384 46.5247
-17.2499 31.9004
-17.3153 27.4219
-17.5384 11.9893
-17.607 7.29402
-17.2194 34.2947
-16.1962 105.452
-15.9209 124.651
-16.3481 95.0371
-16.9017 56.6461
-17.5251 13.4031
-17.5644 10.7427
-17.2575 32.1361
-17.4518 18.701
-17.5835 9.62011
-17.3355 26.9213
-17.2903 30.1332
-17.1218 41.9076
-17.1089 42.8743
-17.4911 16.3868
-18.2872 -38.8551
-18.7848 -73.3577
-18.2362 -35.1681
-18.1555 -29.4935
-17.9359 -14.1688
-17.6783 3.79857
-17.8593 -8.709
-17.8869 -10.5567
-17.6633 5.05161
-17.4008 23.3598
-17.4754 18.2482
-17.7702 -2.16653
-18.01 -18.7582
-17.8421 -7.02258
-17.7821 -2.78447
-17.7452 -0.153639
-16.94 55.8595
-15.9487 124.806
-15.399 163.064
-15.4375 160.464
-16.1225 112.939
-17.1553 41.2529
-17.3313 29.0893
-16.7331 70.7204
-16.4565 90.0083
-16.17 109.986
-16.1371 112.339
-16.6371 77.6712
-17.0722 47.5084
-17.1951 39.043
-17.1374 43.1219
-16.7606 69.3668
-16.5574 83.5571
-16.3581 97.4701
-16.2007 108.478
-16.2043 108.296
-16.6766 75.5503
-17.1661 41.6131
-17.2921 32.9279
-17.1556 42.4772
-16.978 54.8862
-16.9372 57.7897
-16.8446 64.2924
-16.565 83.795
-16.6013 81.341
-17.0006 53.6625
-17.0754 48.538
-16.5263 86.7563
-16.0412 120.533
-16.215 108.523
-16.9936 54.4999
-17.5422 16.4508
-16.7567 71.0977
-15.8276 135.717
-15.2302 177.295
-15.2876 173.381
-16.0836 118.145
-17.0276 52.6256
-17.3137 32.8139
-16.9299 59.5537
-16.4828 90.6822
-16.2662 105.801
-16.4246 94.8646
-16.8693 64.0403
-17.5398 17.5227
-17.7053 6.0903
-17.7054 6.15532
-17.6963 6.85653
-17.903 -7.43333
-17.7278 4.80591
-18.0217 -15.5418
-18.1327 -23.1827
-17.9327 -9.22287
-18.1118 -21.5959
-17.8752 -5.08845
-17.3245 33.2475
-17.0351 53.4246
-17.0213 54.4536
-17.0854 50.0634
-17.2467 38.9268
-17.3453 32.1456
-17.2057 41.9176
-17.2142 41.3958
-17.5301 19.516
-17.4976 21.8476
-17.5459 18.5577
-17.2643 38.1945
-16.5184 90.0843
-15.7667 142.386
-15.9549 129.374
-16.4258 96.7286
-16.9849 57.9519
-17.806 0.974317
-17.7584 4.34603
-17.5867 16.3487
-17.0797 51.6442
-17.1838 44.4773
-16.9692 59.4616
-17.5026 22.4699
-17.7391 6.10403
-17.1952 43.9683
-16.7749 73.239
-16.655 81.636
-17.031 55.5846
-16.9968 58.0298
-17.1917 44.5601
-17.9835 -10.3882
-18.7952 -66.714
-19.105 -88.1691
-18.7723 -64.9855
-18.1545 -21.989
-17.4426 27.541
-17.1885 45.2627
-17.3768 32.2517
-17.6766 11.4905
-17.7433 6.92513
-17.7335 7.67963
-17.6839 11.1902
-17.2407 42.0529
-16.9512 62.2421
-16.9387 63.176
-17.0042 58.6967
-16.9904 59.7235
-17.1388 49.4861
-17.2626 40.9518
-17.3452 35.2821
-16.6866 81.1125
-16.4397 98.3355
-16.5435 91.1888
-16.9076 65.9634
-17.2741 40.5697
-16.7216 79.0275
-16.2702 110.455
-16.8219 72.1966
-17.4647 27.6028
-18.1411 -19.3243
-18.8268 -66.8915
-18.8783 -70.4014
-18.703 -58.156
-18.5152 -45.0367
-18.5208 -45.3591
-18.2023 -23.1544
-18.2778 -28.3317
-18.0915 -15.3183
-17.5861 19.8672
-17.4699 28.0088
-17.7673 7.41473
-18.0521 -12.3056
-18.0296 -10.6694
-17.8457 2.17738
-18.0823 -14.1953
-17.8671 0.825246
-17.7064 12.0641
-17.1181 53.009
-16.8181 73.9153
-16.7937 75.6849
-16.779 76.7714
-17.3822 34.9353
-17.9746 -6.15931
-18.6783 -54.9765
-18.6156 -50.5551
-18.2748 -26.8054
-17.8778 0.847825
-17.0521 58.2857
-17.164 50.584
-17.4007 34.2039
-17.4374 31.7245
-17.9762 -5.63954
-17.6238 18.9142
-18.007 -7.64317
-18.3074 -28.4438
-18.4967 -41.5257
-18.6316 -50.8337
-18.7075 -56.0362
-18.5213 -43.027
-18.1579 -17.7088
-18.1647 -18.1143
-18.3466 -30.6825
-18.3945 -33.9398
-18.763 -59.4764
-18.6745 -53.257
-18.9011 -68.933
-18.8594 -65.963
-19.0728 -80.7199
-18.8318 -63.9037
-18.5505 -44.2902
-18.3648 -31.3219
-18.3941 -33.2853
-17.9143 0.117687
-17.7892 8.8805
-17.8147 7.17991
-17.4753 30.8258
-17.4954 29.5003
-17.7809 9.73307
-18.0929 -11.8725
-17.8713 3.5923
-17.9045 1.35312
-17.976 -3.54199
-18.0871 -11.1952
-18.3194 -27.2605
-18.2896 -25.1207
-18.2919 -25.2142
-18.4654 -37.2009
-18.8101 -61.079
-18.2086 -19.2188
-18.0972 -11.4114
-18.4868 -38.4083
-19.0372 -76.5813
-19.1437 -83.9128
-18.8628 -64.322
-19.1712 -85.6838
-18.7908 -59.1816
-18.2714 -23.0229
-18.0292 -6.12899
-18.2883 -24.0594
-18.1219 -12.4286
-18.3157 -25.8234
-18.1465 -14.0019
-18.0325 -6.01179
-18.2582 -21.6208
-18.808 -59.7539
-19.0837 -78.8378
-18.4601 -35.4396
-18.3582 -28.2912
-18.439 -33.8331
-18.6056 -45.3395
-18.9111 -66.4995
-18.7083 -52.3391
-18.4259 -32.6451
-18.3003 -23.8489
-18.7142 -52.5411
-18.6924 -50.9593
-18.5475 -40.8217
-18.6982 -51.2213
-19.2629 -90.3861
-19.4535 -103.557
-18.8471 -61.3587
-17.7817 12.7327
-17.353 42.5923
-17.9896 -1.57008
-17.8765 6.36039
-17.5601 28.4109
-17.8583 7.76406
-17.8297 9.8179
-17.6761 20.5603
-17.3993 39.8604
-17.153 57.0452
-17.1771 55.4403
-17.7564 15.2546
-17.4328 37.8097
-16.6513 92.1798
-16.8194 80.5657
-16.8745 76.8076
-17.2522 50.6342
-17.6947 19.9601
-17.6103 25.8917
-17.2904 48.1872
-16.7299 87.2034
-16.4985 103.348
-16.14 128.324
-16.0825 132.394
-16.4961 103.726
-17.218 53.6398
-17.4346 38.6609
-17.3955 41.4456
-17.3263 46.3184
-17.2814 49.5081
-17.0493 65.7079
-16.5962 97.2597
-16.2949 118.257
-16.7808 84.5675
-16.288 118.875
-16.4542 107.402
-17.126 60.7937
-17.9432 4.08212
-18.2273 -15.5839
-17.6789 22.5843
-17.4494 38.6054
-17.2546 52.2077
-17.0546 66.1688
-17.1876 57.0007
-16.8698 79.1504
-16.3832 113.026
-16.3083 118.302
-16.8197 82.8395
-17.2245 54.7849
-17.1299 61.4272
-17.2171 55.4385
-17.2295 54.6482
-16.9198 76.2313
-16.5378 102.846
-16.3392 116.708
-16.0705 135.45
-16.3248 117.847
-16.6262 96.982
-16.9834 72.2307
-17.221 55.7942
-17.3132 49.4575
-17.3611 46.1955
-17.2927 51.0151
-17.4177 42.4057
-17.3403 47.8493
-17.6823 24.1561
-18.0829 -3.60375
-18.2887 -17.8351
-18.2465 -14.8333
-18.7549 -50.0894
-18.9104 -60.8232
-18.4253 -27.0494
-17.9496 6.07249
-17.6351 27.9927
-17.6326 28.2335
-17.8998 9.74328
-18.0621 -1.46631
-18.2475 -14.2773
-18.5509 -35.2887
-18.0915 -3.30224
-17.3671 47.0999
-17.1908 59.419
-17.045 69.6174
-17.585 32.1692
-18.1507 -7.06333
-18.6486 -41.5914
-18.7101 -45.7933
-17.9391 7.84133
-17.461 41.1312
-17.2727 54.2852
-17.0051 72.9469
-16.9366 77.7739
-16.9339 78.0317
-17.2377 56.9957
-17.5539 35.0944
-18.0423 1.23279
-18.9214 -59.7808
-19.5976 -106.695
-19.9419 -130.543
-19.5291 -101.796
-18.9287 -60.0099
-18.7526 -47.7017
-18.0242 2.97712
-17.8097 17.9445
-17.5919 33.1476
-17.6367 30.1065
-17.6537 28.9961
-17.6111 32.0196
-17.4728 41.7041
-17.3582 49.7297
-17.5147 38.9289
-17.9439 9.17905
-18.2462 -11.7576
-18.7023 -43.3743
-18.923 -58.6378
-18.9179 -58.217
-18.6775 -41.4455
-18.4625 -26.4364
-18.4067 -22.4915
-18.1278 -3.04072
-17.9445 9.76163
-18.1523 -4.60686
-18.3518 -18.3993
-18.2896 -14.0048
-17.8908 13.7711
-16.8583 85.5767
-16.0576 141.276
-15.8163 158.115
-15.822 157.787
-16.0547 141.687
-16.7914 90.5748
-17.7179 26.2711
-18.3877 -20.1986
-17.85 17.2287
-16.7221 95.6679
-16.6353 101.766
-16.7353 94.8872
-17.0141 75.5831
-17.5828 36.1415
-17.9736 9.05769
-17.7247 26.4215
-16.7476 94.382
-16.2262 130.677
-16.0367 143.912
-16.1646 135.092
-16.8171 89.8281
-17.5168 41.2848
-17.8586 17.604
-18.4855 -25.8785
-18.7013 -40.8084
-18.788 -46.7625
-18.6039 -33.9016
-18.5612 -30.8644
-18.6215 -34.982
-18.557 -30.4338
-18.8879 -53.3506
-19.3301 -84.0086
-19.3357 -84.33
-18.9426 -56.9456
-18.4645 -23.6555
-18.1886 -4.41546
-18.4148 -20.0637
-18.6828 -38.6188
-18.6603 -36.9864
-18.5358 -28.263
-18.5293 -27.7447
-18.8872 -52.5386
-18.8014 -46.5121
-18.9228 -54.8735
-18.6603 -36.5653
-18.353 -15.1483
-18.378 -16.8165
-18.3781 -16.7524
-18.3225 -12.822
-18.0535 5.94013
-18.3262 -12.9386
-18.8163 -46.9195
-18.6569 -35.7732
-17.9688 12.1043
-17.3606 54.4265
-16.753 96.7155
-16.2795 129.684
-16.6038 107.218
-16.9555 82.8541
-17.4655 47.4919
-17.9685 12.61
-18.5132 -25.1686
-19.0298 -60.988
-19.1306 -67.926
-18.5615 -28.3099
-18.2813 -8.77425
-17.6249 36.9011
-17.1103 72.7236
-16.2709 131.116
-16.6645 103.836
-16.1648 138.627
-16.762 97.1989
-16.7305 99.4577
-17.0227 79.2278
-17.5338 43.7882
-17.5038 45.9413
-17.4349 50.7989
-17.1998 67.2028
-17.1431 71.2059
-17.4204 52.012
-17.0809 75.6694
-17.0215 79.8681
-16.7074 101.762
-17.2769 62.2633
-17.4386 51.0922
-17.1991 67.8076
-17.3188 59.5579
-17.4945 47.4208
-17.9235 17.6804
-17.9216 17.8805
-17.8779 20.9905
-17.5048 46.9792
-17.2585 64.1649
-17.5129 46.5573
-17.6962 33.8893
-18.0549 9.03939
-17.639 38.0019
-17.653 37.1032
-17.9885 13.8581
-18.3111 -8.48221
-18.4204 -16.0086
-18.038 10.628
-17.8097 26.5585
-17.4092 54.4575
-17.2537 65.3298
-17.0464 79.8008
-16.9179 88.7988
-16.8121 96.2207
-17.1627 71.9336
-17.2542 65.6469
-17.6248 39.9612
-17.2957 62.8986
-16.8935 90.9117
-17.3406 59.9192
-17.1427 73.7378
-17.6653 37.496
-17.8006 28.1639
-17.8229 26.6901
-17.3771 57.7326
-16.9722 85.9305
-16.9328 88.737
-17.3364 60.7662
-17.2494 66.8797
-17.5314 47.3596
-17.4302 54.4586
-17.7219 34.2592
-17.736 33.3482
-17.2373 68.0708
-17.0738 79.4981
-16.84 95.8085
-17.0254 83.0012
-17.4184 55.762
-17.9327 20.1008
-18.3888 -11.5193
-18.6284 -28.0949
-18.449 -15.5599
-18.2716 -3.16615
-18.1551 4.99288
-18.2294 -0.0976142
-17.5718 45.6596
-17.388 58.5042
-17.6684 39.0862
-17.8958 23.3563
-18.1694 4.4216
-18.1833 3.52442
-18.1253 7.62506
-17.6139 43.2207
-17.2678 67.3385
-17.5136 50.3279
-17.8343 28.118
-18.1797 4.19175
-18.6255 -26.7123
-19.1417 -62.5094
-19.5867 -93.3569
-18.9643 -50.0446
-18.2107 2.38022
-17.4855 52.8397
-17.1895 73.4767
-17.1418 76.8566
-17.213 71.9793
-17.4746 53.8709
-17.9524 20.7443
-18.8223 -39.6271
-19.0271 -53.7815
-19.0501 -55.3126
-18.8818 -43.548
-17.8884 25.5398
-17.2545 69.6528
-16.8713 96.3445
-17.4035 59.4372
-17.6826 40.1164
-17.9619 20.7786
-17.351 63.2936
-16.9718 89.7085
-17.5904 46.801
-17.8717 27.3233
-17.9793 19.9207
-17.4081 59.6723
-17.184 75.315
-17.5355 50.9629
-17.3829 61.6332
-17.4923 54.1014
-17.3177 66.3059
-17.8015 32.7606
-18.1676 7.3932
-18.3515 -5.31206
-18.4595 -12.749
-18.4965 -15.2501
-18.4938 -14.9959
-18.5592 -19.4694
-18.372 -6.39178
-17.8464 30.1982
-17.4677 56.5758
-17.9495 23.1736
-18.5453 -18.1559
-18.4667 -12.6221
-18.1257 11.1378
-17.7109 40.024
-17.9471 23.688
-17.8408 31.1388
-18.2003 6.23515
-18.5048 -14.8512
-18.4724 -12.5341
-18.6959 -27.9953
-18.7489 -31.6059
-18.6837 -27.0075
-18.2555 2.8148
-17.9556 23.7207
-17.8754 29.3615
-18.2012 6.79697
-18.7141 -28.7744
-18.2496 3.57344
-17.8518 31.2787
-17.8657 30.3809
-17.7683 37.2169
-17.4027 62.6877
-16.616 117.42
-16.4707 127.584
-16.9427 94.8595
-16.947 94.6295
-17.5196 54.9133
-18.0415 18.7268
-18.1091 14.0988
-17.8949 29.0468
-17.6259 47.8102
-17.4784 58.1274
-17.3592 66.4759
-16.988 92.3365
-16.5035 126.071
-16.1642 149.71
-16.2053 146.927
-16.5551 122.695
-17.198 78.0971
-18.1325 13.2361
-19.6645 -93.1389
-19.8103 -103.197
-19.6129 -89.4142
-19.3842 -73.453
-19.3792 -73.0348
-19.4148 -75.4373
-19.1921 -59.897
-18.5014 -11.8402
-18.5952 -18.2899
-18.8959 -39.1109
-19.1818 -58.9013
-19.6805 -93.4826
-19.4226 -75.4945
-19.6965 -94.4563
-19.7905 -100.919
-19.8698 -106.358
-20.0975 -122.111
-20.1065 -122.666
-19.5161 -81.5777
-19.0256 -47.428
-18.5836 -16.6451
-18.7578 -28.6797
-18.7649 -29.1024
-18.9815 -44.0822
-19.17 -57.1114
-19.0779 -50.6451
-18.8681 -35.9952
-18.8609 -35.4256
-18.799 -31.0546
-19.0017 -45.0739
-19.3651 -70.2474
-19.5535 -83.2703
-19.782 -99.0748
-19.5533 -83.1198
-19.3379 -68.0838
-19.0802 -50.1095
-18.5658 -14.3014
-18.6699 -21.4651
-19.1807 -56.8848
-19.3536 -68.8276
-19.5337 -81.267
-19.041 -46.9693
-19.1602 -55.1779
-18.7245 -24.8389
-19.1844 -56.7198
-19.2624 -62.0728
-19.5638 -82.9432
-19.9145 -107.241
-19.904 -106.44
-19.8796 -104.678
-19.6129 -86.076
-19.059 -47.5245
-19.1278 -52.2317
-18.905 -36.6837
-18.7922 -28.7789
-18.6484 -18.7207
-18.4432 -4.38903
-18.8062 -29.54
-18.4291 -3.27144
-18.4113 -1.96892
-18.5061 -8.48296
-18.3309 3.75878
-17.975 28.557
-18.2093 12.3483
-18.4477 -4.14495
-18.5408 -10.5484
-18.0162 25.9731
-17.9046 33.7942
-17.5191 60.6501
-17.7559 44.2623
-17.8492 37.8546
-17.8567 37.4025
-18.2741 8.47239
-18.0586 23.5151
-18.0648 23.148
-18.2312 11.6568
-18.2483 10.543
-18.3434 4.00189
-18.3681 2.35541
-18.4492 -3.20747
-18.1546 17.3268
-18.1637 16.7623
-18.1277 19.3356
-17.9235 33.5921
-17.5687 58.3168
-18.1065 21.0184
-18.0766 23.1626
-18.449 -2.64091
-18.3217 6.27428
-17.9103 34.9287
-17.7356 47.1377
-17.8505 39.2178
-18.1991 15.0665
-18.3034 7.89297
-18.3215 6.70259
-18.1607 17.9494
-17.5838 58.0956
-17.035 96.2986
-17.2982 78.0836
-17.5394 61.3947
-17.3596 73.9561
-17.6364 54.7938
-17.666 52.8013
-18.0399 26.8919
-17.9194 35.337
-17.3759 73.1686
-17.4328 69.2867
-17.9135 35.9539
-17.7154 49.7881
-17.4235 70.1378
-17.0974 92.8684
-16.9091 106.02
-17.0765 94.456
-17.4011 71.9749
-18.0158 29.3365
-17.9075 36.9291
-17.5221 63.7714
-17.2305 84.1033
-17.1066 92.7841
-17.4951 65.8622
-17.5131 64.6814
-17.5514 62.088
-17.5928 59.2813
-17.4991 65.8575
-18.0108 30.3765
-18.3659 5.77583
-17.98 32.6544
-17.4549 69.2091
-17.5014 66.047
-17.2238 85.4065
-17.2419 84.2123
-17.2054 86.8228
-16.9709 103.183
-17.2366 84.7952
-17.4152 72.4557
-17.7335 50.4086
-17.8388 43.1575
-17.8767 40.5963
-17.7598 48.7872
-17.2662 83.1551
-17.0845 95.8443
-17.4246 72.2839
-17.9472 36.0446
-18.1117 24.6873
-17.9282 37.5046
-17.7794 47.9126
-17.6589 56.354
-17.2716 83.3343
-17.1604 91.1284
-17.0885 96.1932
-17.1368 92.9089
-16.9065 108.978
-17.0071 102.055
-17.3133 80.852
-17.3164 80.7048
-16.9937 103.195
-16.9181 108.516
-17.23 86.9153
-17.662 56.9736
-17.9519 36.9015
-18.2837 13.9197
-18.0905 27.4119
-17.194 89.7668
-16.6437 128.068
-16.6935 124.68
-16.8319 115.134
-17.3676 77.9862
-17.922 39.5324
-17.4668 71.2293
-17.2975 83.0644
-17.1786 91.3919
-17.453 72.3988
-17.4853 70.2247
-18.0284 32.5609
-18.5491 -3.54926
-18.699 -13.8965
-17.9376 39.078
-17.2901 84.1295
-17.4279 74.629
-17.0367 101.877
-17.3798 78.1054
-17.6016 62.7656
-17.6394 60.2072
-17.6196 61.6565
-17.9026 42.0613
-17.8842 43.4124
-17.6818 57.5455
-17.1058 97.6341
-16.8079 118.399
-17.1227 96.5971
-17.1181 96.9859
-17.4907 71.1671
-17.9666 38.1724
-17.7255 54.9951
-17.1063 98.0859
-16.7492 122.965
-16.4583 143.244
-16.5481 137.074
-16.8228 118.058
-16.7511 123.113
-16.8182 118.52
-16.9466 109.667
-17.1728 94.017
-17.4298 76.2304
-17.5642 66.964
-17.6976 57.7665
-17.5607 67.3484
-17.1988 92.5616
-17.3454 82.444
-17.5776 66.3781
-17.9137 43.1004
-17.8207 49.6286
-17.2757 87.5667
-16.874 115.541
-16.8373 118.162
-17.0881 100.805
-17.3664 81.5391
-17.5895 66.1124
-17.685 59.5463
-17.6375 62.911
-17.8963 45.0048
-17.7796 53.1768
-17.434 77.2614
-17.1111 99.7682
-17.4567 75.8218
-17.7496 55.5411
-17.8074 51.5954
-17.4329 77.6835
-17.3132 86.0702
-17.3106 86.3234
-17.9962 38.7525
-18.1339 29.2574
-17.9218 44.0658
-17.5053 73.0717
-17.561 69.2725
-18.0859 32.8689
-18.2295 22.9594
-18.6156 -3.79675
-18.5653 -0.23156
-18.3904 11.9888
-17.9377 43.5158
-18.1755 27.0611
-18.136 29.8748
-17.996 39.6736
-17.9073 45.9068
-18.0005 39.5005
-18.2587 21.6316
-18.2097 25.1053
-17.8601 49.4628
-17.8272 51.8177
-18.1346 30.5306
-18.3859 13.1365
-17.7529 57.1862
-16.971 111.587
-16.9334 114.267
-17.3922 82.4602
-17.8769 48.853
-18.438 9.93814
-19.0967 -35.7614
-18.997 -28.7647
-18.7014 -8.15531
-18.4173 11.6547
-17.9029 47.4637
-17.9764 42.4217
-17.5333 73.2762
-17.5499 72.1926
-17.8815 49.2229
-18.2728 22.107
-18.8657 -19.0167
-19.0088 -28.8886
-19.2655 -46.6567
-19.237 -44.6046
-18.9772 -26.4866
-18.7529 -10.8342
-18.4198 12.3842
-18.101 34.6
-17.4386 80.6905
-17.1672 99.622
-17.2091 96.7781
-17.4501 80.1032
-17.6368 67.1986
-17.746 59.6834
-17.6572 65.9208
-17.4474 80.5675
-17.7488 59.6951
-17.6483 66.7458
-17.7639 58.7892
-17.8367 53.7952
-17.6655 65.7648
-17.7114 62.6429
-17.2176 97.0204
-17.2997 91.3873
-17.3924 85.0173
-17.0124 111.484
-17.0073 111.912
-17.0174 111.276
-16.7275 131.488
-16.8851 120.611
-17.4527 81.2421
-17.2191 97.5392
-17.0413 109.967
-17.4045 84.8003
-17.928 48.4961
-18.1956 29.972
-18.4994 8.93799
-18.6038 1.75377
-17.9107 49.9728
-17.6287 69.6401
-17.4223 84.0462
-17.5503 75.2217
-17.7336 62.5571
-17.5545 75.0725
-16.9255 118.844
-16.8288 125.629
-17.0375 111.2
-16.6722 136.652
-17.1764 101.689
-17.1894 100.854
-17.1497 103.686
-17.2707 95.3469
-17.7785 60.1374
-17.9799 46.2115
-17.737 63.1587
-17.6295 70.6922
-17.3653 89.1227
-17.0067 114.104
-17.3636 89.3757
-17.1617 103.477
-17.2517 97.2908
-17.7657 61.6486
-17.2635 96.61
-17.1305 105.921
-17.1824 102.381
-17.1264 106.343
-17.1503 104.756
-17.3832 88.6444
-17.1066 107.931
-17.1281 106.503
-16.9377 119.801
-16.979 117.001
-17.5968 74.1468
-17.9194 51.8007
-17.8954 53.5416
-17.6426 71.171
-17.2258 100.199
-16.9644 118.434
-16.853 126.24
-16.7839 131.114
-17.0282 114.208
-17.5199 80.1179
-17.9335 51.4498
-17.6302 72.5908
-17.555 77.8884
-17.6422 71.8939
-17.8835 55.1988
-18.0561 43.2752
-18.0736 42.1298
-18.2826 27.6824
-18.2704 28.5946
-18.005 47.1086
-18.1879 34.4673
-18.4475 16.498
-18.2185 32.4828
-18.1749 35.5768
-18.2889 27.7284
-18.0905 41.5863
-17.9604 50.6951
-18.0268 46.1477
-17.9763 49.7242
-18.1912 34.8643
-18.0961 41.5397
-18.3903 21.1726
-18.831 -9.37623
-18.9456 -17.2705
-18.6596 2.66538
-18.8077 -7.55128
-19.1146 -28.8067
-18.8469 -10.1378
-18.8531 -10.4991
-18.3282 26.0406
-17.5158 82.5551
-17.3269 95.7494
-16.7184 138.098
-16.7748 134.244
-17.5075 83.4108
-17.5124 83.136
-16.9634 121.35
-17.0176 117.654
-17.6983 70.4285
-18.424 20.0826
-18.6905 1.63602
-18.6836 2.18028
-18.3316 26.7093
-18.3006 28.9323
-18.2689 31.2037
-18.2285 34.0803
-17.8154 62.8506
-17.3816 93.0611
-17.0462 116.436
-17.2294 103.777
-17.8888 58.0256
-17.5277 83.1896
-17.295 99.4233
-17.8388 61.7099
-18.3573 25.7587
-18.4049 22.5185
-17.9105 56.9379
-17.8381 62.0403
-17.7326 69.4357
-17.4733 87.5195
-17.7059 71.4312
-18.1467 40.8773
-18.6586 5.37815
-18.5733 11.3754
-17.9863 52.2248
-18.2061 37.0235
-18.6534 6.01992
-19.1856 -30.8903
-19.2196 -33.1803
-18.6192 8.59832
-18.348 27.5128
-17.9684 53.9593
-17.7226 71.108
-17.8969 59.0667
-18.1817 39.3488
-18.3769 25.8558
-18.4592 20.2021
-19.0443 -20.3798
-19.7144 -66.8652
-19.585 -57.8062
-18.6698 5.85161
-18.0104 51.7329
-17.7818 67.6869
-17.8262 64.6735
-18.2619 34.467
-18.446 21.7478
-18.7979 -2.63021
-18.4787 19.6162
-18.2197 37.6816
-18.2495 35.6789
-18.4045 24.9764
-18.1209 44.7525
-18.0689 48.4341
-18.0803 47.7118
-18.0009 53.2989
-17.9297 58.3158
-18.0106 52.7638
-17.9385 57.8427
-18.0777 48.2419
-18.3356 30.391
-18.1541 43.0716
-18.1526 43.2421
-18.1579 42.9464
-18.2004 40.061
-18.2191 38.8329
-18.5818 13.6996
-18.8384 -4.06013
-18.4995 19.5604
-18.5073 19.0879
-18.5208 18.2193
-18.5355 17.263
-18.0302 52.4451
-17.6925 75.9779
-18.0972 47.9232
-18.4734 21.859
-18.8274 -2.6675
-18.6601 9.02762
-18.4212 25.6927
-18.6962 6.65758
-18.3467 31.0073
-18.6928 7.02834
-18.7051 6.24297
-18.6838 7.79303
-18.7856 0.791858
-18.806 -0.557614
-18.5485 17.4078
-18.3052 34.3782
-18.446 24.6654
-18.8398 -2.62952
-18.9688 -11.5177
-18.809 -0.345816
-18.7888 1.1265
-19.1571 -24.3971
-19.4687 -45.9761
-19.479 -46.6187
-19.3081 -34.6804
-18.9469 -9.51009
-18.669 9.86764
-18.6124 13.8647
-18.3384 32.9757
-18.5959 15.1557
-18.4727 23.7848
-18.4607 24.6858
-18.184 43.9825
-18.1251 48.1405
-18.0752 51.6795
-18.1654 45.4839
-18.4 29.2492
-18.6655 10.8712
-18.8407 -1.2299
-18.3974 29.6392
-17.9204 62.8537
-17.7916 71.8659
-17.9172 63.2095
-18.1864 44.5782
-17.8449 68.3712
-17.7657 73.9482
-17.9215 63.1938
-18.2198 42.5351
-18.5992 16.2426
-19.1118 -19.2982
-19.3877 -38.4016
-19.2365 -27.8291
-18.968 -9.09869
-18.6245 14.8355
-18.2449 41.2743
-17.893 65.7949
-18.3313 35.414
-19.0674 -15.6601
-19.7416 -62.4331
-19.8735 -71.5303
-19.0669 -15.4206
-18.233 42.5922
-17.9237 64.1511
-18.2711 40.0831
-18.5347 21.837
-18.1704 47.216
-18.1545 48.394
-18.196 45.579
-18.7773 5.25786
-19.4195 -39.2933
-19.5896 -51.038
-19.45 -41.2728
-18.9574 -6.97253
-18.4412 28.96
-18.2307 43.6526
-17.8589 69.5552
-18.2114 45.1353
-18.4903 25.8253
-18.7024 11.1561
-18.6436 15.3164
-18.662 14.1037
-18.6516 14.897
-18.9954 -8.92231
-19.1108 -16.8708
-19.012 -9.93757
-18.7937 5.29964
-18.2606 42.4119
-18.6164 17.7622
-18.7897 5.78648
-18.5103 25.272
-18.4208 31.5592
-18.1587 49.8351
-18.5563 22.2846
-19.0252 -10.2276
-19.1986 -22.2042
-18.5807 20.7928
-18.2572 43.3388
-18.1252 52.5838
-17.9083 67.7227
-18.0286 59.4336
-18.3563 36.7328
-18.7521 9.30388
-18.775 7.77981
-18.5459 23.7663
-18.2712 42.9214
-18.5513 23.5345
-19.0111 -8.34603
-19.0935 -14.0022
-18.5613 23.0449
-18.4153 33.2587
-18.234 45.9237
-18.163 50.927
-18.147 52.1118
-18.0678 57.6791
-17.7105 82.5759
-17.6818 84.6367
-17.8564 72.5782
-18.1551 51.8953
-18.2789 43.3606
-18.1332 53.5543
-18.3967 35.3158
-18.8628 3.00083
-18.7427 11.4133
-18.4886 29.1362
-18.8398 4.80712
-18.7645 10.1116
-18.4821 29.8023
-18.0535 59.6491
-18.1991 49.6017
-18.4099 35.0278
-18.2817 43.9995
-18.1649 52.1843
-18.5112 28.1922
-18.7073 14.6402
-19.2209 -20.9724
-18.9998 -5.5452
-18.1679 52.3224
-17.9526 67.3524
-17.4288 103.813
-17.2285 117.805
-17.095 127.149
-17.4579 102.005
-17.9764 66.0483
-18.4691 31.8813
-18.4586 32.6806
-18.1755 52.4195
-17.9046 71.3114
-18.0965 58.0513
-18.0419 61.9131
-18.0034 64.6566
-18.3123 43.2633
-18.5784 24.8463
-18.3324 42.0074
-18.1051 57.8681
-18.3827 38.6535
-18.9292 0.749884
-18.5919 24.2536
-18.3389 41.9048
-18.2535 47.9072
-18.0373 62.9977
-17.9695 67.7779
-18.006 65.3094
-18.3784 39.5025
-18.292 45.5761
-18.6364 21.7177
-18.5381 28.6168
-18.4847 32.3946
-18.6346 22.0539
-18.6919 18.143
-18.4471 35.2222
-18.32 44.121
-18.7283 15.8203
-19.1617 -14.2198
-19.0881 -9.03925
-18.7554 14.1429
-18.7761 12.7758
-18.4845 33.1043
-18.4563 35.1343
-18.4646 34.6275
-18.592 25.8435
-18.7171 17.2252
-18.335 43.8441
-18.0409 64.3414
-18.1702 55.4323
-18.8957 5.0949
-18.9257 3.07976
-18.5514 29.1533
-18.6083 25.2703
-19.3001 -22.7259
-19.4648 -34.0977
-19.1487 -12.0704
-18.6248 24.4033
-18.1916 54.5674
-18.0995 61.0364
-18.2426 51.165
-18.3315 45.0588
-18.4604 36.1674
-18.5275 31.579
-18.1814 55.6932
-18.2278 52.5402
-18.47 35.7785
-18.6486 23.4448
-19.0679 -5.62173
-18.7718 15.023
-18.5472 30.6978
-18.8503 9.70505
-18.5818 28.4334
-18.4842 35.2844
-17.9486 72.5638
-18.0675 64.3714
-18.0906 62.8359
-18.0977 62.4115
-18.1693 57.5103
-18.1234 60.7662
-18.2927 49.0719
-18.8685 9.1378
-19.2187 -15.1278
-19.0775 -5.24558
-18.7902 14.7865
-18.691 21.7449
-18.7969 14.4598
-18.7181 20.0045
-18.6049 27.9384
-18.4596 38.1056
-18.5318 33.1525
-18.5297 33.3675
-19.1856 -12.1302
-19.4699 -31.8175
-19.1398 -8.8126
-18.3771 44.2514
-17.9598 73.3137
-17.8682 79.7501
-17.8977 77.7667
-18.2911 50.5041
-18.6995 22.1977
-18.8871 9.2324
-19.0576 -2.53975
-18.6898 23.0837
-18.1937 57.6155
-17.9228 76.5101
-18.2988 50.4522
-18.9041 8.46639
-19.2332 -14.3299
-19.1785 -10.4594
-19.0021 1.87161
-18.9575 5.03933
-18.5699 32.0364
-18.2933 51.327
-17.7865 86.6022
-17.8746 80.552
-18.5427 34.2046
-18.8307 14.2646
-18.7638 18.9835
-18.6199 29.049
-18.3072 50.8438
-18.1412 62.4473
-18.4409 41.6949
-18.3353 49.1007
-18.1296 63.4627
-18.2615 54.3677
-18.0465 69.3775
-18.3204 50.4167
-18.2111 58.0776
-18.059 68.7121
-17.9436 76.7987
-18.0046 72.6349
-17.5402 104.966
-17.6186 99.5903
-18.1163 65.0843
-18.7294 22.5559
-19.2671 -14.7399
-19.3759 -22.2276
-19.2378 -12.5641
-18.6671 27.1605
-18.4554 41.9349
-18.9105 10.3871
-19.0391 1.52312
-19.3327 -18.8079
-19.4046 -23.7321
-19.3745 -21.5738
-18.9596 7.32428
-18.8714 13.5181
-18.6746 27.2662
-18.1682 62.5158
-18.2811 54.74
-18.7324 23.4585
-18.904 11.6011
-19.2264 -10.7247
-19.3635 -20.1811
-19.1384 -4.47706
-18.8756 13.8552
-18.7048 25.7926
-18.2574 56.9458
-18.3136 53.1122
-18.6064 32.8365
-18.54 37.5188
-19.3876 -21.3051
-19.4668 -26.7341
-19.0034 5.53294
-18.3567 50.5288
-17.9462 79.123
-17.7217 94.7883
-17.7986 89.5183
-18.2084 61.1168
-18.6635 29.5616
-19.0384 3.58213
-19.0398 3.55859
-18.9659 8.76019
-18.8585 16.2933
-19.0101 5.82777
-19.1756 -5.60325
-18.8894 14.3556
-18.9017 13.5661
-19.6128 -35.7646
-19.5046 -28.1794
-19.3907 -20.1987
-19.0008 6.96255
-18.8358 18.4936
-18.7995 21.0898
-18.5925 35.5387
-18.4257 47.1966
-18.0189 75.5336
-18.2299 60.9394
-18.2471 59.8149
-17.9197 82.6327
-18.2939 56.7047
-18.0857 71.2334
-18.2973 56.6018
-18.3133 55.5642
-18.5242 40.9805
-18.583 36.9624
-18.5737 37.6783
-18.5903 36.5946
-18.8649 17.585
-19.0552 4.43299
-18.9388 12.5913
-18.7518 25.6538
-19.0201 7.08276
-19.1034 1.35922
-18.9133 14.6388
-18.6945 29.9119
-18.6034 36.3107
-18.6068 36.1452
-18.9126 14.9683
-19.1283 0.0459675
-18.6972 30.0739
-18.5565 39.918
-18.4845 44.9869
-18.588 37.8642
-18.4299 48.9175
-18.0632 74.4672
-18.1505 68.4691
-18.68 31.7493
-19.4181 -19.4624
-19.9857 -58.8313
-20.3108 -81.345
-20.1097 -67.3063
-19.6906 -38.1139
-19.4812 -23.4969
-19.4021 -17.9351
-19.1343 0.743379
-18.7752 25.7611
-18.6676 33.3084
-18.4813 46.3215
-18.3647 54.4926
-18.6455 35.0525
-18.9955 10.8074
-19.2503 -6.82704
-19.1992 -3.20713
-19.2093 -3.84227
-18.9395 14.9705
-18.6634 34.2261
-18.3468 56.2884
-18.4912 46.3314
-18.8512 21.3863
-19.0562 7.21178
-19.1844 -1.6236
-18.8675 20.4647
-18.864 20.7768
-18.4739 47.9499
-18.4185 51.868
-18.688 33.213
-18.3857 54.2805
-18.3456 57.1427
-18.5207 45.0454
-18.7513 29.0897
-19.3604 -13.1602
-19.5272 -24.6757
-19.1768 -0.262962
-18.758 28.9014
-18.5578 42.8817
-18.4425 50.9623
-18.7494 29.7083
-19.084 6.52917
-18.8592 22.2218
-18.3518 57.5446
-17.9908 82.6907
-18.0649 77.6157
-18.2987 61.4375
-18.7312 31.4571
-18.8921 20.3533
-19.2259 -2.77463
-19.4023 -14.9587
-19.2308 -2.97303
-19.148 2.8483
-19.0051 12.8473
-18.8586 23.0938
-18.891 20.9165
-19.0199 12.0238
-18.8323 25.1311
-18.9531 16.8056
-18.5723 43.3354
-17.959 86.0136
-17.8758 91.8663
-18.0283 81.3407
-18.5172 47.4427
-18.9689 16.1239
-19.0618 9.73954
-18.5668 44.1993
-18.6165 40.822
-19.0017 14.126
-19.1696 2.52948
-18.4072 55.5705
-18.0208 82.4837
-17.7594 100.719
-17.5887 112.647
-17.9141 90.1083
-18.3859 57.3991
-18.1997 70.4004
-17.6417 109.241
-17.2788 134.527
-17.1746 141.831
-17.1562 143.183
-17.4321 124.082
-17.1672 142.56
-17.6719 107.563
-17.5629 115.201
-16.8742 163.121
-17.0528 150.785
-17.4519 123.125
-17.8068 98.5342
-16.9506 158.092
-16.7451 172.44
-17.5789 114.578
-18.7269 34.888
-19.3334 -7.18596
-19.286 -3.81997
-18.9303 20.9613
-18.9889 16.9578
-18.7265 35.2585
-17.9836 86.9445
-17.9296 90.7666
-18.4202 56.75
-18.8056 30.0459
-19.3382 -6.88926
-19.841 -41.7556
-19.7012 -31.9773
-19.876 -44.0495
-19.4822 -16.6161
-19.5942 -24.3285
-19.2689 -1.65912
-18.7858 31.9726
-18.6218 43.4396
-19.1427 7.31694
-19.0133 16.3763
-18.6397 42.4025
-17.939 91.158
-17.8477 97.5662
-18.0115 86.2555
-18.5867 46.3646
-19.1162 9.64629
-19.3047 -3.38049
-19.3552 -6.82372
-19.5414 -19.6916
-19.6129 -24.5874
-19.0535 14.3488
-18.9075 24.5589
-19.2242 2.62756
-19.1275 9.41607
-18.9769 19.9453
-19.4615 -13.6528
-19.5499 -19.7276
-19.6163 -24.2685
-19.1303 9.56512
-18.7665 34.9138
-18.7044 39.2988
-18.7803 34.0945
-19.0197 17.5292
-18.9331 23.6165
-18.7094 39.2258
-18.3161 66.6236
-18.4255 59.095
-18.272 69.8254
-18.4749 55.7986
-18.7977 33.4417
-18.7837 34.4797
-19.2246 3.91761
-19.2888 -0.473306
-19.1452 9.5721
-19.4668 -12.701
-19.5895 -21.1546
-19.588 -20.9823
-19.1286 11.0039
-19.1072 12.564
-19.3064 -1.20754
-18.991 20.7745
-18.7427 38.0979
-18.4012 61.8918
-18.153 79.2057
-18.5102 54.4554
-18.8677 29.6863
-19.0861 14.5856
-19.0636 16.216
-18.5895 49.2262
-18.3978 62.6168
-18.0133 89.3953
-17.9517 93.747
-18.4157 61.5796
-19.0083 20.4724
-19.5415 -16.5011
-20.3439 -72.1822
-20.7871 -102.906
-20.6298 -91.9062
-20.5531 -86.5104
-20.0245 -49.7139
-19.3747 -4.4976
-18.8989 28.6293
-18.5063 55.9819
-19.0087 21.1407
-19.2746 2.73434
-19.7483 -30.1082
-20.0861 -53.5071
-20.3974 -75.0683
-20.0819 -53.0726
-19.5647 -17.0731
-19.3048 1.05693
-18.6618 45.803
-18.2666 73.3297
-18.3719 66.0825
-19.2436 5.58943
-19.6037 -19.3622
-20.2771 -66.0826
-20.4666 -79.1761
-20.6737 -93.5005
-20.3217 -68.9724
-19.7414 -28.5868
-19.1361 13.5444
-18.9217 28.5077
-18.6406 48.1061
-18.6231 49.3905
-18.5029 57.8104
-18.822 35.7122
-19.1853 10.5425
-19.5626 -15.6047
-19.6752 -23.3609
-19.7276 -26.9296
-19.4527 -7.75938
-19.3019 2.78682
-18.9385 28.1015
-18.5183 57.3668
-18.0157 92.3563
-17.7918 107.988
-18.0563 89.6745
-18.6399 49.1984
-19.2715 5.38195
-19.3256 1.69185
-19.693 -23.7642
-19.5252 -12.035
-18.9967 24.7555
-18.3687 68.4576
-18.2812 74.6092
-18.3002 73.3538
-18.6545 48.8083
-18.7708 40.795
-18.756 41.8955
-18.6513 49.237
-18.6314 50.69
-19.058 21.1181
-19.0965 18.5134
-18.9468 28.985
-19.0424 22.4151
-19.0757 20.167
-18.8895 33.1753
-18.827 37.5866
-19.0928 19.1888
-19.5933 -15.5148
-19.9212 -38.2276
-20.0036 -43.886
-20.0074 -44.0809
-19.899 -36.4745
-19.5157 -9.77768
-19.3753 0.0490098
-19.4562 -5.50488
-19.5696 -13.3151
-19.4834 -7.2555
-20.0977 -49.8676
-20.33 -65.9323
-20.3406 -66.6047
-20.4967 -77.3773
-20.6818 -90.168
-20.9598 -109.416
-21.0071 -112.636
-20.4871 -76.4341
-19.8798 -34.1666
-19.5084 -8.29889
-18.796 41.2678
-18.4682 64.1129
-18.1402 86.9712
-18.1399 87.0618
-18.3697 71.1649
-18.7239 46.6302
-19.3981 -0.143577
-20.1046 -49.16
-20.5066 -77.0228
-20.5456 -79.6618
-20.2237 -57.2271
-19.8483 -31.0773
-19.8368 -30.2066
-19.8488 -30.9758
-19.7607 -24.783
-20.1556 -52.1504
-20.1958 -54.876
-20.2844 -60.9608
-20.0451 -44.2642
-19.9323 -36.3553
-19.4541 -3.06238
-19.5427 -9.15001
-20.2136 -55.6925
-20.7785 -94.8756
-21.0863 -116.19
-20.5146 -76.3958
-20.0328 -42.8533
-19.4867 -4.8456
-19.4785 -4.2013
-19.5282 -7.58839
-19.3082 7.7661
-19.4855 -4.48218
-19.2409 12.5795
-19.0348 26.9745
-18.6756 52.001
-18.6988 50.4554
-18.8556 39.6314
-18.9584 32.5548
-18.9799 31.1348
-18.9723 31.73
-19.2693 11.1677
-18.7282 48.8292
-18.5461 61.5513
-18.6506 54.3574
-18.6234 56.3209
-18.3955 72.2239
-18.5287 63.035
-18.3824 73.2747
-18.1512 89.4051
-18.2109 85.3285
-18.3476 75.9007
-18.2896 80.0006
-18.2904 80.0135
-18.3879 73.306
-18.4085 71.944
-18.137 90.8809
-18.3915 73.2634
-18.1981 86.7715
-18.0753 95.3737
-18.1672 89.0559
-18.2764 81.5379
-18.7986 45.331
-18.5135 65.2033
-18.2006 87.0187
-17.931 105.818
-17.6622 124.565
-17.7621 117.694
-18.2363 84.8108
-18.5883 60.4225
-18.4306 71.4515
-18.8889 39.6816
-18.9484 35.6149
-18.7764 47.6322
-18.6773 54.5884
-18.5878 60.8792
-18.4519 70.392
-18.5141 66.1397
-18.4439 71.0815
-18.6544 56.5277
-18.2911 81.8382
-18.0801 96.5711
-17.8523 112.465
-17.7395 120.373
-17.7905 116.899
-18.103 95.2563
-17.4967 137.452
-16.8338 183.58
-17.2884 152.064
-17.9043 109.341
-18.3597 77.7658
-19.1103 25.688
-19.5551 -5.15006
-19.2379 16.9616
-19.5444 -4.26307
-19.9255 -30.6777
-20.0012 -35.868
-19.6137 -8.87585
-19.7796 -20.3284
-19.7164 -15.8665
-20.0321 -37.7359
-19.8594 -25.6651
-19.8229 -23.0591
-20.1753 -47.4758
-20.6917 -83.2856
-20.3242 -57.6831
-19.737 -16.8167
-19.3272 11.7255
-18.9099 40.7922
-18.8511 44.9432
-19.1042 27.4281
-19.5402 -2.79601
-19.7185 -15.1119
-19.7466 -16.9958
-19.6348 -9.16068
-20.0868 -40.495
-19.9337 -29.7874
-20.1226 -42.8402
-20.4743 -67.2086
-20.6898 -82.1126
-20.5228 -70.4345
-20.3993 -61.7885
-20.4941 -68.303
-20.4723 -66.7226
-20.7636 -86.8871
-20.3848 -60.5002
-20.3348 -56.9576
-20.2505 -51.0325
-20.046 -36.7557
-20.3156 -55.4163
-20.5331 -70.4575
-20.5619 -72.3923
-20.5885 -74.1663
-20.0753 -38.4422
-19.7967 -19.0159
-19.878 -24.5929
-20.1312 -42.1171
-20.5462 -70.8804
-20.2603 -50.9475
-20.2687 -51.4657
-20.038 -35.3637
-20.2044 -46.8553
-20.3114 -54.2218
-19.9652 -30.1006
-20.2087 -46.9484
-20.1684 -44.0775
-20.3241 -54.8259
-20.3351 -55.5173
-20.3282 -54.9744
-20.4247 -61.6079
-20.6006 -73.761
-19.9166 -26.1656
-19.7164 -12.1892
-19.4072 9.36597
-19.7783 -16.3453
-19.7683 -15.5861
-19.8051 -18.0683
-19.7197 -12.0654
-19.8239 -19.2406
-19.8931 -23.9742
-19.9554 -28.2343
-19.7876 -16.5102
-19.783 -16.1225
-20.032 -33.3501
-19.6415 -6.15118
-19.5663 -0.854311
-19.6934 -9.61687
-19.6046 -3.37592
-19.1329 29.4672
-19.1135 30.8801
-19.8114 -17.5346
-20.1532 -41.2149
-20.1307 -39.5801
-20.3772 -56.6376
-20.8406 -88.7643
-21.1831 -112.492
-21.2849 -119.499
-21.3243 -122.163
-20.8998 -92.6047
-20.1129 -37.8624
-20.2166 -44.9958
-20.547 -67.8825
-20.2029 -43.9033
-20.7076 -78.897
-20.5685 -69.1686
-20.5968 -71.0637
-20.8056 -85.5014
-20.9946 -98.5644
-20.8926 -91.4077
-20.3952 -56.7815
-20.1301 -38.2925
-19.9572 -26.21
-19.983 -27.9301
-20.1223 -37.5393
-20.3545 -53.6053
-20.7995 -84.455
-21.055 -102.137
-21.1294 -107.237
-20.9115 -92.0245
-20.9837 -96.9739
-20.6074 -70.7577
-20.0127 -29.3699
-19.95 -24.9442
-20.2049 -42.5856
-20.5403 -65.8149
-20.687 -75.9426
-21.2982 -118.338
-21.2213 -112.923
-20.9639 -94.9705
-20.819 -84.8346
-20.2938 -48.2758
-20.3548 -52.4461
-20.4173 -56.7192
-20.7074 -76.7986
-20.2818 -47.1633
-20.5625 -66.5956
-20.6249 -70.864
-20.5552 -65.951
-20.6103 -69.7083
-20.4477 -58.3423
-20.644 -71.9081
-20.3984 -54.7742
-20.3134 -48.8033
-20.1803 -39.4862
-20.2224 -42.3436
-20.7444 -78.5362
-21.3443 -120.15
-21.0967 -102.875
-20.8269 -84.0641
-20.7371 -77.7507
-20.7393 -77.8364
-20.9671 -93.5943
-20.618 -69.2704
-19.9332 -21.6202
-19.4627 11.1373
-19.6616 -2.61387
-20.1478 -36.3238
-20.1909 -39.2453
-20.2924 -46.2311
-20.4463 -56.858
-19.9072 -19.3324
-19.6177 0.855223
-19.7068 -5.26649
-20.1227 -34.0901
-20.5946 -66.8112
-20.6816 -72.7838
-20.2846 -45.1336
-20.6275 -68.8892
-20.6621 -71.221
-20.5618 -64.1856
-20.8873 -86.7314
-20.8679 -85.3116
-21.1064 -101.815
-20.7829 -79.2713
-21.0435 -97.3085
-21.4596 -126.147
-21.7393 -145.512
-21.5644 -133.29
-20.7828 -78.9173
-20.0783 -29.8956
-19.5733 5.25684
-19.8681 -15.1522
-19.7242 -5.08845
-19.5851 4.6456
-19.8244 -11.9101
-20.2448 -41.0478
-20.3672 -49.4797
-20.3903 -51.0218
-20.3936 -51.1778
-20.7296 -74.453
-20.7832 -78.1062
-21.3038 -114.209
-21.3742 -119.033
-21.0512 -96.5207
-21.1525 -103.492
-20.7217 -73.4875
-20.5911 -64.3418
-20.6597 -69.0403
-20.789 -77.956
-21.2974 -113.209
-20.9918 -91.9095
-20.8361 -81.0198
-20.6096 -65.2149
-20.8674 -83.0583
-20.951 -88.7963
-21.3366 -115.518
-21.6169 -134.922
-20.7448 -74.2625
-20.0359 -24.934
-19.9435 -18.4448
-20.2724 -41.2313
-20.8831 -83.5916
-21.0507 -95.1622
-20.8695 -82.5064
-20.7923 -77.0747
-20.9694 -89.3066
-20.2391 -38.4978
-20.8407 -80.2281
-20.7512 -73.9421
-20.623 -64.9625
-20.8999 -84.1336
-20.7839 -76.0032
-20.8008 -77.1084
-19.9116 -15.2605
-19.9415 -17.2661
-20.3813 -47.75
-20.6255 -64.6502
-20.9145 -84.6623
-21.114 -98.4548
-20.9633 -87.9146
-20.8124 -77.3601
-20.6694 -67.3532
-20.5935 -62.0094
-20.8112 -77.0693
-20.5578 -59.3881
-20.2374 -37.0597
-20.6895 -68.399
-21.0067 -90.3688
-21.1479 -100.11
-21.1272 -98.6069
-20.535 -57.3895
-20.5034 -55.1261
-20.6793 -67.2795
-20.1797 -32.4968
-20.1335 -29.216
-20.3077 -41.2509
-20.3587 -44.7221
-20.5777 -59.8687
-20.5995 -61.3132
-20.6393 -64.01
-20.8263 -76.9364
-20.8936 -81.5375
-20.8268 -76.8291
-20.7008 -68.0082
-21.1649 -100.18
-21.1311 -97.7671
-20.7533 -71.4476
-20.3431 -42.8729
-20.1776 -31.3045
-20.3229 -41.335
-20.261 -36.9599
-19.9232 -13.425
-20.0192 -20.0211
-19.8134 -5.65545
-19.5723 11.1687
-19.8096 -5.24917
-19.5367 13.7757
-19.5496 12.952
-19.5828 10.712
-19.7925 -3.78449
-20.0556 -21.9966
-20.5515 -56.38
-21.0249 -89.203
-20.6814 -65.2689
-20.1322 -27.0414
-19.9069 -11.3182
-20.0089 -18.3352
-20.3703 -43.3729
-20.3656 -42.9782
-20.2863 -37.4002
-20.2817 -37.0138
-19.9563 -14.331
-19.9339 -12.707
-19.9379 -12.9185
-19.7338 1.33114
-19.8364 -5.7231
-19.8048 -3.45721
-19.7444 0.806702
-19.7077 3.42694
-19.9045 -10.1811
-20.13 -25.7755
-19.8603 -6.96629
-19.8553 -6.55344
-19.9636 -14.0083
-19.6249 9.59505
-19.8308 -4.64048
-19.6658 6.89009
-20.0849 -22.1556
-20.1774 -28.5153
-20.1904 -29.3479
-20.3429 -39.8764
-20.3837 -42.6372
-20.1308 -24.9983
-20.1021 -22.9376
-20.264 -34.1138
-20.3036 -36.7986
-19.8228 -3.32425
-19.7061 4.85841
-20.2675 -34.0783
-20.3153 -37.3298
-20.8196 -72.3002
-20.8667 -75.5048
-20.548 -53.2917
-20.2863 -35.0393
-20.084 -20.9144
-19.8993 -8.00958
-20.1538 -25.626
-19.8707 -5.8869
-19.5111 19.1676
-19.5754 14.7745
-19.9738 -12.8427
-19.5166 18.9949
-19.4171 25.9812
-19.3336 31.8509
-19.196 41.481
-19.2031 41.0523
-18.9562 58.2784
-19.5571 16.5956
-19.9298 -9.22892
-20.2988 -34.7981
-20.0103 -14.6816
-19.8829 -5.75653
-19.8694 -4.75147
-19.6804 8.45201
-19.5749 15.8515
-20.266 -32.0968
-20.0929 -20.0048
-19.9946 -13.105
-19.9601 -10.6388
-19.5331 19.1018
-19.7883 1.4372
-20.1177 -21.379
-20.1075 -20.6014
-19.8849 -5.06397
-19.7655 3.29915
-20.0275 -14.837
-19.9135 -6.8427
-19.8558 -2.76672
-20.2671 -31.2709
-20.0284 -14.6166
-20.0593 -16.6955
-20.0503 -16.0045
-19.8645 -3.02243
-20.0314 -14.5466
-20.1749 -24.4501
-19.9862 -11.2672
-19.7152 7.63034
-19.3761 31.2577
-19.6407 12.9449
-19.5793 17.276
-19.8305 -0.105647
-19.8652 -2.44573
-20.0568 -15.6857
-20.2294 -27.609
-20.0292 -13.6303
-19.7232 7.70055
-19.8145 1.42359
-19.7182 8.18728
-20.0667 -15.9621
-19.6871 10.4835
-19.8409 -0.131834
-19.8818 -2.90168
-19.2437 41.5015
-19.1714 46.5929
-19.6641 12.4306
-19.1411 48.8389
-18.9551 61.8267
-18.5346 91.1174
-19.2114 44.1584
-19.8753 -1.90004
-19.5873 18.1798
-19.3982 31.3882
-19.7322 8.25193
-19.7393 7.8314
-19.5727 19.4767
-19.8338 1.40264
-19.9038 -3.39236
-20.1255 -18.7263
-20.346 -33.9762
-19.8825 -1.70554
-19.4728 26.8343
-19.3988 32.0422
-18.8011 73.6416
-18.6077 87.1463
-19.0417 57.0615
-19.4285 30.2546
-19.3846 33.3794
-19.8429 1.60393
-19.9694 -7.11225
-20.0164 -10.3099
-19.4278 30.6561
-19.1489 50.1027
-19.3467 36.4304
-19.6581 14.8608
-20.2568 -26.6642
-19.7452 8.9478
-20.0409 -11.527
-19.6302 17.0801
-19.311 39.3242
-18.9221 66.4154
-19.1029 53.9242
-19.1077 53.6552
-19.1109 53.5054
-19.2353 44.93
-20.011 -8.89526
-20.0326 -10.323
-19.8636 1.48728
-20.0373 -10.5132
-19.7156 11.9065
-19.6378 17.3828
-19.6915 13.7229
-19.9146 -1.7114
-19.9163 -1.76113
-19.6496 16.8437
-19.9706 -5.39429
-20.4763 -40.4542
-20.3689 -32.9241
-19.7887 7.45639
-19.864 2.29072
-20.2169 -22.1579
-20.4476 -38.1181
-20.622 -50.1651
-20.9598 -73.5633
-20.4169 -35.7748
-20.1145 -14.6918
-20.1749 -18.8239
-20.0126 -7.47291
-19.8328 5.08647
-19.5103 27.5636
-19.9638 -3.87475
-20.5779 -46.4758
-20.5877 -47.0877
-20.8349 -64.1924
-20.8935 -68.1911
-20.5679 -45.5026
-20.3955 -33.455
-20.4161 -34.8181
-20.2719 -24.7255
-20.2236 -21.3056
-20.0378 -8.32201
-20.0798 -11.1722
-20.2948 -26.0421
-20.042 -8.4067
-20.1354 -14.8293
-19.8918 2.17118
-20.1953 -18.8483
-19.9904 -4.54236
-19.7371 13.1234
-19.7751 10.556
-19.5314 27.5578
-19.3175 42.4855
-19.0475 61.3175
-18.8497 75.1247
-18.5706 94.5902
-18.8263 76.8947
-19.0869 58.8552
-19.6717 18.2965
-20.4159 -33.341
-20.1567 -15.2631
-19.8868 3.56034
-19.7984 9.76529
-20.0874 -10.2427
-19.9821 -2.8575
-19.8371 7.28692
-20.4825 -37.4808
-20.4947 -38.259
-20.6619 -49.8111
-20.4563 -35.4534
-20.3323 -26.7696
-20.2378 -20.1331
-20.0066 -3.9991
-19.8952 3.81089
-20.0821 -9.10993
-20.0432 -6.33905
-20.1137 -11.1683
-20.1644 -14.6185
-19.9138 2.8627
-19.688 18.619
-19.8037 10.6517
-19.6373 22.2843
-19.6418 22.0377
-19.7764 12.7539
-19.6915 18.723
-19.6247 23.4339
-19.4497 35.6649
-19.5106 31.5043
-19.5817 26.6281
-19.283 47.4509
-18.7777 82.6289
-18.7982 81.2799
-18.1668 125.214
-19.008 66.8364
-19.186 54.5438
-19.0802 61.964
-18.9401 71.7638
-19.2955 47.1422
-19.4962 33.2688
-19.8496 8.78437
-19.7018 19.1195
-19.5489 29.8107
-19.8024 12.2694
-19.3179 46.0046
-19.4485 36.9986
-19.2096 53.6673
-19.1136 60.4035
-18.9324 73.0615
-18.7979 82.4815
-18.1663 126.434
-17.7872 152.842
-17.8244 150.328
-18.2652 119.765
-18.4861 104.491
-19.2562 51.052
-19.2629 50.6577
-18.7565 85.9124
-19.07 64.196
-18.8597 78.878
-18.7034 89.8115
-18.7559 86.2294
-18.9666 71.6574
-18.9205 74.9358
-19.0913 63.1371
-19.6037 27.6019
-19.4332 39.5225
-19.0184 68.4104
-19.0204 68.3416
-18.9735 71.6657
-18.8878 77.6948
-19.0791 64.4691
-19.2096 55.4734
-19.3636 44.8392
-19.5576 31.4304
-20.0398 -2.00215
-19.9963 1.0933
-20.3512 -23.498
-20.8963 -61.2997
-20.8876 -60.6268
-20.8071 -54.965
-21.0117 -69.1103
-20.9857 -67.2318
-20.8097 -54.9388
-20.7363 -49.7655
-20.7837 -52.9921
-20.8772 -59.4179
-21.1284 -76.7999
-21.016 -68.9264
-20.6424 -42.896
-20.483 -31.7489
-20.6976 -46.5938
-21.2562 -85.3374
-21.0251 -69.2067
-20.2586 -15.8834
-20.4909 -31.9512
-20.1982 -11.5484
-19.9692 4.43128
-19.9179 8.06607
-20.1779 -9.92964
-20.1712 -9.39046
-20.0278 0.637994
-19.4611 40.0799
-19.3951 44.7376
-19.7283 21.6555
-19.674 25.4981
-19.9142 8.88017
-20.1667 -8.59463
-20.2448 -13.9482
-20.6107 -39.3055
-20.7744 -50.6117
-20.5858 -37.437
-20.5284 -33.3789
-19.9486 6.97488
-19.9572 6.44826
-20.1507 -6.92372
-20.3611 -21.4765
-20.2562 -14.1162
-20.0082 3.17965
-20.2523 -13.7075
-20.8916 -58.0536
-21.082 -71.2132
-20.5943 -37.2595
-20.3639 -21.1808
-20.4091 -24.2577
-20.7849 -50.2967
-21.1048 -72.4512
-21.0292 -67.1274
-21.0319 -67.2482
-20.5179 -31.4655
-20.4813 -28.853
-20.2674 -13.9238
-20.4758 -28.3366
-20.866 -55.3774
-20.5069 -30.3523
-20.7108 -44.4501
-20.5996 -36.655
-20.949 -60.8653
-20.9748 -62.5834
-20.8238 -52.0283
-20.871 -55.2324
-20.7147 -44.3085
-20.5409 -32.1587
-20.7651 -47.6671
-20.8708 -54.9406
-21.0571 -67.817
-20.6793 -41.4999
-21.0143 -64.7029
-21.3258 -86.2824
-21.5254 -100.078
-21.3699 -89.2057
-20.8382 -52.1916
-20.2245 -9.48663
-19.6148 32.9446
-19.4481 44.5957
-19.5391 38.3488
-19.7309 25.0863
-19.7967 20.587
-19.4949 41.6245
-19.4643 43.8204
-19.5354 38.9479
-19.661 30.2911
-19.8896 14.4765
-19.9072 13.3275
-20.0285 4.96889
-19.7168 26.6923
-19.8905 14.693
-19.8368 18.4977
-20.1481 -3.06513
-20.4182 -21.7596
-20.3696 -18.3131
-20.4031 -20.5696
-20.2556 -10.2572
-19.907 14.0328
-19.9415 11.7058
-19.8612 17.3563
-19.9622 10.4047
-19.7352 26.2477
-19.3644 52.0799
-18.9609 80.1861
-18.4501 115.744
-18.1973 133.378
-18.3681 121.579
-18.8553 87.7997
-19.2861 57.9416
-19.7175 28.0315
-19.7328 27.0378
-19.8404 19.6365
-19.4338 47.9574
-19.4669 45.7275
-19.1935 64.7916
-19.0275 76.392
-18.6777 100.768
-18.7419 96.3755
-18.7055 98.976
-18.7803 93.8444
-19.1318 69.4922
-19.3711 52.9392
-19.2429 61.91
-19.4112 50.2921
-19.296 58.3626
-19.851 19.8701
-19.3784 52.7788
-19.4568 47.3985
-19.32 56.9708
-19.3005 58.3963
-18.8313 91.0674
-18.6453 104.06
-18.9684 81.6809
-19.2785 60.2025
-19.8414 21.1606
-19.3733 53.7548
-18.9424 83.7626
-18.8429 90.7473
-19.2314 63.8261
-19.2563 62.1625
-19.1111 72.3239
-19.4759 47.0431
-19.0041 79.8953
-19.2933 59.8697
-19.46 48.3583
-19.5769 40.3052
-19.4673 47.9883
-19.5371 43.2104
-19.6158 37.8083
-19.2974 60.0039
-19.1678 69.078
-19.2132 65.9917
-19.6879 33.0762
-19.9494 14.9826
-19.799 25.4983
-19.7212 30.9727
-19.6209 38.015
-19.3698 55.5285
-19.3224 58.8909
-19.3253 58.76
-19.3086 59.99
-19.2112 66.8268
-18.8608 91.2364
-18.486 117.353
-18.8699 90.7495
-19.9165 18.1014
-20.4768 -20.7638
-20.8688 -47.9279
-21.4118 -85.5813
-21.6697 -103.435
-21.5606 -95.783
-21.2172 -71.8553
-21.014 -57.6666
-21.0921 -63.0261
-21.0294 -58.5987
-20.5047 -22.0738
-20.5739 -26.8097
-20.4805 -20.2536
-20.7659 -40.0135
-20.837 -44.8841
-20.7154 -36.3648
-20.6826 -34.0152
-20.7224 -36.7157
-21.164 -67.3257
-21.5936 -97.1023
-21.0788 -61.2696
-20.6815 -33.5904
-20.7766 -40.1305
-20.8814 -47.3426
-20.5262 -22.5976
-20.5429 -23.6873
-20.4535 -17.4018
-20.3221 -8.20382
-19.8616 23.8557
-19.1447 73.7382
-19.0332 81.5522
-19.1075 76.4626
-19.4497 52.7577
-19.7905 29.1445
-20.1999 0.767762
-20.36 -10.2816
-20.4397 -15.7484
-19.9502 18.3317
-19.2116 69.7186
-18.5315 117.034
-18.8027 98.2665
-18.8302 96.4215
-19.5867 43.9314
-19.8834 23.3858
-20.302 -5.62507
-20.3605 -9.61998
-20.7436 -36.1731
-20.8894 -46.2295
-20.7792 -38.5044
-21.0116 -54.5794
-21.0074 -54.2222
-21.048 -56.9708
-21.0147 -54.587
-20.8832 -45.3827
-20.8049 -39.8707
-20.5048 -18.9564
-20.6293 -27.5346
-20.3901 -10.8452
-20.3642 -8.97421
-20.3178 -5.68192
-20.8188 -40.4194
-20.3985 -11.1521
-20.6336 -27.4184
-20.9918 -52.235
-21.5485 -90.8438
-22.2834 -141.833
-21.8617 -112.463
-22.1005 -128.991
-22.2856 -141.779
-21.6301 -96.166
-21.4965 -86.8152
-21.8611 -112.078
-21.593 -93.3817
-21.4428 -82.8776
-20.8932 -44.618
-20.7905 -37.4133
-20.8009 -38.0644
-20.8 -37.9348
-20.7097 -31.5922
-20.3884 -9.20014
-20.3484 -6.3486
-20.5527 -20.472
-20.807 -38.0746
-20.8173 -38.7234
-20.5879 -22.7125
-20.4763 -14.8888
-20.6105 -24.141
-20.6386 -26.0252
-20.8218 -38.6843
-21.2692 -69.7035
-21.2307 -66.9573
-20.6039 -23.3397
-20.3192 -3.48554
-20.166 7.22647
-19.9141 24.7992
-19.8469 29.5351
-19.5929 47.2532
-19.7293 37.8442
-19.3032 67.5194
-19.1302 79.6057
-19.2852 68.9058
-19.3356 65.4747
-19.4366 58.5281
-19.4842 55.2931
-20.071 14.5908
-20.6608 -26.3183
-20.8418 -38.8225
-20.4605 -12.2605
-19.7355 38.1797
-19.2873 69.3883
-19.2707 70.6088
-19.4153 60.6329
-19.4436 58.7378
-19.5045 54.5752
-19.2106 75.0625
-18.8159 102.555
-18.7546 106.889
-18.7131 109.837
-19.0433 86.9701
-19.1931 76.6313
-19.2445 73.1252
-19.2033 76.0553
-19.1466 80.0679
-19.7921 35.2904
-20.4965 -13.5858
-20.7356 -30.1263
-20.6951 -27.2424
-20.7012 -27.598
-20.8661 -38.9815
-20.2123 6.51215
-20.3079 -0.0619483
-20.352 -3.057
-20.1951 7.9135
-20.2078 7.10118
-19.9458 25.3761
-19.7335 40.1909
-19.7009 42.5301
-19.666 45.0199
-19.4871 57.5221
-19.3507 67.0707
-19.4866 57.6938
-19.7485 39.567
-20.3198 -0.05613
-20.9496 -43.7422
-20.9244 -41.927
-20.4361 -7.93022
-19.9173 28.1898
-19.8031 36.1884
-20.1279 13.6916
-20.4562 -9.04535
-20.4072 -5.57526
-20.2216 7.39176
-20.1339 13.5572
-19.9775 24.4897
-19.6529 47.1105
-19.4459 61.5679
-19.2583 74.6696
-19.1359 83.2443
-19.3606 67.6995
-19.3466 68.7418
-19.674 46.0618
-19.2284 77.0959
-18.5266 125.925
-17.9668 164.886
-17.977 164.248
-18.1762 150.476
-18.2758 143.629
-17.8101 176.051
-18.2631 144.649
-18.7331 112.063
-19.1944 80.0821
-19.584 53.082
-19.3273 70.9884
-19.0034 93.5612
-18.9173 99.6139
-18.6242 120.045
-18.6191 120.471
-18.7407 112.087
-19.0928 87.6956
-19.6462 49.3154
-20.0657 20.2406
-19.4179 65.3184
-18.6321 119.985
-18.8889 102.208
-19.6656 48.3161
-19.5929 53.4389
-19.845 35.9882
-20.0458 22.1087
-20.077 20.0115
-20.1315 16.2938
-20.0333 23.187
-19.9061 32.0918
-19.6943 46.8784
-19.8059 39.195
-20.1568 14.8827
-20.1292 16.8679
-20.2806 6.42313
-19.9529 29.2576
-20.074 20.912
-19.8629 35.6507
-19.5801 55.3678
-19.3487 71.5121
-20.0028 26.1389
-19.9904 27.0675
-19.909 32.7935
-19.6837 48.5176
-19.6044 54.0978
-19.8865 34.5639
-20.6105 -15.6645
-19.9825 28.0332
-19.7949 41.1367
-19.7466 44.5658
-19.9926 27.5431
-20.1212 18.6735
-20.1702 15.3423
-19.9542 30.4163
-20.0547 23.5071
-19.7636 43.8011
-19.7692 43.4834
-19.9877 28.3667
-19.6913 49.0281
-19.7774 43.1174
-20.0108 26.9736
-20.426 -1.80599
-20.6234 -15.4519
-20.747 -23.9731
-20.5193 -8.0822
-20.5887 -12.8331
-20.7348 -22.9122
-20.1862 15.2685
-19.8518 38.5718
-19.6265 54.2958
-19.8994 35.4063
-20.1769 16.1953
-20.2677 9.95572
-20.4868 -5.19848
-20.1942 15.2
-20.4568 -2.97397
-20.3391 5.27683
-20.0696 24.0672
-19.5703 58.828
-19.4434 67.7118
-19.6282 54.9436
-19.6627 52.6143
-19.2769 79.4925
-19.5798 58.5168
-20.1032 22.2177
-19.7875 44.225
-20.0363 27.0065
-20.0823 23.8784
-20.1082 22.1482
-20.0612 25.4829
-19.929 34.7381
-19.7983 43.8868
-19.6033 57.5098
-19.4813 66.0524
-19.6057 57.4795
-19.4192 70.5066
-19.2394 83.0679
-19.2784 80.4323
-19.1136 91.9477
-19.0202 98.5059
-19.0893 93.774
-19.1867 87.081
-19.2782 80.79
-19.499 65.5171
-19.721 50.1625
-19.7674 47.0089
-20.0637 26.4934
-20.2465 13.8609
-20.4511 -0.287288
-20.6661 -15.1555
-20.7834 -23.2367
-20.8357 -26.7973
-20.8376 -26.8608
-20.5167 -4.49776
-20.424 2.01707
-20.1509 21.0563
-20.3518 7.16737
-20.6337 -12.3492
-20.7437 -19.9217
-20.8505 -27.2693
-20.6294 -11.8367
-20.3333 8.80295
-20.171 20.1485
-20.2287 16.2115
-20.8307 -25.5467
-21.1705 -49.0878
-21.0801 -42.7382
-20.7382 -18.9122
-20.8655 -27.6875
-20.8212 -24.538
-20.9059 -30.3562
-20.52 -3.47236
-20.4542 1.16427
-20.7943 -22.3911
-20.4892 -1.12823
-20.3437 9.05637
-20.2216 17.6064
-20.3298 10.1563
-20.365 7.78146
-20.607 -8.96419
-20.4056 5.10296
-20.8548 -26.0386
-20.7328 -17.4925
-20.374 7.5057
-20.2274 17.7563
-20.9727 -33.9546
-20.8751 -27.1007
-20.552 -4.58579
-20.7235 -16.4307
-20.8679 -26.3974
-20.356 9.24263
-20.1386 24.417
-19.3691 77.9456
-18.7081 123.942
-18.2135 158.377
-18.3073 151.926
-18.4901 139.299
-19.0187 102.642
-19.6198 60.9457
-20.1905 21.3664
-20.3701 8.95402
-20.5222 -1.54182
-20.8848 -26.6657
-20.8863 -26.6981
-21.1108 -42.227
-20.946 -30.7079
-20.5062 -0.0859473
-20.4615 3.09506
-20.7276 -15.3266
-20.6238 -8.04254
-20.5266 -1.2223
-19.9243 40.6956
-20.1374 25.9558
-20.2009 21.6173
-20.4369 5.28417
-20.275 16.6074
-20.1122 27.9867
-20.1813 23.2554
-20.17 24.1093
-20.5041 0.965914
-20.2803 16.5832
-20.3724 10.2568
-20.4877 2.3139
-20.7214 -13.8514
-21.1709 -45.0175
-20.81 -19.8691
-21.1291 -41.9701
-21.5106 -68.4066
-21.4015 -60.7591
-21.6485 -77.8543
-21.6831 -80.1861
-21.363 -57.874
-20.8194 -20.0351
-20.7051 -12.0288
-20.8258 -20.3446
-20.4816 3.63813
-20.1621 25.9099
-19.3046 85.555
-19.3872 79.8849
-18.9414 110.932
-18.9905 107.586
-19.1267 98.1971
-19.5671 67.6686
-19.9611 40.3613
-20.072 32.7254
-19.837 49.1197
-19.4765 74.2383
-19.5277 70.7537
-19.8538 48.1656
-20.0699 33.2203
-19.4737 74.7099
-19.2118 92.9794
-19.6755 60.8297
-19.2509 90.402
-19.1931 94.4818
-19.8869 46.3503
-20.1505 28.1063
-19.8073 52.0199
-19.3279 85.3977
-19.1952 94.6872
-19.5798 68.0361
-19.6518 63.0985
-19.5115 72.9178
-19.8582 48.896
-19.7531 56.2712
-19.9539 42.3888
-20.0211 37.7901
-20.1764 27.0696
-20.3321 16.3189
-19.9459 43.2226
-19.9963 39.7885
-20.1436 29.6254
-20.4256 10.1025
-20.3718 13.9115
-19.9404 43.9524
-19.9018 46.7036
-19.8811 48.2113
-19.6393 65.0775
-19.8361 51.4775
-19.9909 40.7938
-20.0697 35.3827
-20.0776 34.9052
-20.2338 24.1217
-20.2881 20.4204
-20.2686 21.842
-20.3621 15.4199
-21.0997 -35.7619
-21.0976 -35.5452
-20.6651 -5.42504
-20.5083 5.53604
-20.8945 -21.2228
-21.0968 -35.2143
-21.2973 -49.0696
-21.2787 -47.7087
-21.1849 -41.1277
-20.9219 -22.7847
-20.7937 -13.803
-20.4499 10.1495
-20.9418 -23.9578
-20.4075 13.2372
-20.1937 28.1618
-20.2067 27.3244
-19.7291 60.5797
-19.5321 74.3377
-19.21 96.7827
-19.2604 93.3519
-19.4742 78.5689
-19.646 66.7007
-19.3445 87.7173
-19.343 87.8943
-19.2505 94.3871
-19.2842 92.1136
-20.0437 39.4134
-20.361 17.4407
-21.0383 -29.5509
-21.0107 -27.559
-20.3608 17.6619
-19.3716 86.4601
-18.4016 153.923
-17.9554 184.992
-17.7474 199.516
-18.238 165.499
-19.1267 103.822
-19.8569 53.1569
-20.2628 25.0275
-19.907 49.8134
-19.7446 61.1687
-19.4841 79.3413
-19.4616 80.9738
-19.5159 77.2674
-19.8484 54.2338
-19.8898 51.4254
-20.1057 36.4962
-19.3407 89.719
-19.2048 99.2266
-19.0565 109.602
-19.3581 88.7207
-19.7424 62.0833
-19.9529 47.5333
-20.1916 31.0165
-20.3182 22.2901
-20.0764 39.1551
-20.1127 36.7085
-20.2172 29.518
-19.9339 49.2675
-19.7584 61.5319
-19.9591 47.6579
-20.0546 41.0894
-20.3063 23.6686
-20.5573 6.30249
-20.8973 -17.2506
-20.747 -6.73606
-20.6478 0.219801
-20.5313 8.38745
-20.5581 6.59698
-20.0362 42.9271
-19.8029 59.2023
-19.6948 66.7827
-19.5184 79.1103
-20.0611 41.4722
-20.7803 -8.42882
-20.7947 -9.357
-20.7855 -8.65271
-20.8605 -13.7897
-21.6021 -65.2511
-21.92 -87.2685
-21.7633 -76.3112
-21.1992 -37.0446
-20.8492 -12.6573
-20.8876 -15.2554
-21.2159 -37.9953
-21.1141 -30.8546
-20.8985 -15.809
-21.3377 -46.2504
-20.8868 -14.8572
-20.5895 5.87382
-20.3462 22.8421
-20.5017 12.1116
-20.8424 -11.4884
-21.0522 -25.9972
-20.9778 -20.7623
-21.1083 -29.7583
-21.152 -32.7222
-20.9932 -21.6204
-20.8183 -9.40086
-20.7187 -2.40889
-20.6902 -0.361267
-20.7577 -4.98098
-21.0242 -23.4288
-21.0595 -25.8146
-21.0012 -21.688
-20.9929 -21.0454
-21.3666 -46.939
-21.242 -38.2139
-21.0306 -23.4549
-20.7062 -0.848526
-21.2203 -36.5001
-21.3247 -43.684
-21.6651 -67.2631
-21.39 -48.0765
-20.9776 -19.3572
-20.7447 -3.1052
-20.6816 1.34759
-20.6756 1.83195
-20.0448 45.7312
-20.0765 43.5979
-20.3639 23.6966
-20.5479 10.9823
-20.3349 25.854
-19.8235 61.4521
-19.9383 53.5446
-19.9822 50.5666
-19.9932 49.871
-20.3125 27.7603
-20.5565 10.8703
-20.9142 -13.9097
-21.324 -42.315
-21.0518 -23.33
-20.5035 14.8332
-20.5241 13.4749
-20.6268 6.40733
-20.5783 9.84181
-20.6389 5.70365
-20.2381 33.6229
-19.9898 50.9417
-19.4891 85.7971
-19.1976 106.119
-19.087 113.874
-18.6697 142.936
-18.7578 136.887
-18.9952 120.464
-19.56 81.2919
-19.362 95.1151
-19.236 103.938
-19.4213 91.1365
-19.3776 94.2448
-19.5136 84.8593
-19.7506 68.4626
-20.0579 47.1849
-20.2888 31.2072
-20.6358 7.17
-21.3465 -42.1368
-21.2485 -35.2613
-20.997 -17.718
-21.3802 -44.2708
-20.9852 -16.7617
-20.63 7.98983
-20.3399 28.2158
-20.1901 38.6895
-20.4704 19.2908
-21.1036 -24.6402
-21.6173 -60.2585
-21.5776 -57.4301
-21.4936 -51.5257
-21.3808 -43.616
-21.6055 -59.1614
-21.177 -29.3181
-21.1867 -29.9276
-20.9805 -15.5272
-20.5121 17.0834
-20.6539 7.29909
-20.7036 3.91925
-20.7855 -1.70486
-20.7038 4.04131
-20.667 6.6669
-20.0132 52.1623
-19.5102 87.1848
-19.2502 105.317
-19.4394 92.2427
-20.0715 48.3933
-20.8994 -9.06112
-21.5728 -55.7757
-21.8226 -73.0626
-21.4432 -46.6341
-21.3827 -42.3581
-21.3135 -37.4871
-20.6972 5.40657
-20.883 -7.43505
-21.3206 -37.7713
-21.6004 -57.142
-21.2986 -36.1023
-20.9377 -10.956
-20.818 -2.56907
-21.442 -45.8559
-22.0331 -86.853
-21.5243 -51.4386
-20.8779 -6.45464
-20.7777 0.573436
-21.1879 -27.8553
-21.1278 -23.6088
-21.2143 -29.5519
-20.9014 -7.7369
-20.873 -5.69808
-21.4279 -44.1794
-21.2558 -32.1563
-20.8427 -3.38404
-20.7771 1.24442
-21.1777 -26.5222
-21.6981 -62.6093
-21.4851 -47.7374
-21.4211 -43.2249
-21.1273 -22.7394
-20.5524 17.2758
-20.5816 15.3134
-20.872 -4.79288
-21.0654 -18.1586
-20.9618 -10.8911
-20.7743 2.20268
-20.9628 -10.8283
-21.3783 -39.6219
-21.3162 -35.2419
-21.1875 -26.2281
-21.1 -20.0817
-21.0726 -18.1035
-21.2849 -32.7897
-21.6104 -55.3301
-21.6103 -55.2544
-21.4199 -41.9603
-21.456 -44.3949
-21.5846 -53.2632
-21.5393 -50.048
-21.2273 -28.3021
-20.9891 -11.6807
-20.8554 -2.32307
-21.1381 -21.8918
-21.3051 -33.4266
-21.551 -50.4387
-21.6971 -60.5266
-21.2498 -29.3745
-21.0432 -14.9545
-20.9923 -11.3491
-21.2154 -26.7806
-21.2304 -27.7479
-21.4678 -44.1722
-21.7926 -66.6752
-21.2682 -30.1669
-21.1815 -24.0775
-21.5687 -50.9066
-22.1648 -92.2517
-22.379 -107.067
-21.554 -49.6758
-20.8394 0.0401059
-20.3452 34.4453
-20.2532 40.9061
-20.5 23.8313
-20.6649 12.4411
-20.8811 -2.50736
-21.5734 -50.5368
-21.9583 -77.2096
-21.6952 -58.8641
-21.2847 -30.269
-21.5742 -50.3157
-21.8059 -66.3462
-21.7674 -63.6011
-21.5754 -50.1951
-21.7391 -61.4964
-21.6844 -57.6275
-21.4017 -37.9166
-21.2364 -26.3581
-21.2779 -29.1728
-21.2547 -27.4902
-21.2416 -26.5111
-21.1828 -22.3606
-21.0669 -14.2366
-20.8558 0.500908
-20.5852 19.3689
-20.268 41.4773
-20.5918 19.0502
-20.6688 13.7676
-20.9883 -8.35734
-20.9903 -8.42887
-21.2573 -26.9074
-21.3701 -34.6737
-20.9491 -5.35734
-20.742 9.10246
-20.6575 15.0448
-20.7724 7.12586
-21.0992 -15.5106
-20.905 -1.94416
-20.9623 -5.86054
-20.9972 -8.20898
-20.9715 -6.35584
-21.19 -21.4678
-21.1912 -21.4853
-21.1545 -18.8639
-20.6204 18.3114
-20.3557 36.774
-20.3741 35.5655
-20.8069 5.56488
-20.9587 -4.91543
-20.9469 -4.01965
-20.5219 25.5771
-20.6388 17.5221
-20.9902 -6.81968
-21.0111 -8.20408
-20.5808 21.7618
-20.5368 24.89
-20.7121 12.7757
-20.9848 -6.10122
-20.7831 7.98075
-21.0037 -7.27386
-21.061 -11.185
-21.2739 -25.9064
-21.5212 -43.0196
-20.5854 22.0692
-20.5434 25.0528
-21.1765 -18.8623
-21.483 -40.0896
-21.4424 -37.1957
-21.308 -27.7888
-21.2602 -24.4013
-20.5585 24.4201
-20.5325 26.3011
-20.707 14.2416
-21.2861 -25.9213
-21.2265 -21.7113
-21.3245 -28.4525
-20.9676 -3.58582
-20.7989 8.20488
-20.9489 -2.14691
-21.091 -11.949
-20.4898 29.8889
-20.7849 9.45518
-20.9857 -4.4273
-21.1705 -17.1981
-20.8652 4.08265
-21.1354 -14.6215
-21.1631 -16.4743
-21.344 -28.9743
-20.6708 17.8686
-20.9533 -1.69092
-20.5082 29.3031
-20.4054 36.5188
-20.4351 34.5213
-21.0842 -10.5078
-21.0115 -5.38212
-20.9024 2.26568
-20.6657 18.7829
-20.7581 12.4332
-20.9397 -0.115212
-20.7405 13.7922
-20.8509 6.19376
-20.4473 34.3046
-20.2454 48.3957
-20.4682 32.9872
-20.3143 43.7532
-20.3533 41.1082
-20.1361 56.2726
-20.4134 37.0736
-20.137 56.3488
-20.3723 40.0717
-20.7616 13.0886
-21.4495 -34.6327
-21.4735 -36.2349
-21.5071 -38.5008
-20.9575 -0.245639
-20.8682 6.0339
-20.9951 -2.71673
-21.0001 -2.99111
-21.1139 -10.8297
-20.9701 -0.770028
-21.0927 -9.21783
-21.142 -12.5749
-21.178 -15.0046
-21.5046 -37.6304
-21.4715 -35.2603
-21.6819 -49.8113
-21.2275 -18.1696
-21.1476 -12.5456
-21.1505 -12.68
-21.3306 -25.1253
-21.2207 -17.4167
-20.9376 2.31851
-20.8498 8.48739
-20.9133 4.14613
-21.0498 -5.26893
-21.2477 -18.9467
-21.2262 -17.3807
-21.2374 -18.0926
-21.0269 -3.39658
-21.0669 -6.10424
-21.5011 -36.2073
-21.56 -40.2265
-21.3826 -27.8311
-21.2275 -16.9853
-21.3043 -22.2508
-21.2771 -20.2918
-20.9272 4.08272
-20.4703 35.9028
-20.8664 8.44542
-21.1961 -14.3925
-20.8853 7.27191
-20.8518 9.67009
-21.1461 -10.7065
-21.2626 -18.7292
-20.4891 35.0771
-20.2146 54.2218
-20.5546 30.6654
-20.9318 4.52785
-21.2361 -16.5427
-21.1137 -7.97007
-21.1091 -7.57959
-21.1051 -7.22993
-21.1244 -8.50271
-21.0173 -0.996352
-20.9908 0.914042
-21.3045 -20.8066
-21.1258 -8.32058
-20.9689 2.64701
-21.1177 -7.621
-20.9643 3.10751
-21.2654 -17.7419
-21.3663 -24.6863
-21.9119 -62.523
-21.7049 -48.0729
-21.6751 -45.9304
-21.8803 -60.1199
-21.7502 -51.0085
-21.3991 -26.5475
-21.059 -2.84571
-20.9942 1.72385
-21.1923 -11.9724
-21.3438 -22.4268
-21.9734 -66.1011
-21.7982 -53.8602
-21.6195 -41.372
-21.5014 -33.0993
-21.5569 -36.8854
-21.6268 -41.6729
-21.5018 -32.9221
-21.3605 -23.0346
-21.5025 -32.8299
-21.264 -16.1884
-20.9084 8.59082
-20.5406 34.2149
-19.9994 71.8843
-20.2637 53.5907
-20.512 36.4086
-20.6942 23.8183
-21.1926 -10.7397
-20.9076 9.12867
-20.8335 14.3443
-21.0005 2.81537
-20.7839 17.9321
-21.2029 -11.1096
-21.21 -11.5306
-21.2776 -16.1588
-21.6136 -39.4377
-21.548 -34.81
-21.2619 -14.8613
-21.2075 -11.0116
-21.1848 -9.36731
-21.1871 -9.45479
-21.3473 -20.5194
-21.3867 -23.1832
-20.8174 16.4397
-21.0337 1.48057
-21.0559 0.00528933
-21.2984 -16.7737
-21.8034 -51.7901
-21.568 -35.3679
-21.1779 -8.19398
-20.7233 23.466
-20.3294 50.901
-20.5709 34.1878
-20.7224 23.7325
-20.8999 11.4703
-21.0784 -0.863189
-21.3413 -19.0549
-21.2865 -15.1792
-21.1447 -5.25738
-21.2237 -10.6762
-21.893 -57.1119
-21.9795 -63.0556
-21.6056 -37.0044
-21.402 -22.7903
-20.787 20.0088
-21.1944 -8.22949
-21.2812 -14.1889
-21.3987 -22.2816
-20.9952 5.82458
-21.1078 -1.92807
-21.3399 -17.9897
-20.9755 7.3991
-20.7535 22.8964
-20.9187 11.4845
-21.1575 -5.0347
-21.5416 -31.654
-21.4791 -27.2455
-20.9678 8.3516
-20.8909 13.7662
-21.2849 -13.5421
-20.9418 10.3683
-21.1088 -1.16435
-20.9865 7.4015
-20.8744 15.2604
-21.546 -31.3334
-21.2783 -12.669
-21.4983 -27.8806
-21.7342 -44.2054
-21.7253 -43.5165
-21.2059 -7.36062
-20.8298 18.8404
-20.9614 9.77002
-21.0007 7.11037
-21.1542 -3.49093
-20.707 27.6558
-20.5113 41.3198
-20.8489 17.9294
-21.134 -1.8046
-21.4288 -22.2195
-21.0828 1.88962
-21.2818 -11.8645
-21.5335 -29.286
-21.364 -17.4423
-20.9154 13.7963
-20.8741 16.7372
-20.9663 10.3988
-21.0471 4.85772
-21.5948 -33.1291
-22.0574 -65.2004
-21.4314 -21.6357
-21.3834 -18.2283
-21.2781 -10.8449
-21.1159 0.491274
-21.0961 1.94127
-20.7254 27.7661
-21.0614 4.49135
-21.7123 -40.6644
-21.3218 -13.4673
-21.7746 -44.8566
-21.7678 -44.3147
-21.7555 -43.3863
-21.6606 -36.7252
-21.8209 -47.7933
-21.9705 -58.1166
-21.1282 0.475924
-21.1173 1.30043
-21.2325 -6.63607
-21.246 -7.50369
-20.9033 16.3765
-21.0234 8.1037
-20.9383 14.0852
-21.1833 -2.87219
-21.3056 -11.2946
-21.5559 -28.6165
-21.5486 -28.0414
-21.5745 -29.7695
-21.2879 -9.78806
-21.4829 -23.2672
-21.3309 -12.6394
-21.2401 -6.25903
-21.4339 -19.6584
-21.3161 -11.4024
-21.0011 10.5573
-20.9528 13.9801
-20.7601 27.4376
-21.0407 8.01144
-21.3107 -10.6764
-21.506 -24.1782
-21.7856 -43.5327
-21.6932 -37.0451
-21.5004 -23.5779
-21.2347 -5.04985
-20.7491 28.7556
-20.3149 58.9942
-20.2585 62.9853
-20.4013 53.1287
-20.6185 38.1109
-20.4594 49.2319
-19.8799 89.5632
-20.4119 52.6709
-20.7612 28.473
-20.539 43.9782
-20.4174 52.4996
-20.2566 63.7413
-20.3294 58.7536
-20.5344 44.5798
-20.1773 69.4613
-19.9856 82.8462
-20.09 75.664
-20.758 29.3228
-20.4323 52.0205
-20.4487 50.9518
-21.4088 -15.6895
-21.5864 -27.9574
-21.4916 -21.3043
-21.3629 -12.2895
-21.0193 11.6539
-20.5605 43.5993
-20.3406 58.9457
-20.287 62.7412
-20.1584 71.7407
-20.2553 65.0806
-20.4875 49.0175
-20.8896 21.1527
-20.7944 27.8339
-20.477 49.9551
-20.5845 42.5578
-20.5833 42.712
-21.0504 10.3225
-20.6822 35.9737
-20.6527 38.098
-21.0406 11.2147
-20.9737 15.9321
-20.5295 46.861
-20.4113 55.1485
-20.4323 53.7534
-20.5209 47.6721
-21.0482 11.1026
-21.4804 -18.8572
-21.5202 -21.5507
-21.62 -28.4186
-21.325 -7.85188
-21.3093 -6.69087
-20.9755 16.5705
-21.0727 9.88996
-21.2629 -3.2586
-21.3196 -7.13165
-21.1092 7.55957
-21.1367 5.72017
-21.29 -4.86446
-21.4764 -17.7438
-21.4993 -19.2681
-21.1721 3.53712
-20.9418 19.6089
-20.7182 35.2088
-20.6433 40.4838
-20.5533 46.8083
-21.0575 11.8487
-21.4623 -16.2125
-21.6043 -26.0035
-21.6977 -32.4243
-21.8527 -43.1279
-21.4056 -11.9952
-21.3483 -7.94125
-21.7285 -34.2849
-21.6381 -27.9347
-21.3408 -7.21496
-21.5932 -24.6804
-21.3044 -4.5424
-21.4862 -17.108
-21.3227 -5.67537
-21.613 -25.7794
-21.3792 -9.46119
-21.1109 9.24794
-21.2693 -1.68843
-21.3034 -3.99126
-20.8821 25.355
-20.992 17.7848
-21.3158 -4.64163
-21.5214 -18.8572
-21.7952 -37.809
-21.3893 -9.54226
-21.3043 -3.5652
-21.3259 -4.9956
-21.223 2.22113
-20.9729 19.6718
-21.297 -2.78224
-22.0518 -55.1512
-21.6328 -25.9739
-21.6404 -26.427
-21.115 10.1449
-20.6917 39.6267
-20.5056 52.6239
-20.9856 19.3447
-21.2559 0.63259
-21.1901 5.27539
-21.3793 -7.80476
-21.1445 8.57867
-21.1412 8.88198
-21.2877 -1.22634
-21.2847 -0.948673
-21.7067 -30.2037
-22.0591 -54.614
-21.7579 -33.6237
-22.0352 -52.8186
-21.4819 -14.3042
-22.1553 -61.0261
-22.0024 -50.3314
-22.2599 -68.1549
-22.3558 -74.745
-22.4886 -83.9047
-22.3441 -73.7956
-22.472 -82.6082
-22.5145 -85.4932
-22.498 -84.2768
-22.4971 -84.1446
-22.5817 -89.9569
-22.3132 -71.2327
-22.2277 -65.2218
-22.0645 -53.8089
-22.3495 -73.5441
-22.6074 -91.3906
-22.7676 -102.454
-22.377 -75.2434
-22.4147 -77.799
-22.3723 -74.7808
-22.4936 -83.1378
-22.1916 -62.085
-22.5632 -87.8383
-22.523 -84.974
-22.5841 -89.1468
-22.7668 -101.774
-23.0397 -120.663
-22.6337 -92.3875
-22.537 -85.5957
-22.1564 -59.0834
-22.5046 -83.2062
-22.7153 -97.7787
-22.8731 -108.669
-22.8476 -106.83
-22.3987 -75.5741
-22.5265 -84.3856
-22.9679 -114.982
-23.0534 -120.852
-23.1243 -125.706
-22.8678 -107.82
-23.2305 -132.945
-23.2745 -135.933
-23.4898 -150.826
-23.3778 -142.973
-23.078 -122.076
-22.8992 -109.581
-22.6014 -88.8211
-22.7459 -98.7953
-22.7406 -98.3578
-22.718 -96.7179
-22.5671 -86.1627
-22.3948 -74.1207
-22.9512 -112.709
-22.9064 -109.525
-22.9791 -114.51
-22.7305 -97.166
-22.7385 -97.6505
-22.3031 -67.3291
-21.9471 -42.5295
-22.0381 -48.7845
-22.3158 -68.0039
-22.5547 -84.5365
-23.0619 -119.706
-22.7851 -100.406
-22.6526 -91.1287
-22.5352 -82.9016
-22.9466 -111.414
-22.9242 -109.789
-22.8743 -106.255
-22.8431 -104.016
-22.8687 -105.727
-22.7697 -98.7813
-22.8711 -105.753
-22.9152 -108.749
-22.5031 -80.0439
-22.485 -78.72
-22.7834 -99.3839
-22.93 -109.498
-22.6445 -89.5912
-22.5544 -83.2641
-22.3231 -67.1266
-22.8394 -102.927
-23.3422 -137.794
-23.1788 -126.368
-22.8526 -103.633
-22.4527 -75.7835
-22.4818 -77.7314
-22.4143 -72.9712
-22.3919 -71.3498
-22.4163 -72.9764
-22.5142 -79.708
-22.5968 -85.3726
-22.9404 -109.179
-23.033 -115.547
-23.0037 -113.438
-22.69 -91.5763
-22.5233 -79.9188
-22.6596 -89.3232
-22.6956 -91.7513
-22.3068 -64.6684
-22.1666 -54.858
-22.3154 -65.1318
-22.2318 -59.2525
-22.2258 -58.7644
-22.3609 -68.0798
-22.4147 -71.7501
-22.2851 -62.6786
-22.2362 -59.2079
-22.276 -61.9064
-22.3213 -64.9825
-22.3126 -64.3114
-22.3985 -70.2117
-22.6773 -89.5106
-22.7597 -95.1648
-22.7353 -93.3972
-22.4516 -73.6204
-22.6542 -87.6269
-22.8991 -104.57
-22.7003 -90.6941
-22.8065 -97.9971
-22.8534 -101.189
-22.908 -104.912
-22.7307 -92.5221
-22.4236 -71.1184
-22.392 -68.8546
-22.0917 -47.9211
-22.3316 -64.5175
-22.6255 -84.8664
-22.7591 -94.0811
-22.5422 -78.9439
-22.2191 -56.4232
-22.3548 -65.7828
-22.295 -61.5616
-22.6015 -82.7821
-22.485 -74.6208
-22.5971 -82.3394
-22.7949 -96.0111
-22.9703 -108.128
-22.9275 -105.088
-22.648 -85.5999
-22.501 -75.3151
-23.1231 -118.471
-22.295 -60.8654
-22.2863 -60.1928
-22.1879 -53.2825
-21.9783 -38.6545
-22.5117 -75.6428
-23.2078 -123.936
-23.4544 -141.002
-23.1498 -119.77
-23.2032 -123.405
-22.9642 -106.735
-22.5834 -80.2061
-22.3594 -64.5737
-22.5015 -74.376
-22.7768 -93.4375
-22.5126 -75.0103
-22.1414 -49.1508
-22.3231 -61.702
-22.5694 -78.7483
-22.4497 -70.3639
-22.433 -69.1329
-22.4502 -70.2542
-22.5871 -79.7027
-22.634 -82.8879
-22.561 -77.744
-22.6413 -83.2592
-22.4601 -70.6004
-22.4323 -68.5957
-22.4228 -67.8655
-22.3295 -61.3176
-22.1038 -45.5673
-22.3859 -65.0955
-22.1342 -47.537
-22.299 -58.9174
-22.4351 -68.3049
-22.3305 -60.967
-21.8921 -30.4399
-22.0667 -42.4989
-22.0692 -42.6071
-21.8151 -24.8804
-21.7181 -18.0682
-22.1776 -49.9278
-22.0266 -39.3689
-22.4883 -71.3729
-22.2846 -57.15
-22.4082 -65.6714
-22.3255 -59.8583
-22.7262 -87.6282
-22.1414 -46.9241
-22.13 -46.0677
-21.8713 -28.0213
-22.22 -52.1767
-22.1422 -46.7053
-22.3598 -61.7517
-22.2815 -56.2435
-22.3157 -58.5483
-22.1127 -44.3759
-21.892 -28.9755
-21.8773 -27.8851
-21.6666 -13.1761
-21.4701 0.547013
-21.1515 22.7514
-21.4381 2.91393
-21.2472 16.2422
-21.3835 6.84667
-21.7102 -15.7884
-21.2823 14.0119
-20.7451 51.4056
-21.3121 12.0853
-21.3351 10.5529
-21.7745 -19.908
-22.1492 -45.8681
-21.8731 -26.6162
-21.5316 -2.81817
-21.5296 -2.61148
-21.9395 -31.0217
-22.2461 -52.2541
-22.4267 -64.7334
-22.7986 -90.5051
-22.568 -74.4089
-22.1648 -46.3278
-21.9437 -30.899
-22.3305 -57.7045
-22.6651 -80.8783
-23.055 -107.899
-22.6977 -83.0045
-22.0597 -38.6112
-22.5401 -71.9178
-22.1322 -43.5052
-22.1715 -46.1687
-22.3329 -57.3124
-22.5111 -69.6232
-22.1881 -47.1133
-22.5044 -69.0198
-22.8199 -90.873
-23.0252 -105.064
-22.8105 -90.0798
-22.3589 -58.6346
-22.4386 -64.101
-22.6996 -82.1634
-22.5134 -69.1627
-22.6271 -76.9872
-22.4458 -64.321
-21.9093 -26.9783
-21.6673 -10.0958
-21.7042 -12.5896
-21.6582 -9.32581
-21.634 -7.5754
-21.6584 -9.19673
-21.7681 -16.7533
-22.0682 -37.5291
-22.41 -61.2082
-22.5281 -69.3459
-22.4719 -65.3756
-22.0683 -37.262
-21.7993 -18.504
-21.9293 -27.4659
-22.1532 -42.9535
-22.0938 -38.7526
-22.4256 -61.7382
-22.7036 -80.9842
-22.6258 -75.51
-22.1029 -39.1101
-22.1399 -41.6096
-22.3207 -54.1064
-22.5011 -66.5687
-22.216 -46.69
-21.9637 -29.0933
-21.7439 -13.7499
-21.7526 -14.2882
-21.568 -1.38932
-21.6491 -6.95147
-21.7371 -12.9967
-22.4775 -64.372
-22.409 -59.5456
-22.6887 -78.9049
-22.4601 -62.9575
-22.5912 -71.9966
-22.4835 -64.4428
-22.1287 -39.7187
-21.9789 -29.2416
-22.0621 -34.9577
-22.2615 -48.7394
-22.0368 -33.06
-21.7362 -12.1015
-21.6546 -6.36143
-22.0093 -30.9407
-22.0523 -33.8598
-22.1874 -43.1748
-22.6821 -77.477
-22.8592 -89.7117
-22.1128 -37.7842
-22.1272 -38.7127
-22.0666 -34.4331
-22.7412 -81.232
-22.9315 -94.3902
-22.3388 -53.138
-22.3562 -54.2782
-22.6595 -75.2796
-22.6453 -74.2254
-22.776 -83.2366
-22.6669 -75.5847
-22.1105 -36.8618
-22.3434 -52.9742
-22.3997 -56.8146
-22.3894 -56.0301
-22.7286 -79.5253
-22.4343 -59.0097
-22.2811 -48.2933
-22.3852 -55.455
-22.3714 -54.4277
-22.209 -43.0779
-22.0951 -35.0925
-22.1615 -39.6401
-22.5762 -68.38
-22.2235 -43.8062
-22.6629 -74.2663
-22.0505 -31.6473
-22.2369 -44.5295
-22.3466 -52.0805
-21.8415 -16.9156
-21.9524 -24.5548
-22.3466 -51.8728
-22.4399 -58.2876
-22.5809 -68.0143
-22.7667 -80.8504
-22.8702 -87.9764
-22.5804 -67.7684
-22.0784 -32.821
-21.9013 -20.4469
-21.6458 -2.62702
-22.0779 -32.579
-21.9373 -22.743
-21.4004 14.6341
-21.6625 -3.50763
-21.9814 -25.5987
-22.0656 -31.3766
-22.1879 -39.8049
-22.4607 -58.6909
-22.5147 -62.3723
-22.3976 -54.1678
-22.7689 -79.8915
-22.7041 -75.3241
-22.6621 -72.3317
-23.0194 -97.0877
-22.8801 -87.3391
-23.0969 -102.337
-22.803 -81.8454
-22.786 -80.5931
-22.794 -81.0842
-22.7284 -76.4569
-22.2263 -41.5015
-22.695 -73.9947
-22.7446 -77.3746
-22.7156 -75.2891
-22.7583 -78.1816
-22.5669 -64.8158
-22.7932 -80.4707
-22.5689 -64.8164
-22.1529 -35.8476
-22.4083 -53.5221
-22.7087 -74.3247
-22.7383 -76.3054
-22.5858 -65.6472
-21.7568 -7.97866
-21.5465 6.70414
-21.3261 22.0871
-21.0055 44.43
-21.1664 33.3221
-21.7405 -6.49867
-22.1539 -35.1472
-21.7176 -4.76518
-22.034 -26.6826
-22.487 -58.0871
-21.7704 -8.22372
-21.855 -14.0368
-22.3341 -47.2511
-22.2884 -44.0084
-21.8871 -16.0544
-21.4326 15.5926
-21.3662 20.2719
-21.6659 -0.47709
-21.6698 -0.68149
-21.5078 10.644
-21.5278 9.32674
-21.7663 -7.17862
-21.3115 24.4932
-21.6124 3.65174
-22.0001 -23.2124
-21.6404 1.8484
-21.8689 -13.9566
-22.3439 -46.889
-22.3152 -44.8287
-21.6482 1.58181
-21.2215 31.3016
-21.0611 42.5154
-21.5746 6.90889
-22.2145 -37.4822
-22.0495 -25.9529
-21.8712 -13.4936
-21.6564 1.50163
-21.1197 38.8597
-21.4468 16.2054
-21.8268 -10.129
-21.5753 7.41245
-21.8832 -13.9115
-21.4502 16.2453
-22.1791 -34.3287
-22.3158 -43.7594
-22.6643 -67.9045
-22.6783 -68.8062
-22.2274 -37.4045
-22.0599 -25.6992
-22.1524 -32.055
-22.3553 -46.0876
-22.4973 -55.8811
-22.4231 -50.656
-22.4914 -55.3349
-22.4029 -49.1136
-22.2929 -41.404
-22.6151 -63.721
-22.6821 -68.3052
-22.8055 -76.8081
-22.464 -53.0121
-22.0928 -27.1496
-22.3658 -46.0497
-22.3628 -45.7721
-22.7901 -75.3943
-23.0093 -90.5546
-22.7736 -74.1075
-22.7366 -71.4672
-22.9987 -89.6041
-22.8211 -77.1968
-22.8791 -81.1592
-22.9712 -87.4913
-22.8564 -79.4411
-22.9126 -83.2782
-23.0162 -90.403
-23.2618 -107.401
-23.2117 -103.852
-22.8068 -75.6518
-22.4952 -53.9301
-22.4093 -47.8923
-22.6876 -67.16
-22.9168 -83.0148
-22.9399 -84.5512
-23.2309 -104.699
-22.9432 -84.6411
-22.6071 -61.2153
-22.9959 -88.1641
-23.185 -101.23
-22.8058 -74.8173
-22.9258 -83.0855
-23.0404 -90.9755
-23.183 -100.813
-23.3705 -113.769
-22.9342 -83.3914
-22.9616 -85.2196
-23.5075 -123.08
-23.3773 -113.969
-22.8884 -79.9312
-23.0542 -91.3773
-23.3224 -109.947
-23.6042 -129.454
-23.7812 -141.683
-23.5502 -125.564
-23.887 -148.89
-23.6039 -129.154
-23.3292 -109.999
-23.0641 -91.5114
-23.0795 -92.5132
-23.2071 -101.31
-23.3739 -112.827
-23.3137 -108.572
-23.3252 -109.306
-23.2973 -107.296
-23.1559 -97.4048
-23.1692 -98.2548
-22.5826 -57.4323
-23.1436 -96.3401
-22.7613 -69.7054
-23.0403 -89.0236
-23.1129 -93.9973
-23.3933 -113.411
-23.2022 -100.067
-23.2876 -105.929
-23.1819 -98.5113
-23.1887 -98.9156
-23.2631 -104.02
-23.6713 -132.306
-23.6201 -128.68
-23.5575 -124.265
-23.5539 -123.946
-23.3554 -110.083
-23.3024 -106.33
-23.4015 -113.147
-23.4064 -113.421
-23.5023 -120.008
-23.4146 -113.845
-23.4914 -119.112
-23.5403 -122.441
-23.2601 -102.909
-23.2004 -98.6895
-23.1671 -96.3023
-23.1018 -91.6986
-23.1465 -94.7356
-23.549 -122.632
-23.0616 -88.6946
-23.3006 -105.23
-23.0965 -90.9806
-22.8361 -72.8188
-22.9627 -81.5505
-23.098 -90.8758
-23.3597 -108.989
-23.3111 -105.545
-22.7379 -65.6487
-22.4243 -43.7945
-22.5364 -51.5116
-22.8181 -71.0119
-23.0046 -83.9007
-22.9813 -82.2162
-22.8671 -74.2134
-22.9701 -81.2971
-22.5297 -50.6282
-22.7181 -63.6508
-22.6831 -61.151
-22.7527 -65.9117
-22.5292 -50.3147
-22.6175 -56.3818
-22.6516 -58.6836
-22.8545 -72.7112
-22.8531 -72.5461
-23.53 -119.502
-23.4118 -111.225
-23.0082 -83.1097
-23.348 -106.65
-23.3885 -109.395
-23.622 -125.548
-23.0558 -86.1428
-22.2613 -30.8683
-21.8273 -0.649391
-21.9008 -5.68075
-22.1468 -22.7063
-22.0551 -16.2669
-21.6076 14.8933
-22.0681 -17.0302
-22.8008 -67.8694
-23.1784 -94.0342
-22.9841 -80.4619
-23.0337 -83.8387
-23.2443 -98.4029
-23.1376 -90.9212
-23.1913 -94.5812
-23.251 -98.6631
-22.329 -34.5296
-22.1097 -19.2268
-22.4561 -43.2232
-22.4016 -39.3637
-22.837 -69.5485
-22.9987 -80.7153
-23.1725 -92.7195
-22.8368 -69.3245
-22.1062 -18.4932
-22.1104 -18.7161
-22.3267 -33.6757
-22.4519 -42.3035
-22.6068 -52.9967
-23.2258 -95.9398
-23.198 -93.9372
-23.1481 -90.397
-22.2868 -30.484
-21.919 -4.86554
-22.4279 -40.1526
-23.0418 -82.7366
-22.9804 -78.3989
-22.5543 -48.7273
-22.7719 -63.776
-22.7312 -60.8769
-22.2379 -26.5327
-22.2987 -30.6913
-22.3133 -31.6303
-22.5818 -50.2193
-22.8605 -69.514
-22.7825 -64.0252
-22.6673 -55.9541
-22.2156 -24.4994
-22.69 -57.3874
-23.1017 -85.9257
-23.3191 -100.958
-23.2413 -95.4873
-23.0833 -84.4357
-22.4937 -43.4027
-22.2744 -28.0939
-22.18 -21.4669
-22.3507 -33.2613
-22.6512 -54.0713
-22.3973 -36.3578
-22.3848 -35.4215
-22.284 -28.3486
-22.348 -32.7231
-23.0195 -79.3136
-22.9112 -71.7176
-22.4603 -40.3174
-22.5601 -47.1845
-22.2519 -25.7009
-22.1105 -15.8071
-22.3742 -34.0563
-21.9693 -5.85851
-21.9625 -5.31337
-22.66 -53.7082
-22.907 -70.7964
-22.5021 -42.5979
-22.2989 -28.4065
-22.6069 -49.7431
-22.3892 -34.5465
-22.025 -9.17409
-21.9982 -7.23893
-22.0872 -13.3507
-22.2997 -28.0472
-21.6397 17.8778
-21.4552 30.765
-22.1586 -18.0357
-22.3534 -31.5
-21.8814 1.36348
-21.7827 8.28832
-22.5095 -42.1421
-22.8063 -62.6918
-22.7285 -57.2141
-22.5524 -44.914
-22.644 -51.2062
-22.2517 -23.8829
-22.1064 -13.7156
-22.3822 -32.8106
-22.4835 -39.7741
-22.5266 -42.7051
-22.3178 -28.1263
-22.0859 -11.9403
-21.8515 4.41525
-21.6249 20.2271
-21.9283 -0.787232
-22.1335 -14.9738
-22.4639 -37.858
-22.9329 -70.374
-22.9226 -69.5904
-22.4778 -38.6175
-22.2567 -23.1861
-22.3258 -27.9187
-22.6743 -52.0604
-22.4533 -36.6349
-22.0718 -10.0621
-22.3488 -29.24
-22.4586 -36.7946
-22.9389 -70.0988
-22.8556 -64.2414
-23.0258 -75.999
-23.243 -91.015
-22.9357 -69.5943
-22.4689 -37.0923
-22.4286 -34.2265
-22.6642 -50.5284
-22.6291 -48.0148
-22.2884 -24.2745
-22.0678 -8.88219
-22.2352 -20.4406
-22.4723 -36.8457
-22.7685 -57.3566
-22.8961 -66.1489
-22.9617 -70.6375
-23.061 -77.4719
-23.3109 -94.7655
-23.0358 -75.5795
-22.6693 -50.0452
-22.7856 -58.0581
-22.5652 -42.6735
-22.5155 -39.1531
-22.2609 -21.3893
-22.3021 -24.1875
-22.0811 -8.76334
-22.4565 -34.7758
-22.5852 -43.6497
-22.6157 -45.6936
-22.667 -49.1891
-22.0576 -6.78186
-22.0756 -7.96392
-22.2519 -20.141
-22.5824 -43.0333
-22.8858 -64.0476
-22.7069 -51.5493
-22.8569 -61.9021
-23.018 -73.022
-22.8926 -64.2381
-22.7398 -53.551
-22.6551 -47.5981
-22.3254 -24.6252
-22.121 -10.3508
-22.3633 -27.12
-22.3776 -28.042
-22.5402 -39.2721
-23.0597 -75.2911
-23.6017 -112.885
-23.3069 -92.3338
-23.0687 -75.7088
-23.2988 -91.6298
-22.9208 -65.2951
-22.7195 -51.2439
-22.6374 -45.4654
-22.6297 -44.8649
-22.6812 -48.3717
-22.9886 -69.6562
-22.8654 -61.0334
-22.6863 -48.5153
-22.6117 -43.2671
-23.1308 -79.2595
-23.134 -79.4169
-23.4161 -98.9453
-23.3908 -97.1198
-23.6356 -114.057
-23.9336 -134.695
-24.1115 -146.981
-24.1141 -147.094
-23.8792 -130.705
-23.9052 -132.442
-24.3155 -160.88
-24.2854 -158.719
-24.1105 -146.498
-23.7016 -118.016
-23.746 -121.03
-23.4971 -103.67
-23.1418 -78.9138
-22.737 -50.7196
-22.5788 -39.6598
-22.2203 -14.6778
-22.1904 -12.5368
-22.3762 -25.3759
-22.7027 -47.9876
-22.9285 -63.6114
-22.6262 -42.5361
-22.6713 -45.6021
-22.9533 -65.1208
-22.9595 -65.4874
-22.9215 -62.773
-22.9983 -68.0407
-22.8737 -59.3127
-23.0791 -73.5135
-23.1617 -79.1844
-23.4129 -96.5704
-23.2448 -84.8207
-22.9561 -64.6899
-23.3783 -93.9578
-24.239 -153.687
-24.3044 -158.161
-23.6047 -109.478
-22.9687 -65.2173
-23.391 -94.4902
-24.0968 -143.463
-23.7073 -116.33
-23.1066 -74.5211
-22.9808 -65.71
-23.3472 -91.1003
-22.8377 -55.6341
-22.7815 -51.6583
-23.1413 -76.585
-23.1821 -79.3489
-23.4276 -96.3388
-23.4636 -98.7698
-22.9861 -65.5222
-22.9017 -59.5918
-23.3726 -92.2373
-22.8991 -59.2746
-22.9607 -63.48
-23.4802 -99.511
-23.1111 -73.7953
-23.2504 -83.4017
-22.8655 -56.5909
-22.9263 -60.7475
-23.3781 -92.066
-23.3848 -92.466
-23.2278 -81.488
-23.1774 -77.9111
-23.3539 -90.1051
-23.3086 -86.8924
-23.0164 -66.5199
-23.0439 -68.3614
-23.0006 -65.283
-23.0322 -67.4116
-22.8026 -51.3846
-23.1227 -73.5604
-23.3314 -87.9852
-23.1645 -76.3197
-23.1078 -72.3165
-23.3206 -87.0262
-23.2561 -82.4802
-23.0473 -67.9021
-23.2589 -82.5335
-23.3908 -91.629
-23.351 -88.7965
-23.3593 -89.3014
-22.7915 -49.7795
-23.206 -78.513
-23.0087 -64.7307
-23.116 -72.1221
-23.3002 -84.8483
-23.4543 -95.4843
-23.0539 -67.5953
-22.8667 -54.5184
-22.2374 -10.7307
-22.1203 -2.52466
-22.6591 -39.8862
-22.7623 -46.9871
-23.3859 -90.2452
-23.7717 -116.981
-23.234 -79.5548
-23.1138 -71.1296
-23.1755 -75.3465
-23.1278 -71.9679
-23.0446 -66.118
-23.5461 -100.889
-23.5283 -99.5866
-23.0385 -65.4841
-22.9631 -60.1747
-23.1352 -72.067
-23.4501 -93.8708
-23.1954 -76.1077
-22.8235 -50.1987
-22.695 -41.1992
-22.5536 -31.3058
-22.2205 -8.09729
-22.3281 -15.5016
-22.7531 -44.9603
-22.7011 -41.2744
-22.5469 -30.4935
-22.3553 -17.1152
-22.4709 -25.0719
-22.7057 -41.3202
-22.906 -55.1682
-22.5639 -31.3256
-22.4291 -21.8923
-22.185 -4.86675
-22.1387 -1.57683
-21.8857 16.0679
-21.8945 15.5319
-21.8468 18.9145
-21.7195 27.8244
-21.4688 45.3145
-21.7799 23.7711
-21.8426 19.4818
-21.6087 35.8041
-22.0901 2.42656
-22.9032 -53.9963
-22.493 -25.4299
-22.3924 -18.3729
-22.6234 -34.3503
-22.7624 -43.9381
-22.1591 -1.95004
-22.0282 7.21144
-22.6191 -33.7708
-23.031 -62.3259
-23.1611 -71.2905
-23.1763 -72.2777
-22.963 -57.3893
-23.1792 -72.3421
-22.8117 -46.74
-22.9345 -55.198
-22.7666 -43.4668
-23.1018 -66.688
-23.2459 -76.6257
-22.6049 -32.0202
-22.7726 -43.6081
-23.0207 -60.7748
-22.9251 -54.0643
-23.0025 -59.3724
-22.6906 -37.6305
-22.554 -28.0671
-22.5528 -27.9185
-22.797 -44.8112
-22.7925 -44.4307
-22.5492 -27.4593
-22.4467 -20.2677
-22.6887 -37.0126
-22.8697 -49.5181
-22.8247 -46.3248
-22.7155 -38.6654
-22.4295 -18.7261
-22.4199 -17.9903
-22.8223 -45.8749
-23.1082 -65.6738
-23.0314 -60.2645
-22.4343 -18.71
-22.4203 -17.6715
-22.492 -22.5834
-22.5617 -27.3532
-22.7857 -42.8458
-23.1048 -64.9513
-22.4912 -22.2497
-22.8101 -44.3311
-23.2184 -72.6368
-22.7237 -38.1896
-22.4037 -15.8907
-22.5137 -23.4632
-22.6278 -31.3203
-22.5482 -25.7228
-22.7914 -42.5455
-22.7429 -39.1125
-22.4789 -20.6999
-22.797 -42.7288
-22.8037 -43.1225
-22.7329 -38.1346
-22.4197 -16.3071
-22.7812 -41.3507
-22.9151 -50.5884
-22.9106 -50.2024
-22.6515 -32.1323
-22.6955 -35.122
-22.3988 -14.4402
-22.9522 -52.818
-23.2225 -71.5311
-22.4754 -19.5538
-22.0925 7.11902
-21.9785 15.111
-22.3425 -10.1071
-22.6929 -34.3871
-22.8442 -44.8283
-22.5882 -26.9699
-22.3012 -6.96264
-23.2127 -70.2228
-23.0523 -59.0089
-22.8703 -46.2959
-22.9945 -54.8558
-22.5144 -21.4268
-22.5617 -24.6425
-22.9282 -50.04
-23.0651 -59.4808
-22.5632 -24.5426
-22.3958 -12.839
-22.6495 -30.4004
-22.7083 -34.4103
-22.7875 -39.8471
-22.8202 -42.0462
-22.8646 -45.0643
-22.4425 -15.6683
-22.5144 -20.5968
-22.7868 -39.4529
-22.725 -35.09
-22.4817 -18.1111
-22.3842 -11.2671
-22.6048 -26.5272
-22.7904 -39.3526
-22.7947 -39.5788
-22.8685 -44.6408
-23.2524 -71.2434
-23.0618 -57.9324
-22.7043 -33.0266
-22.5303 -20.8638
-22.8083 -40.1073
-23.0353 -55.8133
-23.1389 -62.9417
-23.2744 -72.2864
-23.1014 -60.1968
-23.0255 -54.855
-22.983 -51.8326
-23.2661 -71.4296
-23.2631 -71.1548
-23.429 -82.6114
-23.5934 -93.9604
-23.391 -79.8313
-23.2498 -69.9509
-23.1693 -64.2889
-23.3109 -74.0549
-23.3283 -75.1954
-22.9982 -52.1947
-23.1184 -60.4762
-23.0979 -58.9818
-22.8714 -43.176
-22.8484 -41.5052
-22.7688 -35.9049
-22.8767 -43.3365
-23.0782 -57.2662
-23.2695 -70.4864
-22.9147 -45.765
-22.4966 -16.6455
-22.5495 -20.2497
-23.0727 -56.5346
-23.0879 -57.5223
-22.5609 -20.8366
-22.0401 15.4156
-22.0312 16.1045
-21.8686 27.4735
-22.4619 -13.6778
-22.7704 -35.0482
-22.7348 -32.5056
-22.7041 -30.2993
-23.0257 -52.5762
-23.0802 -56.2938
-22.9187 -45.0022
-23.0515 -54.1593
-22.7764 -34.9743
-22.8798 -42.0927
-22.9065 -43.8787
-22.8603 -40.5972
-22.4031 -8.75853
-22.8421 -39.1914
-22.7542 -33.0133
-22.7047 -29.5072
-23.0708 -54.8722
-23.2845 -69.6521
-23.2506 -67.2296
-22.9674 -47.483
-22.8017 -35.898
-22.7503 -32.2561
-22.7519 -32.3041
-23.2596 -67.5045
-23.0546 -53.191
-23.4042 -77.4128
-23.4261 -78.8658
-23.4883 -83.1167
-23.5569 -87.8116
-23.4864 -82.8437
-23.7589 -101.71
-23.8269 -106.365
-23.7253 -99.24
-23.5831 -89.2888
-23.8218 -105.805
-23.6975 -97.0946
-23.8636 -108.569
-24.0619 -122.276
-23.6288 -92.1152
-23.3968 -75.9247
-23.4492 -79.4997
-23.4472 -79.286
-23.4374 -78.5363
-23.4813 -81.5216
-23.3256 -70.6317
-23.2976 -68.6178
-23.1947 -61.4019
-23.2427 -64.6608
-23.2931 -68.0994
-23.4471 -78.7277
-23.5566 -86.2658
-23.5614 -86.5309
-23.479 -80.7331
-23.5724 -87.1572
-23.9609 -114.077
-24.1587 -127.748
-24.1313 -125.778
-23.7691 -100.544
-23.2718 -65.9211
-23.8282 -104.512
-24.1584 -127.385
-23.444 -77.6806
-22.8933 -39.343
-23.1701 -58.5113
-23.5571 -85.3254
-23.489 -80.5238
-23.5274 -83.1229
-23.3076 -67.7807
-23.0069 -46.8211
-23.2531 -63.8569
-23.4172 -75.1909
-23.1526 -56.7382
-23.4334 -76.1788
-23.508 -81.2881
-23.1951 -59.484
-23.355 -70.5225
-23.414 -74.5481
-23.4881 -79.6275
-23.8558 -105.108
-23.9514 -111.679
-23.5933 -86.7312
-23.3153 -67.3442
-22.9703 -43.3072
-23.4539 -76.8355
-23.2536 -62.8476
-23.2834 -64.8483
-23.4276 -74.7994
-22.9138 -39.032
-22.7275 -26.0194
-23.0676 -49.5805
-22.9477 -41.1769
-22.9413 -40.667
-23.0696 -49.511
-23.5246 -81.0542
-23.1987 -58.3381
-23.1807 -57.0206
-23.1146 -52.3594
-23.2518 -61.8202
-23.7162 -94.0215
-23.4734 -77.0802
-23.313 -65.8676
-23.6384 -88.4067
-23.7738 -97.7436
-23.4864 -77.7049
-22.7311 -25.1573
-22.799 -29.8047
-23.373 -69.6187
-23.2387 -60.2164
-22.8968 -36.3938
-22.7565 -26.5765
-22.7501 -26.0617
-23.2758 -62.5179
-23.3238 -65.7824
-22.7127 -23.2521
-22.3121 4.64925
-22.8241 -30.8579
-23.4403 -73.597
-23.1474 -53.1806
-23.2912 -63.0982
-23.0185 -44.082
-22.6492 -18.3566
-23.1455 -52.7715
-23.4853 -76.31
-23.3902 -69.6317
-23.2378 -58.9712
-23.5932 -83.5997
-23.6778 -89.4038
-23.422 -71.5615
-23.0205 -43.6015
-23.4069 -70.3744
-23.4692 -74.635
-23.513 -77.6059
-23.5566 -80.5661
-23.4108 -70.3689
-23.0493 -45.1828
-22.9381 -37.3845
-22.9701 -39.5431
-22.931 -36.7573
-22.9851 -40.4441
-23.1937 -54.8679
-23.4198 -70.5106
-23.4847 -74.9447
-23.3562 -65.9486
-22.9196 -35.5475
-22.929 -36.129
-23.1589 -52.0334
-23.495 -75.3154
-23.6106 -83.2752
-24.1688 -121.988
-23.827 -98.1753
-23.2818 -60.2221
-23.0889 -46.7557
-23.4537 -72.0293
-23.5449 -78.2936
-23.242 -57.179
-23.6367 -84.537
-23.5981 -81.7836
-23.5623 -79.2298
-23.1203 -48.4503
-23.2393 -56.6461
-23.5468 -77.9442
-23.7853 -94.4406
-23.6966 -88.2106
-23.5478 -77.8038
-23.5471 -77.6816
-23.5532 -78.0386
-23.4026 -67.5069
-23.4748 -72.4504
-23.9981 -108.742
-23.9904 -108.134
-23.4459 -70.2381
-23.181 -51.7586
-23.3957 -66.6101
-23.3515 -63.4711
-23.1313 -48.1036
-23.0713 -43.8609
-23.3322 -61.919
-23.9738 -106.429
-23.5826 -79.1813
-23.2061 -52.9491
-23.1892 -51.7081
-23.0867 -44.5172
-23.3661 -63.8608
-23.5873 -79.1543
-22.9946 -37.9063
-23.0739 -43.3476
-22.7758 -22.5644
-22.904 -31.4073
-23.3664 -63.4589
-23.6317 -81.8225
-23.2478 -55.0796
-22.5045 -3.36912
-22.5454 -6.14467
-23.3419 -61.4092
-23.6905 -85.5628
-23.7294 -88.1985
-23.7873 -92.1477
-23.6521 -82.6866
-22.8344 -25.8063
-23.3664 -62.6987
-23.3856 -63.9608
-23.5583 -75.8925
-23.6993 -85.6206
-23.727 -87.4768
-23.4166 -65.8365
-23.2171 -51.907
-23.3707 -62.5122
-23.3853 -63.4583
-22.9846 -35.5425
-23.334 -59.7524
-23.5368 -73.7718
-23.5511 -74.6953
-23.1144 -44.2851
-22.8821 -28.0785
-22.8154 -23.3739
-23.2616 -54.3042
-23.5606 -75.0111
-23.4874 -69.8519
-23.4235 -65.3451
-23.218 -50.9956
-23.0395 -38.5257
-23.4407 -66.3343
-23.656 -81.2231
-23.2616 -53.7495
-23.3138 -57.3085
-22.876 -26.8164
-23.3815 -61.8738
-23.5839 -75.8667
-23.3146 -57.087
-23.1225 -43.6702
-22.8607 -25.4097
-23.3144 -56.8604
-23.3924 -62.2094
-23.6915 -82.9223
-23.289 -54.8883
-22.7716 -18.8711
-23.2159 -49.6694
-23.4441 -65.4553
-23.003 -34.7405
-22.9911 -33.84
-22.7171 -14.7368
-23.11 -41.9629
-22.8108 -21.1102
-22.513 -0.348321
-22.6237 -7.96779
-22.79 -19.4518
-22.9873 -33.0928
-22.9609 -31.1859
-23.0599 -37.9994
-22.6612 -10.2285
-22.5384 -1.62289
-22.5678 -3.59743
-23.1384 -43.1763
-22.8085 -20.1857
-22.6494 -9.05771
-22.6072 -6.05536
-22.6684 -10.2407
-22.666 -10.0069
-22.7506 -15.8153
-22.6984 -12.1201
-22.7491 -15.5727
-22.8011 -19.111
-23.1143 -40.8055
-22.8537 -22.6294
-22.6674 -9.61837
-22.6132 -5.78175
-22.9512 -29.1917
-22.725 -13.4082
-22.4748 4.04637
-23.0554 -36.2269
-22.8585 -22.4743
-22.3868 10.3652
-22.5311 0.40846
-22.5844 -3.22583
-22.6453 -7.38679
-23.2 -45.8569
-23.3271 -54.6192
-23.4244 -61.3071
-23.3977 -59.3853
-22.9097 -25.4062
-23.1099 -39.2482
-23.3279 -54.3283
-23.0956 -38.1188
-22.5838 -2.48796
-23.1483 -41.6355
-23.2688 -49.9391
-23.0476 -34.5017
-22.7597 -14.4276
-22.8668 -21.8054
-22.853 -20.7746
-22.6308 -5.26704
-22.4743 5.67652
-23.1529 -41.4043
-23.3071 -52.0433
-23.277 -49.8878
-23.7009 -79.2692
-23.1749 -42.6551
-23.1038 -37.6463
-23.4104 -58.8787
-22.6552 -6.33599
-22.6554 -6.28208
-23.3449 -54.114
-23.3849 -56.8301
-23.2875 -49.9893
-23.2658 -48.411
-23.5223 -66.1674
-23.2423 -46.6445
-22.9979 -29.5877
-22.9088 -23.3322
-23.1476 -39.8566
-23.534 -66.6284
-23.3612 -54.5541
-23.1021 -36.4813
-22.7942 -15.0248
-22.932 -24.5259
-23.226 -44.8861
-23.302 -50.0937
-23.2863 -48.9316
-22.998 -28.831
-23.0736 -34.0171
-23.2284 -44.7059
-23.3057 -50.0063
-23.4648 -60.9905
-23.5298 -65.4378
-23.0177 -29.7871
-22.8104 -15.3128
-22.9038 -21.7338
-23.2306 -44.372
-23.0469 -31.5364
-22.9275 -23.1684
-23.3657 -53.55
-23.8463 -86.8725
-23.3906 -55.1412
-22.907 -21.4673
-22.5083 6.30401
-23.2541 -45.4459
-23.4646 -59.9992
-23.2083 -42.1242
-22.9171 -21.822
-22.767 -11.326
-23.3433 -51.2948
-23.0036 -27.6282
-23.7298 -78.0092
-23.2928 -47.58
-23.4922 -61.3638
-23.5644 -66.3125
-23.1512 -37.5357
-23.1041 -34.192
-22.9105 -20.6696
-22.9355 -22.3367
-22.8865 -18.8656
-22.6434 -1.90499
-22.4735 9.96812
-22.1298 33.9201
-21.8173 55.7044
-21.8572 52.9991
-21.8145 56.0334
-22.1586 32.1967
-22.6464 -1.62427
-22.5921 2.21556
-22.7935 -11.7052
-22.9294 -21.0784
-22.9858 -24.9322
-23.1736 -37.9068
-23.0691 -30.5808
-22.8426 -14.7697
-22.6025 1.98285
-23.4168 -54.5248
-23.4231 -54.8987
-23.106 -32.7925
-23.0419 -28.273
-23.1792 -37.7418
-23.1601 -36.3411
-23.3321 -48.2267
-23.5388 -62.5177
-23.4479 -56.1288
-23.36 -49.9583
-23.2185 -40.0579
-23.2301 -40.7942
-23.3019 -45.7123
-23.3256 -47.2842
-23.3149 -46.4736
-23.3632 -49.7599
-23.5443 -62.2772
-23.0762 -29.6838
-22.7952 -10.0911
-22.9349 -19.7264
-23.5642 -63.3808
-23.89 -85.9459
-23.334 -47.2442
-23.2882 -43.9923
-23.5124 -59.4986
-23.2336 -40.0603
-23.2789 -43.1363
-23.4512 -55.041
-23.7145 -73.2644
-23.7504 -75.6888
-23.8618 -83.3644
-23.6023 -65.2636
-23.5406 -60.9062
-23.7698 -76.7574
-23.898 -85.596
-23.6927 -71.2678
-23.5549 -61.6239
-23.5063 -58.1747
-23.3996 -50.6895
-23.3914 -50.0501
-23.4122 -51.4281
-23.5308 -59.6013
-23.4143 -51.4354
-22.8649 -13.1937
-23.121 -30.9188
-23.409 -50.8559
-23.7044 -71.3104
-23.6674 -68.6746
-23.3952 -49.6885
-23.3392 -45.7312
-23.2346 -38.396
-23.2217 -37.4295
-23.3221 -44.3349
-22.9885 -21.0836
-22.9169 -16.0433
-23.2567 -39.5854
-23.6327 -65.6399
-23.6338 -65.6431
-23.6555 -67.0851
-23.3088 -42.9223
-23.3334 -44.5604
-23.336 -44.6718
-23.637 -65.5153
-23.6346 -65.2808
-23.6208 -64.2546
-23.3845 -47.7674
-23.6827 -68.4183
-23.6683 -67.3481
-23.8649 -80.9391
-24.3309 -113.242
-24.0372 -92.7678
-24.2399 -106.78
-23.9662 -87.6967
-23.8579 -80.1019
-23.9786 -88.4217
-24.1615 -101.058
-24.0683 -94.5138
-23.864 -80.248
-23.4984 -54.7782
-23.4688 -52.6497
-23.4499 -51.2683
-23.6166 -62.7831
-23.162 -31.1264
-23.1417 -29.6455
-23.3523 -44.2095
-23.0603 -23.8532
-23.5765 -59.6487
-23.6818 -66.8975
-23.7833 -73.8765
-23.5762 -59.4216
-23.789 -74.136
-23.7852 -73.7995
-23.4293 -49.0063
-23.3383 -42.6137
-23.5134 -54.7099
-23.3946 -46.3868
-23.3883 -45.8736
-23.4162 -47.744
-23.3214 -41.0893
-23.1635 -30.0485
-23.1334 -27.8898
-22.7943 -4.25585
-22.4087 22.6011
-22.6896 3.15347
-22.9214 -12.8831
-22.7153 1.50541
-23.0045 -18.5146
-22.8071 -4.73327
-23.1053 -25.3841
-22.8247 -5.81497
-22.9609 -15.2116
-23.0073 -18.3665
-23.3142 -39.6188
-23.0029 -17.9163
-23.3932 -44.9639
-23.4038 -45.6342
-23.5324 -54.4973
-23.3304 -40.3934
-22.988 -16.538
-22.8769 -8.74926
-22.7551 -0.216871
-23.1951 -30.7166
-23.2683 -35.7336
-22.7868 -2.20921
-23.0892 -23.1496
-23.4411 -47.5315
-23.2999 -37.6504
-23.304 -37.8661
-23.0877 -22.7682
-23.369 -42.2456
-23.2402 -33.2216
-23.6975 -64.9307
-23.6878 -64.1839
-23.7188 -66.2663
-23.5785 -56.4507
-22.7499 1.18474
-22.2671 34.8012
-22.735 2.3609
-23.5351 -53.1592
-23.6039 -57.871
-23.0027 -16.0256
-23.3032 -36.8395
-23.1976 -29.4345
-23.0734 -20.7354
-22.9851 -14.5277
-23.0607 -19.7088
-23.3092 -36.9045
-22.786 -0.485253
-22.3955 26.713
-22.2129 39.4701
-22.6283 10.6763
-22.7298 3.69676
-22.6684 8.03287
-22.8773 -6.41596
-22.9577 -11.9313
-23.0399 -17.5729
-23.2677 -33.3301
-23.2144 -29.554
-23.6714 -61.2399
-23.3349 -37.793
-23.1781 -26.8226
-23.442 -45.0936
-23.4252 -43.8552
-23.2995 -35.0535
-22.8756 -5.52781
-23.055 -17.9286
-23.0273 -15.9314
-22.8092 -0.706576
-22.9796 -12.4795
-22.9986 -13.7278
-23.1421 -23.6278
-22.9118 -7.56063
-22.8379 -2.35684
-22.8861 -5.63286
-23.5556 -52.0811
-23.7501 -65.5281
-23.402 -41.2676
-23.4816 -46.7294
-23.6115 -55.6853
-23.2754 -32.2694
-22.5967 14.9558
-23.4349 -43.2119
-23.1896 -26.098
-22.845 -2.08346
-23.1425 -22.6839
-23.2861 -32.5933
-23.5385 -50.0611
-23.5351 -49.7552
-23.4257 -42.0832
-22.8315 -0.729296
-22.8427 -1.43791
-22.5513 18.8786
-22.9998 -12.2168
-22.8529 -1.94064
-22.6897 9.47088
-23.5453 -49.9092
-23.5395 -49.4341
-22.996 -11.6054
-23.1416 -21.6507
-23.3828 -38.339
-23.3235 -34.1461
-22.9706 -9.5601
-23.2309 -27.5763
-22.687 10.2856
-22.8207 1.05981
-23.2153 -26.2823
-23.3537 -35.8314
-23.4191 -40.3038
-23.6508 -56.3306
-23.2672 -29.611
-23.1998 -24.8571
-23.1696 -22.6933
-23.2699 -29.5912
-23.6468 -55.7066
-23.5134 -46.3735
-23.5868 -51.3976
-23.4882 -44.4829
-23.3363 -33.8567
-23.141 -20.2176
-23.3332 -33.5039
-23.4261 -39.8856
-23.4403 -40.8076
-23.4963 -44.629
-23.0328 -12.3555
-23.1776 -22.3433
-22.7361 8.40163
-23.0011 -9.9405
-23.5084 -45.1167
-23.5345 -46.8623
-23.3644 -34.9736
-23.0524 -13.2258
-22.6096 17.6055
-22.6827 12.5989
-23.1373 -18.92
-23.1922 -22.6653
-23.2473 -26.4238
-22.9626 -6.57395
-23.0718 -14.0934
-23.16 -20.1516
-23.1853 -21.8386
-23.0801 -14.4599
-22.8867 -0.953004
-22.5125 25.1153
-22.6071 18.6121
-23.2031 -22.7288
-23.4588 -40.422
-23.0346 -10.8774
-23.1732 -20.4425
-22.9134 -2.32213
-23.1247 -16.9319
-23.2197 -23.4599
-22.9227 -2.75527
-22.8357 3.35882
-23.2813 -27.5333
-23.2397 -24.5757
-23.0431 -10.8457
-23.234 -24.0373
-23.352 -32.1706
-23.3209 -29.9364
-22.9067 -1.09107
-22.7097 12.6634
-22.4707 29.3379
-22.7586 9.40436
-23.3983 -34.972
-23.3433 -31.0809
-23.1562 -18.0066
-23.0631 -11.4688
-22.7111 13.0542
-23.1315 -16.0822
-23.0885 -13.0284
-23.4577 -38.6114
-23.4221 -36.0664
-22.8377 4.60909
-22.6817 15.5161
-23.2903 -26.7006
-23.3586 -31.3772
-23.229 -22.3059
-23.2828 -25.9738
-23.307 -27.5803
-23.1137 -14.0843
-23.5872 -46.9149
-23.4669 -38.4821
-23.3926 -33.2522
-23.0397 -8.66074
-23.2241 -21.4064
-23.6395 -50.1993
-23.7079 -54.8823
-23.5698 -45.2179
-23.4255 -35.1242
-23.5512 -43.7849
-23.5983 -46.9853
-23.2078 -19.7846
-23.6089 -47.5835
-23.7257 -55.6306
-23.4408 -35.7676
-23.3793 -31.4282
-23.3973 -32.6084
-23.4175 -33.9425
-23.4612 -36.9097
-23.2139 -19.6529
-23.2332 -20.9264
-23.5991 -46.2768
-23.4174 -33.5886
-23.4222 -33.8502
-23.6978 -52.9263
-23.4622 -36.4877
-23.3286 -27.1406
-23.3263 -26.9089
-23.4781 -37.3892
-23.4036 -32.1441
-23.5631 -43.1552
-23.9334 -68.813
-24.2643 -91.7305
-23.7181 -53.7115
-23.4555 -35.4003
-23.3169 -25.6971
-23.2227 -19.0883
-23.2245 -19.1387
-23.3434 -27.3313
-23.2743 -22.465
-22.8797 5.02155
-22.5603 27.2839
-23.0906 -9.49006
-23.3902 -30.2359
-23.0326 -5.31871
-22.7235 16.2204
-22.9284 2.05482
-22.8784 5.59714
-23.0904 -9.06353
-23.0408 -5.5471
-23.0081 -3.20444
-22.8239 9.66587
-23.2082 -16.9685
-22.9632 0.124544
-22.9343 2.20224
-23.3403 -25.9351
-23.1997 -16.0952
-23.1809 -14.7201
-22.9044 4.55846
-22.8713 6.92747
-23.5127 -37.5695
-23.3517 -26.3142
-23.497 -36.3341
-23.4771 -34.8883
-23.0305 -3.78477
-23.5046 -36.6537
-23.573 -41.341
-23.4676 -33.9484
-23.2922 -21.6942
-23.0451 -4.45273
-22.9672 1.03043
-23.3319 -24.2411
-23.4968 -35.6282
-23.5732 -40.8656
-23.0364 -3.50056
-22.6837 21.0746
-23.028 -2.77817
-23.2455 -17.8248
-22.8444 10.1132
-22.9541 2.56702
-22.9852 0.473773
-23.2733 -19.472
-23.8985 -62.845
-24.0354 -72.2846
-23.7101 -49.6168
-23.375 -26.2644
-23.1339 -9.4449
-23.0802 -5.64045
-23.0189 -1.31203
-23.1301 -8.96855
-23.2988 -20.6198
-23.3848 -26.525
-22.8881 8.05382
-23.0821 -5.35513
-23.0199 -0.964648
-23.087 -5.55486
-23.2399 -16.1108
-23.3606 -24.427
-23.0737 -4.42372
-23.3648 -24.5811
-23.3345 -22.4059
-23.098 -5.90805
-23.1938 -12.4898
-23.2828 -18.6079
-23.2039 -13.0523
-22.9809 2.50674
-23.0145 0.240954
-23.1776 -11.0195
-23.0563 -2.52103
-23.0755 -3.78782
-22.9127 7.59165
-22.8364 12.963
-23.1653 -9.81855
-23.2525 -15.8088
-23.1894 -11.3496
-23.3161 -20.0862
-23.6184 -41.0188
-23.621 -41.1332
-23.4021 -25.8526
-23.3894 -24.9046
-23.4045 -25.8819
-23.5566 -36.3793
-23.4684 -30.184
-22.8891 10.1337
-22.8667 11.7609
-23.0684 -2.18012
-23.4953 -31.7721
-22.9333 7.34436
-23.1966 -10.8775
-23.4024 -25.1064
-23.5741 -36.9689
-23.5197 -33.1241
-23.5305 -33.8039
-23.1126 -4.69698
-23.3396 -20.4008
-24.0854 -72.1485
-23.7012 -45.3837
-23.3175 -18.6569
-23.4052 -24.6802
-23.1894 -9.61549
-23.1107 -4.08183
-22.8831 11.8061
-23.5863 -36.9863
-23.3456 -20.1885
-23.1579 -7.07954
-23.1756 -8.23975
-23.5118 -31.5268
-23.1871 -8.89684
-22.7656 20.4522
-23.3966 -23.3151
-23.6447 -40.4862
-22.9395 8.57929
-23.2059 -9.85938
-23.2602 -13.5624
-23.2501 -12.7942
-23.086 -1.31801
-22.6744 27.3491
-22.7639 21.1966
-23.1692 -6.89494
-23.109 -2.63797
-22.994 5.41993
-22.9909 5.70198
-23.0461 1.93502
-22.9114 11.3675
-23.0072 4.78233
-23.1961 -8.27634
-22.7361 23.7537
-22.4557 43.3082
-22.2657 56.577
-22.8028 19.3256
-23.1503 -4.7439
-22.8657 15.095
-22.8146 18.7149
-22.7009 26.6879
-22.7488 23.4256
-22.7877 20.7975
-22.8095 19.3488
-23.0452 3.04095
-22.9203 11.7895
-23.0749 1.11998
-23.1735 -5.66541
-23.0791 0.9638
-22.9464 10.2557
-22.9993 6.65009
-23.0711 1.72803
-23.225 -8.89469
-23.4474 -24.2789
-23.0617 2.59441
-23.2647 -11.4458
-23.3149 -14.8637
-23.5669 -32.3038
-23.319 -15.0053
-22.7583 24.0194
-22.7915 21.7808
-23.0881 1.24252
-23.0048 7.09864
-22.9634 10.0473
-22.9993 7.62102
-22.8213 20.0573
-23.085 1.80655
-23.4565 -23.9378
-23.094 1.32006
-22.6313 33.5395
-23.3543 -16.6245
-23.4927 -26.1759
-23.4349 -22.0854
-23.3547 -16.4454
-22.9085 14.6287
-23.1306 -0.735523
-23.5731 -31.4084
-23.0087 7.86905
-22.836 19.939
-22.7584 25.4034
-22.932 13.4093
-23.1781 -3.62157
-22.8718 17.7278
-22.6929 30.229
-22.7134 28.8782
-22.8566 18.9924
-22.6693 32.0762
-22.8356 20.5932
-22.5571 40.011
-22.3867 51.9192
-22.8395 20.5277
-22.1155 70.9015
-22.2492 61.6807
-22.7564 26.5127
-23.0061 9.23045
-23.1188 1.47002
-22.5936 38.0363
-22.8894 17.5529
-23.0284 7.96299
-22.8401 21.1179
-23.0544 6.29591
-23.2235 -5.3846
-23.1077 2.73217
-23.141 0.486384
-23.5473 -27.6703
-23.3774 -15.803
-22.9938 10.9238
-23.1232 2.00017
-23.06 6.46218
-22.9919 11.2624
-22.9559 13.8298
-23.2213 -4.53461
-23.3342 -12.3105
-23.0229 9.38398
-23.1695 -0.72677
-23.3214 -11.2161
-23.4757 -21.8677
-23.5702 -28.358
-23.1458 1.19329
-23.0464 8.16755
-23.4779 -21.737
-23.269 -7.15608
-23.3693 -14.0582
-23.6715 -34.9837
-23.0838 5.9187
-22.7858 26.6953
-23.2107 -2.75634
-23.084 6.11316
-22.9941 12.4324
-22.9291 17.0167
-23.1914 -1.13825
-23.3158 -9.7155
-23.1396 2.59773
-22.5399 44.3344
-22.8946 19.758
-23.5281 -24.1856
-23.0275 10.6652
-22.3376 58.6647
-22.2664 63.6873
-22.6315 38.3879
-23.1864 -0.0978537
-23.472 -19.8691
-23.1652 1.51803
-23.2257 -2.61759
-23.2076 -1.29565
-22.8458 23.9175
-22.3192 60.5685
-22.4651 50.5053
-22.9935 13.8603
-23.6326 -30.4715
-23.3854 -13.2287
-23.0139 12.6499
-23.0879 7.57776
-23.4273 -15.9317
-23.7491 -38.2173
-23.2978 -6.79695
-23.4913 -20.1718
-23.6358 -30.143
-23.7749 -39.7325
-23.5701 -25.435
-23.1413 4.42573
-22.7912 28.8199
-22.6591 38.0706
-22.7747 30.1071
-23.2784 -4.82233
-23.4452 -16.3448
-22.8438 25.5102
-22.6846 36.6421
-23.2907 -5.39911
-23.0328 12.5879
-22.821 27.3721
-23.014 14.0375
-23.1 8.12726
-23.0576 11.1464
-22.8608 24.89
-22.7632 31.7402
-23.0478 12.0357
-23.216 0.416702
-23.7247 -34.8544
-23.6284 -28.0972
-23.7003 -33.0254
-23.8771 -45.2401
-23.7122 -33.7134
-23.677 -31.1988
-23.7017 -32.8447
-23.6754 -30.9478
-23.4793 -17.2497
-23.5264 -20.4566
-23.987 -52.3845
-22.7655 32.5541
-22.5945 44.5025
-23.24 -0.278625
-23.6628 -29.5854
-24.034 -55.3045
-23.653 -28.7616
-23.335 -6.60336
-23.2756 -2.40481
-23.1255 8.09282
-23.467 -15.5624
-23.3286 -5.87795
-23.0696 12.1856
-22.8086 30.3889
-22.9376 21.4933
-22.857 27.1662
-22.7317 35.9437
-22.9991 17.4297
-22.9631 20
-23.1122 9.71227
-22.765 33.9044
-22.7939 31.9695
-22.7294 36.519
-22.9474 21.4409
-22.7989 31.828
-22.7254 37.0077
-23.0766 12.6745
-23.1281 9.1616
-22.7647 34.4852
-22.654 42.2451
-22.4496 56.5112
-22.3975 60.2012
-22.5164 52.0137
-22.9566 21.496
-22.7359 36.9033
-22.3534 63.5428
-22.3945 60.7564
-23.1749 6.60831
-23.2882 -1.19491
-22.9166 24.6932
-22.7472 36.5334
-22.8725 27.8938
-22.9199 24.674
-23.045 16.0525
-23.0489 15.8474
-23.0186 18.0223
-22.6401 44.3928
-22.541 51.3419
-22.6133 46.3922
-22.7019 40.3029
-22.8207 32.1224
-22.6411 44.67
-22.5029 54.3425
-22.8989 26.8986
-22.9048 26.5565
-23.0947 13.4269
-22.8806 28.3767
-23.1045 12.8882
-22.7012 40.9806
-23.0714 15.328
-22.9455 24.1453
-23.2018 6.40684
-23.2422 3.66702
-23.1647 9.12405
-23.1313 11.5112
-22.9416 24.7593
-23.0862 14.783
-22.9022 27.6393
-23.0273 19.0187
-22.8807 29.2748
-22.6839 43.0144
-22.8174 33.8068
-23.0309 19.0413
-23.2314 5.18463
-23.3945 -6.08231
-22.9223 26.7973
-22.7767 36.9871
-23.3335 -1.6325
-22.9814 22.898
-22.2915 70.9001
-23.0628 17.3836
-23.305 0.622219
-22.6666 45.0524
-22.2327 75.2661
-22.8532 32.2268
-23.4236 -7.33383
-23.1567 11.2788
-22.638 47.3867
-22.5873 50.9799
-23.0802 16.8021
-23.5494 -15.7297
-22.9839 23.6305
-22.7986 36.5759
-22.9782 24.1656
-23.1945 9.20743
-22.8817 31.0119
-23.1522 12.2865
-23.2331 6.73343
-22.9254 28.1829
-23.0651 18.5465
-22.8484 33.6701
-22.7299 41.9698
-22.7055 43.7368
-22.8146 36.2282
-23.2154 8.44993
-22.9866 24.4142
-23.1537 12.8754
-22.7456 41.2969
-23.0782 18.2606
-23.0278 21.833
-23.0051 23.4772
-22.8542 34.0316
-22.9685 26.1557
-22.719 43.5646
-23.0785 18.6516
-23.1362 14.7171
-23.1878 11.2024
-22.8292 36.1821
-22.9769 25.9888
-23.4699 -8.19102
-23.301 3.61274
-23.0611 20.3499
-23.4751 -8.34221
-23.6412 -19.8189
-23.7304 -25.946
-23.7376 -26.3715
-23.2902 4.77956
-22.5186 58.4596
-22.5429 56.8432
-23.0328 22.8758
-23.5027 -9.70855
-23.2427 8.42612
-23.3446 1.41764
-23.6604 -20.4569
-22.9206 31.0148
-22.9124 31.6568
-23.4514 -5.72595
-23.1523 15.1275
-23.1923 12.4149
-23.2803 6.36797
-23.1939 12.4452
-23.4831 -7.57969
-23.5838 -14.51
-23.0106 25.3866
-22.7173 45.8333
-22.9278 31.2826
-23.4857 -7.41361
-23.4854 -7.32243
-23.6976 -21.999
-23.6987 -22.007
-23.5473 -11.4162
-23.8545 -32.6927
-23.5042 -8.28499
-23.263 8.5464
-23.5445 -10.9426
-23.1221 18.4727
-22.944 30.915
-22.7554 44.0898
-23.1784 14.769
-23.4016 -0.668874
-22.9125 33.3856
-23.0677 22.6701
-22.7121 47.4504
-23.1659 15.9868
-22.972 29.5318
-22.7708 43.578
-22.8227 40.0422
-22.7584 44.5805
-22.9377 32.1927
-22.6708 50.801
-22.7455 45.6816
-22.6633 51.4617
-22.5904 56.598
-22.7438 46.0106
-22.9498 31.7648
-23.2259 12.6498
-23.158 17.4405
-22.8968 35.659
-23.3596 3.56811
-23.5134 -7.04404
-22.9157 34.5489
-23.0717 23.7843
-22.9793 30.2705
-22.7763 44.4447
-23.3964 1.43322
-23.2815 9.48335
-23.3414 5.39117
-23.2965 8.57788
-23.4606 -2.75089
-23.2007 15.3791
-23.3783 3.10578
-23.613 -13.1298
-23.2838 9.81168
-22.9892 30.35
-22.9204 35.1947
-22.8857 37.6805
-23.011 29.0421
-23.338 6.39121
-22.5709 59.7607
-21.9209 104.987
-22.5959 58.164
-23.7654 -23.0221
-23.0442 27.1544
-23.023 28.6978
-23.0571 26.3923
-22.9169 36.2038
-22.737 48.7729
-22.8258 42.6715
-22.624 56.7627
-23.1488 20.373
-23.1449 20.7084
-23.1336 21.5678
-23.1334 21.6527
-22.5377 63.1063
-22.278 81.2219
-22.5275 63.9563
-23.1512 20.6926
-23.1588 20.2347
-22.8647 40.7325
-22.843 42.3125
-22.8676 40.6751
-23.0034 31.3075
-22.9983 31.7301
-22.8556 41.7185
-22.9975 31.9268
-22.9508 35.2415
-23.2237 16.3453
-23.7381 -19.3252
-23.9443 -33.5818
-23.4627 -0.0458248
-23.4897 -1.85313
-23.6447 -12.5534
-23.3889 5.28774
-23.6308 -11.453
-23.5314 -4.47385
-23.3154 10.6051
-23.5638 -6.58536
-23.2279 16.8178
-22.825 44.8826
-22.8405 43.8751
-23.2921 12.5653
-23.2948 12.4535
-23.0057 32.606
-23.0051 32.7143
-22.9715 35.1185
-23.1727 21.2091
-22.8933 40.6945
-22.5831 62.3161
-23.1235 24.8354
-22.8278 45.4543
-22.3524 78.5506
-23.0001 33.6217
-23.0319 31.478
-23.0422 30.8359
-22.9201 39.387
-23.329 11.0456
-22.9506 37.407
-22.7788 49.4147
-23.0292 32.0851
-22.9022 40.9789
-23.1658 22.7347
-22.9894 35.0557
-22.9627 36.9871
-23.0034 34.2282
-22.7446 52.2794
-22.8832 42.7159
-22.9453 38.4694
-22.8387 45.9457
-22.6945 56.0366
-22.5054 69.2406
-23.0633 30.5502
-23.3292 12.147
-23.1963 21.4496
-23.2692 16.4519
-23.1676 23.5845
-23.3952 7.84025
-22.8721 44.2541
-22.8818 43.6451
-23.1952 21.939
-23.0612 31.3206
-23.1883 22.5564
-23.6427 -8.94356
-23.4727 2.93975
-23.0159 34.7448
-23.1969 22.2385
-23.2864 16.0947
-23.2649 17.655
-23.2641 17.7786
-23.4827 2.6623
-23.445 5.34797
-23.4624 4.21328
-23.1462 26.2522
-23.0919 30.0943
-23.2484 19.2868
-23.3426 12.8106
-23.2084 22.2087
-23.1533 26.101
-23.2963 16.2406
-23.3178 14.8128
-23.096 30.2932
-23.471 4.30637
-23.4537 5.57832
-23.5428 -0.543706
-23.5727 -2.55313
-23.6937 -10.8855
-23.5741 -2.5114
-23.048 34.1129
-22.9662 39.8685
-23.156 26.7492
-23.2932 17.2835
-22.7981 51.7567
-22.4399 76.7146
-22.6725 60.6209
-23.4159 9.03751
-23.5308 1.1287
-23.6307 -5.74613
-23.1701 26.3231
-23.4583 6.37116
-22.9695 40.4045
-22.816 51.1372
-23.0048 38.0861
-23.4032 10.4799
-23.4298 8.70149
-23.3075 17.2689
-23.6137 -3.94086
-23.5027 3.84166
-22.9875 39.707
-23.2093 24.3694
-23.7468 -12.9103
-23.4356 8.78129
-23.2887 19.0579
-23.4486 8.01484
-23.2398 22.594
-23.5835 -1.2149
-23.2594 21.3728
-23.526 2.91955
-23.6399 -4.92418
-23.3222 17.2196
-23.155 28.9025
-23.484 6.11301
-23.1759 27.5881
-23.5843 -0.713047
-23.3748 13.9119
-23.0228 38.4346
-23.6335 -3.92329
-23.535 2.9845
-23.2922 19.9296
-23.6995 -8.3057
-23.5025 5.45209
-23.5019 5.56673
-23.314 18.6876
-23.5539 2.09312
-23.7727 -13.0401
-23.1845 27.8942
-23.6731 -5.97996
-23.4069 12.58
-23.2911 20.6948
-23.4095 12.5422
-23.7243 -9.25819
-23.4059 12.9322
-23.4758 8.14557
-23.4302 11.3813
-23.4421 10.623
-23.3398 17.8017
-23.2569 23.6293
-23.1891 28.4132
-23.489 7.64115
-23.4286 11.9097
-23.3889 14.7342
-23.4975 7.25749
-23.5641 2.70584
-23.7683 -11.4154
-23.9143 -21.491
-23.2892 22.0126
-23.3415 18.4484
-23.3969 14.6655
-23.5086 6.97777
-23.4362 12.0761
-23.299 21.6802
-23.6795 -4.68663
-23.295 22.0977
-23.5477 4.60364
-23.9076 -20.3328
-23.4429 12.0255
-23.8444 -15.8028
-23.4664 10.5306
-23.8755 -17.8236
-23.8355 -14.9725
-23.5685 3.64587
-23.3576 18.3671
-23.2874 23.3161
-23.5355 6.14766
-23.6012 1.65165
-23.2881 23.475
-23.1342 34.2407
-23.461 11.6025
-24.0311 -27.9379
-23.3263 21.1004
-23.7999 -11.7318
-23.7737 -9.84748
-23.8026 -11.7866
-24.0492 -28.8451
-24.104 -32.5888
-23.9064 -18.7857
-24.2885 -45.2659
-24.0759 -30.4257
-23.7176 -5.46011
-23.6894 -3.43228
-23.3295 21.6457
-23.2182 29.4446
-23.2658 26.2093
-23.4896 10.7256
-23.4535 13.307
-23.3101 23.3362
-23.2036 30.8044
-23.3161 23.062
-23.432 15.0761
-23.9779 -22.7805
-23.8813 -16.0012
-23.4375 14.9029
-23.1893 32.2207
-23.6185 2.46374
-23.5696 5.93436
-23.4726 12.7426
-23.7756 -8.23803
-23.4697 13.0799
-23.6573 0.115487
-23.482 12.3705
-23.5662 6.58541
-23.6395 1.5663
-23.4582 14.232
-23.6256 2.67142
-23.6593 0.394068
-23.1387 36.6387
-22.9464 50.0679
-23.1607 35.2446
-23.8352 -11.5455
-23.3189 24.3951
-23.5267 10.0264
-23.5382 9.29903
-23.3876 19.8265
-23.6506 1.6235
-23.7694 -6.55718
-23.8844 -14.479
-23.8526 -12.1991
-23.7647 -6.02052
-23.5989 5.56319
-23.66 1.39197
-23.7764 -6.62932
-23.957 -19.1058
-24.2389 -38.6213
-24.2545 -39.6344
-23.9089 -15.5538
-23.7408 -3.81003
-23.9937 -21.3071
-24.0577 -25.6893
-23.9209 -16.1093
-23.8919 -14.0254
-23.8622 -11.8948
-23.8269 -9.36954
-23.6947 -0.121576
-23.5507 9.9567
-23.3008 27.3878
-23.9336 -16.5064
-24.1608 -32.2244
-24.1017 -28.0466
-23.9101 -14.6699
-23.492 14.4518
-23.4289 18.9063
-23.6413 4.21919
-23.8495 -10.1809
-24.1281 -29.4659
-24.0018 -20.6246
-24.1329 -29.6613
-24.4558 -52.0254
-24.5609 -59.2597
-24.3263 -42.8877
-24.123 -28.6927
-23.8629 -10.5569
-23.6964 1.08184
-24.0309 -22.0867
-24.0234 -21.4943
-24.0187 -21.1025
-24.2589 -37.7222
-24.1241 -28.2835
-24.0013 -19.6825
-24.2641 -37.8765
-24.2212 -34.8219
-24.2955 -39.9152
-24.1525 -29.9111
-24.3767 -45.4214
-24.1982 -32.947
-23.9273 -14.0575
-23.8401 -7.92891
-24.3387 -42.5007
-24.8906 -80.7741
-24.7462 -70.6725
-24.4156 -47.6319
-24.5819 -59.1209
-24.0776 -24.0086
-24.1068 -25.9741
-24.1893 -31.6352
-24.2241 -33.9845
-23.7296 0.444126
-23.5985 9.62188
-24.0501 -21.6833
-24.4694 -50.7501
-24.4129 -46.7541
-24.0598 -22.1474
-24.3397 -41.5273
-24.6724 -64.5719
-24.1607 -28.9513
-23.8551 -7.64681
-23.6512 6.58422
-23.9921 -17.0324
-24.1133 -25.3827
-23.9979 -17.2928
-24.3622 -42.5329
-24.6767 -64.32
-24.906 -80.1778
-25.0105 -87.3709
-24.4415 -47.7663
-23.8751 -8.34746
-24.0953 -23.5752
-23.8026 -3.16859
-24.1088 -24.37
-24.3965 -44.2914
-24.2865 -36.5777
-23.6685 6.42676
-23.3458 28.9178
-23.6462 8.11617
-24.3033 -37.467
-24.8914 -78.2646
-25.1916 -99.0472
-24.4647 -48.4783
-23.9478 -12.4896
-24.1724 -28.0253
-24.9375 -81.1182
-25.0578 -89.4057
-24.0951 -22.449
-23.9416 -11.7127
-24.0559 -19.5872
-23.9012 -8.76716
-24.0407 -18.3918
-24.3884 -42.4789
-23.9736 -13.591
-23.7886 -0.669584
-24.0103 -16.004
-23.9662 -12.8686
-23.9818 -13.883
-24.0242 -16.76
-23.549 16.3259
-23.9457 -11.1678
-24.2419 -31.6784
-24.3935 -42.1377
-24.2244 -30.3216
-24.3301 -37.5976
-24.4361 -44.8922
-24.509 -49.8837
-24.8711 -74.9736
-24.5714 -54.0821
-24.0702 -19.1893
-24.0628 -18.6091
-24.2236 -29.7092
-24.2227 -29.5742
-23.9758 -12.3523
-23.8891 -6.26006
-23.8867 -6.02205
-23.7674 2.33252
-23.5975 14.2091
-23.8813 -5.44264
-24.0334 -15.9371
-23.7127 6.41269
-23.5805 15.6651
-23.5519 17.724
-23.7318 5.29098
-23.8255 -1.14533
-23.9861 -12.2385
-23.5171 20.4225
-22.9442 60.2908
-23.1111 48.7695
-22.9266 61.6533
-23.1676 44.983
-23.5737 16.8374
-24.072 -17.7171
-23.9695 -10.5253
-23.7555 4.4099
-23.8638 -3.03981
-24.1018 -19.5106
-24.1088 -19.9247
-24.0324 -14.5496
-23.8 1.66921
-23.6602 11.4529
-24.3247 -34.647
-24.283 -31.683
-24.1613 -23.1593
-24.0708 -16.8006
-24.002 -11.9501
-23.9602 -8.97343
-23.7803 3.59248
-23.336 34.5285
-23.4244 28.4577
-23.0697 53.1713
-23.1589 47.047
-23.3175 36.0965
-23.3056 36.9874
-23.4429 27.5204
-23.6129 15.7812
-23.3929 31.1354
-23.6154 15.7427
-23.6556 13.017
-23.3684 33.0431
-23.5029 23.7673
-23.2696 40.0487
-23.2014 44.8562
-23.092 52.5278
-23.2417 42.1968
-23.6481 14.029
-23.7013 10.4034
-23.3827 32.6051
-22.8778 67.7549
-22.9831 60.507
-22.7735 75.1444
-22.9456 63.2563
-23.0339 57.1899
-23.4821 26.1186
-23.6497 14.5447
-23.7101 10.4165
-23.7081 10.6228
-23.6753 12.9723
-23.454 28.4164
-23.6071 17.8494
-23.6578 14.3967
-23.9172 -3.557
-24.6012 -51.0107
-24.7759 -63.0822
-24.6188 -52.0976
-24.5525 -47.4193
-24.4428 -39.7252
-23.9031 -2.16028
-23.3384 37.1415
-23.6214 17.5497
-24.3511 -33.0823
-24.3765 -34.7772
-24.1873 -21.56
-24.4496 -39.7136
-24.2917 -28.6706
-24.4752 -41.3524
-23.6885 13.3769
-23.4834 27.6945
-23.7174 11.5029
-23.6914 13.3784
-24.0401 -10.7793
-23.6991 12.9848
-24.2173 -22.9523
-24.0617 -12.0708
-24.1353 -17.1151
-24.1154 -15.6582
-24.4705 -40.2657
-24.067 -12.1608
-23.5353 24.8522
-23.512 26.542
-23.5868 21.4122
-23.4772 29.097
-23.3735 36.3696
-23.7822 8.044
-23.9299 -2.14587
-23.7861 7.91308
-24.1087 -14.4291
-23.9885 -6.00647
-23.7513 10.5409
-23.8803 1.64745
-23.704 13.9634
-23.8621 3.0487
-24.1946 -19.9827
-23.7891 8.2596
-24.0673 -11.0014
-24.2612 -24.3985
-24.6691 -52.6723
-24.8363 -64.222
-24.847 -64.8964
-24.8068 -62.0304
-24.705 -54.8895
-24.7049 -54.8109
-24.6491 -50.8657
-24.0823 -11.4188
-23.5274 27.2109
-23.3754 37.8369
-23.8163 7.27448
-23.4191 34.9401
-23.705 15.1461
-23.7773 10.1906
-23.8452 5.54165
-24.228 -20.9835
-24.1713 -16.9721
-24.1833 -17.7396
-23.9053 1.64793
-23.7502 12.4938
-24.0272 -6.68501
-23.2158 49.7589
-23.3954 37.3535
-23.986 -3.61121
-24.2721 -23.42
-24.0681 -9.17761
-23.5898 24.1215
-23.4362 34.8674
-23.042 62.3248
-23.6485 20.2498
-24.6176 -47.0089
-24.7447 -55.774
-24.5895 -44.9155
-23.9857 -2.89802
-23.7297 14.9584
-23.8582 6.1016
-23.7707 12.2482
-23.4354 35.6179
-23.1896 52.7626
-23.0765 60.6887
-23.0232 64.4619
-23.4389 35.6464
-23.7547 13.7748
-24.0374 -5.79552
-23.8208 9.3259
-23.5741 26.5354
-23.6859 18.8388
-23.4381 36.1226
-23.7809 12.3737
-24.0617 -7.06312
-23.9461 1.03289
-23.7204 16.7885
-23.7591 14.1655
-23.8541 7.63233
-23.5054 31.9299
-23.5663 27.7737
-23.8693 6.78704
-23.6598 21.4126
-23.5064 32.1444
-23.5379 30.0211
-23.5747 27.5338
-23.3431 43.697
-23.2427 50.7429
-23.6918 19.6037
-23.6639 21.6174
-23.5466 29.8344
-23.992 -1.04249
-23.7588 15.231
-23.7098 18.7062
-24.1893 -14.5446
-24.1501 -11.7503
-24.0214 -2.74037
-23.7032 19.4433
-23.749 16.3283
-23.3974 40.8261
-22.6975 89.5248
-22.9274 73.6193
-23.3541 44.043
-23.5805 28.3793
-23.7698 15.2989
-23.5523 30.4799
-23.4262 39.3087
-23.4815 35.537
-23.6261 25.5627
-23.5317 32.1869
-23.6018 27.3862
-23.5383 31.867
-23.8995 6.84632
-23.5757 29.409
-23.8886 7.7376
-24.525 -36.4037
-24.2926 -20.192
-24.3521 -24.254
-24.4079 -28.0646
-24.8243 -56.9258
-24.4553 -31.2202
-23.442 39.2552
-23.2454 52.9831
-24.1789 -11.8011
-24.6015 -41.0941
-24.5018 -34.1022
-23.5111 34.8049
-23.3028 49.3446
-23.4838 36.837
-23.5551 31.9568
-23.6419 25.9925
-23.3726 44.7724
-23.1797 58.2468
-23.5431 33.0654
-23.9385 5.66589
-23.5432 33.1974
-23.0031 70.7898
-22.9878 71.9261
-23.5455 33.2491
-24.2705 -17.0581
-24.1231 -6.74697
-23.1956 57.7653
-23.2871 51.4758
-24.2031 -12.0952
-24.1131 -5.7703
-23.4349 41.4192
-23.2026 57.624
-23.4981 37.1633
-23.4059 43.6407
-23.7503 19.7838
-23.7466 20.1076
-23.7437 20.3767
-23.6985 23.5849
-23.4201 43.0018
-23.7058 23.2187
-23.7558 19.8176
-23.6898 24.4692
-23.4072 44.1771
-23.3933 45.2086
-23.7131 23.0628
-23.5406 35.1131
-23.3181 50.6444
-23.4991 38.1387
-23.4186 43.7985
-23.2027 58.869
-23.709 23.7584
-24.1513 -6.90113
-23.9475 7.32754
-23.6899 25.2947
-23.5746 33.3795
-24.1014 -3.15276
-24.0238 2.30392
-23.9972 4.22149
-24.0882 -2.027
-23.751 21.4712
-23.2927 53.3807
-23.2504 56.3868
-23.558 35.0882
-23.756 21.3998
-24.1234 -4.05673
-24.1292 -4.39016
-23.9643 7.13308
-23.2057 59.9083
-23.1503 63.8306
-22.9947 74.7121
-23.0076 73.8845
-23.5769 34.3982
-23.9987 5.16091
-23.667 28.2746
-23.9597 8.00895
-24.2813 -14.2672
-24.6446 -39.4366
-24.4415 -25.259
-24.2864 -14.4086
-24.2883 -14.4737
-23.849 16.1177
-23.3318 52.1259
-23.2162 60.2253
-23.7299 24.6041
-24.0629 1.53709
-24.2948 -14.5072
-24.3477 -18.1155
-24.3511 -18.2774
-24.2656 -12.2669
-24.0505 2.74168
-24.1607 -4.84533
-23.9613 9.08412
-23.8843 14.4975
-24.1007 -0.467002
-23.5795 35.8149
-23.6262 32.6444
-23.5761 36.1888
-24.0873 0.742523
-23.7803 22.1418
-23.2066 62.07
-23.3561 51.754
-23.3569 51.7698
-23.1469 66.4309
-23.4388 46.2201
-23.8778 15.7868
-24.3951 -20.084
-24.1037 0.231952
-23.8313 19.2242
-23.5463 39.0946
-23.5671 37.7183
-23.5414 39.5734
-23.7894 22.4144
-23.728 26.7523
-23.2635 59.0911
-23.4292 47.6501
-23.4222 48.2013
-23.441 46.9698
-23.6489 32.596
-23.8813 16.5138
-24.2725 -10.594
-24.396 -19.1093
-24.1241 -0.145639
-23.3755 51.9325
-23.6595 32.2729
-23.9751 10.4155
-24.0016 8.6423
-23.6208 35.1701
-23.3464 54.3082
-23.4871 44.6008
-23.5525 40.1262
-23.4821 45.0833
-23.5754 38.6728
-23.585 38.0723
-23.2793 59.3825
-23.3579 53.9939
-23.3598 53.9288
-23.1109 71.293
-23.2161 64.0527
-23.295 58.6386
-23.7723 25.5476
-24.0949 3.20411
-23.9747 11.6263
-23.6903 31.454
-24.4344 -20.18
-24.4006 -17.7569
-24.2928 -10.1985
-24.2805 -9.27666
-24.6712 -36.3484
-24.0914 4.00443
-24.0545 6.63494
-24.1051 3.19063
-23.903 17.3002
-23.516 44.2582
-23.5067 44.9739
-23.6709 33.6358
-23.7196 30.318
-23.5606 41.4364
-23.9036 17.676
-24.1761 -1.18635
-24.442 -19.5896
-24.6708 -35.4236
-24.6883 -36.5643
-24.9971 -57.9502
-24.8207 -45.6265
-24.5051 -23.6312
-24.0287 9.53753
-24.3032 -9.46481
-24.117 3.54046
-24.3468 -12.3557
-24.3671 -13.691
-24.2208 -3.46039
-23.7242 31.1148
-24.1112 4.29405
-23.9077 18.5031
-24.1106 4.47684
-23.9294 17.1361
-23.9761 13.9593
-23.6868 34.1287
-23.4066 53.6633
-23.3832 55.3612
-23.7 33.4161
-23.8389 23.8414
-24.0166 11.5627
-24.1135 4.90037
-24.101 5.83801
-24.2277 -2.90075
-24.215 -1.94519
-23.8356 24.4838
-23.6229 39.3286
-23.439 52.1801
-23.8231 25.5619
-23.3901 55.7167
-23.5037 47.8896
-23.3698 57.2623
-22.8863 90.9266
-22.7207 102.503
-23.1639 71.7789
-23.585 42.5903
-23.4111 54.7411
-23.4753 50.3512
-23.3051 62.2455
-23.3657 58.1076
-23.2922 63.2824
-23.4481 52.5192
-23.3261 61.0668
-23.0749 78.5849
-23.8428 25.3025
-23.4946 49.5693
-23.5374 46.6595
-23.7167 34.2733
-23.6621 38.1351
-23.944 18.619
-23.8739 23.5594
-23.6614 38.3949
-23.6489 39.3327
-23.5155 48.6713
-23.3579 59.6902
-23.5393 47.1559
-23.9614 17.901
-23.7713 31.174
-23.6536 39.4203
-23.2772 65.6412
-23.7797 30.7977
-23.4927 50.8097
-23.1245 76.4643
-23.2237 69.6382
-23.375 59.194
-23.0129 84.4239
-23.3808 58.9289
-23.8187 28.5792
-24.197 2.35963
-24.2488 -1.16418
-24.0103 15.4745
-23.8199 28.7695
-23.8664 25.6118
-23.6787 38.7175
-23.6049 43.9203
-23.7479 34.049
-23.627 42.5221
-23.6536 40.7445
-23.4313 56.2586
-23.1741 74.1963
-23.0353 83.9079
-23.4769 53.2946
-23.6169 43.6431
-23.6 44.8868
-23.9507 20.5876
-23.9139 23.2133
-23.9301 22.1552
-23.6717 40.1767
-23.7718 33.2938
-23.4495 55.7578
-23.6778 39.9638
-23.5275 50.4749
-23.9109 23.9105
-23.753 34.9446
-23.7453 35.549
-23.7381 36.1197
-23.7874 32.7691
-24.1372 8.52931
-24.315 -3.75437
-24.4015 -9.69167
-24.083 12.5081
-23.8047 31.9104
-23.5866 47.1371
-23.725 37.5911
-23.6289 44.3317
-23.7022 39.3093
-23.5541 49.6738
-23.4678 55.7382
-23.3975 60.6871
-23.3437 64.4972
-23.4448 57.5444
-23.6837 41.0168
-23.937 23.4835
-23.6799 41.4197
-23.4753 55.7033
-23.3154 66.8802
-23.7882 34.0994
-23.6502 43.7595
-24.0575 15.5256
-24.2255 3.92784
-24.4598 -12.2862
-24.7198 -30.2781
-24.9201 -44.127
-24.4937 -14.4335
-24.5663 -19.4033
-24.3907 -7.13473
-24.3788 -6.23831
-24.7984 -35.3246
-25.0266 -51.1055
-24.898 -42.101
-24.416 -8.54619
-24.2603 2.34419
-24.6258 -22.9861
-25.2342 -65.1821
-24.8699 -39.8032
-24.5167 -15.1964
-24.1646 9.33899
-23.9416 24.8986
-24.7212 -29.1936
-24.8731 -39.6775
-24.7242 -29.263
-24.886 -40.4396
-25.3289 -71.139
-24.9284 -43.2466
-24.6816 -26.0265
-24.5086 -13.9365
-24.0057 21.0724
-23.902 28.35
-23.7527 38.7933
-23.517 55.2368
-23.6577 45.5302
-24.4083 -6.54847
-24.4174 -7.11552
-24.4862 -11.8222
-24.0739 16.8937
-24.2065 7.74957
-24.0348 19.743
-24.0672 17.5671
-23.8133 35.274
-24.1533 11.7211
-24.447 -8.6158
-24.339 -1.04098
-23.7297 41.3592
-23.4286 62.3507
-23.6493 47.0844
-23.9991 22.8545
-24.2128 8.07128
-23.5342 55.2902
-23.3759 66.3574
-23.7183 42.6378
-23.8902 30.7655
-24.2578 5.29731
-24.2616 5.09683
-23.5263 56.2582
-23.5121 57.311
-22.6477 117.444
-23.2643 74.666
-23.3071 71.7624
-23.6919 45.0955
-23.4159 64.3419
-23.3355 70.0021
-23.483 59.8187
-23.4978 58.8625
-23.9737 25.8647
-24.6885 -23.7296
-24.7507 -27.9826
-24.5253 -12.2485
-24.3124 2.6143
-24.435 -5.83873
-24.3616 -0.664307
-24.2924 4.21033
-24.3151 2.70484
-23.9385 28.9378
-23.8315 36.4396
-23.8627 34.3402
-23.6915 46.3044
-23.9889 25.7111
-23.6318 50.5955
-23.8541 35.2192
-23.6093 52.2975
-23.7678 41.3566
-24.2322 9.15887
-24.1994 11.5052
-24.0711 20.4864
-23.8283 37.4309
-23.5988 53.4442
-23.9145 31.5802
-23.7015 46.444
-23.6386 50.8855
-23.6612 49.3827
-23.8149 38.7781
-23.9501 29.4499
-24.2599 7.9988
-24.3853 -0.646395
-24.1716 14.2731
-23.9107 32.4693
-23.8221 38.6927
-23.9275 31.442
-23.9972 26.6691
-23.7908 41.0763
-23.769 42.6599
-23.8163 39.4406
-23.5781 56.0628
-23.6243 52.9247
-23.6857 48.7245
-23.6958 48.0961
-23.5128 60.878
-23.6458 51.7033
-23.5562 58.0029
-23.5096 61.306
-23.6117 54.2847
-23.8289 39.2611
-23.9701 29.5247
-23.651 51.7629
-23.3758 70.9501
-23.331 74.1353
-23.2534 79.5955
-23.7677 43.9294
-24.2212 12.4951
-24.3078 6.54313
-23.9813 29.2979
-23.4713 64.8056
-23.6625 51.5854
-23.9506 31.6376
-24.406 0.0717702
-24.7297 -22.3548
-24.6054 -13.647
-24.8402 -29.8923
-24.9897 -40.2065
-25.1008 -47.8586
-24.4987 -5.95586
-24.683 -18.6915
-25.2426 -57.4974
-24.7559 -23.6177
-24.3052 7.76786
-24.4401 -1.53527
-24.8839 -32.298
-24.6322 -14.741
-24.1773 16.9315
-23.7674 45.4804
-23.8672 38.6166
-23.7695 45.4746
-23.9621 32.1631
-24.457 -2.15394
-24.485 -4.02679
-24.1116 21.9824
-23.6385 54.9262
-23.8926 37.3355
-23.977 31.5433
-23.7684 46.1086
-23.7741 45.777
-23.6248 56.2196
-24.4187 1.13259
-25.1865 -52.1474
-25.3437 -62.9941
-25.6371 -83.3144
-25.6809 -86.2844
-25.2014 -52.9021
-24.7458 -21.1758
-25.0432 -41.7719
-24.8885 -30.953
-24.3853 4.07586
-23.6982 51.8901
-24.0226 29.4207
-24.4819 -2.42776
-24.568 -8.33742
-24.3633 5.95771
-24.0365 28.7327
-23.6571 55.159
-23.8642 40.8396
-23.9653 33.8871
-23.9017 38.3699
-24.1315 22.4747
-23.6237 57.8272
-23.9235 37.0644
-24.0144 30.8176
-23.9486 35.4637
-23.4102 72.9407
-23.6371 57.2423
-24.0553 28.2544
-24.6132 -10.4325
-24.7241 -18.0736
-24.8373 -25.8696
-24.5254 -4.13037
-23.969 34.603
-23.3895 74.9361
-23.9427 36.5656
-24.8191 -24.2541
-24.4589 0.839348
-24.2997 11.9737
-23.9239 38.1499
-23.8345 44.4331
-23.9686 35.1814
-24.4656 0.725492
-24.4119 4.52183
-24.3438 9.32095
-24.4274 3.58212
-24.9518 -32.7807
-25.0634 -40.4651
-24.8373 -24.6842
-24.1224 25.0553
-23.3945 75.6993
-23.6711 56.5507
-24.0745 28.5896
-24.386 7.02025
-24.8248 -23.3982
-25.1561 -46.3517
-24.5247 -2.40751
-24.3196 11.906
-24.8705 -26.299
-24.6779 -12.8482
-24.3018 13.3524
-24.0895 28.1734
-24.073 29.389
-24.0469 31.2759
-24.0413 31.7344
-24.324 12.1556
-24.4926 0.515146
-24.2569 16.9581
-23.9088 41.2173
-23.7161 54.6703
-23.5654 65.2124
-23.8456 45.8112
-23.7052 55.6393
-24.0032 35.0053
-23.6932 56.6113
-23.8519 45.6563
-24.0767 30.1049
-23.7046 56.0271
-23.6867 57.3385
-24.1162 27.5714
-24.5421 -1.94994
-24.6026 -6.08399
-24.3211 13.5426
-23.4923 71.1927
-23.3718 79.637
-23.8478 46.6356
-23.9499 39.6118
-24.0062 35.7705
-23.6856 58.1141
-23.7406 54.3574
-24.3133 14.6373
-24.5981 -5.07857
-24.7936 -18.5907
-24.3781 10.3451
-24.0269 34.8185
-23.9439 40.6534
-24.0921 30.4278
-24.0486 33.519
-23.9464 40.6855
-23.9134 43.0475
-24.3692 11.4517
-24.3587 12.2513
-24.0978 30.4455
-23.7428 55.1825
-23.5935 65.6264
-23.8996 44.4277
-23.6372 62.7227
-24.0395 34.8472
-23.7355 56.0345
-24.0994 30.8185
-23.9351 42.3056
-23.7981 51.8948
-24.1047 30.6597
-24.1834 25.2594
-24.6293 -5.65018
-24.9107 -25.1306
-24.3733 12.2744
-23.3744 81.7498
-23.3374 84.3892
-23.5805 67.5715
-24.1337 29.205
-24.2903 18.3894
-24.2498 21.2756
-24.1789 26.2725
-24.2264 23.0413
-24.116 30.7766
-23.8153 51.7398
-24.072 33.9722
-24.3107 17.4617
-24.1227 30.5895
-23.9837 40.3182
-23.8205 51.7267
-23.7805 54.5725
-23.9074 45.8314
-24.0145 38.4586
-24.3628 14.3235
-24.8314 -18.1639
-24.5417 2.03716
-24.289 19.6599
-24.0327 37.5403
-24.1975 26.1578
-24.7304 -10.7971
-24.6657 -6.23324
-24.5264 3.51898
-23.6258 66.1546
-23.438 79.2776
-23.5963 68.3436
-23.5336 72.775
-24.092 34.0433
-24.8318 -17.2853
-24.8534 -18.7177
-24.3393 17.074
-24.677 -6.32572
-25.0941 -35.234
-24.3147 18.9864
-23.8592 50.7075
-23.7345 59.4363
-23.7524 58.2622
-24.1182 32.9187
-23.8733 50.0023
-23.3717 84.921
-23.6471 65.8564
-24.2871 21.4643
-24.1777 29.1317
-24.2886 21.4935
-24.4898 7.58475
-24.6751 -5.21689
-24.0947 35.1806
-24.3781 15.5589
-24.6591 -3.89529
-24.7577 -10.6779
-24.791 -12.9258
-24.497 7.57103
-24.6711 -4.45363
-24.5363 4.98484
-24.6799 -4.92436
-24.8141 -14.1788
-24.8866 -19.1474
-24.87 -17.9227
-24.6702 -3.97225
-24.4299 12.7909
-24.242 25.9185
-24.6632 -3.27725
-24.6152 0.124616
-24.5518 4.60072
-24.1213 34.5813
-24.3502 18.746
-24.2101 28.5466
-23.7544 60.2774
-23.6607 66.8586
-24.0185 42.0705
-24.3281 20.6292
-24.041 40.6462
-23.8462 54.2462
-23.0606 108.905
-23.4419 82.4751
-23.4319 83.243
-23.8385 55.0602
-23.8615 53.5358
-23.7549 61.0098
-23.5389 76.0869
-23.7854 59.0325
-23.8238 56.4337
-23.842 55.2389
-24.0314 42.1441
-24.2413 27.631
-24.504 9.4503
-24.5551 5.96922
-24.3969 17.0266
-24.3329 21.5446
-24.3253 22.1444
-24.1859 31.8963
-24.0705 39.9826
-23.8107 58.1019
-23.7698 61.0165
-23.823 57.3913
-24.1763 32.9101
-23.7298 64.0008
-23.2902 94.6178
-23.1706 102.993
-23.6875 67.1508
-24.11 37.8673
-24.4519 14.1838
-24.8843 -15.7892
-24.9013 -16.9057
-24.4417 15.0945
-24.0921 39.4576
-24.0819 40.2326
-24.425 16.4639
-24.2641 27.715
-24.1935 32.6874
-23.8529 56.4205
-23.5996 74.0919
-23.3547 91.1747
-23.247 98.729
-23.4494 84.7358
-24.0527 42.8867
-23.8664 55.9012
-23.2678 97.5646
-23.307 94.9075
-23.7389 64.9678
-23.892 54.4004
-23.8345 58.4637
-23.8014 60.8383
-23.3879 89.6325
-23.7636 63.6033
-24.2036 33.0984
-24.0983 40.488
-23.6755 69.9293
-23.4412 86.2803
-23.5228 80.6816
-23.9027 54.3564
-24.6212 4.4988
-24.9154 -15.8706
-24.8669 -12.433
-24.9299 -16.7358
-25.1046 -28.8079
-25.1284 -30.3931
-25.5551 -59.9648
-25.3068 -42.6491
-25.4375 -51.656
-25.5227 -57.5045
-25.3732 -47.0529
-25.1801 -33.5629
-25.3008 -41.879
-25.1822 -33.5757
-23.9139 54.6186
-23.7213 68.0661
-24.4703 16.0962
-25.149 -30.9866
-24.5855 8.23196
-24.5756 8.99353
-24.6319 5.14549
-24.5229 12.7899
-24.597 7.71093
-24.873 -11.3918
-24.805 -6.59833
-25.0112 -20.861
-24.6424 4.83776
-24.7297 -1.16358
-24.4242 20.1323
-24.0323 47.4305
-24.663 3.68328
-24.9783 -18.1524
-24.5068 14.6742
-24.0364 47.4274
-24.0593 45.9046
-24.1976 36.366
-24.251 32.7237
-23.7564 67.1557
-23.6198 76.7198
-23.8161 63.1468
-24.5502 12.2158
-25.0733 -24.0581
-24.7633 -2.45187
-24.4834 17.0632
-24.2993 29.925
-23.9675 53.0498
-23.7728 66.6472
-23.6983 71.8888
-23.6043 78.4893
-23.4782 87.3185
-23.7203 70.5671
-23.8908 58.7901
-24.1772 38.9608
-24.2104 36.7299
-24.0381 48.7681
-24.146 41.3378
-24.2985 30.8166
-24.6808 4.32373
-24.7299 0.976337
-24.6099 9.38605
-24.4436 21.013
-24.1366 42.4068
-24.1124 44.1583
-24.401 24.1771
-23.9341 56.6901
-23.9647 54.6316
-24.0572 48.2708
-24.0067 51.855
-24.0256 50.6111
-23.6497 76.7967
-23.6373 77.7232
-23.5054 86.9596
-23.6338 78.1097
-24.09 46.4812
-24.5272 16.1723
-24.3049 31.6888
-23.763 69.409
-23.739 71.1469
-23.7898 67.6878
-23.46 90.6724
-23.5689 83.1704
-23.6236 79.4401
-24.3226 30.9428
-24.4753 20.4064
-24.4983 18.8809
-23.974 55.3767
-23.7834 68.69
-24.3858 26.9003
-24.298 33.0719
-23.6804 76.0548
-23.2897 103.267
-24.1981 40.2219
-24.484 20.4238
-23.9164 59.9294
-23.6856 76.0411
-23.4316 93.7538
-23.5817 83.3963
-23.926 59.5439
-23.9619 57.1184
-24.1413 44.7206
-23.8841 62.6642
-23.71 74.8317
-23.5989 82.6196
-23.3909 97.1404
-23.8113 68.0002
-23.5308 87.5606
-23.6077 82.2871
-23.7682 71.2047
-23.5412 87.044
-23.7658 71.5058
-23.564 85.595
-23.9733 57.2278
-24.1515 44.919
-23.9371 59.8805
-23.8349 67.0555
-23.7505 72.9908
-24.052 52.1091
-24.0687 51.0155
-24.5641 16.6688
-24.6939 7.72089
-24.6356 11.8418
-23.8536 66.2388
-23.3618 100.478
-23.0114 124.898
-23.3521 101.292
-23.667 79.4869
-24.1456 46.3004
-23.9445 60.3427
-23.6609 80.1194
-23.7906 71.1768
-24.164 45.2992
-23.7232 75.9953
-23.2154 111.345
-23.3411 102.684
-23.6294 82.7245
-23.9496 60.5447
-24.158 46.1342
-24.0751 51.9645
-23.8441 68.0828
-23.7227 76.586
-23.4605 94.8756
-23.5591 88.0953
-23.714 77.4011
-23.9555 60.6931
-23.9494 61.1833
-24.1895 44.5704
-24.1339 48.5026
-23.6759 80.3954
-23.6797 80.1974
-24.0458 54.8295
-24.5134 22.4158
-24.1412 48.3421
-23.735 76.6324
-23.7779 73.7246
-24.0118 57.5391
-24.2151 43.4843
-24.4177 29.4833
-24.2217 43.1686
-23.6847 80.5475
-23.646 83.3028
-23.7694 74.8016
-23.6074 86.1289
-23.8686 68.0511
-23.7705 74.9317
-23.9192 64.6695
-23.4236 99.1715
-23.372 102.832
-23.5541 90.2453
-23.7628 75.8126
-23.7431 77.2544
-23.6983 80.4366
-23.8315 71.251
-24.0402 56.822
-24.1937 46.2247
-24.4252 30.207
-24.5946 18.5073
-24.5818 19.4675
-24.4181 30.9132
-24.2476 42.8299
-24.1167 51.9923
-23.8706 69.1608
-23.735 78.6509
-23.8389 71.5038
-23.8468 71.0195
-23.4058 101.73
-23.3746 103.968
-23.4138 101.313
-23.4621 98.0285
-23.6115 87.7173
-23.5685 90.777
-23.5629 91.235
-23.7589 77.6873
-23.7416 78.9565
-23.7343 79.5354
-23.3263 107.948
-23.6125 88.1338
-23.8689 70.3889
-24.0614 57.086
-23.8713 70.3609
-23.9985 61.5897
-23.8767 70.1251
-23.369 105.472
-23.6164 88.3476
-23.8428 72.686
-24.0394 59.097
-24.2647 43.5128
-24.5214 25.7508
-24.5458 24.1262
-24.2819 42.5297
-23.9738 64.004
-23.947 65.9381
-24.0261 60.5076
-23.9431 66.3486
-24.3999 34.6763
-24.5807 22.1822
-24.37 36.8914
-24.8846 1.20717
-24.7966 7.39013
-24.5592 23.9534
-23.8701 71.9042
-23.4999 97.6968
-23.554 94.0032
-24.045 59.9609
-24.348 38.9789
-24.9029 0.496691
-25.1311 -15.2936
-24.5298 26.5532
-24.0702 58.5589
-24.6252 20.0667
-23.8864 71.4686
-23.7896 78.2592
-24.3753 37.6377
-24.2861 43.9007
-24.1434 53.8865
-24.0599 59.7572
-24.1545 53.2528
-24.2997 43.2383
-24.5148 28.3623
-24.3646 38.8693
-24.4163 35.3453
-24.7191 14.3751
-24.8987 1.96589
-25.0196 -6.36483
-24.7957 9.26161
-24.3515 40.1967
-23.9719 66.6358
-24.0498 61.2948
-24.8439 6.19377
-25.2572 -22.4564
-24.607 22.7906
-24.5715 25.323
-24.7823 10.7466
-24.6654 18.9404
-24.4162 36.3251
-24.4771 32.1595
-24.7193 15.4013
-24.6068 23.2908
-24.1679 53.8508
-23.329 112.21
-23.4348 104.929
-23.4605 103.208
-23.2677 116.676
-23.6276 91.7407
-24.1055 58.6079
-24.2364 49.5834
-24.0961 59.3957
-24.025 64.4102
-23.8728 75.0504
-23.9834 67.4342
-23.3346 112.581
-23.4599 103.945
-23.4533 104.478
-23.5655 96.7478
-23.9417 70.6826
-24.0925 60.27
-24.4228 37.3917
-24.6682 20.4107
-24.8589 7.23602
-24.7009 18.2819
-24.592 25.9147
-24.5952 25.7636
-24.586 26.4703
-24.3773 41.0417
-24.3562 42.5767
-24.1212 58.9724
-24.7802 13.2591
-24.9177 3.76937
-24.8206 10.5879
-25.3696 -27.4853
-25.0925 -8.16276
-25.3075 -23.0295
-25.0033 -1.83057
-24.721 17.8548
-24.8234 10.8134
-24.9537 1.82443
-24.7652 14.9941
-24.4566 36.5039
-24.6047 26.2843
-24.8074 12.2686
-24.6967 20.0277
-24.395 41.0615
-24.5948 27.2496
-24.5719 28.9124
-24.5157 32.8846
-24.5995 27.1316
-24.3633 43.614
-24.1413 59.1089
-24.4195 39.8457
-24.6152 26.3215
-24.5867 28.3696
-24.4563 37.5003
-24.8068 13.2149
-24.6524 24.0116
-24.4626 37.2661
-24.3792 43.136
-24.6181 26.6028
-24.7426 18.0225
-24.4932 35.4172
-24.497 35.2268
-24.7255 19.4167
-24.799 14.3816
-24.4691 37.3758
-24.565 30.7813
-24.7053 21.0981
-24.4669 37.7342
-24.4042 42.159
-24.3102 48.7604
-24.2226 54.9184
-24.5803 30.1358
-24.588 29.6642
-24.3691 44.9454
-24.3688 45.0374
-23.9812 72.0324
-24.2703 52.0197
-24.3778 44.6227
-24.4199 41.7652
-24.4444 40.1318
-24.9106 7.81161
-24.4906 37.0578
-24.6401 26.7429
-24.7376 20.037
-24.7563 18.8067
-25.0503 -1.55098
-25.6499 -43.1419
-25.209 -12.436
-25.1719 -9.7888
-25.4 -25.5708
-25.1066 -5.11425
-24.9795 3.78669
-24.6065 29.7719
-24.3814 45.4802
-24.76 19.2458
-25.042 -0.275228
-25.1832 -10.0161
-25.1088 -4.77961
-25.0351 0.409457
-24.793 17.3028
-24.9057 9.53782
-24.5964 31.0982
-24.5191 36.5424
-24.2543 55.005
-24.1327 63.5216
-24.158 61.8332
-24.4175 43.8782
-24.1547 62.2049
-24.1109 65.3171
-24.262 54.8856
-24.3324 50.0668
-24.3191 51.0625
-24.2704 54.5161
-24.5472 35.3483
-24.077 68.0907
-24.446 42.5206
-24.2154 58.6123
-24.4493 42.4284
-24.1614 62.5032
-24.4126 45.1216
-24.6394 29.429
-24.6557 28.3675
-24.1355 64.5833
-24.2904 53.8876
-24.5711 34.4561
-24.5466 36.2233
-24.2925 53.9524
-24.1667 62.7615
-24.4686 41.8542
-24.9193 10.609
-25.1753 -7.10479
-25.1345 -4.20657
-25.3198 -17.0087
-25.5639 -33.902
-25.4528 -26.1102
-24.9402 9.57418
-24.8724 14.3545
-25.3917 -21.6597
-25.2015 -8.36933
-25.1411 -4.10289
-24.9909 6.39667
-24.6759 28.3558
-24.7454 23.5928
-25.0114 5.18375
-25.0366 3.49914
-24.8033 19.778
-24.8028 19.8826
-25.0735 1.14809
-25.3282 -16.4808
-25.1529 -4.22954
-24.9343 11.0256
-24.598 34.4609
-24.5804 35.7505
-25.1655 -4.82773
-25.1217 -1.71284
-24.9145 12.7478
-24.8079 20.227
-24.7275 25.8807
-24.5149 40.7247
-24.224 60.9997
-23.9326 81.3171
-23.8762 85.307
-24.0875 70.6955
-24.5121 41.2651
-24.7478 24.9534
-24.3832 50.356
-24.3192 54.8733
-24.8307 19.4081
-24.9849 8.75827
-24.681 29.9421
-24.1294 68.3386
-24.2507 59.9825
-24.7398 26.068
-25.0834 2.26596
-24.9301 12.9835
-24.4926 43.4529
-24.7807 23.5025
-24.3794 51.4537
-24.303 56.8335
-24.0773 72.5828
-24.541 40.4399
-24.2814 58.5408
-24.549 40.0226
-24.13 69.2014
-24.3945 50.8954
-24.5451 40.5013
-24.2276 62.6255
-24.3839 51.8403
-24.3151 56.6863
-24.5315 41.7223
-24.5414 41.1066
-23.7183 98.364
-23.6296 104.596
-23.9698 81.0268
-24.145 68.9229
-23.8798 87.4206
-24.1732 67.1031
-24.4148 50.3877
-24.9116 15.9351
-24.3051 58.1468
-24.2507 61.9939
-24.6379 35.1611
-25.0154 9.00528
-24.8904 17.759
-24.5904 38.67
-24.3161 57.8029
-23.814 92.7554
-24.3909 52.7432
-24.2753 60.8401
-23.9933 80.5035
-24.3262 57.4424
-24.0961 73.5
-23.8579 90.1221
-23.5437 112.02
-24.0076 79.8563
-24.2614 62.2952
-24.1039 73.3047
-23.6239 106.723
-23.4119 121.525
-23.3043 129.074
-23.5559 111.66
-23.6823 102.948
-23.8918 88.4616
-23.8199 93.526
-24.027 79.2047
-24.1077 73.6704
-23.8215 93.6212
-24.1691 69.5398
-24.1957 67.7649
-24.2006 67.4923
-24.0794 75.9857
-24.0759 76.2964
-24.1801 69.126
-24.014 80.7321
-24.0326 79.5131
-24.7711 28.272
-25.2227 -3.03309
-25.1685 0.79802
-24.6968 33.6435
-24.3195 59.9251
-23.9995 82.2308
-24.0478 78.944
-24.16 71.2158
-24.0784 76.952
-23.9527 85.758
-23.6682 105.594
-23.9159 88.4566
-24.2123 67.9282
-24.0646 78.2633
-24.3442 58.903
-24.0822 77.1767
-23.8756 91.6012
-23.5489 114.37
-23.6625 106.544
-23.6866 104.94
-23.7721 99.0732
-23.9021 90.1079
-23.9519 86.7142
-23.4271 123.25
-24.0368 80.96
-23.9951 83.9221
-23.9003 90.5822
-24.2284 67.8501
-24.2706 64.993
-24.3126 62.1419
-24.1925 70.5593
-24.6629 37.9421
-24.8918 22.1072
-24.8099 27.8683
-24.8966 21.9139
-24.9388 19.0478
-24.1413 74.5304
-23.9141 90.3838
-23.9901 85.1717
-24.3604 59.5188
-24.1631 73.2928
-23.6444 109.401
-23.9734 86.6136
-23.7917 99.3045
-23.7826 100.009
-24.2979 64.2759
-24.0462 81.8353
-23.6799 107.351
-23.628 111.025
-23.9792 86.695
-23.9363 89.743
-24.6055 43.3212
-24.5813 45.0733
-24.0213 84.0464
-23.8357 97.0153
-23.8542 95.7958
-24.2591 67.7355
-24.1935 72.364
-23.9842 86.975
-24.1488 75.6072
-24.1335 76.7417
-23.4667 123.136
-23.8687 95.2793
-23.66 109.849
-23.9354 90.7829
-23.8611 96.0106
-24.0006 86.3869
-23.9478 90.1306
-23.4558 124.384
-23.8662 95.935
-24.2847 66.9311
-24.0876 80.6942
-24.4335 56.7263
-24.3998 59.1437
-24.2246 71.3824
-24.8821 25.769
-24.8299 29.4668
-24.0738 82.0678
-23.7996 101.186
-23.7916 101.812
-23.7832 102.47
-24.0082 86.9051
-23.9101 93.7906
-23.6582 111.36
-23.8537 97.8461
-23.7101 107.893
-23.4871 123.454
-23.8277 99.8656
-23.6793 110.242
-24.0747 82.8404
-24.214 73.2338
-24.1432 78.2169
-23.7537 105.349
-23.8186 100.915
-23.993 88.8648
-24.0135 87.5056
-24.322 66.1419
-24.2353 72.234
-24.9591 22.0185
-25.0413 16.3787
-24.8576 29.2074
-24.7185 38.9443
-24.4544 57.3634
-24.5419 51.3534
-24.4377 58.659
-23.928 94.1457
-24.2011 75.2358
-23.785 104.218
-24.128 80.4537
-23.8332 101.009
-24.3098 67.9669
-24.2973 68.9
-24.4716 56.8589
-24.65 44.5393
-24.1686 78.0514
-24.0376 87.2266
-23.855 99.9803
-24.0421 87.0489
-24.3582 65.1549
-24.7138 40.519
-24.3204 67.9221
-24.1692 78.4996
-24.3579 65.4538
-24.135 81.0129
-24.5621 51.4065
-24.0604 86.3336
-23.8487 101.114
-23.9313 95.4407
-23.7382 108.926
-24.2378 74.2871
-24.4603 58.8954
-24.0636 86.5259
-23.9033 97.737
-24.0268 89.2231
-24.0866 85.1384
-24.2639 72.8925
-24.1978 77.5558
-24.3928 64.0759
-24.7333 40.4857
-25.0087 21.4215
-24.9922 22.6332
-24.7031 42.7913
-24.4465 60.6875
-24.2726 72.8445
-23.9671 94.1363
-23.9307 96.7383
-24.0257 90.2012
-23.5114 126.01
-23.4297 131.755
-23.9944 92.5895
-23.9875 93.1347
-23.889 100.051
-23.7238 111.599
-23.9997 92.4968
-24.1436 82.5704
-23.7708 108.537
-23.1759 149.942
-23.7566 109.664
-24.1563 81.9662
-23.8461 103.589
-23.7174 112.599
-23.9264 98.1459
-23.8024 106.828
-23.6036 120.713
-23.7913 107.742
-23.4267 133.144
-23.3608 137.793
-23.7839 108.464
-24.0132 92.5998
-23.9138 99.58
-23.8957 100.907
-23.8869 101.584
-23.3316 140.236
-23.7541 110.952
-23.8913 101.49
-24.0224 92.4503
-23.4233 134.146
-23.3056 142.389
-24.0205 92.7905
-24.1266 85.4873
-23.7966 108.484
-23.7494 111.836
-23.2852 144.157
-23.4182 134.981
-23.7624 111.142
-23.8736 103.482
-24.1635 83.4103
-23.7598 111.526
-23.6855 116.76
-23.3625 139.268
-23.3262 141.861
-23.5578 125.84
-23.889 102.896
-23.6711 118.11
-23.8111 108.452
-23.7069 115.757
-23.6957 116.608
-24.0492 92.1147
-24.2222 80.1667
-23.9369 100.058
-24.1372 86.2068
-24.3208 73.5212
-23.7174 115.518
-24.0807 90.3452
-23.9407 100.142
-23.8338 107.636
-23.7571 113.034
-23.8102 109.416
-23.918 101.994
-23.857 106.3
-24.0654 91.8957
-24.128 87.6144
-23.4256 136.483
-23.5673 126.71
-23.9938 97.1439
-23.8775 105.294
-23.8776 105.36
-24.1665 85.3534
-23.8829 105.128
-23.6878 118.754
-24.2051 82.8839
-23.7306 115.916
-23.1971 153.055
-23.9035 104.048
-23.4036 138.846
-23.0417 164.059
-23.8053 111.076
-23.796 111.794
-23.4043 139.079
-23.6584 121.489
-23.4397 136.756
-23.3151 145.485
-23.4946 133.081
-23.2247 151.9
-23.4135 138.856
-23.6054 125.591
-23.4977 133.144
-23.0864 161.788
-23.7622 114.903
-23.703 119.09
-23.4281 138.255
-23.8035 112.242
-23.4135 139.409
-23.7475 116.273
-23.9998 98.8139
-23.7088 119.099
-23.8964 106.136
-23.9438 102.911
-23.2581 150.623
-24.0093 98.4979
-24.0147 98.1921
-23.4263 139.149
-23.5639 129.655
-23.9839 100.545
-23.8612 109.136
-23.7373 117.816
-24.0232 98.0209
-23.8606 109.386
-24.0458 96.5876
-24.3291 76.9753
-23.8718 108.816
-24.1985 86.1871
-24.053 96.3667
-24.1037 92.9143
-23.8351 111.646
-23.5097 134.325
-24.0523 96.6965
-23.93 105.264
-23.8737 109.245
-23.6414 125.45
-23.5982 128.525
-23.8925 108.142
-23.6939 122.012
-23.6999 121.666
-23.8249 113.051
-23.3504 146.085
-23.4651 138.19
-24.1607 89.9274
-23.4685 138.087
-23.6464 125.801
-23.8315 113.008
-23.9456 105.151
-23.8464 112.112
-23.7506 118.839
-23.9313 106.352
-23.8613 111.281
-23.8929 109.155
-23.5734 131.429
-23.098 164.529
-23.4812 137.97
-23.6229 128.199
-24.0105 101.337
-23.3003 150.745
-22.9892 172.436
-23.6105 129.337
-23.9105 108.559
-23.213 157.09
-23.2703 153.177
-24.1132 94.6866
-24.369 76.9832
-23.5977 130.645
-23.8948 110.066
-24.1595 91.7461
-23.4733 139.494
-23.3704 146.714
-23.5241 136.105
-23.659 126.798
-23.27 153.893
-23.9135 109.255
-24.1031 96.153
-23.7274 122.322
-23.6771 125.886
-23.6524 127.678
-23.6739 126.251
-23.943 107.626
-23.7775 119.193
-23.4953 138.869
-23.5861 132.63
-23.6005 131.699
-23.0648 168.983
-23.6479 128.545
-23.9148 110.069
-23.8871 112.064
-23.7931 118.666
-23.5589 135.002
-23.7614 121.004
-23.9576 107.444
-23.8956 111.821
-23.7502 121.995
-23.803 118.392
-23.7766 120.293
-23.7959 119.025
-23.9256 110.083
-23.9933 105.448
-23.478 141.317
-23.8677 114.312
-23.7964 119.334
-23.8202 117.75
-23.8306 117.101
-23.9392 109.622
-24.0172 104.272
-23.9579 108.461
-23.6711 128.462
-23.7778 121.119
-24.0949 99.1569
-24.062 101.508
-23.852 116.168
-23.8273 117.953
-24.1457 95.9
-24.0309 103.945
-23.9914 106.76
-24.0058 105.828
-23.7929 120.694
-23.7381 124.566
-24.0153 105.38
-23.6898 128.066
-23.6251 132.629
-23.884 114.708
-24.1281 97.817
-24.6453 61.9516
-24.3054 85.6385
-23.9108 113.125
-23.695 128.189
-24.0637 102.641
-23.7072 127.483
-23.8492 117.681
-24.4047 79.1563
-24.014 106.371
-23.8804 115.721
-23.9284 112.459
-24.0918 101.174
-24.1088 100.064
-23.8297 119.526
-23.532 140.276
-23.7226 127.103
-23.7617 124.459
-23.6519 132.157
-23.9546 111.194
-23.5308 140.71
-23.6924 129.551
-24.0594 104.119
-23.5919 136.67
-23.3192 155.691
-23.74 126.524
-23.686 130.342
-23.6328 134.106
-23.512 142.571
-23.6602 132.347
-24.0339 106.446
-23.4133 149.639
-23.2179 163.282
-23.319 156.328
-23.1478 168.292
-23.5102 143.185
-23.5146 142.943
-23.6007 137.033
-23.8492 119.837
-23.5449 141.047
-23.8589 119.304
-23.8138 122.508
-23.7354 128.025
-23.7314 128.368
-23.6215 136.072
-23.7481 127.346
-23.7328 128.483
-24.0294 107.943
-23.6618 133.553
-23.6132 137.002
-23.7229 129.447
-23.858 120.129
-24.4898 76.3009
-24.2983 89.677
-24.0648 105.971
-23.7574 127.393
-24.0777 105.211
-24.0939 104.159
-23.529 143.475
-23.7093 131.016
-23.9835 112.032
-23.7376 129.19
-23.4307 150.584
-23.7524 128.298
-24.1105 103.486
-23.7377 129.46
-24.1437 101.321
-24.3919 84.1438
-23.8453 122.192
-23.5321 144.021
-24.0587 107.506
-23.8404 122.739
-23.9645 114.189
-23.6552 135.746
-23.5225 145.035
-23.485 147.716
-24.0176 110.774
-23.6441 136.794
-23.5303 144.771
-23.8506 122.586
-23.7821 127.42
-24.2238 96.7963
-23.8849 120.412
-24.0323 110.241
-24.1549 101.793
-23.9343 117.193
-24.0473 109.41
-23.9732 114.626
-23.8694 121.91
-23.6087 140.09
-24.0113 112.185
-23.6923 134.419
-23.6591 136.799
-24.1982 99.4072
-23.783 128.328
-23.9346 117.867
-24.2213 98.0135
-23.6304 139.137
-23.9625 116.132
-23.8887 121.333
-23.8286 125.575
-23.9726 115.644
-23.9079 120.206
-23.4357 153.085
-23.8897 121.608
-23.833 125.615
-24.0546 110.288
-24.1619 102.904
-23.9451 118.038
-23.9073 120.733
-23.8382 125.607
-23.5358 146.683
-23.9552 117.617
-24.3751 88.5066
-24.1214 106.208
-24.2802 95.2397
-23.8079 128.124
-24.0781 109.426
-23.9068 121.394
-23.6887 136.614
-23.9364 119.477
-24.1767 102.848
-24.7804 60.9744
-24.8962 53.0009
-24.7261 64.8873
-24.4817 81.9358
-24.2186 100.283
-24.2694 96.8253
-24.7918 60.6002
-25.178 33.8355
-24.9405 50.4063
-24.9339 50.9321
-24.8915 53.9512
-25.0602 42.3
-25.2374 30.0587
-25.1665 35.0554
-24.4789 82.8937
-24.3113 94.6121
-24.8451 57.5945
-25.0262 45.078
-25.0805 41.3735
-25.1405 37.2773
-25.2151 32.1642
-25.0694 42.3514
-24.8394 58.4034
-24.6157 74.0185
-24.337 93.4505
-23.8263 128.998
-23.5058 151.341
-23.5927 145.37
-23.6837 139.121
-23.6823 139.283
-23.8189 129.866
-23.4939 152.514
-23.3787 160.588
-23.8622 127.061
-23.1259 178.293
-23.0973 180.346
-22.9701 189.257
-23.4625 155.109
-23.5492 149.158
-23.8286 129.815
-24.5983 76.4063
-25.1738 36.4924
-25.0004 48.6084
-24.5347 81.0343
-24.6154 75.4938
-24.6619 72.3375
-24.6708 71.7862
-24.665 72.2608
-24.9214 54.515
-24.9145 55.0623
-25.0795 43.6643
-25.139 39.6017
-25.2326 33.1671
-25.3644 24.0827
-25.3472 25.3465
-25.2562 31.7409
-25.1844 36.7944
-25.4365 19.348
-25.2698 31.0023
-24.5179 83.3096
-24.3145 97.5116
-23.7443 137.201
-23.7639 135.911
-24.2215 104.187
-24.5411 82.0479
-24.9881 51.0585
-24.8311 62.0359
-24.5041 84.8295
-24.3218 97.5656
-24.2822 100.384
-24.1987 106.253
-24.1809 107.557
-23.8726 129.05
-23.6915 141.701
-23.5377 152.457
-23.8865 128.292
-23.7578 137.302
-23.5973 148.526
-23.8622 130.191
-23.9066 127.171
-23.8273 132.757
-23.667 143.963
-23.8839 128.963
-23.9384 125.245
-23.8149 133.893
-24.199 107.272
-23.9434 125.103
-23.93 126.106
-23.6668 144.464
-23.7008 142.168
-23.9802 122.824
-24.1932 108.098
-24.0322 119.349
-23.7818 136.818
-23.4486 160.039
-23.555 152.713
-23.8334 133.442
-24.3176 99.8689
-24.5486 83.8858
-24.8875 60.4129
-24.9344 57.2243
-24.8667 61.9955
-24.6079 80.0497
-23.8829 130.488
-23.8143 135.322
-23.6041 149.996
-24.1335 113.283
-24.068 117.909
-24.1652 111.224
-24.3396 99.1752
-24.152 112.281
-24.0728 117.85
-24.1596 111.886
-24.6504 77.8613
-24.4482 91.9791
-24.5945 81.882
-24.0094 122.599
-23.9328 127.997
-24.1762 111.151
-23.6922 144.847
-23.5336 155.937
-23.6206 149.961
-23.56 154.241
-23.6673 146.855
-23.8016 137.6
-24.204 109.708
-24.5286 87.2247
-24.7151 74.3387
-24.6682 77.6643
-24.1424 114.262
-23.9502 127.687
-24.0467 121.052
-23.9959 124.655
-24.1716 112.513
-24.1278 115.625
-23.8936 131.968
-23.5812 153.745
-23.614 151.536
-23.9862 125.744
-23.6367 150.096
-23.5778 154.261
-24.0136 124.049
-24.4561 93.3729
-24.7779 71.0841
-25.0024 55.5581
-25.3498 31.4854
-25.2999 35.0228
-25.0276 54.0118
-24.8671 65.2366
-25.1235 47.4859
-25.3843 29.437
-25.3563 31.4549
-25.1381 46.6825
-25.0605 52.1456
-25.1873 43.4018
-25.5368 19.1935
-25.178 44.1859
-25.2674 38.0453
-25.2675 38.108
-25.3648 31.421
-25.2304 40.8269
-25.7169 7.09359
-25.7776 2.94929
-26.0583 -16.4841
-25.7551 4.64726
-25.9742 -10.5062
-25.5491 19.0978
-25.0037 57.0639
-25.0929 50.9329
-25.7718 3.83738
-25.663 11.4662
-25.6203 14.4993
-25.3124 35.959
-25.1735 45.6843
-24.8568 67.754
-25.0058 57.474
-25.2614 39.7847
-25.3187 35.8723
-25.5696 18.5101
-25.4806 24.7649
-25.1679 46.5593
-25.2977 37.6087
-25.4328 28.2939
-25.8199 1.46321
-25.3952 31.0449
-25.1124 50.7629
-25.0334 56.3222
-25.264 40.3698
-25.5806 18.437
-25.4833 25.2667
-25.4925 24.7013
-25.8374 0.804878
-25.9066 -3.93494
-25.3179 37.041
-24.6134 86.0562
-24.9778 60.806
-24.9366 63.7371
-24.8774 67.9241
-24.9237 64.7764
-25.2811 40.0161
-25.6664 13.3155
-26.0526 -13.4479
-25.9056 -3.16561
-24.9194 65.42
-24.048 126.032
-23.548 160.845
-23.8413 140.536
-23.9401 133.739
-24.0062 129.214
-23.8752 138.386
-23.8501 140.203
-24.0079 129.307
-23.9983 130.043
-24.2291 114.08
-24.348 105.885
-24.101 123.117
-23.7386 148.362
-23.9488 133.832
-23.9253 135.533
-24.6 88.7276
-24.7293 79.814
-24.4839 96.9286
-24.5835 90.0819
-24.609 88.3762
-24.4659 98.3881
-24.0524 127.19
-23.8818 139.109
-24.3156 109.039
-24.0041 130.751
-24.1421 121.236
-24.151 120.687
-24.4533 99.7504
-24.4603 99.3342
-24.2328 115.208
-24.222 116.031
-24.217 116.446
-24.1573 120.663
-24.1377 122.095
-23.9568 134.734
-24.0266 129.954
-23.9037 138.559
-23.9806 133.289
-23.4272 171.809
-23.8357 143.498
-23.3133 179.861
-23.7898 146.823
-23.685 154.171
-24.5381 94.9718
-25.0661 58.3568
-25.4486 31.8489
-25.5573 24.3633
-26.1126 -14.1484
-25.811 6.88166
-25.487 29.456
-26.1513 -16.6238
-26.5168 -41.9485
-26.2771 -25.2258
-26.2244 -21.494
-26.1082 -13.3539
-26.0121 -6.60619
-26.0194 -7.04401
-26.064 -10.0756
-26.3612 -30.6571
-26.3921 -32.7308
-25.8889 2.2967
-25.8398 5.77795
-25.5462 26.2473
-25.6844 16.7145
-25.4667 31.9087
-24.9578 67.3422
-24.5574 95.2281
-24.7903 79.1189
-25.5264 28.0446
-25.5105 29.2169
-25.3397 41.1527
-25.3206 42.546
-25.0296 62.8347
-24.6808 87.1427
-24.9933 65.4954
-24.6125 92.0271
-24.9838 66.2935
-25.3212 42.9258
-25.021 63.8546
-24.7099 85.5323
-23.9787 136.408
-23.7538 152.106
-23.9558 138.141
-23.8597 144.885
-23.7628 151.684
-23.8923 142.758
-23.9466 139.058
-23.3632 179.662
-23.723 154.727
-23.8082 148.883
-23.6326 161.147
-23.6152 162.427
-23.9905 136.424
-24.014 134.859
-23.9128 141.961
-23.7836 151.009
-23.9894 136.778
-23.5776 165.459
-23.698 157.161
-23.6379 161.406
-24.2296 120.365
-23.594 164.596
-23.5465 167.963
-23.4746 173.028
-23.6135 163.452
-23.5778 165.999
-23.9706 138.778
-24.147 126.594
-24.1963 123.233
-24.2828 117.294
-24.0038 136.747
-24.1898 123.897
-24.8063 81.13
-25.1483 57.4376
-25.3257 45.1808
-25.1907 54.634
-25.243 51.0662
-24.9718 69.9804
-25.2573 50.2117
-24.842 79.1399
-24.5541 99.2125
-24.1651 126.309
-24.108 130.341
-23.6836 159.898
-24.4636 105.776
-24.6629 91.9961
-24.3282 115.324
-24.3965 110.644
-23.8609 147.926
-23.925 143.547
-24.4162 109.488
-25.0361 66.4821
-25.1454 58.9568
-25.5168 33.2229
-25.5612 30.2119
-25.3264 46.5893
-25.1844 56.5254
-24.7369 87.6879
-24.1219 130.49
-23.8794 147.408
-23.6861 160.907
-23.8899 146.817
-24.0122 138.391
-23.4228 179.409
-23.7067 159.756
-23.7965 153.581
-23.1154 200.977
-23.3617 183.933
-24.0974 132.883
-24.6326 95.7703
-24.6282 96.1479
-24.454 108.315
-24.6445 95.1522
-24.7798 85.8233
-24.6897 92.1509
-24.3069 118.814
-24.213 125.407
-24.5167 104.382
-24.1429 130.418
-23.9118 146.544
-23.9933 140.954
-23.5095 174.634
-24.1119 132.851
-24.2626 122.45
-24.4049 112.634
-23.6641 164.17
-23.8141 153.818
-24.1413 131.152
-24.2952 120.529
-24.0998 134.175
-23.8823 149.362
-23.6892 162.844
-24.0736 136.207
-23.6474 165.887
-23.7192 160.968
-23.7343 159.989
-24.4953 107.185
-24.9246 77.4266
-25.4171 43.2772
-25.4446 41.4364
-25.5142 36.6717
-25.9413 7.06815
-25.9551 6.17964
-25.812 16.1912
-25.7789 18.5576
-25.4562 41.0489
-25.1357 63.383
-25.3782 46.6094
-25.4788 39.6839
-25.3453 49.0322
-25.431 43.1434
-25.4943 38.8196
-25.1321 64.0514
-25.2404 56.597
-25.4855 39.6368
-25.4063 45.2085
-25.2205 58.1878
-24.9025 80.3509
-24.8683 82.797
-24.7439 91.5119
-24.9349 78.312
-25.3084 52.427
-25.3867 47.0584
-24.8971 81.1463
-24.885 82.055
-25.2293 58.206
-24.8633 83.7035
-24.6989 95.1925
-24.283 124.159
-24.5866 103.131
-25.1625 63.1916
-25.3387 51.0195
-25.4256 45.0537
-25.8404 16.3027
-25.7337 23.7829
-25.5283 38.1225
-25.2412 58.1392
-25.4546 43.3837
-25.4044 46.9405
-25.414 46.3449
-25.3325 52.0766
-25.118 67.0446
-24.7324 93.9084
-24.8108 88.5284
-24.8304 87.2371
-25.3839 48.8519
-25.2524 58.0578
-25.6153 32.9125
-25.7811 21.4648
-25.3837 49.1412
-25.3121 54.1887
-25.4171 46.9641
-25.3852 49.2496
-25.357 51.2742
-26.0877 0.578401
-25.8382 17.9828
-25.9497 10.3031
-25.738 25.0828
-25.8407 18.0163
-25.6647 30.3171
-25.6622 30.5587
-25.224 61.0717
-25.2359 60.3125
-24.7705 92.7223
-25.0901 70.5829
-25.3786 50.6089
-25.4754 43.9537
-25.6583 31.3112
-25.3024 56.1136
-25.2977 56.506
-24.8063 90.7163
-25.1528 66.7145
-25.6226 34.1452
-25.3159 55.5191
-25.4758 44.4794
-25.1404 67.8566
-24.4881 113.245
-24.4152 118.38
-25.027 75.943
-25.421 48.6324
-25.0794 72.4376
-25.4103 49.5192
-25.4952 43.6866
-25.1704 66.3217
-25.4695 45.6131
-25.5463 40.3478
-25.3526 53.8758
-25.086 72.4632
-24.9989 78.5909
-25.5241 42.1657
-25.5743 38.7484
-25.3978 51.0826
-25.2385 62.2202
-25.4046 50.7448
-25.3436 55.0582
-25.4121 50.3661
-25.7345 28.0321
-25.5965 37.6897
-25.4615 47.1386
-25.4891 45.2956
-25.5799 39.0551
-25.7484 27.4195
-25.6302 35.6949
-25.2286 63.6672
-24.6144 106.415
-24.115 141.183
-24.3047 128.069
-24.4441 118.454
-24.4123 120.733
-24.5327 112.441
-24.5539 111.036
-24.6881 101.777
-24.4509 118.33
-24.2561 131.936
-24.0083 149.221
-24.0819 144.175
-24.3547 125.293
-24.5777 109.866
-24.6497 104.936
-24.2375 133.645
-24.7726 96.5348
-24.9364 85.2255
-25.3107 59.2894
-25.8883 19.2241
-25.5137 45.323
-25.6837 33.5778
-25.714 31.5403
-26.0323 9.49592
-25.9156 17.6723
-25.6654 35.1256
-25.9591 14.7887
-25.4647 49.2122
-25.6802 34.3066
-26.1759 -0.0603062
-26.2963 -8.35583
-26.3266 -10.3932
-26.0803 6.79005
-26.0576 8.43133
-25.759 29.2494
-25.5516 43.7295
-25.2541 64.4719
-25.5374 44.8567
-25.0319 80.0501
-24.8772 90.8674
-24.8065 95.8467
-25.0572 78.4977
-25.4759 49.473
-25.6147 39.8988
-25.3956 55.1945
-25.8788 21.6906
-26.0098 12.6603
-25.8362 24.7911
-25.2798 63.5164
-25.4019 55.1009
-25.5145 47.3495
-25.5907 42.1279
-25.5673 43.8224
-25.5243 46.8769
-25.1101 75.7269
-25.5135 47.7639
-25.8975 21.1561
-25.6216 40.3965
-25.6409 39.1243
-25.8969 21.4098
-26.0233 12.6952
-25.4253 54.3134
-25.1553 73.1393
-25.2554 66.2561
-25.1527 73.463
-25.278 64.8212
-25.5617 45.181
-25.5393 46.8105
-24.9584 87.2355
-24.5962 112.474
-24.6356 109.807
-24.4549 122.427
-24.902 91.4327
-25.2241 69.1229
-25.663 38.697
-25.7267 34.3454
-25.6394 40.4752
-25.7353 33.888
-25.5562 46.3985
-25.1674 73.4786
-24.5597 115.775
-24.343 130.896
-24.6854 107.178
-24.5107 119.384
-24.4726 122.099
-24.5566 116.338
-24.9727 87.4957
-24.8756 94.3114
-24.4204 126.006
-24.5385 117.87
-24.9164 91.686
-25.0684 81.1911
-25 86.0174
-25.1831 73.3622
-24.988 86.9852
-25.117 78.0956
-24.6855 108.143
-24.2967 135.229
-24.6097 113.551
-24.657 110.329
-25.1254 77.8557
-25.5703 47.0197
-25.4525 55.2734
-25.562 47.7352
-25.2217 71.4421
-24.696 108.038
-25.2034 72.8564
-25.5383 49.6574
-25.8941 25.0057
-25.4767 54.0774
-24.9668 89.5753
-24.9452 91.146
-25.2241 71.8338
-25.2485 70.2059
-25.1964 73.8991
-25.381 61.1394
-25.2482 70.4381
-24.4262 127.617
-23.886 165.224
-23.4786 193.598
-23.8685 166.578
-24.4725 124.677
-25.0075 87.5804
-25.1864 75.2204
-25.121 79.8315
-25.1516 77.7762
-25.0458 85.195
-24.9032 95.1691
-24.8292 100.382
-24.7388 106.736
-24.4807 124.737
-24.7331 107.272
-24.813 101.789
-24.5129 122.709
-24.3743 132.408
-24.3453 134.488
-24.4633 126.364
-24.797 103.245
-24.2863 138.796
-24.0491 155.349
-23.7434 176.655
-24.0896 152.673
-24.3302 136.024
-24.593 117.834
-24.983 90.8064
-25.0671 85.0365
-24.5291 122.486
-24.2456 142.253
-24.1373 149.846
-24.2847 139.672
-24.0952 152.911
-23.9292 164.515
-24.0017 159.546
-23.6559 183.643
-23.608 187.035
-23.7956 174.071
-24.1819 147.303
-23.9135 166.019
-24.604 118.112
-24.7968 104.787
-24.6761 113.247
-24.4385 129.825
-24.0009 160.298
-24.1873 147.416
-24.0608 156.274
-24.523 124.231
-24.9436 95.0778
-24.7269 110.201
-24.521 124.573
-24.7619 107.91
-24.8638 100.896
-24.8662 100.803
-24.5551 122.488
-23.9692 163.261
-24.0379 158.558
-23.9698 163.361
-24.2081 146.872
-24.3928 134.11
-25.2179 76.8506
-25.0502 88.5744
-24.5227 125.294
-24.4818 128.204
-24.4658 129.381
-24.7426 110.224
-25.0644 87.9298
-24.9533 95.7228
-25.139 82.8917
-24.8023 106.349
-24.3873 135.257
-24.5477 124.177
-24.5403 124.765
-24.9429 96.8591
-25.4262 63.3479
-24.9087 99.3759
-25.4037 65.0515
-24.8155 105.988
-25.3227 70.8168
-25.2888 73.2433
-25.4505 62.0781
-25.4046 65.3347
-25.1731 81.4903
-25.036 91.084
-24.7644 110.024
-24.6139 120.554
-24.5908 122.228
-25.2075 79.4459
-24.8721 102.822
-25.4547 62.4141
-25.6454 49.2347
-25.6704 47.5628
-25.5221 57.9376
-25.2051 80.0343
-25.0823 88.6377
-24.9012 101.287
-25.6064 52.3584
-25.3764 68.4113
-25.069 89.8359
-24.9988 94.7861
-24.8631 104.278
-24.9858 95.8289
-24.7801 110.19
-25.0712 90.0274
-24.843 105.959
-24.924 100.394
-24.8377 106.46
-24.9323 99.9617
-25.215 80.3906
-25.1333 86.1322
-25.3281 72.665
-24.9099 101.796
-24.8151 108.453
-25.3373 72.2362
-25.4344 65.5632
-25.2354 79.4574
-25.3716 70.0649
-25.4707 63.25
-25.5475 57.9811
-25.5527 57.6875
-25.6924 48.0504
-25.3538 71.6448
-25.2239 80.7432
-25.1219 87.8977
-25.2835 76.7408
-25.1798 84.0128
-25.3796 70.2001
-25.104 89.417
-25.0769 91.3743
-25.0817 91.11
-25.2733 77.8628
-25.4402 66.3389
-25.112 89.2127
-25.4617 64.9864
-25.0413 94.2624
-24.7337 115.701
-25.2778 77.9698
-25.0144 96.3424
-25.2576 79.5098
-25.269 78.7887
-24.802 111.306
-24.8323 109.267
-24.8065 111.134
-24.8784 106.204
-24.9505 101.264
-24.6495 122.248
-24.7731 113.727
-24.8375 109.327
-24.9345 102.658
-25.2873 78.2132
-25.5089 62.8831
-25.5263 61.745
-25.2023 84.3294
-24.7615 115.019
-25.0083 97.9432
-25.3745 72.5679
-25.2703 79.8783
-25.207 84.3479
-25.1361 89.3428
-25.2674 80.2908
-25.5111 63.4259
-25.2457 81.9395
-24.9295 103.977
-25.3736 73.1917
-24.653 123.327
-25.062 94.9747
-25.0672 94.6863
-25.1665 87.8591
-24.8791 107.892
-25.0092 98.921
-25.2175 84.5224
-24.9425 103.698
-25.0719 94.773
-24.7774 115.307
-24.8817 108.131
-25.1 93.0329
-25.2344 83.7638
-25.1756 87.9195
-24.8862 108.093
-24.6284 126.074
-24.6539 124.378
-25.0623 96.0659
-24.8174 113.155
-24.7926 114.947
-24.7434 118.432
-25.0485 97.3073
-25.1167 92.6355
-25.0626 96.4623
-25.0102 100.176
-24.9138 106.942
-25.0158 99.9256
-25.0479 97.7667
-24.6964 122.257
-24.8321 112.893
-25.1291 92.3299
-25.0551 97.5438
-25.0843 95.5812
-24.8642 110.946
-24.8177 114.244
-24.6754 124.2
-24.8331 113.316
-25.2402 85.0964
-25.1112 94.1305
-25.0696 97.0933
-25.3728 76.0959
-25.1768 89.7833
-25.0508 98.6053
-24.8858 110.137
-24.7311 120.953
-25.0609 98.1107
-24.9172 108.164
-25.0463 99.2659
-24.9966 102.789
-25.3971 75.0295
-25.3901 75.5875
-25.6129 60.1766
-25.6644 56.6701
-25.5984 61.3244
-25.1561 92.1192
-25.0135 102.101
-25.2935 82.7151
-25.1378 93.6035
-25.4388 72.7587
-25.499 68.6445
-24.825 115.546
-25.164 92.0621
-25.0007 103.473
-25.5642 64.3965
-24.9151 109.561
-24.8998 110.692
-25.1241 95.1827
-25.1331 94.6215
-24.9426 107.927
-25.2094 89.4643
-25.0689 99.29
-25.0252 102.398
-25.0479 100.889
-25.1692 92.5343
-25.0698 99.5092
-25.1268 95.6191
-24.8381 115.743
-25.1851 91.7024
-25.1617 93.4009
-25.3156 82.7766
-24.8614 114.403
-25.1575 93.9016
-24.8355 116.345
-25.0973 98.2247
-25.0673 100.373
-24.9942 105.526
-24.6732 127.899
-24.7227 124.53
-24.9979 105.475
-24.8538 115.559
-24.7005 126.277
-24.4589 143.137
-24.5441 137.284
-24.9264 110.791
-25.0587 101.666
-24.8536 115.991
-24.4152 146.516
-24.4852 141.726
-25.2315 89.939
-25.1283 97.1787
-25.1889 93.0375
-24.9069 112.705
-24.8228 118.615
-25.3903 79.2549
-25.3003 85.5778
-24.9879 107.351
-24.7955 120.792
-25.3477 82.4951
-24.6925 128.086
-24.5148 140.503
-24.4477 145.232
-24.6475 131.421
-25.2056 92.716
-24.9501 110.535
-24.7953 121.36
-24.7143 127.053
-24.9901 107.961
-25.3206 85.0676
-25.1415 97.5837
-25.1479 97.208
-24.9861 108.517
-24.6266 133.564
-24.8966 114.876
-24.5615 138.229
-24.2968 156.691
-24.7426 125.787
-24.6303 133.656
-24.5638 138.346
-24.6665 131.28
-24.6289 133.961
-25.2005 94.3198
-24.9417 112.367
-24.8427 119.315
-24.6299 134.167
-24.7563 125.456
-25.026 106.79
-25.1146 100.7
-24.9135 114.743
-24.7776 124.258
-25.0299 106.793
-25.0445 105.849
-25.0526 105.357
-25.0402 106.292
-24.8088 122.432
-24.7459 126.874
-23.9771 180.358
-24.6992 130.261
-25.3064 88.1377
-25.0731 104.423
-24.8516 119.876
-24.7134 129.552
-25.0235 108.076
-25.3754 83.6922
-25.2136 95.0065
-25.1259 101.172
-25.1738 97.9068
-25.3755 83.9633
-25.1903 96.9017
-24.9641 112.691
-24.6355 135.588
-24.5952 138.46
-24.9021 117.205
-25.4087 82.0727
-24.9375 114.886
-25.4168 81.6533
-25.3958 83.1807
-25.4398 80.19
-25.5292 74.0524
-25.4042 82.802
-25.6769 63.9247
-25.3212 88.7074
-25.3099 89.5627
-25.2165 96.1273
-25.5119 75.6695
-25.3645 85.977
-25.536 74.1315
-25.389 84.4173
-25.3375 88.0614
-25.4916 77.4257
-25.7794 57.498
-25.5742 71.8253
-25.6164 68.9632
-25.8211 54.8095
-25.7747 58.1058
-25.6433 67.3067
-25.5973 70.5725
-25.5043 77.1021
-25.8703 51.7379
-25.8564 52.774
-25.1754 100.158
-24.9051 119.009
-25.2821 92.8835
-25.0972 105.799
-25.7927 57.5475
-25.8842 51.261
-26.0392 40.5603
-25.8483 53.8947
-25.7604 60.0685
-25.8397 54.6328
-25.5753 73.074
-25.8188 56.2222
-25.4968 78.6643
-25.6373 68.9686
-25.586 72.6034
-25.2638 95.0589
-25.1826 100.776
-25.6608 67.6183
-25.5364 76.3273
-25.1345 104.321
-25.3333 90.5779
-25.7804 59.5885
-25.9783 45.9056
-26.0768 39.1301
-25.7693 60.5676
-25.4401 83.5088
-25.6054 72.0919
-25.4963 79.7404
-25.5421 76.629
-25.6072 72.1741
-25.2787 95.0707
-25.4077 86.175
-25.581 74.2037
-25.6582 68.9107
-25.6403 70.2212
-25.5764 74.7301
-25.8269 57.3974
-26.0604 41.2399
-25.9152 51.4031
-25.8042 59.1857
-25.9438 49.5524
-26.1392 36.0481
-25.5458 77.3445
-25.3078 93.9505
-25.6875 67.6406
-25.4891 81.4944
-25.3496 91.2562
-24.8266 127.662
-25.1537 105.001
-25.4565 84.0348
-25.6934 67.6442
-25.2558 98.1153
-25.0797 110.423
-25.1605 104.877
-25.4827 82.5608
-25.4079 87.8277
-25.2809 96.7199
-25.345 92.336
-25.4341 86.2177
-25.275 97.3417
-25.8318 58.7213
-25.6012 74.8146
-25.125 107.97
-25.2791 97.3319
-25.0294 114.749
-24.7741 132.556
-25.0399 114.164
-25.2879 96.9984
-25.5891 76.1414
-25.1469 106.934
-24.5713 146.994
-24.8183 129.904
-24.9458 121.113
-25.2444 100.439
-25.2486 100.219
-24.855 127.632
-25.3112 96.0079
-25.2552 99.9665
-24.991 118.393
-25.1572 106.917
-25.4971 83.3696
-25.4375 87.5802
-25.162 106.79
-25.1791 105.672
-25.2355 101.821
-24.9426 122.242
-24.7775 133.781
-25.2857 98.5394
-25.5151 82.6735
-24.8913 126.081
-24.8233 130.879
-25.5157 82.8377
-25.4948 84.3594
-25.1936 105.361
-25.288 98.8669
-25.6283 75.2947
-25.2142 104.137
-25.6951 70.7895
-25.5456 81.2455
-25.9798 51.1522
-25.769 65.8656
-25.6174 76.468
-25.7642 66.3362
-25.708 70.3129
-25.9593 52.9212
-25.9932 50.6363
-25.7281 69.126
-25.5323 82.7956
-25.6015 78.0591
-25.6813 72.5816
-25.5175 84.0321
-25.7088 70.8164
-25.3276 97.3698
-25.4923 85.9914
-25.7616 67.3545
-25.5398 82.8313
-25.8317 62.6189
-26.1307 41.9132
-25.7976 65.1283
-25.6918 72.5493
-25.5324 83.693
-25.5338 83.664
-25.5782 80.654
-25.4885 86.9511
-25.6377 76.6531
-25.797 65.6581
-26.0159 50.5167
-26.2552 33.9628
-25.8807 60.0476
-25.2169 106.239
-25.7804 67.1565
-25.5192 85.3779
-25.8265 64.0926
-25.9794 53.5388
-26.0505 48.672
-26.2022 38.1976
-26.076 47.0345
-26.1548 41.6333
-25.9713 54.4539
-25.9736 54.3625
-25.8463 63.2739
-25.9085 59.0258
-25.6396 77.7734
-25.2987 101.529
-25.3885 95.3618
-25.5263 85.8582
-25.3863 95.654
-25.6565 76.9504
-25.172 110.679
-25.4711 89.9704
-25.411 94.2114
-25.7383 71.5398
-25.687 75.176
-25.6709 76.3678
-25.6937 74.85
-25.7089 73.8665
-26.2529 36.1341
-26.1107 46.0863
-25.8197 66.3754
-26.0871 47.8638
-26.0829 48.224
-25.8769 62.6057
-25.915 60.0321
-25.7634 70.6301
-26.0432 51.2595
-25.4191 94.6959
-25.5693 84.3277
-25.1904 110.723
-25.4214 94.7419
-25.5931 82.8784
-25.4737 91.2439
-25.4698 91.5876
-25.5598 85.4065
-26.0226 53.3167
-25.7181 74.5472
-25.4062 96.2817
-25.6706 77.9865
-25.1856 111.751
-25.2958 104.161
-24.5398 156.76
-24.5419 156.685
-24.6446 149.615
-24.6763 147.482
-24.8186 137.668
-25.0143 124.14
-24.8357 136.614
-24.9772 126.855
-24.9891 126.096
-25.3755 99.3184
-25.3676 99.9394
-25.2499 108.187
-25.792 70.5937
-25.5964 84.2526
-25.7443 74.0465
-25.7979 70.3886
-25.8836 64.5031
-25.7412 74.4677
-25.8661 65.8612
-25.7382 74.8157
-25.9232 62.0297
-26.1148 48.7881
-25.5344 89.1832
-25.2702 107.61
-25.9492 60.5008
-25.4962 92.0426
-25.856 67.1152
-25.9475 60.8279
-25.6069 84.5608
-25.7244 76.4666
-25.5545 88.3408
-25.3897 99.8644
-25.3358 103.676
-25.4637 94.8601
-25.718 77.2612
-25.8561 67.7366
-25.3311 104.284
-25.8984 64.9379
-25.8664 67.2305
-25.7537 75.1308
-25.4757 94.5112
-25.3259 104.992
-25.509 92.3378
-25.3883 100.791
-25.5754 87.8644
-25.6864 80.2188
-25.5738 88.114
-25.5077 92.7772
-25.4078 99.784
-25.6012 86.4165
-25.6905 80.2836
-25.6962 79.9565
-25.8036 72.5634
-25.893 66.4221
-25.0611 124.288
-25.2138 113.748
-25.4777 95.4821
-25.2924 108.431
-24.9253 134.004
-24.5621 159.306
-24.9478 132.578
-25.1209 120.625
-24.8404 140.184
-24.6162 155.825
-24.6871 150.97
-24.8482 139.845
-24.9614 132.053
-24.6025 157.056
-24.8866 137.388
-25.1113 121.842
-24.9876 130.508
-24.4701 166.531
-24.6452 154.435
-24.6806 152.047
-24.4509 168.079
-25.0502 126.507
-25.1928 116.673
-24.9592 132.967
-25.385 103.455
-25.4309 100.338
-25.1354 120.936
-25.3938 103.054
-25.0164 129.345
-25.1774 118.226
-25.4391 100.109
-25.0543 126.916
-25.0447 127.653
-25.065 126.314
-25.2471 113.728
-25.2199 115.691
-24.9718 132.996
-25.1575 120.164
-25.5081 95.8754
-25.523 94.906
-25.1694 119.547
-25.0529 127.706
-25.1395 121.764
-25.1039 124.302
-25.1028 124.452
-25.4543 100.095
-25.0413 128.862
-25.442 101.092
-25.1136 123.976
-25.361 106.859
-25.2149 117.078
-25.5081 96.7799
-25.3155 110.229
-25.614 89.5569
-25.9439 66.7035
-25.7615 79.446
-25.6599 86.5779
-26.1552 52.2353
-25.4608 100.549
-25.7165 82.8569
-25.6428 88.0436
-25.7717 79.1598
-25.941 67.4612
-25.7071 83.7848
-25.4066 104.735
-25.4626 100.913
-25.188 120.058
-25.3565 108.421
-25.4882 99.3388
-25.5443 95.5156
-25.0162 132.277
-25.0962 126.789
-25.2481 116.302
-25.8026 77.8444
-25.7206 83.6131
-25.9578 67.2032
-25.8127 77.3486
-25.7897 79.0188
-26.1702 52.6538
-25.5891 93.0969
-25.8114 77.7196
-25.649 89.0702
-25.4989 99.5722
-25.2812 114.763
-25.3514 109.954
-25.9116 71.1055
-25.6904 86.5419
-26.0232 63.4917
-25.7464 82.7894
-25.7407 83.2581
-25.4858 101.037
-25.6751 87.9557
-25.3504 110.58
-25.2794 115.587
-25.084 129.231
-24.8166 147.88
-24.7659 151.472
-24.8884 143.03
-25.519 99.2837
-24.945 139.233
-24.9122 141.584
-25.1419 125.695
-25.5105 100.157
-25.5833 95.1626
-25.6602 89.8933
-25.4854 102.105
-25.5595 97.0256
-25.8566 76.4543
-25.6394 91.6165
-25.5952 94.7557
-25.2373 119.692
-25.2078 121.811
-25.404 108.251
-25.2451 119.36
-25.0449 133.338
-25.0938 130.01
-24.7939 150.915
-24.8913 144.216
-24.767 152.922
-24.5735 166.434
-24.8512 147.211
-24.8907 144.537
-24.5513 168.187
-25.0178 135.846
-24.6937 158.434
-24.6461 161.811
-24.8256 149.408
-25.3174 115.307
-25.3049 116.243
-24.6148 164.262
-24.9128 143.624
-25.4689 105.062
-25.5635 98.5585
-24.916 143.61
-24.945 141.666
-25.3874 110.998
-25.3856 111.195
-25.7446 86.3241
-25.2159 123.123
-25.6327 94.2327
-25.4066 110.016
-25.5326 101.33
-25.5318 101.453
-25.4814 105.025
-25.592 97.4078
-25.5242 102.186
-25.3207 116.4
-25.2307 122.723
-25.7204 88.764
-25.1202 130.537
-25.1635 127.6
-25.1562 128.177
-25.0706 134.188
-25.3749 113.117
-25.0767 133.907
-24.745 157.024
-25.1908 126.12
-25.0457 136.266
-24.9249 144.73
-24.8246 151.773
-25.3448 115.698
-25.125 131.036
-25.0278 137.863
-24.9023 146.65
-24.9283 144.912
-24.8853 147.97
-24.6622 163.538
-24.5715 169.908
-24.3289 186.838
-24.7029 160.917
-24.2139 194.963
-24.7084 160.677
-24.5346 172.819
-24.6898 162.109
-24.5477 172.049
-24.8213 153.109
-24.6245 166.856
-24.5743 170.411
-24.8229 153.21
-24.6807 163.161
-25.0842 135.193
-24.7406 159.135
-24.6713 164.017
-24.9076 147.672
-24.4817 177.332
-24.7003 162.211
-24.8452 152.212
-24.8972 148.67
-25.0656 137.042
-24.875 150.353
-24.9853 142.761
-24.7811 157.016
-25.178 129.511
-24.7952 156.172
-25.0808 136.401
-24.9332 146.725
-25.0375 139.549
-24.8326 153.854
-24.9409 146.399
-24.7958 156.549
-25.1049 135.142
-25.2315 126.417
-24.8995 149.552
-25.2426 125.784
-25.5219 106.446
-25.348 118.604
-25.1176 134.677
-24.8592 152.703
-24.8502 153.392
-24.8269 155.086
-24.5228 176.28
-24.5777 172.54
-24.5564 174.084
-24.4418 182.116
-24.3253 190.286
-24.7383 161.657
-24.9518 146.89
-25.3597 118.619
-25.2141 128.806
-25.2498 126.4
-24.8514 154.144
-24.8554 153.94
-24.4734 180.55
-24.8337 155.586
-24.8542 154.227
-24.7333 162.698
-25.4886 110.288
-24.9913 144.912
-25.15 133.953
-24.9023 151.232
-25.0482 141.164
-25.0905 138.301
-25.1434 134.69
-24.9407 148.841
-25.0491 141.385
-25.3138 123.058
-25.3588 120.004
-25.2308 128.97
-25.212 130.34
-25.2919 124.858
-25.1604 134.065
-25.3656 119.876
-25.3994 117.6
-25.349 121.17
-25.4323 115.451
-24.9838 146.682
-25.0513 142.067
-25.3328 122.578
-25.5267 109.17
-25.5627 106.743
-25.4238 116.459
-25.1936 132.522
-25.9879 77.4067
-25.9179 82.3417
-25.8081 90.0395
-26.0145 75.7687
-25.8626 86.3895
-25.8543 87.0357
-25.6063 104.34
-25.7994 90.9881
-25.2711 127.766
-25.3578 121.808
-25.0322 144.501
-24.9937 147.248
-24.727 165.846
-24.9872 147.834
-24.6949 168.219
-24.9757 148.774
-25.2114 132.47
-25.4166 118.279
-25.716 97.5496
-25.624 104.008
-25.5853 106.766
-25.316 125.546
-25.1956 133.982
-25.288 127.631
-24.98 149.105
-25.2027 133.701
-25.0835 142.048
-25.483 114.361
-25.3769 121.803
-25.6994 99.4652
-25.5526 109.735
-25.8872 86.5558
-25.3386 124.74
-25.1819 135.7
-25.7559 95.8888
-25.8343 90.5079
-25.7573 95.9293
-24.9689 150.776
-25.2809 129.168
-25.5224 112.46
-25.2427 131.962
-25.2811 129.362
-25.3193 126.778
-24.965 151.464
-25.15 138.681
-25.1901 135.966
-25.1126 141.416
-24.9969 149.525
-24.7213 168.743
-24.9293 154.362
-25.1358 140.082
-25.8288 92.0061
-25.8309 91.9265
-25.6487 104.658
-25.3612 124.698
-25.2461 132.769
-25.4871 116.09
-25.8598 90.2668
-25.8169 93.3165
-25.8911 88.2297
-26.0831 74.9615
-25.768 96.9215
-25.4044 122.255
-25.2319 134.308
-25.4999 115.761
-25.5102 115.11
-24.9147 156.559
-25.2332 134.496
-25.2065 136.424
-25.3111 129.223
-25.1151 142.912
-24.9458 154.742
-24.9925 151.57
-25.1625 139.825
-25.0752 145.965
-24.8676 160.452
-24.9522 154.649
-25.082 145.698
-25.1195 143.16
-25.1458 141.406
-24.7807 166.837
-24.2883 201.122
-24.7454 169.428
-25.299 131.034
-25.5799 111.592
-25.3142 130.118
-25.2317 135.922
-25.1996 138.22
-25.217 137.08
-25.426 122.631
-25.7023 103.5
-25.7406 100.91
-25.9961 83.2316
-25.7623 99.5394
-25.3026 131.553
-24.484 188.495
-24.291 201.978
-24.5867 181.503
-24.7586 169.628
-25.024 151.259
-24.7759 168.561
-24.8874 160.886
-25.239 136.525
-25.1968 139.525
-25.1229 144.734
-24.7082 173.617
-24.7455 171.093
-25.0581 149.442
-24.6142 180.356
-24.8146 166.498
-24.9509 157.098
-25.058 149.727
-25.2333 137.614
-25.3591 128.944
-25.5307 117.093
-25.1374 144.488
-24.7024 174.781
-24.49 189.608
-24.5727 183.932
-25.0442 151.245
-25.1412 144.573
-24.7935 168.798
-24.7978 168.571
-24.9968 154.813
-25.1843 141.852
-24.7657 171.011
-24.473 191.417
-24.8136 167.821
-25.4306 125.023
-25.8742 94.2677
-26.0179 84.3541
-25.3145 133.295
-24.9201 160.769
-25.0297 153.222
-24.8676 164.557
-25.1232 146.862
-24.9028 162.249
-24.8202 168.059
-24.8759 164.253
-25.1771 143.399
-24.8304 167.555
-25.151 145.347
-25.0035 155.665
-25.0436 152.952
-24.9637 158.571
-24.7761 171.679
-24.4538 194.135
-24.2835 206.039
-24.6938 177.604
-24.9965 156.643
-24.8356 167.889
-24.7639 172.938
-24.7361 174.941
-24.8154 169.503
-25.1294 147.753
-25.0279 154.876
-24.8915 164.42
-25.2931 136.587
-25.3044 135.876
-25.3223 134.701
-25.1029 150.015
-25.043 154.246
-25.1428 147.377
-25.6867 109.66
-25.9735 89.8041
-26.2203 72.7237
-26.2116 73.3949
-25.9598 90.9648
-25.8816 96.4617
-25.8607 97.9887
-25.6439 113.117
-25.4724 125.104
-25.9308 93.3215
-25.9372 92.9477
-25.8256 100.774
-25.7557 105.698
-25.6586 112.511
-25.6404 113.847
-25.4738 125.494
-25.4476 127.38
-25.3307 135.576
-25.6812 111.294
-26.0281 87.261
-25.415 129.928
-25.6126 116.267
-26.079 83.9292
-25.9121 95.5936
-25.7516 106.814
-25.1717 147.18
-24.709 179.392
-24.4388 198.24
-24.8038 172.944
-25.2024 145.324
-25.3285 136.632
-25.6003 117.813
-25.674 112.765
-25.3712 133.871
-25.2483 142.482
-25.4298 129.937
-25.6931 111.716
-25.3884 132.953
-24.8005 173.87
-24.9666 162.399
-25.975 92.4103
-25.7372 108.999
-25.2922 139.989
-25.5769 120.276
-26.3011 70.0288
-26.1432 81.0673
-25.8062 104.551
-25.4636 128.427
-25.5887 119.799
-26.1628 79.9859
-25.8471 101.987
-25.4204 131.706
-25.4141 132.213
-25.3043 139.911
-25.6061 119.011
-25.6921 113.107
-25.6553 115.733
-25.4825 127.808
-25.3168 139.388
-25.5345 124.335
-25.581 121.17
-25.4487 130.43
-25.3806 135.232
-25.3945 134.337
-25.3922 134.566
-25.3995 134.126
-25.2428 145.084
-24.7881 176.745
-24.6599 185.723
-25.3207 139.879
-25.1287 153.288
-24.8441 173.134
-24.9366 166.776
-24.8828 170.588
-24.797 176.616
-24.6398 187.61
-25.0887 156.489
-25.6107 120.291
-25.157 151.879
-24.9572 165.831
-24.9864 163.875
-24.4566 200.75
-24.767 179.255
-24.8934 170.542
-24.5969 191.215
-25.0789 157.793
-26.0319 91.6499
-25.439 132.915
-24.7818 178.643
-24.8793 171.938
-25.5543 125.112
-25.841 105.263
-25.7431 112.13
-25.4509 132.507
-25.3134 142.129
-25.7897 109.103
-25.7231 113.799
-25.2036 149.964
-25.1168 156.065
-25.0698 159.401
-25.5889 123.402
-25.8121 107.964
-25.5156 128.634
-25.3455 140.52
-25.0073 164.092
-25.1477 154.404
-25.2606 146.628
-25.6014 123.019
-25.4951 130.474
-25.4171 135.965
-25.1284 156.09
-25.2281 149.236
-25.3463 141.092
-25.2974 144.558
-25.1677 153.638
-25.1838 152.588
-25.1078 157.942
-25.1454 155.395
-25.4514 134.202
-26.2014 82.1677
-25.8832 104.342
-25.1738 153.7
-25.21 151.257
-25.4207 136.683
-25.7932 110.873
-25.6015 124.262
-24.8094 179.37
-24.893 173.63
-25.3073 144.909
-25.6297 122.582
-25.7178 116.528
-25.4683 133.937
-25.8517 107.364
-25.3504 142.263
-24.9914 167.277
-25.087 160.708
-25.0234 165.196
-25.4499 135.627
-25.0393 164.225
-25.7262 116.571
-25.9946 97.9921
-26.0812 92.048
-26.2973 77.0982
-25.9851 98.8643
-25.8476 108.486
-25.3567 142.658
-24.2628 218.734
-24.8184 180.199
-25.6845 120.095
-25.5691 128.184
-25.4707 135.086
-25.2231 152.362
-24.6677 191.018
-25.0085 167.41
-25.5687 128.558
-25.3971 140.552
-25.0681 163.479
-24.9232 173.611
-25.1137 160.451
-25.5165 132.528
-25.7862 113.86
-25.5687 129.042
-25.3058 147.38
-25.1305 159.628
-24.6187 195.26
-25.1812 156.245
-25.0171 167.713
-24.6573 192.785
-24.7839 184.057
-24.6578 192.889
-24.8313 180.905
-24.969 171.404
-24.7675 185.477
-25.0484 166.03
-25.2481 152.224
-25.1231 160.974
-25.4586 137.735
-25.0764 164.361
-24.9898 170.443
-24.6862 191.612
-24.452 207.954
-24.8493 180.414
-24.6673 193.134
-24.6214 196.391
-24.6284 195.973
-24.7685 186.308
-25.1229 161.754
-25.2205 155.044
-25.3872 143.529
-25.6648 124.315
-25.2337 154.335
-25.4606 138.636
-25.8532 111.43
-26.1159 93.2484
-26.357 76.5639
-26.0961 94.7653
-26.0585 97.4459
-25.8886 109.321
-26.296 81.0803
-25.8979 108.814
-25.986 102.76
-26.1499 91.4415
-26.2085 87.4423
-26.2292 86.0673
-26.0389 99.3589
-25.6638 125.496
-25.7402 120.253
-25.5681 132.284
-25.7986 116.334
-26.0117 101.6
-25.8266 114.532
-25.9586 105.428
-26.0066 102.16
-25.5651 132.909
-25.6445 127.462
-25.3275 149.555
-25.2159 157.378
-24.588 201.074
-24.8018 186.287
-25.1481 162.298
-24.8124 185.693
-24.7666 188.943
-25.3243 150.26
-25.7054 123.853
-25.9292 108.374
-26.1796 91.0433
-25.9662 105.939
-25.7898 118.266
-25.4845 139.551
-26.0849 97.8996
-25.9046 110.503
-26.072 98.9354
-25.7983 118.026
-26.0067 103.612
-25.8648 113.539
-25.4777 140.505
-25.4042 145.683
-25.1949 160.296
-25.313 152.162
-25.7478 122.016
-26.257 86.7064
-25.8326 116.266
-25.5915 133.09
-25.6827 126.819
-25.879 113.25
-25.6895 126.488
-25.5699 134.865
-25.6763 127.539
-25.9293 110.037
-25.9273 110.243
-25.7527 122.442
-25.9383 109.615
-25.5758 134.874
-25.603 133.053
-25.7935 119.885
-26.0819 99.9182
-25.8483 116.217
-25.4015 147.333
-24.9077 181.711
-24.9928 175.867
-25.1198 167.111
-24.9181 181.197
-24.3781 218.782
-25.0434 172.628
-25.5252 139.221
-25.6556 130.23
-26.207 91.9875
-25.9827 107.643
-26.0778 101.105
-25.9042 113.237
-25.8832 114.768
-25.2651 157.779
-25.5106 140.79
-25.3129 154.601
-24.8505 186.796
-25.3051 155.276
-25.4348 146.338
-25.7484 124.617
-25.7549 124.238
-25.7587 124.044
-25.7361 125.678
-25.4893 142.897
-25.7208 126.882
-25.56 138.122
-25.824 119.853
-25.5707 137.518
-25.4523 145.816
-25.4839 143.686
-25.5056 142.254
-25.5522 139.082
-25.2209 162.17
-25.2828 157.938
-25.5007 142.868
-25.8194 120.798
-25.5042 142.762
-25.7824 123.509
-25.8699 117.494
-25.305 156.818
-25.5209 141.884
-25.5152 142.346
-25.6893 130.319
-25.5117 142.731
-26.0665 104.255
-25.9589 111.8
-25.5206 142.32
-25.6769 131.533
-25.2102 164.023
-25.4231 149.302
-25.127 169.945
-25.1909 165.577
-24.9922 179.453
-25.0466 175.744
-25.4639 146.818
-25.0031 178.904
-24.9282 184.175
-25.2931 158.889
-25.3246 156.771
-25.5891 138.464
-25.4892 145.475
-25.5249 143.065
-25.6803 132.338
-25.7648 126.536
-25.7212 129.636
-25.5364 142.544
-25.921 115.893
-25.5407 142.38
-25.7186 130.092
-25.8778 119.098
-25.7838 125.699
-25.9159 116.595
-25.7686 126.899
-26.0655 106.339
-26.2285 95.0795
-26.1353 101.627
-26.0589 107.002
-25.8483 121.709
-25.605 138.678
-25.839 122.493
-25.8472 121.994
-25.9041 118.106
-25.663 134.925
-26.0285 109.6
-26.1351 102.266
-25.8697 120.774
-26.2449 94.7792
-26.0553 108.021
-26.1468 101.733
-25.9828 113.197
-26.567 72.6784
-26.1269 103.319
-26.0717 107.23
-25.6957 133.424
-25.7678 128.482
-25.8166 125.157
-25.7577 129.322
-26.3032 91.4878
-26.2805 93.1342
-25.8702 121.713
-26.4997 78.0482
-26.2905 92.6516
-26.1393 103.225
-25.989 113.739
-26.0041 112.755
-25.7267 132.101
-26.1047 105.903
-26.0978 106.457
-26.0262 111.503
-26.0815 107.729
-25.7996 127.381
-26.0434 110.51
-26.1106 105.912
-26.0354 111.209
-26.0908 107.431
-25.9131 119.846
-25.8225 126.211
-25.7446 131.691
-25.5575 144.763
-25.8874 121.908
-25.7582 130.953
-25.6626 137.667
-25.8883 122.053
-25.7641 130.754
-25.9004 121.354
-25.7492 131.929
-25.9453 118.37
-26.1499 104.224
-25.8667 123.971
-26.181 102.206
-25.9565 117.869
-26.0683 110.173
-25.9244 120.238
-25.423 155.149
-25.4071 156.319
-26.0144 114.194
-25.9964 115.519
-25.6564 139.211
-25.7634 131.845
-25.9868 116.395
-25.5609 146.052
-25.4116 156.496
-25.5453 147.278
-25.3357 161.91
-25.8286 127.734
-25.7179 135.49
-25.6964 137.057
-24.7459 203.163
-24.6662 208.773
-24.5981 213.574
-24.7853 200.636
-24.8376 197.072
-25.0716 180.882
-25.2737 166.906
-25.4351 155.768
-25.8012 130.398
-25.8757 125.293
-25.888 124.504
-25.7903 131.363
-25.6176 143.435
-25.5734 146.575
-25.9086 123.354
-26.0883 110.94
-25.9803 118.511
-26.3154 95.2973
-25.959 120.129
-26.2926 97.0201
-26.3398 93.8093
-26.4251 87.9501
-26.2549 99.8481
-26.0669 112.977
-26.4088 89.2951
-25.988 118.598
-26.3417 94.0981
-26.0834 112.112
-26.3441 94.0654
-26.2733 99.0577
-26.1292 109.135
-26.5123 82.5889
-26.3794 91.893
-26.4034 90.2963
-26.3595 93.4134
-26.1354 109.052
-26.0043 118.23
-26.0233 116.984
-26.4717 85.8957
-26.286 98.8684
-26.8004 63.201
-26.4288 89.0884
-26.2169 103.879
-25.8394 130.176
-25.8634 128.581
-25.6265 145.11
-25.7927 133.63
-25.8396 130.44
-25.9343 123.928
-25.921 124.922
-25.9013 126.364
-25.8573 129.488
-25.8547 129.738
-25.7961 133.877
-25.6363 145.053
-25.8667 129.111
-26.096 113.25
-25.9224 125.379
-26.3431 96.2229
-26.0869 114.089
-26.0491 116.788
-25.9266 125.367
-25.8678 129.526
-25.589 148.963
-25.8215 132.882
-25.6288 146.339
-25.7777 136.062
-25.6465 145.245
-25.477 157.091
-25.8633 130.321
-25.5218 154.119
-25.7688 137.027
-25.4691 157.919
-25.9992 121.155
-25.8625 130.721
-25.8304 133.024
-25.8054 134.831
-25.5016 156.009
-25.3089 169.465
-25.5549 152.441
-25.6861 143.394
-26.0173 120.453
-25.7559 138.688
-25.5577 152.528
-25.7391 139.995
-25.9543 125.108
-25.7591 138.741
-25.7302 140.821
-25.7521 139.369
-25.5214 155.464
-25.7091 142.493
-25.6306 148.018
-25.4542 160.342
-25.5783 151.791
-25.5159 156.196
-25.6853 144.495
-25.7634 139.139
-25.63 148.473
-25.8412 133.87
-25.6277 148.775
-25.6088 150.157
-25.9307 127.861
-25.6478 147.588
-25.5042 157.633
-25.3042 171.6
-25.3899 165.714
-25.2749 173.775
-25.6048 150.921
-25.4068 164.75
-25.4394 162.55
-25.8335 135.243
-25.3997 165.449
-25.6035 151.357
-25.3967 165.795
-25.414 164.662
-25.8965 131.21
-25.7464 141.711
-26.0121 123.315
-26.2093 109.688
-26.0042 124.006
-26.1151 116.367
-25.5615 154.901
-25.5189 157.93
-26.1489 114.228
-25.8791 133.049
-25.9164 130.522
-26.1234 116.207
-25.7359 143.203
-25.8184 137.54
-26.0093 124.344
-26.2961 104.49
-26.1065 117.729
-26.2697 106.46
-26.3688 99.6481
-26.3614 100.229
-25.9141 131.38
-26.0015 125.373
-25.8572 135.471
-26.0154 124.547
-26.5621 86.631
-26.2727 106.812
-26.4427 95.0666
-26.3705 100.153
-26.8464 67.1599
-26.946 60.3087
-26.9004 63.5485
-26.6816 78.8153
-26.6916 78.1896
-26.8603 66.5403
-26.846 67.6025
-26.6094 84.112
-26.7012 77.8042
-26.7545 74.1722
-26.9479 60.7994
-26.8633 66.7452
-26.8032 70.994
-26.7845 72.3654
-26.2485 109.673
-26.2006 113.068
-26.2268 111.322
-26.0376 124.535
-26.354 102.618
-26.7312 76.4813
-26.6586 81.5948
-26.9139 63.9286
-26.5395 90.0105
-26.738 76.2901
-26.7937 72.4882
-27.1052 50.9124
-26.807 71.7018
-26.7431 76.2127
-26.5148 92.1446
-26.6184 85.0179
-26.6647 81.8654
-26.6413 83.5648
-26.6145 85.4954
-26.1015 121.206
-26.3124 106.626
-26.7864 73.7565
-26.561 89.4856
-26.3433 104.682
-26.5525 90.2151
-26.8311 70.9308
-26.8895 66.9416
-26.5172 92.8762
-26.1439 118.884
-26.6067 86.8028
-26.8647 68.9419
-27.2454 42.5651
-27.4068 31.4215
-27.3907 32.6044
-27.2215 44.4344
-27.5109 24.3963
-27.4495 28.7273
-27.1142 52.0966
-26.8177 72.7624
-26.5617 90.6225
-26.7761 75.7961
-26.9217 65.7482
-26.9384 64.6557
-26.7784 75.8406
-26.6308 86.1664
-26.7763 76.1292
-26.7267 79.6431
-26.4086 101.815
-26.1285 121.342
-26.4669 97.9013
-26.2756 111.264
-26.6545 85.0074
-26.8576 70.9676
-26.6776 83.5422
-26.3265 108.008
-26.2324 114.616
-26.3504 106.485
-26.5707 91.2469
-26.6844 83.4136
-26.2769 111.797
-26.2693 112.395
-26.817 74.4088
-26.8431 72.6715
-26.798 75.8678
-27.0133 60.9833
-27.036 59.4765
-26.7428 79.9125
-26.9751 63.8421
-26.6856 84.0291
-26.5354 94.5328
-26.3123 110.106
-26.3596 106.888
-26.3795 105.57
-25.7362 150.342
-26.2636 113.764
-26.3058 110.901
-26.2452 115.181
-26.1667 120.709
-26.3183 110.244
-26.4329 102.346
-26.7829 78.1046
-26.4477 101.46
-26.568 93.1681
-26.4278 102.984
-26.2566 114.949
-26.283 113.184
-26.5644 93.6979
-26.4031 104.978
-26.4549 101.448
-26.569 93.586
-26.7606 80.3433
-26.4475 102.171
-26.9263 68.9724
-27.0454 60.7671
-27.2311 47.9305
-26.7805 79.3129
-26.8413 75.153
-26.7602 80.8562
-26.3748 107.705
-26.4343 103.639
-26.7124 84.3923
-27.1764 52.2218
-27.2975 43.8764
-27.1041 57.3828
-27.1423 54.7962
-27.1535 54.0903
-27.2933 44.4475
-26.828 76.8417
-26.4206 105.222
-26.718 84.6288
-27.2646 46.7162
-26.9192 70.7823
-26.3744 108.709
-26.0411 131.937
-26.2339 118.606
-26.7072 85.791
-26.8307 77.2849
-26.9239 70.8737
-26.6341 91.0817
-27.4418 35.0317
-27.2783 46.4632
-27.41 37.377
-27.5015 31.0889
-26.8726 74.8566
-26.6442 90.798
-26.8986 73.1913
-26.808 79.5543
-26.8041 79.8972
-26.8644 75.7706
-26.5447 98.0587
-26.1529 125.347
-26.165 124.575
-26.8041 80.2438
-26.5999 94.4962
-26.5411 98.6546
-26.8163 79.6009
-26.3978 108.747
-26.8601 76.6983
-26.8328 78.6609
-26.6257 93.1208
-26.4091 108.243
-26.426 107.14
-26.6798 89.5735
-26.6049 94.8428
-26.8495 77.9222
-27.0644 63.0558
-26.5635 97.9316
-26.1874 124.129
-26.6652 91.0023
-26.9669 70.1132
-27.2565 50.061
-26.7745 83.6213
-26.7706 83.9582
-26.7639 84.4955
-27.2013 54.1737
-26.9628 70.8134
-27.024 66.6331
-27.0665 63.7501
-26.6081 95.666
-26.5707 98.3337
-26.7542 85.6561
-26.4464 107.111
-26.3911 111.021
-26.7337 87.2881
-26.9916 69.4404
-27.1688 57.1944
-27.1312 59.8749
-27.318 46.9696
-27.1518 58.5875
-26.9151 75.1026
-27.1628 57.957
-26.9391 73.5732
-27.3406 45.7443
-27.3028 48.4386
-27.5202 33.4041
-27.3364 46.2474
-27.4152 40.8405
-27.1191 61.4815
-27.1316 60.6827
-27.2381 53.3557
-27.2407 53.2403
-27.2235 54.5064
-27.4669 37.6616
-27.4331 40.0826
-27.3115 48.5988
-27.3644 44.9947
-27.2467 53.2446
-26.763 86.9159
-27.0906 64.227
-27.3435 46.7223
-27.2065 56.3138
-26.8451 81.4924
-27.2008 56.8503
-27.0384 68.2007
-26.7027 91.5913
-26.3513 116.078
-26.5131 104.91
-26.7035 91.7449
-27.0913 64.8711
-27.1245 62.6374
-26.9029 78.0979
-27.409 43.0059
-27.166 59.9605
-27.4501 40.292
-27.1878 58.586
-27.2236 56.1669
-27.4194 42.6338
-26.8706 80.8312
-27.0096 71.2439
-26.4864 107.663
-26.9411 76.1441
-26.5862 100.87
-26.4564 109.959
-26.3369 118.329
-26.6628 95.7541
-26.5058 106.734
-26.9042 79.1211
-27.0992 65.6413
-26.8327 84.2269
-26.7012 93.4322
-26.6765 95.224
-26.8662 82.1091
-26.7255 91.9524
-26.9598 75.7469
-26.9749 74.7675
-27.0632 68.7019
-26.5261 106.087
-26.4155 113.844
-26.3875 115.858
-25.9109 149.038
-26.4633 110.729
-26.5342 105.873
-26.2298 127.089
-26.422 113.804
-26.3033 122.12
-26.5684 103.777
-26.49 109.291
-26.1406 133.639
-26.6629 97.4187
-26.5954 102.175
-26.6735 96.8224
-26.5604 104.745
-26.4277 114.038
-26.0661 139.227
-26.3466 119.811
-26.4195 114.817
-26.7967 88.6757
-27.1628 63.3088
-26.9086 81.0425
-26.3967 116.675
-26.7032 95.447
-26.4595 112.454
-26.3363 121.084
-26.4479 113.396
-26.5542 106.084
-26.086 138.68
-26.3422 120.951
-26.7141 95.1806
-26.9682 77.5931
-26.6576 99.2471
-26.7615 92.0917
-26.4793 111.772
-26.4012 117.27
-26.5261 108.656
-26.4346 115.087
-26.5643 106.142
-26.2939 125.002
-26.3487 121.259
-26.62 102.482
-26.8582 86.0002
-27.5318 39.2688
-27.8987 13.8443
-27.5296 39.5623
-27.6175 33.5255
-27.8681 16.1793
-27.8073 20.4773
-27.8075 20.5305
-28.1764 -5.02746
-28.0401 4.50724
-28.1552 -3.41774
-28.1858 -5.47242
-27.9792 8.94719
-28.0903 1.29985
-28.3386 -15.8823
-28.0283 5.74687
-27.5092 41.8841
-27.3787 51.0188
-27.3126 55.6771
-27.8345 19.4892
-28.1306 -1.01479
-27.8716 17.0517
-27.4963 43.1982
-27.3468 53.6484
-27.415 48.9857
-27.6397 33.4378
-27.7452 26.1828
-27.278 58.7126
-27.2343 61.8129
-27.422 48.8469
-27.6573 32.5679
-28.2984 -11.9102
-27.9959 9.18152
-27.7379 27.1734
-27.9247 14.2614
-27.8663 18.3878
-27.2629 60.3848
-26.7887 93.3974
-26.7822 93.9205
-27.3205 56.5886
-27.4991 44.253
-27.0224 77.4407
-27.3833 52.4378
-27.4028 51.1499
-27.6413 34.6465
-27.7525 26.9894
-27.8174 22.5524
-28.1293 0.948738
-28.4291 -19.8058
-28.2374 -6.41906
-27.979 11.6032
-28.5925 -30.9532
-28.6952 -38.0206
-28.7823 -43.9996
-28.7264 -40.0474
-28.7568 -42.0909
-28.9541 -55.7319
-28.558 -28.1384
-28.2088 -3.81055
-28.0651 6.24506
-28.6087 -31.453
-28.5011 -23.9111
-28.3974 -16.6353
-28.1453 0.953798
-28.3103 -10.442
-28.6401 -33.2871
-28.1641 -0.145115
-28.4366 -19.0077
-28.6898 -36.531
-28.5264 -25.1131
-28.5795 -28.7322
-28.4275 -18.0995
-28.5159 -24.1696
-28.3246 -10.8142
-28.1166 3.71145
-28.0879 5.7734
-28.1256 3.22525
-27.9392 16.2456
-27.7297 30.8728
-27.9323 16.8646
-27.8849 20.2246
-27.9727 14.1929
-27.6796 34.6255
-28.0358 9.94622
-27.8098 25.7194
-27.566 42.7289
-28.0184 11.3651
-27.9169 18.4894
-27.4699 49.6159
-27.547 44.3258
-27.6407 37.8885
-27.7623 29.5095
-28.1599 1.95054
-28.1392 3.46265
-27.9404 17.3396
-27.7239 32.4552
-27.696 34.4609
-27.3676 57.3499
-27.5767 42.8894
-27.4516 51.654
-27.8864 21.5073
-28.1131 5.82834
-27.8934 21.1634
-27.529 46.5487
-27.5307 46.4994
-27.6642 37.2957
-28.1955 0.454664
-28.135 4.72705
-27.9348 18.7043
-28.0955 7.61072
-28.0383 11.6537
-27.8253 26.5213
-27.7358 32.8061
-28.0318 12.3112
-28.4751 -18.4207
-28.5367 -22.632
-28.6652 -31.4878
-29.0498 -58.1433
-28.6427 -29.7871
-28.4243 -14.5433
-28.088 8.89377
-28.4753 -17.9469
-28.2146 0.233203
-28.4945 -19.1437
-28.7679 -38.0649
-28.5172 -20.5825
-28.662 -30.5742
-28.384 -11.1862
-28.3573 -9.26003
-28.2419 -1.17256
-28.2296 -0.247305
-28.2775 -3.51172
-28.2344 -0.44592
-27.9926 16.422
-28.1828 3.27963
-28.3985 -11.6382
-28.2845 -3.65028
-28.1999 2.30092
-28.3188 -5.89162
-28.4947 -18.0438
-28.3123 -5.30037
-27.9785 17.96
-27.5573 47.2965
-28.0457 13.4332
-28.0942 10.1284
-28.5061 -18.4204
-28.2727 -2.13211
-28.2085 2.39988
-28.1381 7.35828
-28.1349 7.65017
-27.7615 33.6607
-27.4749 53.6428
-27.788 31.9608
-28.0016 17.1866
-28.0152 16.3162
-28.0901 11.1807
-27.7587 34.2707
-27.4773 53.8925
-27.3523 62.6489
-26.829 99.0767
-26.8513 97.5992
-27.0172 86.1421
-26.5705 117.246
-26.6429 112.285
-27.252 70.0348
-28.2167 3.07544
-27.7921 32.6486
-27.4589 55.8706
-27.2928 67.4809
-27.8389 29.6074
-28.3477 -5.67531
-27.8962 25.7643
-27.6565 42.4847
-28.0366 16.1464
-28.2962 -1.81977
-28.7547 -33.6059
-28.6826 -28.5305
-28.1269 10.1483
-28.1683 7.34607
-28.1431 9.16554
-27.9613 21.8654
-28.2376 2.73686
-28.5271 -17.3049
-28.4257 -10.1915
-27.9775 21.0145
-27.5352 51.8183
-27.6588 43.3019
-27.7304 38.3913
-27.9659 22.0997
-28.5754 -20.177
-28.6724 -26.8496
-27.9576 22.8877
-27.6308 45.6632
-27.4977 54.9757
-27.3777 63.388
-27.4503 58.4101
-27.3624 64.5906
-27.4124 61.1829
-27.3569 65.1055
-27.4802 56.6089
-27.6587 44.2769
-27.4918 55.9416
-27.5265 53.6001
-27.6394 45.8306
-27.6919 42.2504
-27.8954 28.178
-27.7304 39.7154
-27.4346 60.3352
-27.1485 80.2853
-27.4433 59.8704
-27.9622 23.8875
-27.7746 36.9901
-27.9285 26.3676
-27.7895 36.091
-28.4489 -9.65098
-28.1574 10.6739
-28.1232 13.1175
-28.1584 10.744
-27.9739 23.633
-27.708 42.1736
-27.2188 76.2308
-27.6423 46.8746
-27.6267 48.0327
-27.8008 36.0011
-27.9594 25.0575
-27.8888 30.0301
-27.4825 58.3274
-27.7022 43.1338
-27.3029 70.9419
-27.722 41.8949
-28.1712 10.7539
-28.1358 13.2863
-28.4036 -5.25301
-28.5214 -13.37
-28.1011 15.9029
-27.8387 34.2059
-27.9292 27.9888
-27.8067 36.5642
-27.77 39.1873
-27.758 40.0888
-27.4552 61.1996
-27.8712 32.3657
-28.2789 4.10383
-28.5538 -14.922
-28.3765 -2.53882
-28.5877 -17.1403
-28.74 -27.6557
-28.6619 -22.1561
-28.4469 -7.14952
-28.9147 -39.5823
-29.4706 -78.1335
-29.4933 -79.6449
-29.5422 -82.9698
-28.8801 -36.9025
-28.8287 -33.257
-28.7737 -29.3681
-28.3849 -2.28814
-28.0869 18.4891
-27.9453 28.3984
-28.5007 -10.1198
-28.5011 -10.0805
-28.9362 -40.2445
-28.5848 -15.757
-28.8351 -33.0813
-28.8738 -35.698
-28.8505 -34.0067
-28.7485 -26.8552
-28.6083 -17.0438
-28.7765 -28.6609
-28.312 3.68485
-28.2315 9.34154
-28.5673 -13.9184
-28.8519 -33.6176
-29.2295 -59.7872
-29.4288 -73.5625
-28.851 -33.347
-28.703 -22.9962
-28.5988 -15.6909
-28.589 -14.9392
-28.8136 -30.471
-29.3221 -65.7373
-28.8804 -34.9772
-29.0341 -45.5874
-29.1032 -50.3164
-29.0272 -44.9688
-28.7805 -27.7542
-28.9285 -37.972
-28.8313 -31.148
-28.9198 -37.2262
-29.1165 -50.8213
-29.1039 -49.8814
-28.9602 -39.8245
-29.4112 -71.0908
-29.4033 -70.4713
-29.2322 -58.5153
-29.4191 -71.4331
-29.314 -64.0619
-29.056 -46.0616
-28.9741 -40.3052
-29.0862 -48.0253
-28.7281 -23.0706
-28.8422 -30.9354
-28.6752 -19.2562
-28.9212 -36.2841
-28.9021 -34.8826
-28.672 -18.8315
-28.9368 -37.156
-28.4201 -1.18684
-28.5523 -10.3033
-28.5849 -12.4974
-28.366 2.78019
-28.8881 -33.4248
-28.9898 -40.4234
-28.8144 -28.1671
-29.069 -45.7862
-28.9112 -34.7507
-29.1044 -48.1104
-29.4807 -74.1853
-29.5664 -80.0691
-29.8018 -96.3509
-29.8433 -99.1649
-29.7801 -94.7055
-29.7791 -94.5658
-29.3801 -66.7768
-29.5922 -81.4434
-29.2298 -56.1944
-29.1479 -50.4346
-29.2878 -60.0843
-29.1925 -53.3918
-29.1225 -48.4598
-29.2046 -54.0976
-28.94 -35.6409
-29.1214 -48.176
-29.1354 -49.0823
-28.9306 -34.7832
-29.3745 -65.5537
-29.4384 -69.924
-29.4966 -73.9002
-29.1454 -49.4295
-29.1859 -52.1689
-29.1856 -52.0802
-29.0114 -39.9101
-28.9975 -38.8755
-29.0306 -41.1066
-29.1379 -48.4875
-28.9309 -34.0366
-28.6938 -17.4981
-28.5717 -8.94176
-28.2204 15.5356
-28.2096 16.3553
-28.1923 17.6275
-28.3219 8.6937
-28.5092 -4.24945
-28.6985 -17.3359
-28.764 -21.817
-28.6641 -14.8029
-28.5398 -6.09952
-28.6858 -16.1774
-29.0022 -38.0879
-29.1914 -51.1665
-29.229 -53.7055
-29.555 -76.2846
-29.0597 -41.8026
-29.2002 -51.4957
-28.8794 -29.1365
-28.8042 -23.8453
-29.1885 -50.4777
-29.0253 -39.067
-28.679 -14.9379
-28.8134 -24.2069
-28.7592 -20.3695
-28.738 -18.8276
-28.9332 -32.3216
-28.811 -23.7632
-28.6882 -15.1602
-28.7365 -18.4478
-28.7146 -16.8532
-28.9331 -31.9671
-29.2641 -54.8961
-29.0998 -43.4115
-29.1105 -44.0826
-29.0105 -37.065
-28.8685 -27.1284
-28.926 -31.0595
-28.8669 -26.8816
-28.8088 -22.775
-28.8076 -22.6258
-29.0797 -41.4562
-28.9135 -29.8386
-28.8686 -26.6507
-28.9263 -30.5904
-28.9353 -31.1446
-29.5213 -71.7938
-29.6468 -80.4412
-29.0115 -36.2358
-29.1457 -45.4901
-29.2289 -51.201
-29.3453 -59.2156
-29.3397 -58.7589
-29.4268 -64.7406
-29.4232 -64.4242
-29.3888 -61.9583
-29.5021 -69.7628
-29.6824 -82.2204
-29.8022 -90.4767
-29.4704 -67.3522
-29.9413 -100.002
-29.4045 -62.6334
-28.6575 -10.6635
-28.6509 -10.1394
-28.4969 0.63207
-28.8515 -23.9389
-28.686 -12.37
-28.768 -17.9977
-28.6846 -12.1314
-29.0037 -34.2328
-29.0585 -37.9728
-29.0849 -39.7362
-29.1859 -46.6852
-29.0943 -40.2508
-29.046 -36.8241
-29.1717 -45.4899
-29.3719 -59.3295
-29.569 -72.9509
-29.7564 -85.902
-29.5576 -72.0218
-29.3891 -60.2446
-29.4247 -62.6526
-29.2295 -49.0174
-29.5028 -67.9333
-29.5011 -67.7485
-29.5773 -72.9735
-29.7586 -85.4981
-29.2077 -47.1559
-29.214 -47.5241
-29.1369 -42.0943
-29.171 -44.3962
-29.4064 -60.6807
-29.2901 -52.5358
-29.2898 -52.4455
-29.2005 -46.1672
-29.251 -49.605
-29.3964 -59.6401
-29.6526 -77.3747
-29.1096 -39.5757
-29.1831 -44.611
-29.2756 -50.9687
-29.6776 -78.834
-29.3823 -58.2456
-29.3854 -58.3894
-29.1628 -42.8517
-29.0614 -35.74
-29.3305 -54.3705
-28.4669 5.7055
-28.5303 1.37076
-29.2586 -49.1654
-29.3139 -52.9382
-28.912 -24.9433
-28.9667 -28.6746
-29.2533 -48.5144
-29.0673 -35.5227
-28.9026 -24.0147
-28.7885 -16.0145
-28.7468 -13.0456
-28.668 -7.50358
-29.1801 -43.014
-28.5845 -1.56001
-29.0459 -33.5535
-28.9428 -26.318
-29.3058 -51.4722
-28.8866 -22.2741
-28.8485 -19.561
-28.8112 -16.8984
-28.5664 0.177939
-28.5789 -0.617893
-28.9735 -27.9653
-29.2576 -47.6319
-29.5475 -67.7041
-29.2295 -45.5438
-29.1003 -36.4973
-28.9468 -25.7599
-28.9655 -26.9915
-28.9013 -22.4621
-29.3934 -56.5811
-29.2281 -45.0281
-29.2353 -45.4613
-29.5274 -65.6876
-29.3966 -56.5301
-29.2397 -45.5597
-29.0987 -35.6928
-29.4054 -56.9285
-29.2054 -42.9651
-29.0916 -34.9876
-29.3473 -52.6847
-29.182 -41.132
-29.3262 -51.0788
-29.1134 -36.2254
-29.0461 -31.4809
-29.126 -36.9607
-29.3541 -52.739
-29.2048 -42.2987
-28.9646 -25.5391
-29.3563 -52.6883
-29.3014 -48.8008
-29.107 -35.2265
-28.9125 -21.6435
-29.138 -37.244
-29.2427 -44.4436
-29.2573 -45.3939
-29.1033 -34.6184
-29.627 -70.9372
-29.7068 -76.4128
-29.5742 -67.1305
-29.2357 -43.5452
-29.3091 -48.5727
-29.2823 -46.6444
-29.0855 -32.8999
-29.4117 -55.4899
-29.5387 -64.2488
-29.1321 -35.9267
-28.8866 -18.8039
-28.6545 -2.60404
-28.8672 -17.3116
-28.6909 -4.99692
-28.5149 7.29919
-28.8674 -17.1166
-29.0607 -30.4777
-29.5633 -65.333
-29.2508 -43.548
-29.0769 -31.3959
-28.8955 -18.7227
-28.8588 -16.1022
-28.5256 7.11643
-28.8842 -17.7306
-28.5185 7.74609
-28.6388 -0.540394
-28.7765 -10.0388
-29.258 -43.4261
-29.248 -42.6588
-29.0252 -27.1111
-28.847 -14.6613
-29.2875 -45.196
-29.2078 -39.5907
-29.2723 -44.0034
-29.5517 -63.342
-29.4149 -53.7719
-29.4742 -57.8218
-29.7044 -73.7447
-29.1408 -34.5149
-29.1382 -34.2636
-29.0693 -29.4128
-28.9015 -17.6799
-28.9692 -22.3145
-29.0873 -30.4523
-28.7428 -6.44595
-28.8146 -11.37
-28.9831 -23.0069
-28.9075 -17.682
-29.1991 -37.8762
-29.3976 -51.5978
-29.2233 -39.4135
-29.1272 -32.6694
-29.0667 -28.397
-28.7659 -7.42674
-29.0993 -30.5252
-29.381 -50.0265
-29.6392 -67.895
-29.5684 -62.9095
-29.3777 -49.586
-29.1764 -35.5325
-29.0358 -25.6912
-29.0931 -29.6072
-28.8531 -12.858
-28.6906 -1.49834
-28.8142 -10.0186
-29.3361 -46.2072
-29.5504 -61.027
-29.1009 -29.7312
-29.003 -22.8612
-29.0423 -25.5221
-29.2986 -43.26
-28.9793 -21.0063
-29.2363 -38.7931
-29.2444 -39.2807
-29.0282 -24.1956
-29.2238 -37.7105
-29.2741 -41.1404
-29.0198 -23.4001
-29.0847 -27.8385
-29.0668 -26.5278
-28.9415 -17.7545
-29.1349 -31.1199
-29.0467 -24.9226
-29.2096 -36.174
-29.2239 -37.0932
-29.3785 -47.7691
-29.284 -41.1291
-29.1381 -30.9261
-28.9397 -17.0681
-29.2545 -38.8744
-29.2458 -38.2015
-28.9366 -16.6491
-28.7512 -3.69924
-28.8044 -7.3249
-28.8067 -7.41157
-29.327 -43.4966
-29.0525 -24.3506
-28.5942 7.55821
-29.1424 -30.4569
-29.7244 -70.8295
-29.8982 -82.83
-29.2574 -38.242
-29.0443 -23.368
-29.1389 -29.869
-29.3604 -45.1925
-29.4914 -54.2195
-29.3293 -42.8905
-28.8397 -8.80157
-29.3675 -45.4046
-29.4978 -54.3853
-29.3713 -45.5286
-29.1637 -31.0378
-29.1014 -26.6401
-28.681 2.63815
-28.7171 0.201454
-29.2754 -38.5167
-29.3121 -40.9981
-29.1971 -32.9373
-29.3861 -45.9999
-29.1742 -31.2075
-29.2812 -38.5722
-29.2947 -39.4435
-29.3734 -44.84
-29.5027 -53.7557
-29.1791 -31.2
-29.064 -23.134
-29.213 -33.4174
-29.4734 -51.439
-29.5327 -55.4936
-28.9137 -12.4149
-28.9787 -16.8604
-29.2366 -34.7136
-29.1619 -29.4501
-29.2224 -33.5893
-29.2306 -34.0839
-29.1291 -26.9656
-28.8636 -8.45015
-28.8706 -8.86821
-28.6888 3.83417
-29.0036 -17.9704
-29.1417 -27.4911
-29.1771 -29.8847
-29.2965 -38.108
-29.4704 -50.1192
-29.1944 -30.878
-28.4991 17.5002
-28.7064 3.16772
-29.099 -24.0413
-29.0416 -19.985
-29.0497 -20.4739
-29.3876 -43.8844
-29.57 -56.4866
-29.1372 -26.3448
-28.8671 -7.50838
-29.0027 -16.8612
-28.7409 1.39906
-28.6564 7.33419
-28.7925 -2.04627
-28.859 -6.60114
-28.8465 -5.66151
-28.7331 2.28685
-28.9179 -10.481
-28.8692 -7.03117
-28.9359 -11.594
-28.9052 -9.39578
-29.0361 -18.417
-28.7234 3.37383
-28.8088 -2.48512
-28.765 0.622684
-29.3182 -37.7399
-29.3158 -37.5055
-29.1944 -29.0007
-29.2412 -32.1841
-29.1921 -28.6992
-29.5028 -50.2226
-29.1089 -22.7812
-29.6336 -59.1689
-29.3791 -41.4166
-29.3167 -37.0143
-29.2944 -35.3927
-29.2581 -32.7981
-29.1426 -24.705
-28.8535 -4.5514
-28.9808 -13.3263
-29.0187 -15.8869
-29.1016 -21.583
-29.4576 -46.2483
-29.5721 -54.1322
-29.5736 -54.1676
-29.2989 -35.0091
-29.2305 -30.1906
-29.6772 -61.1572
-29.6109 -56.479
-29.2753 -33.0933
-29.3253 -36.494
-29.3322 -36.9088
-29.1179 -21.9474
-29.1708 -25.5557
-29.3415 -37.348
-29.2093 -28.0902
-29.2904 -33.6523
-28.9232 -8.07253
-28.9216 -7.89398
-29.0703 -18.1573
-29.2645 -31.5766
-29.0636 -17.5516
-28.8059 0.424239
-28.9623 -10.374
-29.1274 -21.7768
-29.5918 -53.968
-29.6739 -59.6083
-29.8453 -71.4426
-29.5543 -51.1606
-29.195 -26.1229
-29.1407 -22.2794
-29.0674 -17.1167
-29.3458 -36.3902
-29.46 -44.26
-29.565 -51.481
-29.0142 -13.1466
-29.1646 -23.5267
-29.4057 -40.2097
-29.7767 -65.9154
-29.6918 -59.9458
-29.5796 -52.0845
-29.7112 -61.1557
-29.8296 -69.3103
-29.7502 -63.7259
-29.7364 -62.6947
-29.1148 -19.4421
-29.1205 -19.7667
-29.3391 -34.8887
-29.7327 -62.1616
-29.2492 -28.5034
-29.2431 -28.01
-29.6223 -54.2817
-29.3701 -36.6952
-29.6206 -54.0301
-29.509 -46.2052
-29.3178 -32.8467
-29.3576 -35.5427
-29.0844 -16.4973
-29.056 -14.4517
-29.2643 -28.8544
-29.5929 -51.6163
-29.899 -72.8107
-29.5083 -45.6023
-29.504 -45.2291
-29.838 -68.3694
-29.5581 -48.8489
-29.5011 -44.8181
-29.2215 -25.3221
-29.5224 -46.1628
-29.8519 -68.9827
-29.6122 -52.2608
-29.5746 -49.5832
-29.4432 -40.3795
-29.2464 -26.641
-29.1232 -18.0087
-29.4238 -38.8255
-29.7974 -64.7162
-29.5297 -46.042
-29.3249 -31.7426
-29.4233 -38.5104
-29.415 -37.8648
-29.467 -41.4123
-29.413 -37.5887
-29.1269 -17.6417
-29.3385 -32.2699
-29.5701 -48.2938
-29.6635 -54.7175
-29.847 -67.3931
-29.4572 -40.2431
-29.143 -18.3435
-28.9072 -1.88778
-29.5794 -48.524
-29.8512 -67.3399
-29.5427 -45.8352
-29.5592 -46.914
-29.7465 -59.8568
-29.559 -46.7624
-29.588 -48.7036
-29.4445 -38.668
-29.6264 -51.237
-29.6102 -50.0379
-29.429 -37.3816
-28.9839 -6.38551
-29.1243 -16.0695
-28.9711 -5.35677
-28.773 8.47383
-28.8248 4.94484
-28.7571 9.71836
-29.5289 -43.8324
-29.1882 -20.0967
-29.3283 -29.756
-29.6964 -55.2607
-29.3258 -29.4481
-29.0019 -6.86814
-29.0029 -6.87015
-28.874 2.15043
-28.7434 11.2996
-28.8554 3.58722
-28.9817 -5.12373
-29.1347 -15.6789
-29.1663 -17.8097
-29.51 -41.6162
-29.7278 -56.6836
-29.3742 -32.0457
-29.364 -31.2686
-28.9657 -3.52009
-29.2943 -26.2805
-29.0384 -8.4347
-28.94 -1.53042
-28.96 -2.84816
-28.8148 7.31183
-29.1208 -13.8805
-29.005 -5.76656
-29.2995 -26.1562
-29.079 -10.7664
-29.0777 -10.61
-28.9668 -2.8344
-28.8966 2.11392
-28.7076 15.3123
-28.8961 2.28327
-28.8478 5.7089
-29.0669 -9.4454
-29.4207 -33.956
-29.3011 -25.5759
-28.902 2.22206
-29.4661 -36.901
-29.1571 -15.3639
-29.2636 -22.6913
-29.1197 -12.6246
-29.0021 -4.38196
-28.6748 18.4285
-28.514 29.6704
-29.0782 -9.46472
-29.1764 -16.2164
-28.9871 -2.9942
-29.338 -27.3022
-29.3207 -26.0346
-29.2581 -21.6174
-29.1827 -16.3056
-28.8598 6.19971
-28.8606 6.21409
-28.8659 5.91429
-28.8572 6.58326
-29.1091 -10.8437
-29.1469 -13.4019
-29.281 -22.6474
-29.2023 -17.114
-29.243 -19.8686
-29.3055 -24.1427
-28.9958 -2.55797
-29.0621 -7.09566
-29.1853 -15.5866
-29.0426 -5.59858
-29.0887 -8.73571
-29.0774 -7.88192
-29.0154 -3.50518
-29.3892 -29.4043
-29.1455 -12.3997
-29.3967 -29.7867
-29.3175 -24.2134
-29.4383 -32.5356
-29.2431 -18.9085
-29.3244 -24.4869
-29.0267 -3.73248
-29.5071 -37.0372
-29.6417 -46.3249
-29.8275 -59.161
-29.153 -12.2311
-29.2409 -18.268
-29.3426 -25.2618
-29.1419 -11.2521
-29.0453 -4.46453
-29.2218 -16.6582
-29.7482 -53.1656
-29.317 -23.1368
-29.6061 -43.1568
-29.4844 -34.6276
-29.2828 -20.5499
-29.4883 -34.762
-29.5064 -35.9459
-29.2661 -19.1839
-29.0766 -5.94727
-29.637 -44.8136
-29.8475 -59.3732
-29.5581 -39.1944
-29.512 -35.9195
-29.6737 -47.0882
-29.4272 -29.891
-29.1857 -13.041
-29.4606 -32.0742
-29.1487 -10.3296
-28.9756 1.76403
-29.0443 -2.93672
-29.0899 -6.04084
-29.1518 -10.271
-29.3017 -20.616
-29.5612 -38.5758
-29.5605 -38.4557
-29.4894 -33.4506
-29.1805 -11.9164
-29.1449 -9.3696
-29.0398 -1.99907
-29.3257 -21.7989
-29.4479 -30.2192
-28.9617 3.63246
-28.7358 19.3953
-29.3043 -20.0342
-29.7919 -53.8364
-29.3685 -24.3535
-29.5448 -36.5318
-29.6123 -41.151
-29.7752 -52.4015
-29.4184 -27.5417
-29.6301 -42.1825
-30.0643 -72.276
-29.7779 -52.3125
-29.5028 -33.1257
-29.4444 -29.0002
-29.8666 -58.2661
-29.9797 -66.057
-29.6691 -44.4032
-29.4373 -28.2295
-28.9879 3.06247
-28.616 28.9737
-29.0444 -0.72135
-29.0908 -3.87969
-29.2296 -13.4537
-28.9842 3.66681
-28.5874 31.3096
-28.7135 22.6131
-29.2805 -16.7072
-28.8395 13.9996
-29.2471 -14.2523
-29.3989 -24.7289
-29.4733 -29.8303
-29.7147 -46.5278
-30.0444 -69.3645
-29.6922 -44.8296
-29.4325 -26.7122
-29.3362 -19.9532
-29.5897 -37.501
-29.5139 -32.1623
-29.0992 -3.27996
-28.8356 15.1013
-29.4953 -30.663
-29.3688 -21.8053
-29.1219 -4.57728
-29.2755 -15.1778
-29.6218 -39.1736
-29.2565 -13.7221
-29.4242 -25.3046
-29.4981 -30.371
-29.3216 -18.0341
-29.3447 -19.5757
-29.0156 3.35951
-29.2593 -13.5015
-29.05 1.11433
-29.2346 -11.643
-29.6731 -42.0396
-29.7258 -45.6346
-29.576 -35.1573
-29.3762 -21.2018
-29.4921 -29.185
-29.5925 -36.0911
-29.5157 -30.689
-29.6583 -40.5298
-29.7207 -44.7941
-29.7366 -45.8293
-29.7325 -45.4724
-30.0865 -70.0011
-30.4739 -96.8441
-29.8989 -56.8303
-30.027 -65.6595
-29.6051 -36.277
-29.6295 -37.9025
-29.5977 -35.6225
-29.2464 -11.1456
-29.4467 -24.9946
-29.3983 -21.56
-29.2182 -8.97796
-28.834 17.7864
-29.2954 -14.2033
-29.5367 -30.9008
-29.5113 -29.0603
-29.6987 -42.0115
-29.1883 -6.48443
-29.1725 -5.31749
-29.4444 -24.1373
-29.4038 -21.2492
-29.4893 -27.1165
-29.2666 -11.5767
-29.0374 4.41552
-29.2554 -10.6575
-29.1751 -5.01094
-29.312 -14.4502
-28.9515 10.6666
-28.9703 9.42971
-28.7867 22.2548
-29.1344 -1.83174
-29.4174 -21.4292
-29.5809 -32.7182
-29.2982 -13.0034
-29.2426 -9.07133
-29.4265 -21.7808
-29.0954 1.29331
-29.1818 -4.63945
-29.4248 -21.4569
-29.1602 -3.0027
-29.0944 1.63974
-28.912 14.3836
-29.0543 4.56253
-29.5885 -32.4836
-29.6307 -35.3451
-29.2958 -12.0065
-29.084 2.78064
-29.0905 2.3998
-29.2324 -7.39008
-29.0621 4.50946
-29.1139 0.982641
-28.924 14.2452
-29.2248 -6.58474
-28.9582 12.0076
-29.2375 -7.33195
-29.1286 0.308357
-28.9373 13.6675
-28.8259 21.4774
-28.9037 16.1369
-29.5164 -26.36
-30.1318 -69.0483
-29.7383 -41.6407
-29.3172 -12.3128
-29.1384 0.180024
-29.4935 -24.4253
-29.334 -13.2717
-29.2313 -6.06406
-29.1794 -2.39115
-29.6137 -32.4963
-29.6363 -33.9968
-29.6215 -32.8987
-29.3864 -16.4959
-29.3913 -16.7634
-29.475 -22.509
-29.2139 -4.30141
-29.532 -26.3312
-29.0862 4.70805
-29.3909 -16.3867
-29.5163 -25.0331
-29.4756 -22.1334
-29.2722 -7.93667
-29.3393 -12.5287
-29.0253 9.35865
-28.8603 20.8923
-28.7863 26.0998
-28.8589 21.1307
-29.1394 1.71222
-29.2651 -6.95163
-29.2245 -4.06359
-28.965 14.0341
-28.8202 24.1677
-28.8185 24.3512
-29.1783 -0.579971
-29.1683 0.188394
-29.0814 6.29301
-28.8738 20.7871
-29.0189 10.7772
-29.1372 2.62785
-29.1273 3.38303
-29.0334 9.97675
-28.5499 43.6409
-28.4841 48.2802
-28.8648 21.902
-29.2526 -4.97613
-28.978 14.1742
-28.8603 22.4221
-28.7143 32.6312
-28.6856 34.6966
-28.6573 36.7367
-28.9213 18.4637
-29.1148 5.08599
-29.1669 1.53755
-28.898 20.287
-29.5782 -26.9048
-29.5923 -27.8109
-29.13 4.38006
-29.2098 -1.10046
-29.3814 -12.9533
-29.3809 -12.8441
-29.341 -10.0072
-29.3354 -9.54637
-29.6611 -32.1039
-29.3934 -13.4341
-30.0016 -55.6227
-29.5018 -20.8282
-29.2355 -2.25831
-29.7748 -39.6612
-29.8907 -47.6385
-29.2502 -3.07252
-29.0294 12.3399
-29.3692 -11.2023
-29.3414 -9.1968
-29.4122 -14.0507
-29.1955 1.07987
-29.045 11.6017
-29.2688 -3.87543
-29.3959 -12.6382
-29.7526 -37.3549
-29.6894 -32.8885
-29.555 -23.4823
-29.3674 -10.3782
-29.5926 -25.9546
-29.3754 -10.7962
-29.1825 2.67709
-28.8862 23.3293
-28.8773 24.0181
-29.0525 11.9186
-29.1142 7.70067
-29.2911 -4.52459
-28.9428 19.7469
-28.9223 21.2384
-28.7651 32.2327
-28.8267 28.0216
-28.8248 28.2231
-28.8394 27.2747
-28.9431 20.1416
-29.0658 11.6844
-29.2122 1.58436
-29.0648 11.8942
-28.8648 25.8624
-29.0069 16.0547
-28.7871 31.401
-29.1857 3.76962
-28.9795 18.1657
-29.0056 16.4269
-29.2268 1.12648
-29.3613 -8.15048
-29.0221 15.4878
-29.4948 -17.2847
-29.1342 7.83683
-29.7049 -31.7457
-29.4807 -16.0999
-30.1172 -60.2527
-29.6101 -24.9497
-29.7101 -31.8305
-29.8883 -44.1421
-29.1332 8.3909
-29.4523 -13.7073
-29.3927 -9.49513
-29.3769 -8.33348
-29.6181 -25.0168
-29.0058 17.5934
-29.3439 -5.83172
-29.3447 -5.81244
-29.6346 -25.8855
-29.4579 -13.5385
-29.6662 -27.9419
-29.8862 -43.1593
-29.6776 -28.5969
-29.3382 -4.9442
-29.5627 -20.4738
-29.512 -16.882
-29.4839 -14.8621
-29.0977 12.038
-28.9178 24.6063
-29.2439 2.01934
-29.4219 -10.2783
-29.5085 -16.2202
-29.511 -16.3265
-29.5465 -18.728
-29.6005 -22.405
-29.4662 -13.0058
-29.2867 -0.463503
-29.0868 13.4926
-29.6652 -26.6251
-29.8825 -41.6507
-29.8485 -39.2209
-29.5929 -21.3903
-29.7625 -33.1048
-30.1313 -58.6606
-30.5434 -87.2238
-30.4322 -79.4251
-30.1708 -61.1979
-29.4235 -9.20583
-30.0151 -50.237
-29.724 -29.9484
-29.4431 -10.36
-29.4439 -10.3485
-29.6916 -27.4863
-29.9517 -45.4879
-29.4555 -10.9398
-29.3769 -5.41048
-29.8727 -39.7899
-29.8928 -41.1148
-29.6917 -27.0747
-29.562 -17.9985
-29.5699 -18.4753
-29.5757 -18.8051
-29.682 -26.1216
-29.6556 -24.22
-29.5062 -13.7722
-29.3767 -4.70201
-28.9606 24.2757
-29.1442 11.5919
-29.1116 13.9206
-29.1495 11.3578
-29.1054 14.4909
-29.2397 5.2284
-29.0619 17.6543
-29.2429 5.14934
-29.221 6.74124
-29.0418 19.2628
-29.065 17.7139
-29.0255 20.5316
-29.1158 14.3273
-29.1882 9.36752
-29.5704 -17.1165
-30.0058 -47.304
-29.2686 3.98755
-28.6828 44.7562
-28.8741 31.5375
-28.8871 30.7024
-29.0581 18.8881
-28.9354 27.4867
-29.0476 19.7609
-29.3353 -0.157768
-29.1181 15.003
-28.9617 25.937
-28.9496 26.8482
-29.5674 -16.011
-29.4897 -10.537
-29.1555 12.7481
-29.162 12.3666
-29.4007 -4.1466
-29.779 -30.3617
-29.3881 -3.13454
-29.3312 0.889725
-29.4241 -5.49653
-29.8176 -32.7638
-29.3353 0.811661
-29.2986 3.43348
-29.4056 -3.93102
-29.3835 -2.32975
-29.67 -22.1618
-29.3006 3.56798
-29.4023 -3.42218
-29.868 -35.7151
-29.6388 -19.7157
-29.6669 -21.6009
-29.4295 -5.04037
-29.4299 -4.99787
-29.4294 -4.89231
-29.2337 8.77743
-29.3037 3.98454
-29.5977 -16.3742
-29.5848 -15.4108
-29.2447 8.29104
-29.3309 2.37109
-29.4557 -6.23521
-29.3502 1.17
-29.3526 1.06873
-29.4961 -8.83425
-29.5683 -13.7807
-29.7379 -25.4912
-29.576 -14.1706
-29.7439 -25.7732
-29.2982 5.26903
-29.1563 15.1939
-29.3304 3.16795
-29.2404 9.48986
-28.816 39.0451
-29.5415 -11.2903
-29.2663 7.90161
-29.3564 1.70669
-29.1755 14.347
-29.469 -5.97737
-29.9044 -36.1599
-29.5437 -11.0272
-29.3616 1.69491
-29.0377 24.2694
-28.9853 27.9761
-29.0183 25.7526
-29.4407 -3.52249
-29.2715 8.3058
-29.1952 13.6746
-29.0923 20.891
-29.3539 2.78779
-29.3112 5.81966
-28.9264 32.6259
-28.8212 40.0094
-28.862 37.2429
-29.3308 4.7414
-28.8949 35.0967
-29.0687 23.0886
-29.1193 19.6425
-29.0541 24.2417
-29.3357 4.74637
-29.2444 11.1553
-29.4599 -3.74757
-29.3043 7.13516
-29.2048 14.1168
-28.8529 38.6386
-29.6634 -17.6093
-29.6518 -16.7339
-28.9192 34.2365
-29.3484 4.48955
-29.9056 -34.1556
-29.7474 -23.0961
-28.9987 28.9925
-29.0791 23.4801
-29.4942 -5.29666
-29.9189 -34.7303
-30.1449 -50.3638
-29.8507 -29.8565
-29.6364 -14.895
-29.7977 -26.0341
-29.6571 -16.1979
-29.6103 -12.8711
-29.7098 -19.7148
-29.3708 3.90397
-29.8597 -29.9923
-29.6471 -15.154
-29.2054 15.6049
-29.3583 5.05347
-29.4389 -0.476543
-29.3054 8.86269
-29.2633 11.8585
-29.3257 7.5953
-29.4028 2.30475
-29.6792 -16.8298
-29.2219 15.0156
-29.1276 21.6357
-28.9408 34.6806
-28.935 35.1539
-29.1647 19.2666
-28.91 37.0355
-29.2898 10.7161
-29.4174 1.91862
-29.3732 5.05563
-29.0391 28.3383
-28.8378 42.3949
-28.7321 49.8116
-28.8375 42.5549
-28.8988 38.3681
-28.7917 45.8765
-28.7789 46.8389
-28.7419 49.4735
-29.137 22.097
-28.7085 51.934
-28.2424 84.3876
-28.3856 74.5119
-28.6914 53.3327
-28.8166 44.7003
-28.6231 58.2179
-28.7663 48.3397
-28.9793 33.6062
-29.2262 16.5187
-29.1894 19.1488
-29.2759 13.209
-29.3971 4.85336
-28.8438 43.3689
-28.5993 60.4241
-28.829 44.5357
-29.1897 19.5424
-29.2719 13.901
-29.2636 14.5467
-29.1297 23.9246
-29.2669 14.4585
-29.3072 11.7314
-29.0252 31.3926
-29.0381 30.5637
-28.9342 37.8519
-28.9776 34.907
-28.7024 54.0997
-28.733 52.038
-28.6813 55.7015
-28.7907 48.1699
-29.1049 26.4087
-29.0895 27.5491
-29.2319 17.7221
-29.0001 33.9007
-29.4999 -0.760156
-29.5884 -6.83541
-29.3662 8.6726
-29.0449 31.0637
-28.9147 40.1805
-28.6111 61.3458
-29.1601 23.2674
-29.3548 9.81065
-29.5461 -3.41069
-28.8316 46.3024
-29.3886 7.67114
-29.6769 -12.2911
-29.6935 -13.3721
-30.1183 -42.8227
-29.6839 -12.5668
-29.2597 16.9708
-29.1618 23.8425
-29.1877 22.1139
-29.0813 29.5754
-29.2818 15.7183
-29.5072 0.12558
-29.6769 -11.5927
-29.3476 11.3527
-29.1727 23.5728
-29.7007 -13.0383
-29.0435 32.6925
-28.9782 37.2942
-29.3551 11.1796
-29.177 23.6239
-29.268 17.3676
-29.3194 13.8675
-29.6034 -5.79165
-29.6141 -6.47126
-29.3372 12.8379
-29.0789 30.8522
-28.747 53.9829
-28.7537 53.5913
-29.4344 6.36518
-29.7751 -17.2378
-29.0243 34.9956
-28.9655 39.148
-29.3473 12.6948
-29.7071 -12.2357
-29.4801 3.60757
-29.053 33.3491
-29.0746 31.9187
-29.2665 18.6525
-28.6738 59.9059
-28.8997 44.2769
-29.355 12.7181
-29.7298 -13.2535
-29.1811 24.933
-28.9953 37.913
-29.4412 7.00325
-29.6898 -10.1999
-29.5035 2.8114
-29.1168 29.7508
-29.2598 19.8882
-29.693 -10.1448
-29.4858 4.32051
-29.1861 25.2169
-29.0863 32.2195
-29.0917 31.9084
-29.1811 25.7728
-29.4529 6.95426
-29.9615 -28.3093
-29.6087 -3.72967
-29.8613 -21.2118
-29.506 3.54667
-28.9273 43.8216
-29.6206 -4.28237
-29.674 -7.91807
-29.4374 8.59088
-28.9029 45.7918
-29.1572 28.1979
-29.2954 18.6632
-29.0329 36.9703
-28.8888 47.0505
-29.0616 35.1137
-29.1432 29.5133
-29.1707 27.6727
-28.5799 68.793
-28.7493 57.094
-28.4003 81.4109
-28.8298 51.6366
-29.6471 -5.0797
-29.1866 26.9889
-29.3589 15.0864
-29.2474 22.9026
-29.6797 -7.06631
-29.1694 28.4556
-29.8155 -16.3617
-29.295 19.8734
-29.4928 6.19965
-29.4916 6.35246
-28.464 77.8169
-29.186 27.7232
-29.0641 36.2634
-29.2388 24.1922
-29.5463 2.89655
-29.476 7.85368
-29.5038 5.99211
-29.604 -0.904624
-29.7088 -8.11193
-29.864 -18.8286
-29.7228 -8.94979
-29.7804 -12.8845
-30.0805 -33.6628
-29.7275 -9.06868
-29.847 -17.2986
-29.3524 17.1318
-29.389 14.6585
-29.7055 -7.25965
-29.3948 14.398
-29.213 27.0963
-29.3808 15.5099
-29.4748 9.04301
-29.4543 10.5396
-29.5646 2.94888
-29.6353 -1.8979
-29.161 31.1263
-29.346 18.3446
-29.6262 -1.05656
-29.2803 23.0485
-29.2115 27.8961
-29.1845 29.8398
-29.052 39.1171
-29.1395 33.1102
-29.3256 20.2437
-29.4444 12.0617
-29.1739 30.9266
-28.7774 58.5406
-28.7833 58.2034
-28.7626 59.7089
-29.0057 42.8881
-29.0968 36.631
-29.1148 35.4473
-29.1443 33.4674
-28.8838 51.6354
-29.0017 43.5142
-29.2421 26.8818
-29.2381 27.2294
-29.1525 33.2423
-28.9591 46.7508
-29.0041 43.6972
-29.0755 38.8051
-29.0862 38.1307
-28.9384 48.468
-28.9039 50.9357
-28.8807 52.6134
-29.2134 29.5734
-29.3683 18.8783
-29.5145 8.78786
-29.6269 1.04913
-29.5289 7.92608
-29.1317 35.5959
-29.4936 10.5174
-29.9839 -23.4768
-29.9056 -17.9685
-29.7769 -8.95906
-30.0558 -28.2633
-29.6781 -1.95059
-29.7758 -8.6726
-29.5731 5.48433
-29.4022 17.4228
-29.3168 23.4282
-29.0805 39.9152
-29.0656 41.0226
-29.12 37.3082
-29.1507 35.2441
-29.1329 36.5563
-29.4938 11.5447
-29.6801 -1.32479
-29.9462 -19.7478
-29.3243 23.5314
-29.2112 31.4589
-29.2566 28.377
-29.28 26.8164
-29.6765 -0.661995
-29.5118 10.856
-29.2552 28.7523
-29.6174 3.65349
-29.7078 -2.558
-29.9564 -19.7603
-30.1798 -35.2123
-29.6967 -1.57454
-29.1294 37.9059
-29.1528 36.3528
-29.4756 13.994
-29.2669 28.5595
-28.7857 62.0667
-29.5691 7.70221
-29.7299 -3.39998
-29.869 -12.9905
-29.4125 18.7911
-29.3245 24.9752
-29.452 16.1912
-29.0934 41.1754
-29.6097 5.36748
-29.2948 27.3189
-29.4356 17.6055
-29.5242 11.5221
-29.4542 16.4509
-29.4159 19.186
-29.3582 23.2604
-29.1079 40.7247
-29.2579 30.3659
-29.3278 25.5807
-29.2816 28.8618
-29.4324 18.4515
-29.4972 14.0199
-29.4368 18.289
-29.4596 16.7694
-29.4667 16.3494
-29.3777 22.6007
-29.3483 24.7164
-29.4439 18.1403
-29.3392 25.484
-29.2236 33.5845
-28.8388 60.3929
-29.2382 32.7085
-28.9607 52.0617
-29.4371 19.0292
-29.7665 -3.78824
-29.4453 18.6003
-29.5202 13.4634
-29.4257 20.0969
-29.2488 32.4605
-29.0237 48.1682
-29.643 5.20993
-29.5532 11.5207
-29.2145 35.1244
-29.2598 32.0433
-29.1492 39.7998
-29.328 27.442
-29.4168 21.3457
-29.3694 24.7075
-29.3049 29.2557
-28.9339 55.1061
-29.29 30.4347
-29.3735 24.7019
-29.2901 30.5663
-29.5056 15.6622
-29.2893 30.7565
-29.3902 23.8186
-29.9309 -13.6783
-29.9387 -14.1505
-29.6843 3.59492
-29.0988 44.338
-29.3307 28.3
-29.3854 24.5688
-29.0736 46.3024
-28.9796 52.9024
-28.7155 71.3193
-28.7884 66.3221
-29.0459 48.5044
-29.033 49.4707
-29.2272 36.0466
-29.4285 22.1305
-29.4953 17.5594
-29.2264 36.3108
-29.1091 44.5312
-28.7892 66.8241
-28.8872 60.0834
-28.9278 57.3357
-28.7796 67.7033
-28.8105 65.6225
-28.8506 62.9053
-28.6513 76.8249
-28.6214 78.9723
-28.8703 61.745
-28.99 53.5001
-28.6575 76.6716
-29.0443 49.8668
-29.0349 50.587
-29.3205 30.8155
-29.2849 33.3556
-29.0261 51.407
-29.0681 48.5557
-29.2518 35.8656
-29.188 40.3639
-29.0234 51.8729
-28.8263 65.6401
-28.6233 79.8082
-28.9987 53.8003
-29.3612 28.6825
-29.4586 21.9838
-29.6829 6.46789
-29.5872 13.1899
-29.8245 -3.23165
-29.6647 7.94319
-29.6316 10.312
-29.4471 23.1998
-29.3299 31.4084
-29.1487 44.0706
-29.2734 35.4753
-29.0761 49.256
-28.3864 97.2429
-29.139 45.0255
-29.2277 38.9289
-28.9849 55.8712
-29.0391 52.1716
-29.2316 38.8641
-29.338 31.5417
-29.5441 17.2934
-30.231 -30.3654
-30.168 -25.9172
-29.4891 21.3253
-29.5501 17.1578
-29.9897 -13.3198
-29.5612 16.5241
-28.8507 65.9554
-29.069 50.8563
-29.424 26.2632
-29.4313 25.8229
-29.161 44.6758
-28.9621 58.5621
-29.1774 43.6755
-29.6352 11.9348
-29.4576 24.3474
-29.3964 28.6648
-29.2674 37.7023
-29.195 42.7956
-29.0683 51.6706
-29.2471 39.3202
-29.3869 29.6715
-29.3296 33.7281
-29.0525 53.0448
-29.1624 45.4808
-29.5249 20.3636
-29.257 39.0483
-29.4583 25.1306
-29.4263 27.4223
-29.3332 33.9628
-29.34 33.5587
-29.2993 36.4556
-29.7377 6.06516
-29.2204 42.074
-29.298 36.7538
-29.5412 19.9278
-30.1289 -20.8344
-30.5975 -53.3247
-30.0733 -16.8321
-29.2626 39.5618
-29.4673 25.4086
-29.173 45.9283
-29.0854 52.0808
-28.7691 74.1242
-29.6202 15.063
-30.3533 -35.8037
-30.2082 -25.6504
-29.6754 11.4356
-29.2566 40.6029
-29.147 48.2893
-29.4789 25.2976
-29.5236 22.2596
-29.4833 25.1328
-29.2324 42.6318
-28.703 79.4822
-29.2175 43.8091
-29.6093 16.6525
-29.5403 21.5201
-29.3604 34.0894
-29.651 13.9654
-29.5241 22.8504
-29.6765 12.3331
-29.2683 40.7638
-29.5783 19.2942
-29.3082 38.1272
-29.4208 30.3794
-29.7064 10.5991
-29.4906 25.6644
-29.5557 21.2088
-29.9489 -6.03954
-29.6672 13.6019
-30.0925 -15.8764
-29.8049 4.17618
-29.8588 0.501328
-29.5664 20.8885
-30.135 -18.5485
-29.8034 4.55782
-29.7925 5.3843
-29.5607 21.5574
-29.4702 27.9142
-29.0977 53.8641
-28.9147 66.6518
-29.112 53.0103
-29.2568 43.0248
-29.0475 57.6326
-29.1182 52.7894
-29.4452 30.1372
-29.4622 29.0257
-29.2677 42.612
-29.232 45.1608
-29.1641 49.9472
-29.0256 59.6406
-28.916 67.326
-28.9087 67.9018
-29.1644 50.2067
-29.3431 37.8618
-29.5444 23.9455
-29.1592 50.7782
-29.0314 59.7246
-28.9946 62.349
-29.2959 41.484
-29.2835 42.4146
-29.3484 37.9743
-29.0669 57.6072
-28.7507 79.6404
-28.7328 80.9584
-28.3977 104.309
-28.5021 97.1264
-28.6167 89.2348
-28.9496 66.1741
-29.047 59.473
-28.6103 89.8827
-28.8754 71.5374
-29.1896 49.7767
-29.2127 48.2421
-28.9359 67.5402
-29.0146 62.1404
-29.1639 51.8417
-29.1272 54.4609
-28.8553 73.4159
-28.9565 66.4594
-28.9367 67.9016
-29.2843 43.8174
-28.9732 65.5016
-29.0282 61.7545
-29.0794 58.2666
-28.9346 68.3972
-29.3584 39.0201
-29.0434 60.9748
-29.0715 59.0946
-28.8847 72.1382
-28.8693 73.2792
-28.9172 70.0182
-28.9241 69.6099
-29.1081 56.898
-29.291 44.2576
-28.9415 68.6073
-29.1584 53.6099
-29.1648 53.2318
-28.9966 64.9905
-29.3175 42.7617
-29.2108 50.2452
-28.7601 81.6302
-28.969 67.1849
-29.4489 33.9098
-29.8209 8.1391
-29.751 13.0642
-29.8315 7.54095
-29.8621 5.48007
-29.1989 51.6285
-29.053 61.8346
-29.7769 11.611
-29.7552 13.1897
-29.5549 27.1741
-29.7621 12.8447
-29.737 14.6587
-29.396 38.4243
-29.5422 28.3345
-29.9744 -1.6277
-29.6803 18.8794
-29.55 28.0005
-29.9279 1.8139
-29.8566 6.83747
-29.5906 25.3849
-29.7303 15.7513
-29.8018 10.8512
-29.6341 22.5705
-29.7797 12.528
-29.6413 22.211
-29.9099 3.61752
-29.582 26.4732
-29.823 9.79967
-29.8164 10.323
-30.0503 -5.85797
-30.0377 -4.91269
-29.8099 10.9841
-29.7611 14.4418
-30.03 -4.17173
-30.0817 -7.69097
-29.7434 15.8829
-30.0152 -2.93209
-29.8838 6.26828
-29.6213 24.5756
-29.962 0.973203
-30.4591 -33.4977
-30.3546 -26.1657
-30.3274 -24.2084
-30.2542 -19.0507
-30.3311 -24.3216
-30.2619 -19.4499
-30.0453 -4.33054
-30.3415 -24.8374
-30.2787 -20.4066
-30.6175 -43.877
-30.9673 -68.1118
-30.6678 -47.2324
-30.4719 -33.549
-30.3641 -25.9951
-30.2969 -21.2525
-30.2745 -19.6288
-30.0111 -1.25867
-29.7851 14.5134
-29.8445 10.4559
-29.9561 2.77034
-29.8657 9.11922
-29.8855 7.81352
-30.1965 -13.722
-30.5685 -39.5019
-30.1311 -9.04227
-30.3584 -24.7658
-29.9882 1.02821
-30.0363 -2.2448
-29.8242 12.5603
-29.8719 9.31999
-29.7099 20.644
-30.0226 -1.01619
-30.2121 -14.1135
-30.116 -7.36538
-30.4389 -29.7281
-30.2112 -13.8434
-30.1323 -8.28914
-30.1356 -8.45097
-29.9987 1.1356
-29.7883 15.8214
-30.1372 -8.35153
-29.864 10.702
-29.8968 8.49211
-29.8442 12.2146
-29.6185 27.9646
-29.9077 7.94472
-30.0216 0.0988073
-30.1058 -5.68082
-30.0865 -4.2706
-30.2958 -18.7464
-29.8545 11.9817
-29.9405 6.07691
-30.0342 -0.35815
-29.8595 11.844
-30.0882 -3.97568
-30.0899 -4.02522
-29.9641 4.78501
-30.1298 -6.65943
-29.7175 22.061
-29.4414 41.3104
-29.4471 40.9831
-29.9555 5.72855
-30.1521 -7.85869
-30.0023 2.616
-30.0853 -3.07614
-29.8596 12.6719
-29.3811 45.9901
-29.7512 20.3425
-30.0775 -2.2591
-29.8439 14.0444
-29.5991 31.1203
-29.2118 58.096
-29.1009 65.8711
-29.4386 42.4786
-29.4551 41.4037
-29.6972 24.6482
-29.6342 29.1009
-29.6189 30.2312
-29.1141 65.3742
-29.2638 55.0386
-29.2057 59.1473
-29.175 61.3503
-28.8252 85.7249
-28.7343 92.1088
-28.9664 76.0497
-29.1572 62.8624
-29.3338 50.6623
-29.6372 29.6504
-29.6084 31.725
-29.8223 16.9292
-30.2665 -13.8592
-30.5606 -34.2245
-30.2836 -14.9124
-30.4523 -26.5631
-30.1368 -4.56844
-30.1343 -4.32831
-29.638 30.2261
-29.8741 13.8854
-29.9653 7.6191
-29.9591 8.12029
-29.8823 13.5266
-29.8253 17.5564
-29.3829 48.3663
-29.3919 47.8059
-29.5845 34.4995
-29.7101 25.8363
-29.4929 40.9968
-29.7878 20.5794
-29.8299 17.7275
-29.8464 16.6475
-29.8054 19.5631
-29.7813 21.3112
-29.9055 12.7479
-29.7684 22.3451
-30.1357 -3.10334
-30.0278 4.45747
-29.8712 15.4138
-29.7981 20.5575
-30.2925 -13.7212
-29.8233 18.9454
-29.6282 32.574
-29.9905 7.47143
-29.9824 8.09846
-29.7171 26.602
-30.0717 2.03769
-30.1023 -0.0189749
-30.0243 5.46581
-30.0848 1.33079
-30.283 -12.3662
-30.1222 -1.12476
-29.9249 12.6497
-30.4371 -22.8656
-30.4161 -21.335
-29.8937 15.0292
-30.406 -20.4971
-30.124 -0.837057
-30.1128 0.0125731
-30.3648 -17.4276
-29.8455 18.7226
-30.0876 1.9722
-30.0284 6.15432
-29.8672 17.4276
-29.9633 10.8145
-30.2191 -6.88714
-30.1699 -3.40044
-30.3931 -18.8374
-29.9117 14.6823
-30.2671 -9.94185
-30.2884 -11.3558
-30.0072 8.25204
-29.957 11.8106
-29.9589 11.7466
-30.1227 0.435749
-30.1407 -0.741315
-29.796 23.2784
-29.7203 28.6045
-29.9493 12.7618
-29.8021 23.0582
-30.0159 8.27369
-30.4272 -20.2297
-30.4495 -21.7102
-29.9803 10.958
-30.0205 8.23403
-29.964 12.2255
-30.0288 7.79375
-29.5404 41.7959
-29.6712 32.7836
-29.6272 35.9095
-29.5447 41.7054
-29.6046 37.6174
-29.6318 35.7953
-29.617 36.8939
-29.6539 34.3971
-29.6267 36.3605
-29.8891 18.1946
-29.7857 25.453
-29.5192 44.0382
-29.7231 29.9358
-29.4557 48.5862
-29.808 24.1818
-30.0673 6.23267
-29.5839 39.89
-29.3364 57.1502
-29.3272 57.8655
-29.8965 18.3765
-30.0885 5.10386
-29.7062 31.7366
-30.1584 0.38884
-29.9154 17.3422
-29.685 33.4165
-30.0198 10.2242
-30.1171 3.53314
-29.9207 17.2489
-29.9844 12.8932
-29.6451 36.5418
-29.4252 51.8872
-29.2872 61.546
-29.4671 49.1144
-29.8781 20.6294
-29.6613 35.7589
-29.6117 39.2759
-29.8229 24.6728
-29.8287 24.3409
-29.7539 29.6021
-29.3802 55.64
-29.6155 39.3601
-29.8086 26.0106
-29.6121 39.7327
-29.4869 48.5024
-29.4505 51.1048
-29.5478 44.4131
-29.6554 37.0067
-29.6602 36.7397
-29.1737 70.6085
-29.1467 72.5594
-29.3431 58.9835
-29.2148 67.9675
-29.0483 79.6046
-29.5016 48.1762
-29.1557 72.2819
-29.2225 67.7071
-29.0201 81.8374
-28.9547 86.4513
-29.2104 68.7553
-29.0252 81.6923
-28.929 88.4489
-29.2371 67.1085
-29.4585 51.7984
-29.4498 52.4735
-29.7084 34.5731
-29.8495 24.842
-29.6141 41.2603
-29.3365 60.6202
-29.5097 48.6533
-29.3807 57.6906
-29.4375 53.8133
-29.4234 54.8593
-29.3091 62.8731
-29.3049 63.2329
-29.2222 69.0473
-29.4945 50.1968
-29.4163 55.6981
-29.2751 65.5839
-29.3861 57.9389
-29.3824 58.2669
-29.373 58.99
-29.1118 77.2034
-29.3617 59.9127
-29.4912 50.985
-29.4349 54.9657
-29.7867 30.5924
-29.6749 38.4255
-29.5176 49.4269
-29.5841 44.8791
-29.7252 35.1418
-29.6705 39.0108
-29.7323 34.7851
-29.4501 54.467
-29.2403 69.1134
-29.4206 56.6516
-29.4306 56.0295
-29.0365 83.4804
-29.4071 57.7966
-28.9783 87.6625
-29.1475 75.9786
-29.0677 81.5877
-28.7349 104.78
-28.9387 90.6939
-29.2172 71.4138
-29.0361 84.064
-28.9586 89.5155
-29.1734 74.6646
-29.276 67.6052
-29.576 46.8304
-30.0367 14.8862
-30.0905 11.2239
-30.0209 16.1236
-29.9025 24.4226
-30.008 17.1633
-29.52 51.1357
-29.1939 73.8617
-29.4616 55.3342
-29.6268 43.9273
-30.1408 8.28268
-30.1938 4.67119
-29.9454 21.9977
-29.7324 36.8639
-29.5695 48.2551
-29.842 29.3893
-29.8067 31.9144
-29.3198 65.813
-29.2876 68.116
-29.4842 54.5251
-29.5753 48.2679
-30.0408 15.9942
-30.1656 7.39127
-29.9079 25.3671
-29.6876 40.7428
-29.8423 30.0624
-29.8854 27.1379
-30.4946 -15.118
-30.3849 -7.42643
-30.2908 -0.819681
-30.0788 13.9816
-30.2274 3.72451
-29.8941 26.9502
-29.8794 28.0393
-29.9982 19.8588
-30.0887 13.6356
-30.1249 11.1905
-30.4553 -11.6947
-30.2301 4.02244
-30.2453 3.03334
-30.3456 -3.86339
-30.867 -40.0223
-31.1057 -56.5333
-30.7142 -29.2648
-30.1916 7.11213
-30.0321 18.2674
-30.1556 9.75342
-30.0698 15.7885
-30.1588 9.66866
-30.1899 7.57921
-30.197 7.15628
-30.4213 -8.35949
-29.8614 30.6112
-29.906 27.583
-29.8848 29.1284
-30.1009 14.1829
-30.0928 14.8119
-30.0542 17.5646
-30.436 -8.89258
-30.3492 -2.79113
-30.2317 5.44325
-30.6415 -22.9629
-30.583 -18.8299
-30.1971 8.05555
-29.8403 32.9156
-29.9187 27.5364
-30.0389 19.255
-29.9175 27.758
-29.773 37.8627
-29.5712 51.9547
-29.7616 38.7984
-29.9451 26.1151
-30.1331 13.1252
-29.9671 24.7251
-30.0019 22.3826
-29.7003 43.4009
-29.5342 55.014
-29.7026 43.3804
-29.3233 69.8067
-29.1104 84.6678
-29.0153 91.3443
-28.7985 106.476
-29.1525 81.9524
-29.2591 74.6129
-29.2359 76.2983
-29.3759 66.6379
-28.953 96.089
-29.1124 85.0829
-29.4716 60.1987
-29.5212 56.8211
-29.3419 69.3479
-29.2517 75.6828
-29.1599 82.13
-29.6115 50.8238
-29.7856 38.7971
-29.473 60.5863
-29.4391 63.0128
-29.4154 64.7262
-29.3058 72.4089
-28.9521 97.053
-29.1728 81.7894
-29.2803 74.3917
-29.3963 66.404
-28.9007 100.907
-28.8782 102.539
-28.8285 106.058
-29.4278 64.49
-29.0032 94.0588
-28.7694 110.373
-29.0301 92.3335
-29.0003 94.4701
-29.1982 80.7895
-29.092 88.2374
-29.3824 68.1281
-29.5634 55.6234
-29.0936 88.337
-29.1411 85.1061
-28.8528 105.208
-29.0451 91.9153
-29.3237 72.6254
-29.1133 87.3167
-29.3768 69.0782
-29.6196 52.279
-29.5824 54.9271
-29.8044 39.572
-29.4888 61.5689
-29.3379 72.1256
-29.1973 81.9626
-29.2701 76.9757
-29.3225 73.4014
-29.1054 88.5554
-29.2085 81.4609
-29.2065 81.6741
-29.3635 70.8346
-29.0788 90.6818
-29.3447 72.2774
-29.7882 41.5343
-29.4096 67.9089
-29.4132 67.7295
-29.4131 67.8025
-29.5227 60.2558
-29.6379 52.3213
-29.6101 54.3291
-29.5399 59.2748
-29.5214 60.6279
-29.5464 58.9579
-29.423 67.6028
-29.2576 79.161
-29.2667 78.6011
-29.3133 75.432
-29.4812 63.8397
-29.917 33.6247
-30.0212 26.4551
-30.0376 25.3882
-29.7012 48.8302
-29.901 35.0155
-29.7422 46.1193
-29.5801 57.4521
-29.2127 83.045
-29.2861 78.0153
-29.4678 65.4646
-29.8923 36.0371
-29.6249 54.6848
-29.4289 68.3752
-29.214 83.3736
-29.1382 88.7142
-29.2218 82.9752
-29.1573 87.5257
-29.3559 73.7966
-29.1999 84.6985
-29.2379 82.1332
-29.1429 88.803
-29.016 97.6871
-29.2066 84.5111
-29.3598 73.9418
-29.1769 86.7191
-29.0725 94.0398
-29.0631 94.7656
-29.363 73.9929
-29.5131 63.6359
-29.2019 85.3264
-28.9721 101.362
-29.2867 79.5718
-29.3351 76.2786
-29.0546 95.8395
-29.3179 77.616
-29.1519 89.2174
-29.3919 72.6098
-29.0637 95.488
-29.243 83.0972
-29.2518 82.5516
-29.4156 71.2423
-29.4372 69.8128
-29.3583 75.3608
-29.3508 75.9529
-29.4084 72.0238
-29.6243 57.0931
-29.7971 45.1564
-29.3238 78.1108
-29.1193 92.3883
-29.3337 77.5564
-28.992 101.369
-29.1782 88.5032
-29.2841 81.2144
-29.3278 78.2493
-28.8242 113.305
-28.9706 103.205
-28.906 107.764
-29.4382 70.8542
-29.5004 66.6038
-29.3828 74.8427
-29.0037 101.254
-29.3126 79.8615
-29.19 88.4483
-29.6815 54.3639
-29.424 72.3289
-29.5796 61.5878
-29.2404 85.2202
-29.713 52.454
-29.2962 81.4874
-29.656 56.5534
-30.1288 23.7767
-30.5927 -8.38803
-30.0733 27.7691
-29.953 36.1987
-29.2659 84.005
-29.5042 67.517
-29.3087 81.1753
-29.1241 94.0668
-29.2566 84.9292
-29.6526 57.4893
-29.6079 60.6608
-29.4336 72.8413
-29.5104 67.5779
-29.951 37.0324
-29.6736 56.3775
-29.6271 59.6783
-29.0494 99.8812
-29.2133 88.5665
-29.714 53.8444
-29.9648 36.4874
-29.6541 58.1486
-29.517 67.7429
-29.5447 65.8836
-29.8177 46.9907
-29.7444 52.1494
-29.4716 71.1726
-29.9381 38.8345
-29.9481 38.2062
-29.6991 55.5757
-29.8984 41.7969
-29.6918 56.2238
-29.4724 71.5352
-29.9364 39.3662
-29.4269 74.8345
-29.3139 82.7566
-29.7543 52.2306
-29.834 46.7563
-29.5756 64.7833
-29.6433 60.1465
-29.5132 69.2566
-29.3409 81.2982
-29.639 60.6575
-30.0488 32.2527
-29.7116 55.748
-29.7257 54.839
-29.866 45.1617
-29.446 74.4147
-29.4743 72.5138
-29.872 44.9559
-29.9494 39.6473
-29.8532 46.3975
-29.6918 57.6784
-29.4618 73.7311
-29.324 83.3742
-29.5532 67.5192
-29.8297 48.3756
-29.8404 47.7036
-30.0253 34.9272
-29.4937 71.9313
-29.3867 79.4344
-29.6637 60.2595
-30.0185 35.6771
-29.3598 81.5151
-29.2547 88.8878
-29.6823 59.2438
-29.5062 71.5488
-29.7166 56.9984
-29.8684 46.5248
-29.7319 56.077
-29.417 78.0277
-29.026 105.26
-29.2072 92.7419
-29.1223 98.7108
-29.8881 45.5684
-29.6876 59.5699
-29.244 90.4592
-29.269 88.7962
-29.4433 76.7532
-29.2577 89.7154
-29.1002 100.729
-29.173 95.7455
-29.5433 70.0836
-29.3871 81.0085
-29.3134 86.1945
-29.7029 59.2027
-29.8647 48.0292
-29.9444 42.5613
-29.6641 62.1097
-29.6809 61.01
-29.5096 72.9777
-29.7568 55.8764
-29.618 65.5896
-29.8919 46.6297
-29.5043 73.6244
-29.7477 56.7832
-30.1108 31.6287
-30.183 26.6822
-30.0815 33.8033
-29.9629 42.1094
-30.0785 34.1498
-29.4175 80.1416
-29.487 75.3869
-29.4326 79.231
-29.5397 71.8592
-29.5824 68.9626
-29.6125 66.9401
-29.7696 56.0947
-29.8737 48.9306
-29.6526 64.3647
-29.3242 87.2545
-29.401 81.984
-29.9063 46.9449
-29.7329 59.0612
-29.4826 76.5214
-29.9831 41.8164
-29.5275 73.5452
-30.2184 25.6133
-29.3384 86.8236
-29.4786 77.1481
-29.5792 70.2276
-29.9433 45.0012
-29.9194 46.7283
-30.0969 34.4696
-30.0614 37.003
-29.8783 49.7989
-30.264 23.0649
-30.248 24.246
-29.5609 72.0542
-29.6227 67.8332
-29.8491 52.1703
-29.7021 62.4539
-29.8077 55.1905
-29.5797 71.0949
-29.7999 55.8669
-29.4566 79.788
-29.8619 51.7013
-30.1882 29.0977
-29.6516 66.4496
-29.6924 63.6868
-29.882 50.5817
-29.894 49.8182
-30.0398 39.756
-29.8702 51.6076
-29.6405 67.6397
-30.0587 38.6524
-29.9631 45.3649
-29.5326 75.342
-29.525 75.9416
-29.6101 70.0977
-29.7104 63.2008
-29.9022 49.9435
-29.5598 73.7989
-29.5386 75.3449
-29.7574 60.2081
-29.8854 51.3873
-29.7857 58.3812
-29.531 76.1497
-29.7015 64.3688
-29.5381 75.7919
-29.4183 84.1903
-29.6254 69.8667
-29.6884 65.5574
-29.663 67.3976
-29.787 58.8484
-29.6427 68.9448
-29.9192 49.8007
-29.8912 51.8169
-29.7258 63.3798
-29.6221 70.6541
-29.7138 64.3497
-29.8446 55.3303
-29.3637 88.8161
-29.6077 71.9344
-29.6292 70.5059
-29.4673 81.8225
-29.7728 60.6664
-29.9024 51.731
-29.4537 82.9762
-29.5691 75.0305
-29.9078 51.5648
-29.7491 62.6634
-29.8341 56.8294
-30.0066 44.9081
-29.4262 85.3063
-29.1411 105.181
-29.4559 83.3807
-29.1948 101.591
-29.5247 78.7385
-29.5813 74.8762
-29.277 96.0902
-29.5145 79.6548
-29.5653 76.1973
-29.2984 94.8107
-29.8121 59.1896
-29.6287 72.0036
-29.6201 72.6656
-29.898 53.4319
-29.8668 55.6669
-29.7735 62.2213
-29.7197 66.0247
-29.8853 54.5863
-29.9272 51.7462
-30.0487 43.3779
-29.7162 66.5473
-29.4607 84.368
-29.4655 84.1045
-29.3574 91.6825
-29.1201 108.24
-29.5868 75.8815
-29.6845 69.1635
-29.916 53.1531
-30.1692 35.6272
-29.8744 56.1826
-29.9221 52.9353
-30.0165 46.4457
-30.3085 26.2264
-30.0697 42.886
-29.6515 72.0183
-29.7688 63.9358
-29.5293 80.6417
-29.9606 50.7492
-30.0618 43.7856
-29.6871 69.8881
-29.762 64.7556
-29.7875 63.0514
-29.4465 86.815
-29.6001 76.212
-29.6218 74.7699
-29.1355 108.627
-29.7396 66.7283
-29.9453 52.5032
-29.4369 87.8987
-29.0425 115.367
-29.1919 105.062
-29.3769 92.2761
-29.6167 75.6836
-29.1907 105.349
-29.0607 114.451
-29.2822 99.1347
-29.2981 98.0942
-29.0045 118.568
-29.7524 66.6753
-29.7336 68.0462
-29.475 86.0822
-29.4143 90.3685
-29.4303 89.3299
-29.1162 111.223
-29.3257 96.7383
-29.4145 90.6341
-29.5158 83.6645
-29.5109 84.0766
-29.6047 77.6286
-29.4509 88.3811
-29.6039 77.8254
-29.7648 66.7126
-29.6307 76.0973
-29.6128 77.4119
-29.6207 76.9316
-29.7847 65.6118
-29.6935 72.0184
-29.7934 65.1466
-29.3925 93.0692
-29.8384 62.1538
-29.8384 62.2265
-29.914 57.0408
-29.8453 61.8842
-29.5959 79.2822
-29.5257 84.2325
-29.5223 84.5343
-29.5153 85.091
-29.3558 96.2405
-29.2599 102.974
-29.0642 116.64
-28.8503 131.571
-28.8139 134.172
-29.0077 120.776
-29.5087 86.0387
-29.7114 72.0227
-29.3865 94.6642
-29.55 83.3722
-29.2175 106.548
-29.2707 102.921
-29.2438 104.861
-29.4583 90.0272
-29.2566 104.105
-29.2862 102.117
-29.2832 102.401
-29.3405 98.4875
-29.3577 97.3616
-29.0708 117.362
-28.8849 130.347
-29.0049 122.083
-29.511 86.9902
-29.4305 92.6524
-29.1417 112.788
-29.0353 120.249
-29.1044 115.515
-29.5591 83.9913
-29.6081 80.6582
-29.5154 87.1697
-29.0655 118.499
-29.3397 99.5135
-29.3528 98.6723
-29.4087 94.8598
-29.2077 108.895
-28.8885 131.14
-28.9017 130.296
-29.0777 118.137
-28.7715 139.481
-29.1076 116.193
-29.9736 56.0949
-29.5262 87.2511
-29.4458 92.9082
-29.1931 110.533
-29.3791 97.6791
-28.9332 128.729
-28.9061 130.683
-29.022 122.698
-29.5718 84.5666
-29.3812 97.8808
-29.5564 85.7795
-29.3804 98.0748
-29.1423 114.689
-29.6767 77.6318
-30.2605 37.1348
-30.3626 30.1113
-30.3034 34.2964
-30.0132 54.5303
-29.9514 58.8931
-29.3676 99.5244
-29.2502 107.748
-29.4695 92.5805
-29.238 108.732
-28.9114 131.498
-29.5863 84.6771
-30.0889 49.8255
-29.6984 77.0243
-29.7091 76.348
-29.4169 96.7194
-29.7725 72.0835
-29.975 58.0876
-29.8829 64.5562
-29.6501 80.7988
-29.2382 109.485
-29.3863 99.2667
-29.358 101.299
-29.5051 91.1496
-29.6547 80.8273
-29.5664 87.0312
-29.198 112.696
-29.5429 88.801
-29.5767 86.5214
-29.4898 92.6277
-29.8238 69.4904
-29.9466 61.0273
-30.0999 50.4497
-30.1406 47.6916
-29.6737 80.199
-29.586 86.361
-29.6219 83.9357
-30.2503 40.3432
-30.3555 33.1092
-30.045 54.7489
-29.8786 66.3778
-29.9502 61.4771
-29.9752 59.8084
-29.7752 73.7695
-29.9103 64.4535
-30.1974 44.5788
-30.5401 20.8346
-30.4465 27.4117
-29.7958 72.687
-29.5905 87.0196
-29.9665 60.9677
-30.2066 44.3548
-30.295 38.2832
-30.3318 35.7983
-30.0726 53.8725
-29.9494 62.5042
-30.5306 22.1939
-30.3804 32.6967
-30.3816 32.6828
-30.4587 27.3942
-29.8287 71.2377
-29.8928 66.8494
-29.7448 77.2025
-29.6608 83.1105
-29.7863 74.4576
-29.7431 77.5334
-29.7071 80.1027
-29.5417 91.6658
-29.5057 94.2366
-29.566 90.1127
-29.1651 118.039
-29.187 116.585
-29.7825 75.2798
-29.2716 110.845
-29.563 90.6727
-29.3217 107.505
-29.3033 108.85
-29.5384 92.5866
-29.3617 104.934
-29.4819 96.6529
-29.4433 99.4003
-29.4835 96.678
-29.6631 84.2712
-29.7429 78.7982
-29.194 117.004
-29.1469 120.347
-29.4918 96.4528
-29.544 92.8932
-29.3249 108.189
-29.1213 122.398
-29.6915 82.8522
-29.4393 100.447
-29.3089 109.573
-29.8563 71.6135
-30.2238 46.1497
-30.3442 37.8506
-29.8438 72.6911
-29.8459 72.6137
-29.83 73.7897
-29.4609 99.5004
-29.5808 91.2418
-29.1369 122.154
-29.3048 110.555
-29.662 85.8086
-29.5857 91.1786
-29.5089 96.5794
-29.4405 101.402
-29.6612 86.1434
-29.2701 113.382
-29.6116 89.7268
-29.5305 95.4314
-29.1925 118.982
-29.687 84.6945
-29.8402 74.1208
-29.338 109.083
-29.0125 131.766
-29.3146 110.845
-29.3801 106.363
-29.4186 103.76
-29.6148 90.2005
-29.2975 112.313
-29.3935 105.713
-29.5856 92.4333
-29.6808 85.8877
-29.4897 99.2384
-29.1459 123.194
-29.4249 103.877
-30.4303 34.0905
-31.0454 -8.57265
-31.2168 -20.4159
-31.1316 -14.4225
-30.9153 0.675086
-31.0549 -8.9556
-31.2976 -25.7487
-31.3862 -31.8357
-31.2451 -21.9598
-31.1499 -15.2768
-31.1995 -18.6519
-30.8501 5.69059
-30.442 34.1109
-29.7042 85.446
-29.64 89.9741
-29.5994 92.8639
-29.8635 74.5851
-29.5659 95.3305
-29.4848 101.036
-29.3899 107.696
-29.7607 82.0062
-29.7582 82.2483
-30.0364 62.991
-29.6506 89.8646
-29.7831 80.7292
-29.6946 86.9482
-29.4976 100.705
-29.6051 93.301
-29.6817 88.0488
-29.887 73.8587
-29.5702 95.939
-29.9153 72.027
-29.9138 72.2003
-29.7226 85.5583
-29.8792 74.7484
-29.7407 84.4366
-29.612 93.4487
-29.5472 98.0178
-29.6405 91.6058
-29.7307 85.4105
-29.487 102.415
-29.5358 99.0914
-29.7069 87.2756
-29.8416 77.9862
-29.9381 71.3513
-29.6703 90.0228
-29.4851 102.961
-29.8076 80.6201
-30.3237 44.8374
-29.6576 91.1855
-29.5846 96.3232
-29.7687 83.6033
-29.8899 75.2521
-30.1089 60.1067
-29.8085 81.049
-29.4487 106.117
-29.1029 130.208
-29.2342 121.159
-29.4076 109.177
-29.2121 122.831
-28.874 146.389
-29.178 125.339
-29.675 90.8815
-29.3641 112.546
-29.0937 131.406
-29.3612 112.891
-29.3 117.208
-28.9683 140.324
-29.2798 118.751
-29.2369 121.806
-29.3838 111.668
-29.306 117.143
-29.7254 88.0739
-29.7296 87.8493
-29.7208 88.5325
-29.6651 92.4724
-29.3417 115.008
-29.3451 114.845
-29.7089 89.6339
-29.2128 124.176
-29.2577 121.122
-29.2836 119.393
-29.6734 92.3777
-29.9131 75.7974
-30.0598 65.6681
-30.1689 58.1634
-30.0578 65.9483
-29.3022 118.514
-29.1674 127.953
-29.2906 119.461
-29.5016 104.869
-29.891 77.8834
-29.8975 77.5029
-29.5939 98.6698
-29.5485 101.892
-29.9087 76.9356
-30.3176 48.5905
-30.4615 38.6673
-30.5304 33.9456
-30.6574 25.1908
-30.8554 11.5027
-30.6113 28.5323
-30.8187 14.1934
-30.8099 14.8753
-31.0608 -2.48463
-31.1293 -7.17955
-31.1891 -11.26
-30.9261 7.07937
-31.0133 1.09038
-31.5788 -38.1278
-30.8772 10.6882
-30.736 20.5658
-30.477 38.6331
-30.3082 50.4313
-30.3032 50.8447
-30.6039 30.0192
-30.3965 44.4978
-30.1612 60.917
-30.0549 68.3775
-29.9279 77.2666
-29.8096 85.5535
-29.493 107.626
-29.4715 109.183
-29.5856 101.326
-30.0016 72.4971
-30.123 64.127
-30.5912 31.6658
-30.6693 26.3128
-30.2999 52.0474
-30.2911 52.7252
-29.9647 75.4769
-29.9823 74.3231
-29.8071 86.5611
-29.8147 86.1086
-29.6762 95.795
-29.9724 75.289
-29.2672 124.353
-29.3082 121.575
-29.6955 94.7312
-29.6532 97.7451
-29.7509 91.0237
-29.6973 94.8198
-29.5476 105.292
-29.7267 92.916
-29.6294 99.7457
-29.4936 109.247
-29.3067 122.307
-29.3556 118.973
-29.504 108.735
-29.5598 104.929
-29.7764 89.9472
-29.7772 89.9621
-30.1737 62.4799
-29.9882 75.4426
-29.6141 101.505
-29.4123 115.592
-29.7169 94.4956
-29.8974 82.0258
-29.9184 80.6387
-29.7937 89.3742
-29.5052 109.487
-29.7605 91.8181
-29.6583 98.9887
-29.3847 118.063
-29.6741 98.0245
-29.557 106.237
-29.5326 107.997
-29.7704 91.5432
-29.6538 99.715
-29.8011 89.5481
-29.5554 106.691
-29.4275 115.647
-29.1883 132.336
-29.1884 132.398
-29.3127 123.832
-29.1558 134.806
-29.017 144.52
-29.6583 100.032
-29.704 96.9203
-29.6863 98.2235
-29.4868 112.154
-29.7755 92.1636
-29.9627 79.2285
-29.5826 105.707
-29.1214 137.821
-28.9617 148.983
-29.4476 115.29
-30.0169 75.807
-29.9968 77.2739
-29.7314 95.7816
-29.4079 118.331
-29.6063 104.611
-29.6054 104.75
-29.3296 123.979
-29.6693 100.449
-29.5299 110.2
-29.1701 135.266
-29.2871 127.206
-29.2061 132.905
-29.3278 124.523
-29.4453 116.424
-29.9301 82.8107
-29.7195 97.5131
-29.5076 112.303
-29.1821 134.99
-29.534 110.61
-29.4425 117.035
-29.3922 120.604
-29.278 128.607
-29.2706 129.19
-29.332 124.995
-29.3617 122.997
-29.4536 116.685
-30.0594 74.6628
-29.8802 87.1847
-29.5539 109.92
-29.3871 121.584
-29.1758 136.331
-29.3543 123.998
-29.8731 88.0241
-29.9254 84.4621
-29.8865 87.2281
-29.5361 111.647
-29.5147 113.2
-29.3216 126.688
-29.6077 106.882
-29.7687 95.7642
-29.4359 118.958
-29.8884 87.5826
-29.7826 95.0042
-30.1662 68.4213
-29.7097 100.21
-29.7602 96.7709
-29.744 97.9666
-29.3787 123.417
-29.4966 115.29
-29.2926 129.536
-29.3642 124.629
-29.4412 119.348
-29.4171 121.095
-29.5277 113.478
-30.2822 61.1271
-29.8461 91.4937
-29.8354 92.3098
-30.3148 59.0741
-30.2447 64.0125
-30.004 80.8064
-29.7623 97.6666
-29.5464 112.736
-29.5504 112.531
-29.5451 112.969
-29.0948 144.321
-29.523 114.637
-29.3403 127.407
-29.5541 112.621
-29.4974 116.626
-29.2144 136.361
-29.5021 116.44
-29.4717 118.625
-29.49 117.419
-29.4138 122.784
-29.6255 108.146
-29.0353 149.22
-29.4674 119.265
-29.6509 106.591
-29.2874 131.915
-29.7115 102.518
-29.8398 93.6697
-29.5216 115.851
-29.389 125.133
-29.1916 138.916
-29.0425 149.342
-29.0619 148.065
-29.4271 122.76
-29.4256 122.936
-29.0769 147.236
-28.9116 158.784
-29.0474 149.425
-29.1976 139.053
-29.407 124.578
-29.1411 143.117
-28.9206 158.507
-29.2345 136.77
-29.7727 99.4474
-29.591 112.137
-29.4033 125.249
-29.4096 124.879
-29.4203 124.211
-29.3642 128.177
-29.474 120.612
-29.6493 108.503
-29.4608 121.669
-29.0436 150.729
-29.2492 136.514
-29.9031 91.1523
-29.5945 112.662
-29.3877 127.1
-29.426 124.509
-29.3415 130.444
-29.0573 150.264
-29.2087 139.81
-29.4144 125.589
-29.32 132.222
-29.0999 147.583
-28.9925 155.113
-29.2744 135.597
-29.5726 114.945
-29.1692 143.047
-29.538 117.488
-30.0451 82.3233
-30.6126 42.9677
-30.1373 76.0589
-29.8612 95.3111
-29.6867 107.508
-29.6886 107.445
-29.5777 115.219
-29.6746 108.555
-29.524 119.089
-29.4847 121.884
-29.3799 129.241
-29.3822 129.145
-29.9091 92.6051
-29.7336 104.873
-29.6444 111.14
-29.6884 108.154
-29.7784 101.964
-29.7265 105.643
-30.0449 83.5881
-30.4037 58.7313
-30.4414 56.1804
-29.5345 119.261
-29.4738 123.547
-29.3584 131.636
-29.6919 108.53
-29.9055 93.7645
-29.7054 107.733
-29.5885 115.928
-29.1952 143.324
-29.6444 112.178
-29.7398 105.619
-29.9505 91.0499
-29.5066 121.964
-29.7507 105.074
-29.2649 138.899
-29.5016 122.517
-29.7704 103.915
-29.5942 116.228
-29.2305 141.567
-29.4168 128.691
-29.5416 120.085
-29.6866 110.085
-29.5722 118.098
-30.2307 72.4213
-30.8151 31.8872
-30.8665 28.3827
-30.7081 39.4582
-30.5369 51.421
-30.6695 42.2811
-31.0453 16.2385
-30.6548 43.4405
-30.7216 38.8644
-30.7129 39.5385
-30.5214 52.9152
-30.5651 49.945
-30.2877 69.2892
-30.2703 70.5683
-30.4372 59.0441
-30.0629 85.1166
-30.1143 81.6176
-30.2225 74.1654
-30.4635 57.4968
-30.5361 52.517
-30.3851 63.0784
-30.5394 52.4309
-30.3528 65.4609
-30.6042 48.069
-30.5274 53.4712
-30.6401 45.7108
-30.274 71.2194
-30.1877 77.2824
-30.4192 61.2651
-30.1766 78.1905
-30.6083 48.2655
-31.2232 5.61631
-31.3002 0.330651
-31.2456 4.19444
-31.1182 13.1166
-31.2517 3.9109
-31.06 17.2989
-30.8052 35.0715
-30.4847 57.4119
-30.4885 57.2146
-30.4052 63.072
-30.6869 43.5723
-30.6392 46.9529
-30.5002 56.6788
-30.5419 53.8547
-31.3591 -2.85542
-31.5057 -12.9716
-31.418 -6.81229
-31.2458 5.22782
-30.5237 55.4665
-30.5357 54.6991
-30.4485 60.8285
-30.3167 70.0527
-30.8714 31.5862
-30.4361 61.8972
-30.7418 40.7305
-30.985 23.8988
-31.1567 12.0414
-31.037 20.4247
-30.7489 40.5152
-30.5282 55.9143
-30.624 49.3288
-30.7146 43.105
-30.8325 34.9814
-31.0665 18.7969
-31.0201 22.0888
-30.7872 38.3408
-30.6599 47.2511
-30.3191 71.0002
-30.4289 63.4429
-30.622 50.0953
-30.8528 34.1313
-30.8762 32.5712
-31.317 2.01642
-31.0876 18.0224
-31.7665 -29.0767
-31.7263 -26.2116
-31.8083 -31.8425
-31.2918 4.11641
-31.3593 -0.507107
-31.6505 -20.6719
-31.303 3.5414
-30.9295 29.5661
-31.098 17.9243
-31.175 12.6429
-30.7237 44.0682
-31.0583 20.8912
-31.2915 4.75783
-31.1588 14.0498
-31.3392 1.58478
-31.114 17.3029
-31.3012 4.36223
-31.4423 -5.37293
-30.9364 29.8516
-30.733 44.0472
-30.7355 43.9454
-31.5318 -11.3131
-31.5458 -12.213
-30.8897 33.4406
-30.7435 43.6647
-31.4184 -3.15123
-31.4064 -2.25214
-31.7792 -28.0841
-31.8133 -30.3812
-31.3916 -1.01713
-31.2509 8.83071
-30.8037 39.9709
-31.0779 20.9866
-31.0835 20.6719
-31.068 21.8188
-30.9932 27.0843
-31.2175 11.5677
-31.7608 -26.1135
-31.8512 -32.321
-31.576 -13.129
-31.2248 11.3391
-31.1628 15.7194
-31.2987 6.34584
-31.4698 -5.47809
-31.7304 -23.5091
-32.0328 -44.454
-31.8672 -32.8792
-31.3433 3.59237
-30.8667 36.7726
-30.78 42.8673
-30.6725 50.4089
-30.7597 44.415
-30.4433 66.4686
-30.715 47.6604
-31.1144 19.9795
-31.0002 27.9882
-30.7489 45.5159
-30.6277 54.0038
-30.8784 36.656
-30.6666 51.4419
-30.5937 56.5786
-30.6857 50.2567
-30.5542 59.4607
-30.1541 87.3267
-30.3362 74.7423
-30.9184 34.3636
-30.8869 36.6197
-30.5414 60.6953
-30.8245 41.0942
-30.8915 36.5089
-30.7484 46.5234
-30.6989 50.0336
-30.9467 32.8877
-31.208 14.7996
-31.0765 24.0078
-31.2039 15.2249
-31.1499 19.0465
-31.1883 16.4458
-31.2413 12.8334
-31.6573 -16.0003
-31.9508 -36.3246
-31.8846 -31.6536
-31.6933 -18.2953
-31.4188 0.846882
-31.4128 1.33736
-31.2489 12.7943
-31.6673 -16.2081
-31.9812 -37.9463
-31.6323 -13.6399
-31.3542 5.75451
-31.35 6.1108
-31.5045 -4.54962
-31.3347 7.31533
-31.5269 -5.96925
-31.411 2.15314
-31.7901 -24.1169
-32.0286 -40.6202
-32.3426 -62.3671
-31.7156 -18.7283
-30.9414 35.1271
-30.9375 35.4687
-31.6233 -12.1114
-30.9357 35.7328
-30.8441 42.1671
-31.1374 21.8582
-30.7701 47.4454
-30.6807 53.7287
-30.6636 54.9861
-30.8104 44.8522
-31.0636 27.3346
-31.1947 18.2929
-31.4777 -1.29925
-30.9724 33.8773
-30.5254 65.0064
-30.7119 52.1171
-30.9956 32.4744
-31.2999 11.4002
-31.248 15.0741
-31.0266 30.5258
-31.046 29.2488
-30.8044 46.1056
-30.8741 41.3305
-30.829 44.5389
-30.9329 37.3852
-31.0006 32.7527
-31.1371 23.3383
-30.7359 51.2849
-30.6032 60.5743
-30.7527 50.2521
-30.8217 45.5305
-30.8366 44.5612
-30.8285 45.1971
-30.9059 39.8863
-30.7854 48.3306
-30.552 64.6121
-30.2792 83.6362
-30.7203 53.0617
-30.3409 79.4927
-30.2038 89.0853
-30.1323 94.12
-30.5645 64.1635
-31.0509 30.4365
-31.0715 29.0792
-30.9003 41.0441
-30.6261 60.1616
-30.4451 72.8099
-30.6692 57.3039
-30.3399 80.2572
-30.7617 51.0189
-30.7293 53.338
-30.9984 34.7134
-31.0399 31.8992
-31.0263 32.9124
-31.2322 18.6754
-31.5372 -2.44702
-31.6131 -7.64782
-31.3964 7.4732
-31.462 2.98453
-31.515 -0.625523
-31.0262 33.4088
-30.9076 41.7148
-30.9815 36.6526
-31.5905 -5.59105
-31.8699 -24.9358
-32.1243 -42.5395
-32.218 -48.9846
-31.8587 -23.9504
-31.8239 -21.4588
-31.5692 -3.69446
-32.0838 -39.3839
-32.034 -35.8478
-32.1607 -44.5814
-31.7809 -18.1303
-31.2559 18.4211
-30.8639 45.7271
-31.0172 35.1427
-31.3289 13.5535
-31.3244 13.9364
-31.0377 33.9296
-30.3361 82.7419
-29.8138 119.1
-30.0292 104.206
-29.737 124.577
-29.9635 108.906
-30.3201 84.2004
-30.4244 77.0235
-30.3815 80.0745
-30.6245 63.2624
-30.0226 105.148
-30.048 103.452
-29.813 119.851
-30.0735 101.824
-30.1493 96.6231
-30.3295 84.172
-30.3626 81.9452
-30.5366 69.9206
-30.3596 82.2892
-30.4007 79.5036
-30.2849 87.618
-30.1186 99.2445
-30.6203 64.4552
-31.024 36.4751
-30.9248 43.44
-30.8372 49.5966
-30.7331 56.8977
-30.9278 43.4384
-31.0539 34.7475
-31.3673 13.0379
-31.5028 3.69849
-32.1556 -41.5885
-31.9833 -29.5514
-32.3606 -55.6977
-32.0012 -30.6538
-31.8805 -22.1971
-32.3908 -57.5838
-32.5793 -70.6123
-32.6919 -78.3626
-32.2207 -45.5595
-32.1519 -40.7059
-32.5153 -65.8881
-32.6368 -74.2588
-32.3098 -51.4669
-32.0322 -32.1141
-32.2764 -49.0104
-32.8953 -91.9393
-32.9518 -95.7971
-32.7781 -83.6569
-32.6821 -76.9201
-32.8353 -87.4971
-32.7238 -79.679
-32.161 -40.5088
-31.7614 -12.6716
-31.5467 2.31322
-31.7581 -12.3064
-31.3564 15.6769
-31.721 -9.5872
-31.8934 -21.4977
-31.9583 -25.9353
-32.1967 -42.4274
-32.6899 -76.6312
-32.4035 -56.6634
-31.6912 -7.09878
-31.3908 13.8423
-30.8947 48.3814
-31.1204 32.7654
-31.2435 24.2848
-31.3918 14.0484
-31.3345 18.1009
-31.4955 6.98308
-31.8212 -15.5756
-31.9266 -22.8302
-31.9923 -27.3279
-31.922 -22.3746
-31.5387 4.32703
-31.315 19.9403
-31.7776 -12.1341
-31.6554 -3.5741
-31.6457 -2.83074
-31.6517 -3.17199
-31.7668 -11.1047
-31.4163 13.3218
-31.8524 -16.9095
-32.2196 -42.3514
-31.6771 -4.59012
-31.6683 -3.913
-32.1245 -35.5351
-31.9884 -26.0158
-31.7959 -12.5707
-31.62 -0.278259
-31.5818 2.44709
-31.5412 5.3358
-31.8722 -17.5955
-32.247 -43.5611
-31.7406 -8.30773
-31.3537 18.6397
-31.6885 -4.54918
-31.9891 -25.3646
-32.4939 -60.3691
-32.4158 -54.8773
-32.4104 -54.4326
-32.5198 -61.9643
-32.5065 -60.9656
-32.7154 -75.4102
-32.2912 -45.8732
-31.5665 4.55044
-31.2669 25.437
-31.9197 -19.8501
-32.5716 -65.077
-32.6812 -72.622
-32.4819 -58.7057
-32.1075 -32.6219
-32.1352 -34.4776
-32.2634 -43.3133
-32.1402 -34.6844
-31.5906 3.57033
-31.4269 15.0141
-31.7463 -7.10469
-31.6788 -2.35102
-31.7115 -4.55297
-31.9253 -19.3344
-31.736 -6.11359
-31.9854 -23.3704
-32.5488 -62.4509
-32.2771 -43.5013
-32.3813 -50.6725
-32.7633 -77.1441
-32.4108 -52.5805
-31.8107 -10.8162
-31.7107 -3.79783
-31.9544 -20.6659
-31.6672 -0.641455
-31.5714 6.08979
-31.5959 4.45393
-31.7612 -6.9587
-31.484 12.3644
-31.0565 42.14
-31.7111 -3.27574
-31.8155 -10.4554
-31.9414 -19.1315
-31.9486 -19.5663
-31.958 -20.1494
-32.0052 -23.3584
-32.3469 -47.0293
-32.6616 -68.8284
-32.4295 -52.6277
-32.1056 -30.0585
-31.8396 -11.5029
-31.8706 -13.5892
-32.3775 -48.739
-32.6435 -67.1495
-32.7886 -77.165
-32.9178 -86.0704
-32.5967 -63.6926
-32.4234 -51.5819
-32.2958 -42.648
-31.6668 1.12284
-32.223 -37.4484
-32.8385 -80.1408
-32.3279 -44.5974
-31.2705 28.9367
-30.7162 67.5191
-30.9758 49.5519
-31.4005 20.1159
-31.7071 -1.11679
-31.9088 -15.0633
-31.7859 -6.45768
-31.9427 -17.2786
-31.8811 -12.9287
-31.7943 -6.82743
-31.8944 -13.7121
-32.0356 -23.4556
-31.7558 -3.94765
-31.4602 16.6622
-31.4434 17.8957
-32.0939 -27.2268
-32.7739 -74.4043
-32.5883 -61.4378
-32.2477 -37.705
-31.6539 3.61736
-31.548 11.0499
-31.3845 22.4762
-31.3471 25.1457
-31.3347 26.0782
-30.8402 60.5007
