5.37764 -0.124862
5.33489 -14.6277
5.43087 19.0606
5.56361 65.5238
5.73258 124.57
5.66139 100.185
5.41266 14.1257
5.468 33.6972
5.49449 43.2473
5.74109 129.262
5.37542 2.57777
5.09741 -93.653
5.56336 68.5613
5.73916 129.982
5.50532 49.0934
5.28788 -26.0962
5.00055 -125.567
5.16202 -69.1232
5.25054 -38.025
5.48435 43.5448
5.49291 46.8685
5.21483 -49.3889
5.20773 -51.5084
5.51162 54.4087
5.46399 38.2115
5.59513 84.114
5.57743 78.3125
5.52212 59.4448
5.64043 100.893
5.35586 2.3831
5.21918 -44.7519
5.55945 73.8026
5.42255 26.5917
5.21858 -43.9178
5.26681 -26.8154
4.85774 -168.578
5.25421 -30.4989
6.01813 235.233
5.55573 74.9432
5.22387 -39.9971
5.65315 109.481
5.89056 192.303
5.63877 105.18
5.46072 43.6729
5.21038 -42.9439
5.45277 41.6059
5.31875 -4.60433
5.48998 55.2296
5.69659 127.352
5.85915 184.17
5.64906 111.533
5.35065 8.2143
5.31929 -2.3318
4.94013 -133.701
5.0921 -80.56
5.39352 24.4991
5.70469 132.945
5.27363 -16.4544
5.1285 -66.5259
5.07053 -86.3163
5.50108 63.6
5.75116 150.826
5.3901 25.7435
5.31789 1.00505
5.43326 41.4296
5.33673 8.24351
5.73098 145.551
5.87692 196.599
5.37045 20.9994
5.36231 18.5192
5.55724 86.5835
5.1217 -64.3721
5.04531 -90.5641
5.32538 7.08133
5.89997 207.038
5.69885 137.517
5.34778 15.9043
5.15388 -51.1093
5.12178 -61.9113
5.83149 184.983
5.51732 76.1903
5.65948 125.924
5.22397 -25.0235
5.02517 -93.7383
5.27508 -6.57349
5.31087 6.20892
5.24759 -15.4276
5.11355 -61.6458
5.35683 23.2162
5.37907 31.2882
5.62911 118.501
5.09701 -66.0027
5.16823 -40.9141
5.35229 23.375
5.30625 7.72981
5.57802 102.49
5.37519 32.3739
5.11835 -56.5031
5.12001 -55.5791
5.18944 -31.1127
5.21513 -21.8402
5.45831 62.9869
5.57253 103.012
5.63984 126.743
5.47012 68.1325
5.62753 123.163
5.18409 -30.5406
5.38057 38.0655
5.54658 96.0816
5.28249 4.68612
5.17578 -32.0354
5.40059 46.4075
5.46044 67.5481
5.68121 144.589
5.3603 33.4556
5.206 -19.7998
5.24047 -7.48022
5.14022 -41.9585
5.34744 30.3778
5.58335 112.678
5.30826 17.4598
5.59641 117.908
6.00853 261.424
5.63175 130.88
5.60367 121.475
5.70646 157.531
5.77468 181.578
5.63475 133.312
5.6628 143.406
5.28368 12.0477
5.2443 -1.28381
5.72394 165.687
5.44348 68.6043
5.91093 231.342
5.49363 86.7214
5.30234 20.613
5.43728 67.8376
5.36734 43.8891
5.62939 135.272
5.55455 109.621
5.28729 17.1239
5.26927 11.2088
5.26973 11.7166
5.35493 41.6638
5.48951 88.7628
5.09857 -46.6992
5.44123 72.6871
5.92715 241.839
5.25752 9.5618
5.00828 -76.6755
4.93253 -102.644
5.38546 55.0474
5.4969 94.1098
5.17685 -16.7259
5.59697 129.567
5.88749 230.84
5.62276 139.223
5.651 149.379
5.78842 197.467
5.50004 97.6303
5.04445 -60.2915
5.36753 52.2925
5.13972 -26.4984
5.55338 117.553
5.52833 109.197
5.72983 179.543
5.54055 114.136
5.48908 96.6049
5.47425 91.7981
5.28351 25.8832
5.35851 52.2855
5.16848 -13.3833
5.32225 40.3853
5.3972 66.7694
5.4408 82.2636
5.4429 83.3386
5.47684 95.4765
5.3053 36.2346
5.29409 32.685
5.13394 -22.601
5.44926 87.285
5.52915 115.388
5.3343 48.0451
5.86015 231.071
6.02613 289.078
5.30354 38.4006
5.41205 76.4437
5.64411 157.408
5.53181 118.743
5.59486 140.992
5.31096 42.7148
5.50392 110.096
5.34615 55.6363
5.7741 204.65
5.56423 132.091
5.06818 -39.8883
5.54054 124.557
5.58553 140.533
5.5183 117.523
5.70585 183.024
5.54316 126.854
5.69289 179.217
5.86979 241.018
6.03497 298.748
5.89873 251.767
5.75934 203.69
5.60004 148.699
5.41301 84.0718
5.12508 -15.6053
5.68296 178.547
5.39772 79.8052
5.17229 1.83809
5.35892 67.0187
5.5622 137.985
5.78047 214.158
5.95163 273.967
5.98933 287.412
5.25132 31.3761
5.40628 85.5554
5.7856 217.678
5.56654 141.924
5.53299 130.616
5.15449 -0.525626
5.335 62.5322
5.28274 44.7231
5.35681 70.802
5.69635 189.104
5.88537 255.117
5.54872 138.514
5.2073 20.2543
5.47575 113.859
5.81109 230.7
5.26912 42.7698
5.31207 58.0385
5.31022 57.7454
5.48861 120.064
5.69843 193.3
5.56006 145.58
5.43383 102.075
5.29692 54.8611
5.19208 18.7856
5.15041 4.65801
5.16878 11.3859
5.23927 36.2214
5.00696 -44.1348
5.15389 7.25663
5.3009 58.6752
5.50595 130.255
5.69162 195.102
5.67944 191.219
5.54195 143.805
5.28114 53.5487
5.486 125.062
5.66987 189.284
5.28163 54.7604
5.39121 93.1732
5.64317 181.053
5.44943 114.095
5.23059 38.4188
5.46023 118.543
5.40328 99.1063
5.15467 13.0857
5.12461 2.99127
5.41679 104.84
5.1661 18.0988
5.31392 69.7978
5.50083 135.078
5.51265 139.532
5.14843 13.3516
5.45527 120.293
5.43186 112.509
5.21068 36.0187
5.13363 9.59932
5.12827 8.08263
4.90662 -68.5697
4.87157 -80.3983
5.33996 82.6665
5.83395 254.625
5.55635 158.535
5.64644 190.177
5.71423 214.074
5.46306 127.167
5.4803 133.504
5.46443 128.34
5.91733 286.021
5.3878 102.413
5.20525 39.3433
5.06762 -8.12338
5.07874 -3.91064
5.39855 107.537
5.28681 69.0651
5.43569 121.133
5.10611 6.98675
5.39783 108.677
5.47841 137.016
5.56197 166.391
5.18007 34.0701
5.47324 136.264
5.39321 108.809
5.36864 100.621
5.45197 129.915
5.1211 15.3185
4.96104 -39.9353
5.26022 64.3461
5.09027 5.65066
5.25293 62.5068
5.37322 104.643
5.39458 112.41
5.61326 188.725
5.4804 142.918
5.52611 159.143
5.60777 187.861
5.10797 14.5791
5.02987 -12.2023
4.97485 -30.9688
5.31922 89.0109
5.72738 231.148
5.67779 214.27
5.28826 79.2964
5.16756 37.7139
4.93652 -42.2017
4.87168 -64.3801
5.06158 1.93715
5.49384 152.452
5.42034 127.266
5.03914 -4.81631
5.47515 147.001
5.10739 19.5911
5.43187 132.66
5.59255 188.827
5.62243 199.555
5.13482 30.5076
5.00464 -14.3688
5.25975 74.6044
5.34048 102.997
5.77201 253.256
5.47172 149.283
5.30703 92.4188
4.81615 -77.7638
4.94702 -31.9549
5.5459 176.443
5.62425 204.008
5.44543 142.235
5.4948 159.733
5.12055 30.0659
4.79925 -81.2038
4.84039 -66.5632
4.90634 -43.3074
4.97224 -20.064
5.22076 66.6153
5.39776 128.453
5.02532 -0.583279
5.10488 27.404
4.76376 -90.7529
5.09024 23.0102
5.04363 7.1652
5.00763 -4.9929
4.81501 -71.5591
5.10737 30.3525
5.43099 143.124
5.05054 11.3035
5.01388 -1.08444
5.23513 76.1235
5.29518 97.3343
5.38152 127.675
5.28166 93.331
5.0388 9.30916
5.32857 110.323
5.15104 48.9981
5.00249 -2.26077
5.16883 55.8718
4.83733 -58.9427
5.31714 108.09
5.18188 61.4459
5.33606 115.355
5.23094 79.1848
5.15236 52.2335
5.13015 44.8663
5.21152 73.4816
5.15308 53.5252
5.05506 19.8207
4.8437 -53.2557
5.05497 20.4868
4.78614 -72.5558
5.03741 15.0799
5.44078 155.556
5.17953 65.1468
4.62777 -126.183
5.19579 71.4887
5.23679 86.0815
5.40964 146.475
5.17264 64.4888
4.80017 -64.558
5.03633 17.8314
4.86506 -41.3188
5.32184 117.71
5.77502 275.491
5.26643 99.1584
5.27973 104.125
5.2231 84.798
5.18974 73.559
4.98557 2.97786
5.08171 36.7238
5.49142 179.403
5.3805 141.217
5.43317 159.86
4.8962 -26.3325
5.17718 71.6275
4.97842 2.92496
5.17643 72.0613
5.19364 78.3856
5.0845 40.818
5.37369 141.628
5.19392 79.5251
5.41526 156.764
4.88941 -25.5662
5.21787 88.887
5.45702 172.315
5.14371 63.8189
5.28264 112.43
5.77522 283.898
5.90481 329.264
4.96675 3.73575
5.13323 61.9161
5.86474 316.386
5.83812 307.486
5.11667 57.2047
4.96656 5.40617
5.2272 96.2966
5.1976 86.3614
5.21515 92.8053
5.49063 188.854
5.42136 165.137
4.94694 0.673378
4.98994 15.9601
5.1596 75.2475
5.52614 202.928
5.38172 153.106
5.21194 94.4721
5.35046 142.939
5.44765 177.05
5.64958 247.547
5.34941 143.615
5.25217 110.183
5.00707 25.3841
4.94079 2.70725
5.26105 114.31
5.364 150.423
4.96866 13.4309
4.89799 -10.7739
5.26886 118.411
5.35369 148.231
5.2008 95.4627
5.37406 156
5.71242 273.894
5.26607 119.181
5.26835 120.321
4.97351 18.2403
5.36328 153.994
5.31781 138.546
5.16476 85.723
5.07971 56.5237
5.30295 134.423
5.52456 211.757
5.23246 110.63
5.12968 75.2726
5.5039 205.622
5.58544 234.297
5.54277 219.822
5.23353 112.74
5.35169 154.135
5.10521 68.8581
4.91259 2.28823
5.37238 162.366
5.40755 174.931
5.38621 167.865
4.97133 24.086
5.07054 58.8977
5.27327 129.673
5.27718 131.379
5.48813 205.009
5.33286 151.414
5.41656 180.839
5.14259 86.0111
5.27175 131.227
5.32687 150.725
5.41224 180.727
5.648 262.979
4.98161 31.8259
4.46624 -146.865
5.29888 142.739
5.75941 303.072
4.94564 20.7183
5.18227 103.271
5.00455 41.8789
5.46889 203.537
5.46842 203.719
5.36996 169.864
5.26865 135.016
5.49319 213.367
5.13888 90.6277
4.75596 -42.0477
5.10032 77.9278
5.3645 170.049
4.9746 34.9464
5.30315 149.432
5.09144 76.2324
5.50307 219.578
5.53279 230.251
5.12831 90.0825
4.97583 37.461
5.39624 183.856
5.50003 220.259
5.23436 128.315
4.91846 18.9193
5.21221 121.313
5.57814 248.784
5.48143 215.535
5.30561 154.801
4.90665 16.5524
5.08015 77.175
5.42258 196.479
5.00385 51.3626
4.90877 18.68
4.98921 46.9707
4.91082 20.0855
5.02413 59.7988
4.87639 8.82079
4.92224 25.0946
5.02934 62.6476
5.1054 89.421
5.15125 105.696
5.1698 112.486
5.43888 206.31
5.97511 392.942
5.75608 317.201
5.20056 124.561
5.0575 75.2105
4.76458 -26.2013
4.99014 52.5043
4.96981 45.7911
4.86701 10.4248
5.24915 143.527
5.42388 204.574
5.26276 148.948
4.90902 26.4094
5.22481 136.462
4.94521 39.6757
5.00606 61.1625
4.9628 46.4807
4.96858 48.8353
5.14318 109.839
5.09472 93.3512
4.96241 47.7361
5.02194 68.765
5.11636 101.913
5.25101 149.034
5.18206 125.43
5.1881 127.875
5.21655 138.108
5.15831 118.223
5.32427 176.222
5.10323 99.7823
5.08111 92.4459
5.31579 174.32
5.39656 202.725
5.23011 145.249
5.15129 118.214
5.3597 190.965
5.31616 176.183
5.51437 245.388
5.3426 186.065
5.33706 184.486
4.98559 62.7357
5.12673 112.114
5.10115 103.574
5.19359 136.037
4.90046 34.551
5.24804 155.647
4.98386 64.2194
5.00518 71.9748
4.76413 -11.4195
5.09165 102.707
5.36734 198.829
4.85528 21.2871
4.80707 4.88687
4.96389 59.714
4.9976 71.7714
5.16583 130.562
5.28965 173.925
5.13443 120.347
5.00876 77.04
5.03502 86.5071
5.24676 160.415
5.13143 120.694
4.68243 -34.9385
4.94454 56.4645
5.0657 98.9028
5.03229 87.6456
5.04895 93.7783
4.96404 64.629
5.0408 91.6428
5.10003 112.567
4.95847 63.7353
5.03229 89.7294
5.23046 158.918
5.55805 273.069
5.40804 221.306
5.2789 176.79
5.06553 103.012
5.11577 120.815
4.82388 19.7589
4.98858 77.3245
5.24193 165.682
5.52945 265.915
5.26597 174.728
5.42582 230.607
5.56029 277.67
5.52481 265.689
5.96195 417.9
5.29664 187.122
5.0712 109.15
5.15424 138.346
5.43899 237.614
5.62199 301.535
5.24339 170.358
5.20575 157.63
5.06681 109.711
5.25364 174.964
5.0198 94.0762
5.20513 158.806
5.14641 138.752
4.7518 2.01374
5.08604 118.475
5.11971 130.52
4.90305 55.6016
5.35351 212.436
5.67368 324.009
5.33576 206.963
5.12654 134.63
5.25278 178.83
5.13784 139.25
5.28544 190.871
5.29549 194.711
5.17172 152.061
5.18913 158.457
4.95911 78.898
5.1178 134.372
5.17739 155.422
5.0314 105.051
5.14866 146.136
4.97608 86.5293
4.71118 -5.1497
5.20687 167.399
5.41227 239.1
5.27226 190.809
5.2494 183.215
4.97567 88.4709
5.12172 139.556
5.00932 100.857
5.12338 140.827
4.96535 86.2769
5.01725 104.654
4.94508 79.9278
5.2268 178.143
5.18493 163.946
5.0016 100.606
5.59695 307.775
4.84682 47.5305
5.19935 170.345
5.52352 283.306
5.63288 321.645
5.35885 226.798
5.58562 305.924
5.1881 168.175
5.57965 304.543
5.48554 272.196
5.2114 177.311
5.18611 168.872
5.38728 239.105
5.27792 201.463
5.24998 192.104
5.21553 180.483
5.00965 109.308
5.06244 127.995
5.05658 126.304
5.41331 250.581
5.28471 206.252
5.19454 175.275
5.36547 235.001
5.07562 134.657
5.15832 163.734
5.44949 265.232
5.54065 297.249
5.29131 210.977
5.27064 204.145
5.37162 239.57
5.32005 222.003
5.32093 222.655
5.06937 135.613
5.25508 200.475
5.62585 329.626
5.25708 201.863
5.00138 113.381
5.14211 162.618
5.57572 313.6
5.1656 171.476
4.96643 102.631
5.43347 265.227
5.19068 181.229
5.56207 310.596
5.22201 192.808
5.12614 159.851
5.24224 200.531
5.12713 160.889
4.98287 111.121
5.38415 250.873
5.0839 146.915
4.91687 89.2367
4.9409 97.9299
5.09038 150.205
5.34131 237.727
5.28633 218.972
5.16505 177.187
5.00494 121.913
4.82223 58.79
4.92612 95.2267
5.27757 217.667
4.82403 60.4558
4.87387 78.1183
5.15205 175.103
5.06447 145.026
5.10907 160.868
5.21288 197.28
5.10315 159.508
4.93213 100.441
5.24427 209.225
5.10441 160.986
4.83231 66.8081
5.07539 151.6
5.09635 159.229
5.03072 136.775
5.00273 127.402
5.20967 199.637
4.93112 103.219
4.85942 78.656
5.15875 182.989
4.89231 90.7788
4.96119 115.053
5.27861 225.672
5.43042 278.756
5.10385 165.654
5.03731 142.885
5.37364 260.073
4.91376 100.66
5.04272 145.808
5.2542 219.625
5.17065 190.944
5.01507 137.247
4.7222 35.8516
5.07758 159.656
5.04507 148.71
4.96078 119.774
5.4929 304.978
5.31642 244.017
4.77335 55.7063
5.2332 215.802
5.29926 239.098
4.8889 96.8881
4.71118 35.4982
4.87022 91.093
5.1611 192.492
5.31791 247.313
5.64691 361.954
5.59144 343.032
5.08837 168.614
4.92991 113.913
5.26729 231.464
5.035 151.117
4.95021 122.009
4.75383 54.1331
5.25407 228.265
5.30583 246.593
5.27127 234.933
5.1349 187.907
4.99989 141.353
5.09293 174.021
5.10346 178.027
5.15756 197.166
5.08197 171.256
4.94134 122.75
4.89055 105.452
4.77695 66.3354
4.99665 143.004
4.66397 27.7818
4.83334 86.9683
5.0293 155.39
4.7308 52.0396
4.89951 110.998
5.08465 175.661
5.09328 179.005
5.14956 198.905
5.11879 188.563
5.34737 268.316
4.92183 120.833
5.02938 158.543
5.06562 171.48
5.39423 285.986
5.60102 358.171
5.27064 243.747
4.99447 148.152
5.17399 210.865
5.16705 208.8
5.18795 216.41
5.20605 223.044
4.91441 122.077
5.20445 223.185
5.24347 237.088
5.1966 221.153
5.22859 232.613
5.26426 245.352
5.12436 197.098
5.28754 254.133
4.9457 135.727
5.14094 203.901
5.39057 290.966
5.12637 199.533
5.13645 203.383
5.32596 269.566
5.05292 175.061
4.7058 54.8176
4.76921 77.1932
4.75263 71.7815
4.99393 155.958
4.8618 110.401
4.92257 131.86
4.81344 94.2975
5.24093 243.153
5.79679 436.603
5.2914 261.379
4.66371 43.6711
5.14601 211.567
5.41641 305.85
5.13376 208.007
4.97445 153.011
5.0693 186.308
5.31976 273.662
5.13824 210.954
4.95098 146.246
5.25116 250.876
5.23955 247.189
4.95309 148.021
5.25022 251.591
5.35543 288.488
5.08142 193.643
5.13047 211.032
4.96914 155.335
5.2436 251.028
5.29316 268.593
5.3883 301.989
5.03891 180.961
4.87287 123.628
5.28449 266.97
5.12306 211.238
5.01885 175.381
4.95697 154.232
5.22117 246.36
5.14491 220.216
5.52365 352.136
5.50012 344.31
5.35878 295.556
4.92025 143.561
5.24723 257.498
5.80032 449.988
5.61548 386.123
5.18512 236.966
5.10346 208.944
5.49748 346.171
5.18885 239.304
5.36509 300.874
5.44139 327.731
5.2371 257.106
5.33984 293.144
5.21906 251.536
5.28557 274.989
5.11295 215.369
5.02592 185.48
5.16691 234.808
5.3195 288.164
4.99786 176.776
5.20662 249.643
5.25587 267.102
5.02943 188.786
5.13392 225.43
5.61826 394.036
5.35594 303.256
5.18554 244.408
5.04076 194.456
5.27559 276.383
5.34495 300.827
5.49471 353.2
5.13385 228.185
5.14187 231.321
5.35677 306.321
5.58619 386.368
5.41366 326.781
5.29518 285.968
5.34118 302.295
5.25575 272.966
5.20307 255.011
5.77366 453.58
5.64278 408.462
5.43994 338.343
5.37275 315.349
5.35132 308.252
5.31827 297.118
5.25094 274.072
5.1552 241.163
5.45594 345.983
5.06209 209.511
4.89218 150.832
5.29973 292.762
5.52166 370.203
5.07737 216.208
5.2998 293.827
4.82261 128.401
5.10058 225.314
5.29484 293.145
5.12736 235.312
5.01742 197.465
5.32341 304.113
5.0276 201.697
5.00507 194.217
5.10935 230.793
4.74328 103.967
5.01054 197.16
4.92668 168.375
4.9272 168.904
5.04211 209.168
4.90264 161.065
5.05911 215.769
5.2247 273.643
5.00862 198.925
4.98076 189.593
5.14913 248.433
5.08431 226.261
5.12349 240.222
4.99145 194.699
5.10379 234.071
4.97095 188.272
4.75382 113.187
4.9846 193.707
4.79751 129.062
4.88716 160.553
4.87606 157.044
5.14893 252.186
5.28124 298.497
4.97292 191.733
5.04122 215.809
5.25692 291.09
4.87099 157.367
5.19902 271.67
5.33917 320.705
5.25322 291.194
5.09763 237.489
4.96907 193.177
4.69661 98.8723
4.72151 107.87
4.91784 176.421
4.51536 36.949
4.51631 37.626
4.8999 171.232
5.0562 225.876
4.90853 174.923
4.77192 127.815
4.62113 75.7771
5.00614 209.876
5.04575 223.984
4.70669 106.541
4.75485 123.619
4.82596 148.67
5.05645 229.089
5.20903 282.444
4.75998 126.792
4.74876 123.241
5.08121 239.08
4.93009 186.931
4.62237 80.3785
4.56497 60.7833
4.51323 43.157
4.76009 129.261
4.91517 183.483
4.85512 162.969
4.80803 146.958
5.03191 225.079
5.07217 239.415
4.82043 152.308
4.81286 150.027
4.76324 133.135
4.67971 104.464
4.93582 193.783
4.73067 122.862
5.04297 231.702
4.6968 111.792
4.91502 187.946
5.24461 302.793
5.15914 273.45
4.83829 162.333
4.93963 197.888
5.14099 268.185
4.99645 218.321
4.7799 143.44
5.23698 302.574
5.12898 265.404
5.0129 225.425
5.07488 247.304
5.06529 244.32
4.91159 191.271
4.88483 182.322
4.87495 179.239
4.70948 122.102
4.71789 125.37
4.73093 130.247
4.93541 201.633
5.10605 261.259
5.00447 226.318
4.81337 160.277
4.86686 179.209
5.0965 259.331
5.00925 229.368
4.91912 198.403
5.34309 346.036
5.16064 283.001
4.59154 85.6456
5.06998 252.204
5.01476 233.368
5.13059 273.952
5.04195 243.506
5.25882 319.193
5.29365 331.641
4.95253 213.485
5.01183 234.431
5.04677 246.919
5.18597 295.624
4.76994 151.444
4.90913 200.146
5.02615 241.145
5.22323 309.957
5.10749 270.096
5.28378 331.687
4.97742 225.607
5.21509 308.519
5.16821 292.579
5.15986 290.028
5.11924 276.261
5.05828 255.433
5.05531 254.747
5.11594 276.158
5.20882 308.772
4.8502 184.537
5.01629 242.584
4.98502 232.067
4.96215 224.47
5.44957 394.144
5.27602 334.2
5.05189 256.688
5.1979 307.757
5.28168 337.208
5.01711 245.645
5.30396 345.643
5.2316 320.853
5.06626 263.761
4.9979 240.362
5.12465 284.742
5.055 260.893
5.21214 315.829
5.23414 323.822
5.21453 317.357
4.81217 177.926
5.01073 247.251
4.70483 141.331
4.87434 200.565
5.09582 277.854
5.18795 310.205
4.67693 133.028
4.82783 185.798
5.00268 246.885
5.22071 322.977
5.24726 332.548
5.11259 286.112
5.09212 279.349
5.16898 306.395
5.21483 322.672
5.03108 259.183
4.94007 227.914
4.88486 209.083
5.13837 297.5
5.26983 343.516
5.05543 269.382
5.08346 279.464
5.23489 332.417
4.73127 157.809
4.95098 234.484
5.09802 285.915
4.94515 233.155
4.98139 246.093
4.88165 211.789
5.02647 262.447
5.01299 258.11
5.17347 314.209
5.05053 271.847
4.95563 239.226
5.23735 337.443
4.59008 112.93
4.98118 249.146
4.9704 245.748
4.75666 171.843
4.93162 232.972
4.89349 220.07
4.90601 224.767
4.573 109.429
5.4204 404.158
5.0425 273.225
5.20281 329.264
4.98749 254.809
5.04916 276.582
4.33879 30.1506
4.56026 107.435
4.95933 246.419
4.62195 129.562
4.84776 208.355
5.32519 374.556
5.02372 270.175
4.66534 146.023
4.97505 253.962
5.29807 366.527
5.27947 360.413
4.96036 249.902
5.11988 305.664
5.43192 414.415
5.35538 388.173
5.44316 419.012
5.16223 321.768
5.14304 315.448
4.96855 255.18
4.99585 265.011
5.21808 342.56
5.1631 323.808
5.04352 282.612
5.00048 268.007
5.0085 271.14
5.09913 302.974
5.00072 269.134
5.099 303.622
5.12961 314.603
4.85468 219.444
5.13501 317.175
4.98018 263.737
5.11781 311.893
4.96125 257.853
5.21993 348.064
5.32403 384.578
4.84623 218.937
4.95486 257.023
4.99251 270.45
4.94756 255.182
5.07848 301.01
5.51994 454.72
4.94186 254.245
4.69508 168.861
4.83262 216.99
4.94827 257.512
4.97842 268.335
4.99514 274.489
4.71578 177.788
5.17718 338.426
5.39821 415.559
5.27024 371.45
5.20651 349.657
5.07766 305.242
5.06921 302.653
5.16635 336.749
5.05176 297.287
4.8076 212.814
5.57758 480.65
5.452 437.371
5.42229 427.396
5.58001 482.533
5.71933 531.281
5.21846 357.63
5.00875 285.125
5.04933 299.569
5.0875 313.176
4.6797 171.856
4.78987 210.477
5.01769 289.968
4.96999 273.744
5.02041 291.608
5.05387 303.577
4.95012 267.883
5.01807 291.835
4.76993 205.98
4.85499 235.877
4.98445 281.198
4.94029 266.206
5.26921 380.818
5.08504 317.185
5.03875 301.452
5.18045 351.027
5.33051 403.503
5.05439 307.927
4.79995 219.883
4.86354 242.322
4.84017 234.55
5.0387 303.865
5.21621 365.879
4.96437 278.738
4.84795 238.645
5.33529 408.29
5.22434 370.093
5.07631 319.017
4.95054 275.672
4.82911 233.834
4.73592 201.808
4.90945 262.439
4.76047 211.031
4.47222 111.243
4.9171 266.139
5.40071 434.491
4.89926 260.636
4.94465 276.752
5.35944 421.195
5.01819 302.995
4.89438 260.331
4.95277 280.964
4.87646 254.799
5.13916 346.41
5.11396 338.003
5.30544 404.867
5.08691 329.301
4.83181 241.028
4.73164 206.575
4.90148 265.925
5.00148 301.012
5.06351 322.906
5.01676 307.014
5.15724 356.162
5.13223 347.822
5.22336 379.829
5.15687 357.075
4.87315 258.861
4.87489 259.812
4.7896 230.533
4.65546 184.281
4.64746 181.846
4.77544 226.656
4.54973 148.59
4.77749 228.061
5.39065 441.416
5.19757 374.691
5.09617 339.813
5.3192 417.638
4.94769 288.925
4.77296 228.573
4.94059 287.155
5.06312 330.066
4.86311 260.931
4.94741 290.564
4.99571 307.691
5.13979 358.09
4.84441 255.826
4.96138 296.808
5.03334 322.153
4.94481 291.744
4.89135 273.521
4.76162 228.801
4.8801 270.308
4.8212 250.192
4.86992 267.467
5.04954 330.214
5.16198 369.622
4.83865 257.644
4.61056 178.755
5.21082 387.632
5.01115 318.613
4.73963 224.636
5.18866 380.975
5.16865 374.371
5.27806 412.725
5.15407 370.001
5.04444 332.264
5.23349 398.284
5.39146 453.511
5.14896 369.615
4.9803 311.37
4.82402 257.426
5.14128 367.987
5.18958 385.116
5.14397 369.617
4.70194 216.407
4.68134 209.596
4.69774 215.642
5.05437 339.88
4.98727 316.918
4.76553 240.235
4.54338 163.408
4.66362 205.526
4.90429 289.48
5.10966 361.172
4.36414 102.531
4.39389 113.212
5.06416 346.409
4.75984 241.037
4.7264 229.765
4.45244 134.942
4.60394 187.921
4.67924 214.427
5.06385 348.385
4.98974 322.986
4.78455 252.051
4.63351 199.928
4.633 200.1
4.71982 230.608
4.54985 171.91
4.35981 106.237
4.35035 103.297
4.6372 203.296
4.47047 145.722
4.48493 151.091
4.66477 213.915
4.86074 282.341
5.10333 366.964
4.69433 225.228
4.90562 298.973
4.49107 155.311
4.83188 274.054
5.04449 348.259
4.59174 191.325
4.57563 186.074
4.75079 247.272
4.67481 221.224
4.74542 246.102
4.86877 289.3
5.05967 355.964
5.19592 403.647
4.94821 317.939
4.73331 243.633
4.71957 239.206
4.81017 271.028
4.95524 321.77
5.06264 359.427
4.84213 283.171
4.55933 185.275
4.33386 107.295
4.58069 193.392
5.08613 369.326
5.10145 374.996
4.88635 300.618
4.84621 287.022
4.93229 317.272
4.41724 138.692
4.62068 209.715
4.75111 255.373
5.10583 378.949
5.11199 381.438
5.11313 382.18
4.83365 285.437
4.93266 320.179
4.80437 275.959
5.03039 354.827
5.09283 376.864
4.70778 243.446
4.56993 195.905
4.86034 297.142
5.01929 352.707
4.92329 319.706
4.90688 314.352
5.18405 410.985
4.9083 315.538
4.87231 303.385
5.15863 403.197
5.25539 437.158
5.08493 378.289
5.13217 395.048
5.09277 381.706
5.18224 413.137
4.87204 305.721
5.06048 371.533
4.91047 319.767
4.7122 251.235
4.89076 313.615
4.53604 190.733
4.84661 298.971
4.79504 281.403
4.76175 270.188
5.06026 374.235
5.13212 399.546
5.10738 391.298
4.95321 338.09
4.84707 301.565
5.15763 409.798
5.06426 377.71
5.01203 359.911
4.63996 231.004
4.98127 349.921
4.61488 222.985
4.7173 258.914
5.01538 362.813
5.21471 432.405
5.15241 411.111
5.12987 403.628
4.9626 345.865
4.86313 311.658
5.16269 416.072
4.7107 259.4
5.04706 376.597
4.96047 346.862
4.75967 277.455
5.01013 364.811
4.75325 275.917
4.77578 284.093
4.99647 361.106
4.76799 282.08
4.61302 228.594
5.10009 398.144
5.0209 370.982
5.35547 487.558
5.17553 425.397
5.01665 370.547
5.01075 368.848
4.87898 323.418
4.9359 343.54
5.14424 416.264
4.94973 349.039
4.82976 307.71
4.78629 292.954
4.92119 340.166
4.88881 329.264
4.83999 312.651
4.88988 330.33
5.03567 381.325
5.03838 382.614
4.76772 288.934
4.96078 356.352
5.12814 414.837
4.95383 354.633
4.77333 292.275
4.7812 295.357
5.06745 395.146
5.06437 394.423
4.64192 248.012
4.8288 313.282
5.3443 492.71
5.41085 516.175
5.02235 381.56
5.1377 421.982
5.19624 442.665
4.73861 284.034
4.68192 264.689
4.74155 285.748
4.79808 305.737
5.14308 425.934
5.20227 446.845
5.10335 412.827
5.00495 378.99
4.80789 310.882
5.20564 449.404
5.0204 385.4
5.16884 437.315
4.92973 354.595
4.9203 351.668
4.87129 334.99
5.0145 385.086
4.73856 289.574
4.55428 225.904
4.89785 345.606
5.10946 419.467
4.9602 367.96
4.84943 329.826
5.20268 452.892
5.15642 437.168
4.85942 334.341
4.99158 380.597
5.0864 413.885
4.96838 373.235
4.95401 368.589
4.90533 352.026
4.85845 336.088
4.81856 322.576
5.0129 390.439
4.92463 360.119
5.11057 425.064
4.81395 322.366
4.87085 342.48
5.29879 491.491
4.94703 369.637
5.09311 420.734
5.19542 456.624
5.04811 405.797
4.84048 334.014
4.92104 362.346
5.36043 515.336
5.05398 409.223
4.97407 381.811
4.69568 285.448
4.92589 365.769
5.10471 428.237
4.80657 325.012
4.82109 330.403
5.11479 432.782
5.06912 417.264
4.35404 169.196
4.54635 236.349
5.2924 495.871
5.01331 399.264
4.70495 292.49
4.5475 238.141
4.68036 284.641
4.99168 393.141
4.97697 388.377
4.75652 312.143
4.67552 284.35
5.0519 415.451
4.84559 344.126
5.03227 409.327
4.93225 374.927
4.74957 311.813
4.9583 384.67
5.11837 440.625
4.73728 308.584
4.68771 291.71
4.30017 157.428
4.40099 192.799
4.50489 229.244
4.73356 309.029
4.63526 275.228
4.49108 225.486
4.84647 349.295
4.93654 380.932
4.73707 311.986
4.76553 322.22
4.70639 302.021
4.76747 323.587
4.62797 275.473
4.76785 324.415
4.94988 387.998
5.21127 479.151
4.91064 375.06
4.59434 265.526
4.67294 293.182
4.84062 351.778
4.85897 358.501
5.04444 423.28
4.97254 398.649
5.03214 419.701
4.78407 333.87
4.76445 327.401
5.003 410.62
5.14558 460.502
4.98302 404.373
5.00324 411.745
5.17141 470.517
5.10012 446.096
5.03888 425.17
5.04394 427.276
5.09698 446.047
4.99835 412.131
4.80717 346.063
5.15128 465.954
5.21073 486.956
4.47504 231.728
5.00106 414.81
4.99856 414.289
4.8344 357.61
4.61306 281.063
4.73492 323.744
5.06589 439.07
5.16269 473.044
4.74103 326.91
5.00635 419.428
5.04713 433.941
4.9776 410.135
5.15773 473.058
5.22382 496.366
5.22649 497.639
5.13967 467.826
5.21204 493.316
5.21097 493.291
5.00403 421.746
4.76444 338.863
4.73615 329.384
4.76918 341.205
4.35719 198.428
4.30299 179.948
4.27122 169.259
4.78693 348.76
4.61629 289.829
4.49205 247.016
4.35502 199.759
4.76572 342.782
4.56113 272.055
4.67162 310.785
4.67426 312.049
4.87027 380.492
5.00391 427.263
4.76089 343.187
4.86056 378.161
5.00692 429.352
4.60478 289.997
4.56116 275.194
4.83469 370.563
4.90101 393.948
4.51419 259.919
4.47822 247.769
4.58717 285.965
4.92434 403.445
5.07058 454.593
5.36421 556.948
4.89261 393.463
4.46788 246.261
4.47882 250.411
4.90838 399.984
4.96569 420.239
4.58531 288.447
4.80381 364.699
4.64668 310.459
4.64841 311.41
4.65155 312.848
4.33851 204.446
4.62876 305.624
4.72439 339.192
4.56978 285.83
4.5627 283.716
4.2758 184.396
4.50258 263.527
4.73802 345.664
4.73955 346.545
4.90018 402.694
4.53201 275.14
4.47157 254.491
4.82913 379.054
4.44543 246.104
4.55075 283.041
4.72089 342.494
4.318 202.877
4.57685 293.148
4.45176 250.04
4.86085 392.504
4.99889 440.807
4.75637 356.903
4.77709 364.448
4.87155 397.61
4.80472 374.743
4.78096 366.835
4.78009 366.879
4.8622 395.751
4.7418 354.273
4.618 311.612
4.53601 283.478
4.29948 201.656
4.22881 177.453
4.43819 250.537
4.40727 240.143
4.74213 356.819
4.56556 295.828
4.40192 239.326
4.63121 319.328
4.8576 398.325
4.5816 302.789
4.67802 336.632
4.26834 194.658
4.5348 287.574
4.52575 284.778
4.83469 392.449
4.87633 407.26
4.61727 317.612
4.46674 265.667
4.35662 227.757
4.78297 376.218
4.60803 315.792
4.82206 390.492
4.71834 354.81
4.67374 339.662
4.68826 345.054
4.65839 335.023
4.69008 346.381
4.63282 326.838
4.80581 387.281
4.66214 337.715
4.54802 298.421
4.42171 254.888
4.79711 385.645
4.42153 255.518
4.43732 261.351
4.50527 285.304
4.67175 343.485
4.49761 283.337
4.18641 175.576
4.46719 273.467
4.55386 303.922
4.28401 210.524
4.68343 349.629
4.64912 338.055
4.6101 324.848
4.62323 329.759
4.6419 336.591
4.65972 343.127
4.79594 390.8
4.49809 287.675
4.48665 284.049
4.73571 370.916
4.92249 436.15
4.75769 379.249
4.80473 395.936
4.63036 335.708
4.61111 329.37
5.04501 480.452
4.82662 404.93
4.58787 322.338
4.60652 329.164
4.77597 388.377
4.78143 390.621
4.4477 275.034
4.29889 223.683
4.15757 174.939
4.58743 324.615
4.81813 405.107
4.69827 363.817
4.92012 441.233
4.96101 455.787
4.72448 373.963
4.57439 322.172
4.71315 370.723
4.31634 233.22
4.49064 294.118
4.62061 339.618
4.95459 455.989
4.55851 318.739
4.38579 259.083
4.5915 330.892
4.62616 343.283
4.62355 342.724
4.41586 270.918
4.75151 387.868
4.55945 321.497
4.2726 222.195
4.81219 409.991
4.95772 460.896
4.49043 298.909
4.34396 248.373
4.71733 378.427
4.90328 443.372
4.54739 320.088
4.5217 311.508
4.58395 333.483
4.75084 391.807
4.19327 198.455
4.65885 360.544
4.43623 283.553
4.58812 336.668
5.03462 492.125
5.26074 571.027
4.50307 308.165
4.42979 283.053
4.99327 479.15
4.64698 359.2
4.52581 317.452
4.54556 324.661
4.16192 191.736
4.37931 267.602
4.73565 391.74
4.89266 446.631
4.74992 397.391
4.37675 268.101
4.56187 332.759
4.51497 316.815
4.55128 329.774
4.27746 234.998
4.09333 171.381
4.4271 287.677
4.44439 294.033
4.37774 271.227
4.42357 287.494
4.67311 374.529
4.61515 354.741
4.56692 338.336
4.17986 204.221
4.33766 259.384
4.63568 363.263
4.47668 308.374
4.42365 290.301
4.58775 347.654
4.85535 440.966
4.63253 363.908
4.545 333.846
4.42126 291.207
4.57755 345.849
4.53993 333.128
4.42673 294.148
4.49358 317.721
4.63863 368.457
4.30107 251.537
4.25774 236.834
4.68411 385.298
4.56733 345.079
4.46748 310.737
4.61408 362.012
4.55748 342.698
4.46874 312.218
4.82382 435.917
4.66297 380.387
4.20422 221.366
4.32036 262.062
4.3182 261.657
4.52499 333.844
4.37181 280.975
4.55026 343.315
4.42409 299.832
4.51595 332.094
4.47138 316.957
4.53897 340.783
4.59227 359.649
4.54141 342.328
4.61116 366.906
4.19018 221.007
4.48676 324.385
4.75064 416.401
4.5517 347.637
4.63796 377.952
4.61408 370.004
4.40227 296.769
4.523 339.058
4.11626 198.105
4.4724 322.173
4.49181 329.264
4.63635 379.824
4.51721 338.783
4.42943 308.636
4.05193 177.842
4.25031 247.104
4.71219 407.907
4.70195 404.698
4.57325 360.336
4.67636 396.502
4.73882 418.548
4.52888 345.965
4.32938 277.005
4.21773 238.567
4.20875 235.796
4.68724 402.368
4.66203 393.958
4.4912 334.959
4.34422 284.244
4.36995 293.531
5.00946 516.04
4.45527 323.866
4.41379 309.803
4.57619 366.569
4.82235 452.431
4.79241 442.376
4.25122 254.718
4.64045 390.281
4.74917 428.398
4.62413 385.306
4.66062 398.331
4.84524 462.814
4.93055 492.798
4.62249 386.126
4.9262 491.98
4.8329 459.916
4.51454 349.667
4.69381 412.293
4.58668 375.424
4.7919 447.064
4.43358 322.932
4.67386 406.75
4.6767 408.086
4.94468 501.527
4.65157 400.05
4.27091 268.157
4.43551 325.685
4.60002 383.183
4.52408 357.15
4.83614 465.906
4.53365 361.17
4.52355 358.009
4.63945 398.617
4.76569 442.82
4.84967 472.343
4.61065 389.656
4.74646 437.184
4.45231 335.345
4.33064 293.424
4.46693 341.117
4.71361 427.159
4.43039 329.119
4.32749 293.72
4.38693 314.715
4.44984 336.917
4.37207 310.25
4.7181 430.803
4.79141 456.619
4.66661 413.611
4.53523 368.319
4.49264 353.871
4.51746 362.839
4.5909 388.699
4.46392 344.935
4.20894 256.704
4.55568 377.506
4.30971 292.404
4.80383 464.409
4.56462 381.655
4.13323 232.141
4.01955 192.995
4.01941 193.293
4.33519 303.343
4.69119 427.362
4.57943 388.885
4.47413 352.65
4.59626 395.425
4.49925 362.073
4.64258 412.213
4.52928 373.201
4.52577 372.328
4.73143 444.119
4.85752 488.269
4.81878 475.161
4.81308 473.526
4.29931 295.394
4.12682 235.82
4.24858 278.466
4.35737 316.606
4.44375 346.96
4.50844 369.781
4.55407 385.98
4.95219 524.632
4.72043 444.468
4.46112 354.734
4.51765 374.719
4.61802 409.934
4.84877 490.443
5.29198 644.758
4.76835 463.2
4.12348 239.522
3.97927 189.773
4.27954 294.433
4.14807 249.108
4.80555 477.859
5.00858 548.739
4.82145 484.078
4.7422 456.893
4.94098 526.296
4.97002 536.733
4.82047 485.127
4.87615 504.819
4.90194 514.123
4.64225 424.256
5.14101 597.869
4.65344 428.839
4.81349 484.786
4.85041 497.959
4.94009 529.462
4.7308 457.102
4.33439 319.738
4.4381 356.115
5.10319 587.51
4.5692 402.352
4.46672 367.101
4.5504 396.517
4.69053 445.546
4.58519 409.297
4.85911 504.803
5.14039 602.866
4.78656 480.296
4.8102 488.853
4.466 369.629
4.68495 446.038
5.19886 624.915
4.98857 552.209
4.92511 530.509
5.06718 580.212
4.67508 444.345
4.33369 326.095
4.53436 396.157
5.12227 600.739
4.87731 515.99
4.30746 318.374
4.63341 431.954
4.88943 521.242
4.67798 448.133
4.57692 413.373
4.71277 460.913
4.60182 422.718
4.39491 351.185
4.58535 417.692
4.68216 451.669
4.64209 438.096
4.5465 405.238
4.62834 434.015
4.58069 417.809
4.8152 499.625
4.52358 398.663
4.63792 438.733
4.84341 510.467
4.67964 453.921
4.41416 362.042
4.53532 404.48
4.55273 410.876
4.54058 407.002
4.4504 376.021
4.27591 315.752
4.60543 430.573
4.65832 449.295
5.03527 580.59
4.68334 458.681
5.02885 579.056
4.62917 440.555
4.72785 475.184
4.86274 522.392
4.83725 513.885
4.64228 446.499
4.5232 405.481
4.88982 533.188
4.98772 567.547
4.39798 363.022
4.61414 438.46
4.8097 506.747
4.51378 404.291
4.58181 428.274
4.5809 428.303
4.74974 487.303
4.59313 433.248
4.80376 506.766
4.50256 402.48
4.52883 411.951
4.68679 467.173
4.8103 510.428
4.78338 501.423
4.47917 396.089
4.68302 467.254
4.82728 517.714
4.69188 471.028
4.38408 364.446
4.3954 368.726
4.50612 407.536
4.23569 313.936
4.52151 413.577
4.82167 518.2
4.89737 544.845
4.93605 558.628
4.5696 431.671
4.50316 408.94
4.50982 411.601
4.85609 532.241
4.72405 486.717
4.42254 382.323
4.69473 477.226
4.95569 568.231
5.02142 591.414
4.63176 456.394
4.41263 380.617
4.75459 499.758
4.75261 499.417
4.32897 352.597
4.65321 465.584
4.32557 352.109
4.71674 488.348
4.62447 456.639
4.58733 444.085
4.55911 434.631
4.72231 491.672
4.59608 448.167
4.78456 513.993
5.0045 590.746
4.75947 505.969
4.53885 429.674
4.58146 444.825
4.88386 550.226
4.65563 471.285
4.80009 521.82
4.7471 503.759
4.66942 477.119
4.6472 469.749
4.58297 447.783
4.33758 362.882
4.5349 431.778
4.6875 485.137
4.67757 482.034
4.61369 460.192
4.7649 513.067
4.79354 523.365
4.82215 533.649
4.75815 511.765
4.61903 463.784
4.65689 477.284
4.74008 506.53
4.86218 549.293
4.51451 428.862
4.65591 478.331
4.82352 536.907
4.5054 426.741
4.50677 427.564
4.92675 573.811
4.51641 431.606
4.55614 445.755
4.69028 492.704
4.61599 467.243
4.67753 488.97
4.79678 530.745
4.68621 492.679
4.40087 393.901
4.58568 458.449
4.754 517.272
4.94059 582.44
4.67818 491.627
4.85913 554.835
4.80537 536.507
4.39766 395.218
4.67726 492.695
4.76255 522.673
4.34731 378.768
4.27807 355.063
4.70427 503.468
4.60986 471.019
4.80693 539.826
4.54792 450.196
4.68158 496.975
4.82397 546.788
4.66766 492.837
4.75453 523.361
4.6318 481.073
4.63537 482.66
4.41076 404.979
4.624 479.403
4.4288 411.939
4.26973 357.027
4.54069 451.504
4.69281 504.697
4.59674 471.673
4.61838 479.536
4.82652 552.19
4.32194 377.249
4.20495 336.957
4.61607 480.124
4.74903 526.66
4.63083 485.945
4.8515 562.953
4.53591 453.666
4.32372 380.299
4.24403 352.965
4.66982 501.23
4.33406 384.936
4.24953 355.918
4.468 432.158
4.49708 442.608
4.6102 482.254
4.75595 533.232
4.58168 473.04
4.50077 445.28
4.63524 492.341
4.56067 466.784
4.57857 473.351
4.70028 515.979
4.4576 432.021
4.47949 439.973
4.65883 502.623
4.64911 499.593
4.41824 419.738
4.44863 430.642
4.77859 545.616
4.92345 596.285
4.65334 502.798
4.62423 493.032
4.59875 484.53
4.84849 571.636
4.70229 521.192
4.51437 456.258
4.56463 474.067
4.34425 397.854
4.47497 443.612
4.22654 357.658
4.31449 388.558
4.42761 428.201
4.5902 485.032
5.03935 641.413
4.71359 528.593
4.71281 528.671
4.62482 498.45
4.83591 572.13
4.13377 328.555
4.09024 313.782
4.11206 321.708
4.59621 490.247
4.58138 485.442
4.66227 513.892
4.0472 300.567
4.37018 413.114
4.75986 548.837
4.09396 317.852
4.28653 385.097
4.69496 527.33
4.6068 497.053
4.33886 404.318
4.47091 450.54
4.77071 555.035
4.73908 544.394
4.59246 493.808
4.11295 327.576
4.36751 416.357
4.72457 540.745
4.27712 385.649
4.40093 429.007
4.11211 329.02
4.5687 487.984
4.48449 459.081
4.51297 469.321
4.68772 530.376
4.90985 607.888
4.46133 452.424
3.9958 291.049
4.2829 391.131
4.35409 416.21
4.3747 423.717
4.57115 492.309
4.46272 454.991
4.22511 372.794
4.29744 398.268
4.38768 429.964
4.03012 306.096
4.34501 415.834
4.4328 446.682
4.47515 461.739
4.33379 412.979
4.28688 397.032
4.34127 416.274
4.2687 391.411
4.80282 577.308
4.36653 426.089
4.63323 519.089
4.37813 430.814
4.25306 387.714
4.61875 515.099
4.60974 512.318
4.50432 476.041
4.08774 331.672
4.08183 329.965
4.18347 365.623
4.50655 478.208
4.08051 330.55
4.11446 342.691
4.22721 382.209
4.23703 385.965
4.13081 349.413
4.10264 339.976
4.18592 369.253
4.49489 476.936
4.75858 568.887
4.50424 480.877
4.05771 326.103
4.4973 479.161
4.55362 499.073
4.36266 433.082
4.46536 469.108
4.70993 554.418
4.64032 530.582
4.7192 558.333
4.26234 399.971
4.65225 535.768
4.84656 603.621
4.26706 402.653
4.32799 424.165
4.19494 378.291
4.65542 538.608
4.35212 433.592
4.4167 456.372
4.67442 546.252
4.49646 484.777
4.38064 444.888
4.64087 535.637
4.45265 470.598
4.46724 476.015
4.67294 547.821
4.46489 475.894
4.52548 497.289
4.47232 479.168
4.15623 369.707
4.5448 505.044
4.01584 321.633
4.51229 494.445
4.71386 564.816
4.31084 425.154
4.20891 390.094
4.56803 515.197
4.42102 464.475
4.35793 442.903
4.27212 413.443
4.21991 395.651
4.46562 481.358
4.07909 347.426
3.86832 274.555
4.53479 506.429
4.4336 471.622
4.64575 545.671
4.16176 377.881
4.47056 485.506
4.64389 546.066
4.31652 432.687
4.63899 545.059
4.72823 576.407
4.42832 472.569
4.31662 434.112
3.74465 235.761
4.30148 429.546
4.62593 542.608
4.13673 373.01
4.55723 519.436
3.96526 314.137
3.85296 275.472
4.2283 406.208
4.46378 488.361
4.56646 524.379
4.41668 472.693
4.69264 568.909
4.27514 424.22
4.32505 441.904
4.41966 475.119
4.43417 480.507
4.42542 477.814
4.60453 540.385
4.47337 495.167
4.33718 448.201
4.17342 391.659
3.9922 329.053
3.91323 301.967
3.9511 315.47
4.50429 507.991
4.32302 445.366
4.37305 463.094
4.09765 367.769
3.95829 319.705
4.22363 412.229
4.47736 500.721
4.15662 389.645
4.1163 375.986
4.02289 343.884
3.86535 289.5
3.70559 234.348
4.06466 359.436
4.07477 363.295
4.14422 387.77
4.21998 414.435
4.12525 381.874
4.35386 461.64
4.32936 453.477
4.2763 435.392
4.09044 371.169
4.16411 397.112
4.22481 418.546
4.11084 379.3
4.30528 447.196
4.53383 526.939
4.19039 407.977
4.24186 426.204
4.37827 473.942
4.27367 437.952
4.27175 437.63
4.40365 483.8
4.54658 533.8
4.44108 497.499
4.07713 371.412
4.21415 419.357
4.37793 476.6
4.1841 409.613
4.36573 473.058
4.28037 443.751
4.16972 405.661
4.53184 531.808
3.95784 332.749
3.77227 268.628
3.84904 295.648
4.33502 464.823
4.46591 510.639
4.53176 533.864
4.32667 462.964
4.55337 542.066
4.48704 519.369
4.17018 409.641
4.23671 433.1
4.1911 417.604
4.24827 437.81
4.03647 364.579
4.32909 466.584
4.47456 517.466
4.41829 498.266
4.21403 427.655
4.18303 417.231
4.20684 425.852
4.34888 475.541
4.23461 436.191
4.10324 390.904
4.08228 383.969
4.06939 379.839
4.15184 408.829
4.16457 413.596
4.19977 426.172
4.19817 425.966
4.56462 553.615
4.22036 434.37
4.25294 446.034
4.48772 527.942
4.77225 627.134
4.65133 585.476
4.48939 529.566
4.29382 461.972
4.30612 466.594
4.364 487.046
4.39735 498.981
4.53059 545.615
4.63142 580.989
4.25221 449.602
4.31846 472.964
4.26566 454.969
4.37858 494.545
4.37535 493.77
4.33953 481.674
4.53809 550.998
4.58005 565.924
4.5226 546.312
4.43503 516.239
4.19181 432.094
4.14387 415.788
4.21688 441.496
4.24751 452.485
4.42404 514.157
4.09127 398.905
4.28549 466.721
4.21863 443.842
4.48508 536.754
4.19512 436.371
4.0387 382.378
4.34603 489.489
4.68176 606.469
4.16539 427.43
4.22124 447.18
4.33971 488.684
4.23025 451.004
4.21867 447.331
4.34259 490.727
4.40669 513.341
4.40662 513.665
4.21627 447.885
4.21582 448.077
4.13675 420.957
3.74906 286.622
4.10291 409.897
3.8826 333.706
4.0156 380.26
4.06907 399.183
3.9053 342.636
3.98365 370.202
3.99584 374.785
4.13049 421.909
4.10101 412.016
4.25766 466.781
3.81335 312.778
3.81931 315.195
3.87171 333.747
3.90697 346.343
3.92591 353.269
3.90886 347.694
3.94972 362.237
3.96498 367.886
3.87968 338.598
3.97987 373.751
4.20929 453.8
4.1364 428.824
4.23013 461.731
4.38502 515.888
4.08715 412.758
3.83216 324.523
3.89153 345.493
3.8583 334.297
4.18372 447.696
4.14623 435.019
4.01472 389.68
4.27633 480.909
4.30534 491.333
4.24741 471.558
4.08529 415.585
4.32779 500.176
4.14062 435.503
4.57093 585.335
4.26431 479.164
4.17154 447.286
4.08158 416.381
4.04282 403.263
4.08808 419.333
3.80668 321.925
3.91478 359.824
4.01466 394.87
4.10003 424.874
4.17339 450.706
4.31513 500.295
4.12246 433.71
4.21188 465.121
4.25566 480.678
4.12631 436.089
4.10832 430.188
4.42339 539.987
4.33271 508.832
4.10837 431.245
4.04257 408.733
4.10727 431.56
4.30783 501.579
4.09803 429.044
4.14617 446.115
4.20755 467.786
4.21168 469.567
4.07829 423.574
3.93645 374.648
4.17842 459.054
4.36984 525.901
4.187 462.731
3.96713 386.697
4.23381 479.688
4.02941 409.026
4.09676 432.769
4.14824 451.002
3.99039 396.514
4.11835 441.312
4.20272 470.971
4.17801 462.735
4.12741 445.503
3.81971 338.958
3.68731 293.311
3.98179 395.956
4.20055 472.3
4.21606 478.037
4.15992 458.88
4.17949 466.028
4.05804 424.183
4.13256 450.42
3.95298 388.382
4.22266 482.413
4.16197 461.677
3.92646 380.21
4.01965 412.932
4.18605 471.083
4.3 511.018
4.04603 423.139
4.09328 439.898
4.45788 566.907
3.87219 363.79
3.58792 265.38
3.64686 286.206
3.86952 363.902
4.14199 458.906
4.04674 426.165
3.87315 366.205
3.7095 309.701
4.03446 422.941
4.2448 496.357
4.10652 448.666
4.28909 512.439
4.1496 464.329
4.07992 440.47
4.1418 462.315
4.06298 435.278
4.09645 447.255
4.22214 491.264
4.08917 445.421
3.82843 355.186
3.79101 342.535
3.96652 403.853
4.17609 477.006
4.35511 539.544
4.36996 545.047
4.3584 541.38
4.02483 425.849
3.93499 394.983
3.99573 416.434
4.14331 468.048
3.80328 350.271
3.76145 336.088
3.77957 342.728
4.10451 455.959
3.99119 416.941
3.66303 303.287
3.88378 380.321
3.8344 363.515
4.06825 445.098
4.34909 543.01
3.99572 420.599
4.14705 473.517
4.62758 640.799
4.07049 447.615
4.18135 486.473
4.21577 498.778
4.36389 550.582
4.29936 528.514
4.24222 509.009
4.27203 519.713
4.088 456.131
3.98847 421.9
3.89176 388.65
4.02128 433.993
3.93785 405.357
4.42277 574.163
4.11074 466.115
4.42989 577.333
4.23169 508.827
4.24996 515.521
4.27956 526.151
4.22645 508.049
4.10244 465.316
4.23565 511.939
4.02728 439.898
3.95464 415.012
4.43309 581.569
4.51889 611.723
4.62197 647.88
4.26923 525.689
4.27533 528.156
4.387 567.296
4.52142 614.339
4.1207 475.479
4.3141 543.014
4.03682 447.036
4.10973 472.71
4.2584 524.706
4.40309 575.316
4.30204 540.562
4.34213 554.836
4.04738 452.787
4.02907 446.775
4.15373 490.428
4.46885 600.248
4.14194 487.027
4.16137 494.125
4.07819 465.574
4.17077 498.084
4.61094 651.345
4.41117 582.292
4.17177 499.473
4.19356 507.39
4.24627 526.051
4.35531 564.277
4.47427 605.951
4.2529 529.396
4.15404 495.398
4.32075 553.661
4.3992 581.262
4.05789 463.04
3.95435 427.418
4.14553 494.181
4.0695 468.114
4.22409 522.166
4.18381 508.519
4.4417 598.458
4.25246 533.064
4.33773 563.033
4.35913 570.815
4.2513 533.702
4.20441 517.759
4.1042 483.297
4.13569 494.583
4.4236 594.947
4.32696 561.725
4.42885 597.469
4.09492 481.809
4.14481 499.489
4.48091 616.593
4.02659 459.114
4.15543 504.22
4.06719 473.912
3.81366 386.185
3.90871 419.551
3.94672 433.106
4.1712 511.436
4.06327 474.288
4.05289 471.028
3.94392 433.521
4.16551 510.847
3.86602 407.154
4.03766 467.127
3.9959 452.969
3.97745 446.907
3.7283 360.702
4.05923 476.013
4.31647 565.723
3.95954 442.074
3.86364 409.105
3.7421 367.23
4.36421 583.697
4.21846 533.412
3.95166 441.075
3.81063 392.429
4.09917 493.014
4.54689 648.895
4.00686 461.638
4.10212 495.08
4.16943 518.81
4.21576 535.253
4.44629 615.686
4.13469 507.784
4.08703 491.576
4.33875 579.367
3.96643 450.375
4.29302 564.177
4.3774 593.837
4.31303 571.822
3.97528 454.838
3.94974 446.312
3.87845 421.893
4.0976 498.374
4.16176 521.008
4.31686 575.237
4.15699 520.047
4.05662 485.526
4.27605 562.102
4.25655 555.675
4.38291 599.919
4.15902 522.49
4.18673 532.464
4.05747 487.905
4.13874 516.487
4.00751 471.246
3.85435 418.385
4.48188 636.735
4.34401 589.186
4.22085 546.747
4.04702 486.707
4.04541 486.495
4.47335 635.505
4.31475 580.758
4.10923 509.709
4.10063 507.067
4.01552 477.849
3.85341 421.88
4.16931 531.968
4.07999 501.288
4.4023 613.605
3.99984 474.139
3.96727 463.171
4.19128 541.338
4.11044 513.603
4.19568 543.561
4.24576 561.307
3.93157 452.505
4.01464 481.712
4.08637 506.977
4.05922 497.894
3.90267 443.856
3.92715 452.708
4.15694 532.884
4.09712 512.449
4.115 519.008
4.14888 531.127
4.11672 520.299
4.15463 533.818
4.04956 497.666
4.19817 549.64
4.23766 563.703
3.98597 476.615
3.94425 462.469
4.11749 522.998
4.30229 587.547
4.37548 613.32
4.20466 554.326
3.95893 469.306
4.38683 618.303
4.11744 525.067
3.75273 398.715
3.74368 395.92
4.05955 505.998
4.17334 545.877
4.29401 588.144
4.38294 619.384
4.53993 674.268
4.07567 513.334
3.59016 345.019
3.75796 403.658
4.01314 492.654
4.0436 503.585
4.24169 572.747
4.11162 527.908
4.13212 535.378
3.83541 432.648
3.72705 395.351
3.71478 391.436
3.72884 396.668
3.9223 464.222
4.22076 568.257
4.19209 558.643
4.21867 568.223
4.01836 498.984
3.77997 416.517
3.83539 436.116
4.01872 500.152
4.14027 542.724
4.21297 568.327
4.04365 509.854
3.86603 448.497
3.97998 488.43
3.96226 482.624
3.89384 459.201
3.75112 409.969
4.03345 508.394
4.22924 576.76
4.08849 528.21
3.9234 471.205
3.70321 395.059
3.80064 429.256
3.85295 447.775
4.25711 588.525
4.17616 560.75
4.0336 511.575
3.89004 462.048
3.95721 485.731
4.37977 632.874
3.92825 476.364
4.33324 617.406
3.74024 411.747
3.94083 481.778
4.0224 510.462
4.13694 550.6
4.22419 581.258
4.05843 524.022
4.08255 532.748
4.21912 580.537
4.10373 540.8
4.00592 507.17
4.05834 525.726
4.06235 527.469
4.08268 534.879
4.13906 554.812
4.01745 512.911
4.32988 621.795
4.31784 617.962
4.06624 530.903
4.15545 562.24
3.88759 469.537
3.91834 480.565
3.89498 472.798
3.91092 478.683
3.83433 452.424
4.1963 578.518
3.89218 473.215
3.63618 384.629
3.75384 425.85
3.98144 505.264
4.14885 563.771
3.99973 512.314
3.9616 499.416
3.97004 502.695
4.14958 565.412
4.24089 597.483
4.16876 572.771
4.08514 544.068
4.01584 520.343
3.81043 449.33
3.93768 493.884
3.85429 465.262
4.09706 549.946
4.06243 538.265
3.85301 465.86
3.99949 517.092
3.91558 488.292
4.2675 610.894
4.00647 520.56
4.08298 547.488
4.39228 655.283
4.01863 525.828
3.83816 463.48
3.97277 510.592
4.02275 528.301
4.03189 531.823
4.10787 558.566
4.12425 564.605
4.04826 538.552
4.0975 556.007
4.21749 598.038
4.30695 629.463
4.35781 647.479
4.50931 700.455
4.063 545.757
3.95662 509.148
3.81357 459.801
3.93481 502.267
4.00312 526.345
4.07264 550.843
4.24364 610.596
4.09216 558.318
4.08017 554.503
3.8367 470.268
4.02993 537.744
3.62356 396.918
3.59126 386.046
3.75985 444.962
3.86119 480.515
3.81552 464.997
3.89898 494.335
3.87192 485.284
3.96863 519.229
4.33099 645.458
4.09567 564.056
4.06792 554.762
4.00962 534.856
4.44583 686.74
3.99 528.737
3.9536 516.436
3.8507 481.039
3.97216 523.58
3.67257 419.853
3.54793 376.9
3.79993 464.79
3.82812 474.93
3.79177 462.649
4.06161 556.737
4.26848 628.953
3.78954 462.917
3.89723 500.677
3.8291 477.355
3.97021 526.723
3.91997 509.62
3.86638 491.349
3.82179 476.205
4.10854 576.168
3.82024 476.361
3.79196 466.884
3.79512 468.331
4.07865 567.176
4.21336 614.318
3.66291 423.445
3.76893 460.621
3.65972 423.032
4.01957 548.388
3.69496 435.965
3.76716 461.397
3.87253 498.348
3.93695 521.075
3.86481 496.363
3.99128 540.645
4.14298 593.69
4.02228 552.109
4.12966 589.759
4.18979 610.993
4.26114 636.128
3.99579 544.293
3.79402 474.549
3.7517 460.194
3.85678 497.046
4.05882 567.58
3.70265 444.196
3.73526 455.872
4.25359 636.284
4.23915 631.617
4.02294 556.854
4.23513 630.913
4.02143 557.023
4.15646 604.28
4.13483 597.113
3.79044 477.82
3.85647 501.107
3.91673 522.388
3.91041 520.539
3.97979 544.989
3.8243 491.321
3.72578 457.443
3.93979 532.136
3.93854 532.05
4.03163 564.736
4.08462 583.49
4.06725 577.803
4.00871 557.816
4.06396 577.358
3.78296 480.086
3.96915 545.116
4.17186 615.884
3.8839 516.193
3.95367 540.779
3.88924 518.746
4.19423 625.044
4.20382 628.722
3.79441 486.841
3.56626 407.934
3.98265 552.931
4.41682 704.106
3.91533 530.24
3.75068 473.388
3.95619 545.127
3.88769 521.679
3.94606 542.305
3.85644 511.519
4.20421 632.679
4.023 570.074
3.7899 489.444
3.80132 493.76
3.72845 468.791
3.87754 520.934
3.96392 551.286
3.76363 482.056
4.09892 598.88
3.76217 482.243
3.78482 490.458
3.65823 446.83
3.95324 549.663
4.13413 612.849
3.95937 552.487
3.97918 559.716
3.84538 513.583
3.99305 565.229
4.22093 644.739
4.43209 718.443
4.14158 617.869
3.92414 542.681
3.65752 450.404
3.84985 517.565
4.03954 583.811
4.04132 584.778
3.9707 560.591
3.85181 519.636
4.06998 595.775
4.14868 623.464
3.94848 554.262
3.99837 571.94
4.12979 617.942
3.88974 534.897
4.00863 576.547
3.82761 514.011
3.80504 506.514
3.99535 572.975
3.8006 505.667
3.92119 547.908
3.96427 563.22
4.15414 629.529
3.87085 531.461
3.73167 483.461
4.00542 578.907
3.99133 574.36
3.78635 503.498
4.04856 594.935
3.61261 443.834
3.6288 449.808
3.7177 481.039
4.07413 605.209
4.16621 637.543
3.78515 505.511
4.11162 619.274
3.87874 538.721
3.86355 533.791
4.14628 632.356
4.14376 631.827
3.94163 561.956
3.81093 516.901
4.24916 669.485
3.7707 503.62
3.66428 466.997
3.97724 576.064
4.17901 646.507
3.85462 534.161
3.92813 560.046
4.08213 613.892
3.94954 568.18
4.03528 598.311
4.00718 588.895
4.21302 660.751
4.26093 677.742
4.23589 669.393
4.12652 631.745
4.03885 601.637
3.99914 588.188
3.89931 553.855
3.84867 536.61
3.79849 519.525
3.75066 503.257
3.92652 564.699
3.853 539.505
3.9021 556.91
3.71002 490.528
3.68619 482.598
3.63311 464.505
3.58308 447.471
3.88751 553.578
4.29685 696.128
4.17985 655.828
3.97813 586.101
4.04556 609.873
3.98069 587.683
4.16618 652.471
4.08233 623.688
4.09281 627.678
4.42164 742.256
4.07036 620.572
4.09071 627.991
4.34861 717.931
4.24367 681.821
4.17393 657.943
4.029 607.942
4.1082 635.802
4.01864 605.038
4.05188 616.933
4.37654 730.063
4.3108 707.573
4.15868 655.076
3.82068 538.004
3.65058 479.258
3.74803 513.459
3.95489 585.668
3.99738 600.778
3.83242 543.818
3.96677 590.841
4.40533 743.539
4.22359 680.752
3.87586 560.301
4.03612 616.32
3.98132 597.631
4.02411 612.843
4.11499 644.76
3.96502 593.009
3.87426 561.827
3.78194 530.105
4.17252 666.136
4.19261 673.464
4.04696 623.213
3.82083 545.002
3.5759 460.265
3.97044 597.672
3.93901 587.1
3.71612 510.018
4.0618 630.452
3.64776 486.965
3.6801 498.547
3.46558 424.372
3.84276 555.748
3.31724 373.534
3.91782 582.517
3.47262 428.207
3.68287 501.592
3.79794 541.915
3.8498 560.278
3.86407 565.584
3.87025 568.079
3.82692 553.371
3.95867 599.489
3.83284 556.122
3.75758 530.326
3.80312 546.494
3.74639 527.135
3.54215 456.529
3.75693 531.49
3.87946 574.403
3.71574 517.874
3.67132 502.793
3.79324 545.494
3.95036 600.425
3.98351 612.289
3.71378 518.931
3.69656 513.297
3.86784 573.147
3.68414 509.678
4.06016 640.652
4.03966 633.879
3.66879 505.387
4.02894 630.849
3.79622 550.351
4.09821 655.608
3.86358 574.445
3.64221 497.891
3.87442 578.905
3.94234 602.849
4.02387 631.52
3.90441 590.366
3.52641 459.398
3.5757 476.871
3.35062 399.024
3.05567 296.908
3.55216 469.734
3.55023 469.41
3.48008 445.387
3.55275 470.979
3.85471 576.229
4.10016 661.843
4.06627 650.418
3.86473 580.752
3.90426 594.83
3.72763 533.816
3.5908 486.631
3.75019 542.351
3.85672 579.705
3.76523 548.268
3.67737 518.095
3.82124 568.423
3.86198 582.923
3.99993 631.194
3.65258 510.871
3.33201 399.854
3.68486 522.782
3.61681 499.488
3.59259 491.422
3.7453 544.819
3.72096 536.712
3.83214 575.682
3.48194 454.372
3.75943 551.119
3.6701 520.434
3.62367 504.651
4.02275 643.636
3.90291 602.351
3.68717 527.752
3.79952 567.131
3.96645 625.468
3.73129 544.123
3.86872 592.211
3.87417 594.451
4.05991 659.323
3.84212 584.013
3.78418 564.231
3.84643 586.204
4.02209 647.575
4.0171 646.189
3.82745 580.652
3.50318 468.352
3.51089 471.375
3.53924 481.573
3.61629 508.685
3.68893 534.269
3.87519 599.323
4.1326 689.091
4.03894 656.903
3.80928 577.467
3.81429 579.557
3.91092 613.471
4.13419 691.382
4.06461 667.556
3.90216 611.472
3.94937 628.219
3.68555 536.916
3.92387 620.055
3.82682 586.687
4.07806 674.313
4.25047 734.555
4.01785 654.093
4.00836 651.143
3.90679 616.204
4.28709 748.669
4.17565 710.301
3.8429 595.053
3.93163 626.224
3.98839 646.289
3.94096 630.162
4.08375 680.113
4.05167 669.315
3.63799 525.953
3.67491 539.127
3.62047 520.563
3.88468 612.692
4.02278 661.018
4.10228 688.982
3.67136 539.628
3.84408 599.978
3.81484 590.168
3.72355 558.802
3.68729 546.553
3.77988 579.067
3.80023 586.484
3.7925 584.144
3.89011 618.4
3.75524 571.897
3.90279 623.5
3.75623 572.933
3.94025 637.211
4.07574 684.624
3.84843 606.006
3.66869 543.914
3.63553 532.739
3.73914 569.082
3.72032 562.89
3.58153 515.025
3.43757 465.359
3.90672 628.689
3.74781 573.83
3.84091 606.521
3.85272 610.969
3.43391 465.826
3.55168 507.084
3.80226 594.484
3.92492 637.441
3.96571 651.961
3.77616 586.457
3.78173 588.74
3.86722 618.787
3.53767 504.652
3.75597 580.833
3.51336 496.899
3.31473 428.246
2.78215 243.575
1.49325 -203.833
2.16749 30.7419
2.36342 99.1545
2.10027 8.08416
2.31982 84.7004
2.29208 75.4111
2.39172 110.375
2.17576 35.6998
2.32901 89.2847
2.41288 118.768
2.36688 103.135
2.76747 242.645
2.41331 119.959
2.02172 -15.7295
2.20183 47.1878
2.31789 87.8541
2.37631 108.496
2.27884 74.9826
2.29909 82.3655
2.24148 62.6988
2.3799 111.133
2.24012 62.9205
1.90714 -52.4081
1.83641 -76.6319
1.82862 -78.9924
2.0474 -2.64051
2.27182 75.6685
2.45452 139.487
2.28397 80.5835
2.36968 110.708
2.36787 110.426
2.38288 115.989
2.14457 33.5466
2.52973 167.697
2.50414 159.157
2.82433 270.736
2.54592 174.366
2.32963 99.5733
2.17986 47.8913
2.61185 198.311
2.55293 178.189
2.4511 143.163
2.34362 106.172
2.33718 104.282
2.18325 51.1548
2.30178 92.6765
2.20627 59.8464
2.41243 131.814
2.17538 49.8108
2.50129 163.376
2.57614 189.725
2.39826 128.279
2.16581 47.8742
2.08235 19.2299
1.87867 -51.1817
2.14711 42.4195
2.08497 21.1798
2.18829 57.4197
2.06204 13.9099
2.14817 44.1787
2.03537 5.33943
2.39781 131.597
1.87058 -51.2134
1.99651 -7.11656
2.11607 34.7635
2.01654 0.536149
2.44568 149.962
2.82754 282.967
2.60932 207.506
2.34104 114.653
2.74448 255.154
2.47351 161.37
2.59874 205.221
2.5602 192.179
2.39805 136.195
2.18047 60.9571
2.20136 68.563
2.56548 195.402
2.55091 190.69
2.73643 255.485
2.16012 55.6263
2.25887 90.2787
2.16573 58.2692
2.03423 12.935
2.00031 1.49798
2.61141 214.137
2.43766 154.126
2.51178 180.223
2.60436 212.73
2.15417 56.6849
2.87948 309.002
2.9319 327.558
3.00777 354.262
2.07379 30.1493
2.22601 83.3779
2.60139 214.13
2.48854 175.275
2.20101 75.7355
2.72429 257.868
2.23637 88.7159
2.09591 40.2674
2.4522 164.388
2.43637 159.237
2.5778 208.715
2.57177 206.969
2.31146 116.885
1.9224 -17.9251
2.08469 38.8021
2.24625 95.2737
2.55393 202.508
2.37457 140.547
2.44585 165.657
2.16445 68.2452
2.03883 24.9521
2.05294 30.2011
2.46095 172.291
2.25245 100.205
2.26913 106.348
2.05675 32.9174
2.23691 95.85
2.11859 55.0921
2.54976 205.225
2.53623 200.873
2.07324 40.3826
2.03728 28.2372
2.5875 219.728
2.75593 278.587
2.58392 219.179
2.72572 268.785
2.69514 258.509
2.65976 246.568
2.37251 147.125
2.56063 212.824
2.24746 104.379
2.05398 37.512
2.21223 92.8339
2.15022 71.6382
2.1696 78.7196
2.48211 187.63
2.1311 66.0397
2.38091 153.171
2.1652 78.5815
2.47749 187.415
2.23999 105.258
2.26816 115.39
2.17934 84.8842
2.1164 63.3644
2.11287 62.4863
2.31984 134.732
2.21044 97.0766
2.3961 161.919
2.32362 137.089
2.47443 189.828
2.87068 327.829
2.13985 74.2908
2.20184 96.1716
2.08848 57.1399
2.00034 26.8675
2.92503 348.446
2.39541 164.809
2.79043 302.382
2.49112 198.751
2.52456 210.717
2.06876 52.7207
2.23718 111.575
2.0875 59.9258
2.07817 57.0325
2.51985 210.818
2.57404 229.988
2.16514 88.2873
2.16819 89.6956
1.99949 31.4354
2.04785 48.5838
2.16938 91.1483
2.32762 146.468
2.32387 145.512
2.75832 296.785
1.89217 -3.76383
2.023 42.0351
2.212 108.041
2.16472 91.9629
2.37252 164.497
2.38331 168.595
2.5609 230.635
2.05852 56.4592
2.14075 85.3733
1.97376 27.7088
2.36022 162.31
1.88516 -2.37693
1.95283 21.4806
1.73503 -53.8347
1.61603 -94.8273
1.84811 -13.8564
2.39024 174.822
1.78799 -34.0485
2.21897 116.021
2.37936 172.086
2.55603 233.808
2.15722 95.6096
1.82327 -20.0553
1.97047 31.4291
2.23094 122.261
2.07654 68.971
2.35941 167.586
2.52979 227.122
2.25683 132.645
2.12804 88.2505
2.13509 91.0485
2.19567 112.443
2.0941 77.5046
2.07387 70.8221
2.03042 56.0758
1.61984 -86.2088
2.04542 61.9807
2.05224 64.6982
1.91913 18.8041
1.82142 -14.7925
2.01052 51.247
1.55423 -106.917
1.81976 -14.3268
1.65529 -71.1155
2.19407 116.401
2.24209 133.431
1.83099 -9.03439
2.1125 89.1058
2.06155 71.7551
1.7243 -45.0587
2.20801 123.329
1.82476 -9.46168
2.16221 108.112
1.81118 -13.4865
2.05685 72.2047
1.90241 18.9011
2.13033 98.4287
2.13111 99.0459
2.21331 127.948
2.19539 122.07
2.26366 146.135
2.01608 60.4733
1.96278 42.3072
1.88184 14.5354
2.07629 82.4322
2.2266 134.998
2.30102 161.197
2.32117 168.544
2.33205 172.671
1.92488 31.5712
1.99656 56.8198
1.95597 43.066
2.68702 297.376
2.24862 145.425
2.48558 228.092
2.06216 81.346
2.23383 141.331
1.87261 16.1905
1.99326 58.4525
1.76277 -21.2722
1.9567 46.4464
2.34605 182.053
2.0548 81.2198
1.82485 1.6853
1.57693 -84.0947
2.27667 159.34
1.84599 10.07
2.10476 100.314
1.78183 -11.5224
1.31886 -172.007
2.14666 115.913
1.62265 -65.7805
1.89136 27.9152
2.09505 99.0254
2.09585 99.6518
2.06151 88.0696
2.53341 252.353
2.09883 101.727
2.30248 172.822
2.14043 116.872
1.78732 -5.44659
2.11566 108.966
1.92563 43.2947
2.35691 193.468
2.06979 94.0723
1.86387 22.8841
2.32348 182.896
2.28165 168.712
2.11031 109.536
2.29753 174.924
2.21081 145.144
2.46131 232.515
2.34519 192.522
2.03514 85.1606
2.2476 159.315
2.74863 333.719
2.39396 210.857
1.92579 48.5631
2.21678 149.998
2.25867 164.896
2.58255 277.761
2.23656 157.912
2.29111 177.208
1.77441 -1.9433
2.20466 147.874
2.10213 112.602
2.33709 194.572
1.92459 51.6179
2.07146 102.989
2.30095 183.061
2.23491 160.464
2.28353 177.701
2.39317 216.138
2.2783 176.581
2.43341 230.811
2.36273 206.607
2.33516 197.376
2.34713 201.883
2.04106 95.903
2.13237 127.969
2.28069 179.843
2.23833 165.475
2.64442 306.896
2.11019 121.656
2.2694 177.312
2.21104 157.384
2.79926 362.075
2.55491 277.536
2.9017 398.357
2.89114 395.038
2.44157 239.205
2.38685 220.542
2.17302 146.607
2.22016 163.332
2.48083 254.235
2.41187 230.626
2.23753 170.407
1.89895 53.1354
1.91529 59.1567
2.04283 103.812
2.28976 189.941
2.155 143.474
1.97003 79.5641
1.70569 -11.9179
2.14005 139.322
1.83106 32.327
2.13314 137.616
2.18533 156.093
2.14828 143.573
1.86586 45.8064
1.61172 -42.1328
1.52498 -71.9189
1.54097 -66.0162
1.7233 -2.32862
1.95506 78.5324
1.67553 -18.2267
1.81206 29.5497
2.13754 142.967
2.37521 225.881
2.00781 98.5943
2.31955 207.238
2.48326 264.457
2.2816 194.749
1.75247 11.2788
2.19444 165.165
2.15451 151.64
2.27845 195.044
2.45018 255.051
2.03472 111.071
1.99806 98.6822
1.98303 93.8063
1.82273 38.4674
1.89095 62.5132
2.19567 168.719
2.17265 161.068
2.02782 111.106
1.87897 59.7404
2.49119 272.772
1.92373 75.987
2.18381 166.682
2.10329 139.057
2.42416 250.874
2.48963 273.967
2.06693 127.469
2.6586 333.359
2.15928 160.247
1.69125 -1.99743
2.13136 151.241
1.73475 13.8086
2.24898 192.798
2.16869 165.254
2.08208 135.512
2.27234 201.954
2.10796 145.197
2.05116 125.812
2.17969 170.809
1.93974 87.8001
2.22604 187.607
1.85982 60.7301
2.23221 190.445
2.12028 151.907
2.31547 220.065
1.74841 23.4195
1.72106 14.2627
1.70446 8.84337
2.10809 149.411
2.04531 127.949
1.87575 69.3919
1.63418 -14.1807
1.72203 16.6839
1.74003 23.2874
2.16685 171.909
2.19417 181.747
2.3527 237.168
2.13352 161.371
1.69311 8.72459
1.38744 -97.1193
1.66971 1.29015
1.71715 18.1174
1.72407 20.8695
1.67076 2.69733
1.81974 54.7969
1.3194 -118.668
2.2084 190.512
2.29724 221.721
2.04679 135.065
2.0935 151.636
2.13684 167.04
1.79654 49.1693
1.79633 49.4442
1.63163 -7.42409
1.51996 -45.8703
1.53563 -40.0801
1.92548 95.7004
1.78798 48.2804
2.13683 169.818
1.96049 108.906
2.38381 256.313
1.96895 112.54
2.14834 175.204
2.00592 126.077
2.09426 157.114
1.71212 24.7068
1.55751 -28.6552
1.62041 -6.45661
1.69415 19.5047
1.75248 40.1164
1.72741 31.7559
1.94938 109.213
2.03199 138.261
2.16901 186.207
2.31207 236.254
2.06897 152.149
2.25466 217.002
2.2416 212.815
2.18081 192.043
1.9676 118.323
1.62761 0.560343
1.84348 75.8986
1.4951 -44.7802
1.49328 -45.0652
1.55359 -23.7661
1.53693 -29.2047
1.82313 70.5657
1.52483 -32.7127
1.90712 100.441
1.93214 109.479
2.12458 176.679
1.53156 -28.9868
2.2072 206.073
1.62322 3.5494
1.70468 32.1977
1.77928 58.4579
2.57895 336.608
2.4329 286.217
2.03193 147.27
1.68108 25.7336
1.88328 96.3272
2.034 149.031
2.13126 183.168
1.94981 120.481
2.00132 138.721
2.14394 188.614
1.93509 116.41
1.87833 97.0363
2.01595 145.193
2.23286 220.895
2.37617 271.026
2.49942 314.191
2.25549 229.797
2.13213 187.29
2.13243 187.743
1.95173 125.315
1.76735 61.6108
1.53132 -20.0389
1.94696 124.7
1.72879 49.2565
1.31134 -95.4159
1.98302 138.271
1.91046 113.412
2.06023 165.786
1.98624 140.43
2.15146 198.176
1.88281 105.194
2.32758 260.052
1.52495 -18.4287
1.86701 100.748
1.69314 40.693
2.53091 332.078
2.08011 175.821
2.27329 243.276
2.13705 196.296
2.20938 221.771
2.30839 256.512
2.23809 232.44
2.37547 280.51
1.93692 128.509
2.00379 152.086
2.03931 164.773
2.43196 301.525
2.47593 317.148
2.23286 233.054
2.07372 178.115
1.7699 72.919
2.21798 228.926
1.99231 150.878
2.12509 197.352
1.84171 99.2538
2.05838 174.87
1.79633 84.183
1.66519 38.9728
1.88051 114.121
2.22674 234.748
2.34028 274.539
2.31004 264.381
2.25497 245.599
1.77004 77.482
2.09433 190.488
1.80549 90.4932
1.81597 94.4826
2.12102 200.8
2.06872 182.98
1.89054 121.43
2.24467 244.798
1.9028 126.383
2.18524 224.847
2.24277 245.181
2.12707 205.334
2.01344 166.207
1.69962 57.5371
2.03506 174.413
2.01781 168.769
2.28847 263.141
2.23899 246.299
1.78411 88.6252
2.04219 178.629
1.75794 80.2289
1.79137 92.1872
1.91236 134.566
2.20443 236.377
2.03364 177.394
2.16096 221.972
1.66054 48.4766
1.65235 45.9775
1.67624 54.6241
2.0558 186.831
2.64449 391.683
2.39339 304.799
2.30144 273.207
1.82551 108.217
1.88003 127.504
1.96464 157.244
2.08529 199.507
2.12674 214.252
1.49662 -4.29936
2.2054 242.274
1.90349 137.74
2.20778 243.794
1.61237 37.2999
1.86022 123.75
1.51697 4.8524
1.86331 125.519
1.92069 145.797
1.90061 139.169
1.93934 152.973
2.12844 219.013
2.26309 266.135
1.92568 149.269
1.97916 168.196
1.59943 36.6271
2.21296 250.111
2.19969 245.848
2.00223 177.599
2.20121 247.07
2.09967 212.143
2.40541 318.703
1.74346 89.0914
2.41937 324.247
1.88113 137.614
2.41458 323.278
1.9054 146.739
2.22525 258.202
2.01794 186.531
2.0782 207.812
2.00952 184.3
1.66602 65.3188
1.7085 80.4228
1.51867 14.8222
1.65605 62.896
1.94233 162.695
1.97098 172.995
1.99916 183.134
2.39159 319.808
2.16416 241.149
1.97214 174.789
1.92866 160.032
1.64429 61.5914
1.96804 174.406
1.67824 74.0772
1.98096 179.589
1.84307 132.036
1.99131 183.878
1.94823 169.26
2.1607 243.42
2.01119 191.83
2.50387 363.332
2.37696 319.589
2.61157 401.44
2.12375 232.32
2.21468 264.258
2.09496 223.013
2.22222 267.57
2.1038 226.779
2.03778 204.193
2.04214 206.053
1.88753 152.692
2.02558 200.997
2.24109 276.209
1.88714 153.596
2.07422 218.937
1.93682 171.551
2.00559 195.788
2.15752 248.916
2.10966 232.638
2.07289 220.211
1.79935 125.532
1.82781 135.765
2.03742 208.93
1.93882 175.026
1.75596 111.849
1.79028 124.118
1.78649 123.148
2.32021 308.906
2.37198 327.239
2.75315 460.002
2.49678 371.288
2.22408 276.902
2.03343 211.018
1.73894 109.06
1.90024 165.442
1.60115 61.8876
1.86355 153.394
2.08126 229.369
2.44092 354.663
1.58892 59.0289
2.0513 220.005
1.59944 63.3773
1.71103 102.493
1.97802 195.591
2.07372 229.182
2.11444 243.677
2.03859 217.675
2.01116 208.494
1.71445 105.766
1.79661 134.654
1.92736 180.424
1.77992 129.55
1.5894 63.7106
1.86545 159.957
1.67332 93.5596
2.03891 220.913
2.59831 415.59
2.40327 348.183
1.96266 195.465
1.43166 11.3475
1.60577 72.1795
1.90893 177.841
2.14153 258.992
2.43287 360.551
1.8233 149.136
2.4492 366.919
1.73652 119.685
2.31769 321.929
2.11547 252.024
2.18288 275.79
1.97311 203.263
2.0757 239.252
2.1475 264.542
2.23966 296.904
2.11353 253.435
2.07592 240.716
2.10707 251.886
2.25737 304.446
1.52117 49.042
2.00467 217.354
1.74425 127.233
1.84382 162.172
2.17672 278.166
2.03467 229.165
1.97552 208.964
2.02029 224.867
1.86465 171.145
1.83437 160.972
1.83307 160.87
2.03327 230.764
2.19814 288.386
2.01088 223.679
1.99595 218.841
2.02588 229.587
1.77785 143.77
2.18351 285.041
2.17145 281.199
2.05915 242.532
2.00618 224.481
1.71022 122.013
2.02854 232.943
2.1014 258.599
1.88242 182.877
1.82136 162.012
1.87659 181.546
2.22914 304.365
2.19801 293.901
2.47681 391.101
2.43709 377.649
2.59627 433.294
2.56677 423.395
2.76198 491.556
2.81425 510.063
1.88779 188.561
2.45501 385.961
2.35456 351.41
2.26105 319.275
1.68936 121.02
1.51969 62.424
1.58397 85.1002
1.41189 25.668
1.39335 19.5744
1.6861 121.624
1.84906 178.583
1.74805 143.839
2.07876 259.074
1.71611 133.437
1.63392 105.232
1.36295 11.4455
1.61481 99.2886
1.83291 175.405
1.84823 181.073
1.42364 33.9193
1.40847 28.9975
1.41096 30.2109
1.6882 126.87
1.75358 149.928
2.03257 247.197
1.82189 174.354
2.06669 259.743
2.45865 396.257
2.35994 362.311
2.05753 257.605
2.08915 268.937
1.86484 191.359
1.91695 209.811
1.96255 225.999
2.0693 263.43
1.85701 190.028
2.07381 265.692
1.7823 164.771
2.03679 253.527
2.09829 275.236
2.28577 340.716
2.15977 297.289
1.74876 154.854
1.92395 216.063
1.99533 241.209
1.8835 202.705
2.50387 418.565
1.6792 132.425
2.0049 245.922
1.73255 151.654
1.99452 243.011
2.21717 320.703
2.20561 317.035
2.07622 272.435
1.98256 240.245
1.82827 186.993
1.49291 70.8364
1.83629 190.472
2.04435 263.1
1.98975 244.478
2.23506 330.047
2.02756 258.311
2.15263 302.104
1.56153 97.1061
1.98766 245.492
1.96042 236.376
2.16332 307.208
1.56188 98.6176
1.5843 106.756
1.60506 114.315
1.92057 224.268
2.18641 316.967
1.64046 127.654
1.29246 7.10917
1.50188 80.2068
1.47806 72.2807
1.75737 169.657
1.92737 229.062
2.11918 296.045
1.90998 223.716
1.66643 139.455
1.57016 106.359
1.53005 92.7703
1.5771 109.464
1.68962 148.901
1.69776 152.077
1.49322 81.3662
1.02282 -81.6992
1.23976 -5.99061
1.19221 -22.1603
1.59761 119.022
1.67396 145.893
1.45347 69.643
1.82279 198.289
1.48683 81.9252
2.01128 264.466
1.41053 56.1162
1.95427 245.354
2.25364 349.703
1.67495 149.015
2.01845 268.694
1.73325 169.962
2.1942 330.444
1.67644 150.921
1.73696 172.295
1.75492 178.882
2.00998 267.836
2.54604 454.407
1.97031 254.749
1.57477 117.687
1.41962 64.1366
1.67271 152.405
1.72636 171.39
1.92417 240.457
1.61742 134.241
1.7832 192.18
1.74634 179.72
1.61012 132.746
1.74706 180.665
1.39015 57.0263
1.49246 92.9128
1.80388 201.448
1.96034 256.147
1.99368 268.079
1.64475 147.21
1.82947 211.725
1.63923 145.986
1.8282 211.979
1.83283 213.935
2.12938 317.305
1.80916 206.41
1.95129 256.132
1.81812 210.214
2.04283 288.625
1.8939 237.235
1.83865 218.391
2.26849 368.062
1.68964 167.321
2.3369 392.522
2.24579 361.217
2.04458 291.666
2.10466 312.886
1.77211 197.706
2.19779 345.934
1.96675 266.017
1.63071 149.625
1.56356 126.645
1.78668 204.504
2.16007 334.564
1.65592 159.775
2.06473 302.141
2.10627 316.918
1.87877 238.235
1.83424 223.112
1.52447 115.845
1.45908 93.4778
1.557 127.84
1.97011 271.702
2.07118 307.16
1.82722 222.757
2.35038 404.849
1.7986 213.508
1.79434 212.376
1.75455 198.902
2.23581 366.436
1.85473 234.396
1.53081 122.217
1.37281 67.6764
1.72572 190.621
1.70285 183.024
1.67718 174.455
2.15356 340.295
2.10795 324.798
1.9204 259.992
1.76664 206.921
1.66619 172.374
1.62812 159.497
1.76501 207.397
1.71018 188.699
1.78729 215.834
2.25078 377.196
1.66173 172.908
1.54491 132.673
2.11187 329.98
2.0748 317.45
2.32036 403.103
2.20268 362.57
2.36753 420.184
1.89538 256.509
1.96999 282.777
1.85479 243.104
2.10824 331.5
1.92631 268.645
1.77852 217.649
2.0625 316.65
1.75131 208.892
1.68524 186.288
1.91662 267.016
2.13221 342.258
2.01565 302.114
2.53794 483.901
2.29673 400.454
1.81397 233.092
2.02343 306.206
1.24917 37.5793
1.69508 192.833
1.60352 161.373
1.92588 273.706
1.97837 292.287
1.96039 286.389
1.96065 286.825
2.00113 301.238
2.11601 341.493
1.91801 273.056
1.92069 274.335
2.29779 405.684
1.78222 226.926
1.75369 217.361
2.33883 420.982
2.06637 326.68
1.87411 260.238
2.05902 324.822
2.01902 311.274
2.05727 324.907
2.22228 382.58
1.83894 249.757
2.38898 441.185
1.94735 288.113
2.14481 357.054
1.73262 214.209
2.20684 379.301
1.61649 174.562
1.34583 80.8853
1.6829 198.329
1.82359 247.551
1.88513 269.276
1.98383 303.912
1.90337 276.308
1.87844 267.993
1.91266 280.231
2.15276 363.985
2.17983 373.739
2.13649 359.031
1.748 224.416
1.64507 189.006
1.67139 198.497
1.7899 240.014
2.2957 416.076
1.68063 202.751
1.88324 273.482
1.81358 249.631
1.69399 208.433
2.15411 368.625
1.76859 235.045
1.74694 227.869
1.88828 277.319
1.76448 234.659
1.79081 244.153
1.59419 176.196
1.5833 172.758
1.71129 217.569
1.88871 279.553
1.87043 273.548
1.71928 221.388
1.87119 274.506
1.5031 146.981
1.80766 253.133
1.54125 160.931
1.82649 260.368
1.81281 255.963
1.89329 284.271
1.62874 192.715
1.64055 197.163
1.9221 295.322
1.69247 215.897
1.93865 301.765
1.65516 203.627
1.96431 311.372
1.81908 261.269
1.80841 257.908
1.49323 148.764
1.78158 249.282
1.73596 233.783
1.78065 249.654
2.2595 416.354
1.72117 229.685
1.92946 302.395
2.09512 360.29
2.03778 340.717
1.92825 303.015
1.52861 164.528
1.44534 135.949
1.87415 285.262
1.95278 312.926
1.91843 301.341
1.66555 213.84
1.69412 224.111
1.60659 194.052
1.97461 322.247
1.78402 256.384
1.80609 264.398
1.81828 268.981
1.71612 233.84
1.75618 248.101
1.92978 308.756
1.79768 263.215
1.81005 267.859
1.74091 244.188
1.70276 231.283
1.56432 183.535
2.08291 364.039
1.59541 195.031
1.81891 273.022
1.91865 308.018
1.88062 295.153
1.83334 279.075
2.33971 455.333
2.12713 381.832
1.85519 287.709
1.56504 187.259
1.73285 245.903
2.13636 386.429
1.75513 254.339
2.23359 420.9
1.93354 317.01
1.88468 300.386
1.50599 169.18
1.62605 211.235
1.99632 340.212
2.17406 402.305
2.05603 361.648
1.77898 265.749
2.20969 415.723
1.94675 324.729
1.84241 288.829
1.86046 295.445
1.74115 254.346
1.61514 210.917
1.5655 194.019
1.87654 302.42
1.92495 319.585
1.67439 232.89
1.81368 281.624
1.3475 120.026
1.48258 167.299
1.91887 319.212
1.59436 206.824
1.68026 237.014
1.75141 262.079
1.7421 259.192
1.78935 275.952
1.86026 300.934
1.86168 301.774
2.45843 509.431
1.98035 343.695
1.72027 253.693
1.69513 245.307
1.73321 258.881
2.01763 358.036
1.81493 287.966
1.80966 286.484
2.04918 370.037
1.58105 207.761
1.65874 235.097
1.69193 246.974
1.71412 255.029
1.82612 294.284
1.96916 344.322
1.78582 280.981
1.89039 317.656
1.7648 274.373
1.82024 293.98
1.90897 325.151
1.97293 347.72
1.78762 283.69
2.03832 371.131
1.96019 344.333
1.9351 335.967
1.79311 286.985
1.80865 292.731
1.82971 300.395
1.65823 241.173
1.52843 196.427
1.60562 223.592
1.43491 164.635
1.46037 173.826
1.27914 111.214
1.47977 181.261
1.77897 285.549
1.66581 246.584
1.87611 319.99
1.81147 297.88
1.55676 209.744
1.50537 192.238
1.69445 258.272
1.5686 214.9
1.71166 264.945
1.97207 355.756
1.86646 319.414
1.7082 264.785
1.5448 208.368
2.07559 393.109
2.33903 484.972
1.93447 344.779
1.98646 363.188
1.82973 309.088
1.87256 324.313
1.47304 185.869
1.27041 115.827
1.29575 124.977
1.31816 133.109
1.53181 207.677
1.37529 153.65
1.4793 190.129
1.74275 281.999
1.38639 158.547
1.81918 309.245
1.78982 299.393
2.06962 396.942
1.74695 285.194
1.55816 219.955
1.87329 329.778
1.62153 242.665
1.86281 326.832
1.67903 263.337
2.04644 391.32
1.74023 285.292
1.9816 369.489
1.68916 268.245
1.56996 227.182
1.87811 334.578
1.93427 354.437
2.24996 464.453
1.70827 276.619
1.44205 184.483
1.91316 348.493
1.61687 245.911
1.73799 288.334
1.80018 310.285
1.76453 298.25
1.57507 232.779
1.48769 202.771
2.05398 399.843
1.92989 357.084
2.17464 442.455
1.73588 290.382
1.65009 260.924
2.03927 396.472
1.82459 322.24
2.19132 449.987
1.99036 380.522
1.84715 331.119
2.07747 411.48
1.29396 139.64
1.63867 259.738
1.415 182.382
1.73128 292.603
1.85611 336.318
2.44199 540.196
1.84603 333.511
1.87645 344.425
2.2594 477.808
1.71176 287.908
2.2063 460.055
1.58733 245.377
1.83989 333.461
1.7024 286.044
1.96054 376.068
2.18827 455.529
1.90446 357.282
2.11288 430.035
1.67965 279.877
1.83227 333.247
1.97686 383.824
1.71949 294.761
1.83964 336.848
1.8092 326.621
1.46574 207.651
2.27825 490.263
2.14531 444.427
1.99288 391.821
2.00585 396.673
2.13353 441.376
2.10147 430.587
1.79571 324.715
2.11711 436.713
2.16789 454.703
1.68287 286.556
1.99844 396.532
1.64772 275.041
1.93779 376.157
1.78627 323.867
1.66107 280.72
1.67886 287.246
1.55268 243.761
1.43934 204.734
1.52426 234.584
1.47757 218.708
1.50804 229.641
1.49605 225.824
1.82515 340.498
1.7693 321.445
1.92954 377.46
1.55304 247.01
1.65215 281.791
1.74439 314.182
1.82029 340.894
1.43124 206.088
1.77788 326.857
1.75943 320.797
1.65969 286.495
1.58095 259.487
1.34406 177.539
1.67327 292.254
1.36495 185.493
1.68828 298.161
1.50535 234.961
1.71774 309.092
1.89365 370.549
1.8711 363.064
1.76533 326.667
1.14175 110.385
1.81578 344.887
1.18867 127.379
1.56914 259.901
1.58082 264.306
1.43206 212.975
1.45495 221.272
1.03998 77.4621
1.39289 200.41
1.61968 279.54
1.5853 267.944
1.60686 275.783
1.64547 289.542
1.36841 193.642
1.74053 323.263
1.87446 370.134
2.08016 441.941
1.12732 111.278
1.60546 277.727
1.8557 365.009
1.68457 305.905
2.0348 427.922
2.05585 435.582
1.76355 334.384
1.92174 389.686
1.52362 251.728
1.66254 300.338
1.63499 291.114
1.96786 407.1
2.06097 439.793
1.89188 381.4
1.65716 300.205
1.727 324.815
1.72152 323.259
2.1612 476.35
1.98114 414.145
1.99605 419.671
1.65215 300.55
1.37145 203.383
1.34819 195.65
1.72278 326.126
1.91732 394.055
1.80495 355.368
1.83302 365.468
1.85407 373.127
1.51859 256.929
1.44584 232.006
1.83487 367.498
1.88091 383.842
1.90131 391.275
1.60624 289.117
1.4236 226.017
1.8716 381.996
1.82712 366.892
1.72474 331.67
1.67472 314.643
1.93066 403.902
1.62048 296.493
1.40988 223.682
1.45751 240.575
1.61293 294.914
1.41288 225.764
1.98463 424.735
1.51794 262.959
1.47627 248.829
1.32738 197.454
1.64421 307.865
1.57434 283.941
1.86092 383.845
1.58673 288.937
1.1996 154.799
1.33993 203.896
1.39294 222.659
1.64466 310.454
1.64926 312.398
1.2331 168.173
1.35469 210.762
1.53461 273.613
1.43743 240.198
1.22205 165.723
1.38663 223.246
1.26583 181.628
1.43011 239.046
1.18512 154.286
1.48225 257.852
1.31623 200.527
1.47962 257.633
1.20827 163.717
1.69565 333.376
1.43274 242.39
1.52114 273.447
1.5708 291.049
1.72983 346.642
1.70342 337.813
1.45214 250.867
1.43491 245.231
1.48847 264.183
1.26459 186.756
1.54515 284.569
1.2275 174.567
1.39276 232.324
0.994841 94.4363
1.67285 330.322
1.38419 230.387
1.61766 311.843
1.58181 299.737
1.59579 304.941
1.30276 203.49
1.39877 237.191
1.417 243.872
1.88809 407.872
1.44427 254.039
1.45552 258.295
1.41857 245.807
1.44121 254.017
1.47599 266.45
1.40786 243.128
1.34019 219.967
1.37218 231.426
1.36771 230.22
1.42588 250.778
1.08903 134.105
1.18789 168.795
1.2896 204.476
1.04675 120.46
1.44121 257.84
1.48149 272.18
1.22309 182.761
1.40809 247.377
1.24892 192.431
1.7265 358.686
1.27718 202.94
1.62974 325.767
1.31763 217.687
1.53337 292.982
1.65762 336.495
1.77593 377.942
1.62463 325.728
1.48359 277.078
1.50192 283.795
1.66711 341.529
1.1681 168.521
1.5869 314.359
1.3919 246.964
1.81556 394.488
1.72111 362.024
1.5332 297.093
1.69377 353.222
1.40565 253.476
1.52614 295.683
1.6446 337.182
1.63341 333.643
1.91196 430.755
1.52355 296.172
1.46998 277.908
1.76278 379.972
1.55879 309.456
1.34733 236.344
1.06292 137.887
1.43796 268.523
1.00529 118.561
1.53151 301.715
1.38608 251.542
1.48717 287.007
1.08565 147.869
1.50474 293.804
1.3111 226.883
1.69952 362.165
1.63654 340.635
1.5881 324.155
1.36615 247.398
1.73892 377.242
1.54089 308.796
1.15114 173.745
1.22069 198.256
1.58439 324.951
1.2291 201.87
1.44878 278.535
1.55128 314.49
1.66101 352.956
1.66029 353.055
1.62475 341.056
1.29712 227.585
1.37952 256.557
1.12644 168.985
1.54786 315.733
1.77563 395.206
1.75093 386.975
1.6443 350.278
1.75273 388.293
1.6615 356.949
1.82207 413.076
1.43432 278.722
1.63173 347.649
1.49823 301.618
1.40757 270.47
1.29872 233.004
1.07941 157.164
1.11483 169.819
1.4294 279.443
1.81607 414.12
1.72878 384.141
2.01226 482.971
1.7788 402.214
1.90692 447.069
1.791 407.146
1.84266 425.442
1.70932 379.466
1.68679 371.986
1.48833 303.389
1.36634 261.36
1.66706 366.177
1.7406 392.069
1.63996 357.456
1.72004 385.621
1.70561 380.957
1.78461 408.748
1.99048 480.612
2.01499 489.477
1.98247 478.527
1.90326 451.357
1.48333 305.821
1.71962 388.254
1.4326 288.895
1.81761 422.991
1.7089 385.573
1.71326 387.435
1.90402 454.051
1.81893 424.839
2.14693 539.132
1.96246 475.395
1.64706 366.176
1.84325 434.679
1.49195 312.986
1.93646 467.755
1.74879 402.904
1.95013 473.198
1.60806 354.711
1.72182 394.577
1.51954 324.654
1.7462 403.741
1.63655 365.996
1.93768 470.957
1.99712 491.953
1.97596 484.95
1.57481 345.939
2.023 501.985
2.04461 509.84
2.02745 504.227
1.84234 440.269
1.48683 317.114
1.24053 231.895
2.02969 506.395
1.94152 476.113
1.59598 356.422
1.70986 396.33
1.65826 378.75
1.21818 226.218
1.76108 415.165
1.52434 333.269
1.72166 402.165
1.92116 471.818
1.74342 410.42
1.75672 415.386
1.43805 305.031
1.52888 336.931
1.61674 367.801
1.64845 379.164
1.62584 371.656
1.40574 295.544
1.40772 296.579
1.69531 396.833
1.53598 341.829
1.72766 408.765
1.8748 460.229
1.63532 377.384
1.49588 329.29
1.85576 454.657
2.03234 516.348
1.59279 363.997
1.77991 429.348
1.9246 479.96
1.95981 492.539
2.00975 510.235
1.82534 446.521
1.54254 348.625
1.36712 288.033
1.22865 240.277
1.37037 289.855
1.4413 314.844
1.5581 355.766
1.81428 445.11
1.31965 273.626
1.41615 307.497
1.28824 263.408
1.3232 275.902
1.42174 310.48
1.48943 334.343
1.49298 335.926
1.38921 300.221
1.24263 249.65
1.01391 170.54
1.29864 269.799
1.22518 244.627
1.11119 205.377
0.985735 162.141
1.39911 306.093
1.15653 222.171
1.30779 275.063
1.222 245.61
1.69034 408.656
1.68553 407.333
2.18031 579.563
1.68368 407.383
1.83655 460.836
1.88715 478.763
1.35439 294.033
1.65383 398.403
1.54374 360.505
1.22209 249.115
1.36659 299.658
1.53397 358.153
1.33019 287.708
1.51781 353.235
1.73152 427.825
1.4803 340.899
1.45153 331.25
1.6766 409.788
1.68844 414.248
1.46598 337.312
1.44479 330.301
1.47928 342.628
1.46459 337.873
1.46662 338.926
1.71793 426.576
1.63991 399.821
1.08819 208.503
1.38078 310.495
1.46138 338.841
1.73022 432.584
1.59674 386.561
1.40127 319.002
1.63974 402.194
1.6662 411.732
1.58608 384.246
1.34572 301.094
1.5091 358.197
1.73756 437.914
1.35707 306.08
1.14732 233.559
0.996292 181.441
1.35977 308.06
1.59328 389.527
1.35938 308.62
1.18148 247.165
1.26534 276.645
1.31665 294.816
1.33179 300.423
1.42932 334.651
1.40707 327.27
1.1611 242.17
1.40809 328.319
1.30643 293.35
1.66964 419.876
1.1294 232.545
1.60316 397.477
1.43839 340.583
1.57487 388.341
1.2966 292.019
1.28888 289.685
1.39788 327.898
1.00881 193.085
1.50745 366.658
1.34573 310.826
1.26022 281.465
1.0405 205.483
1.68058 428.193
1.45549 350.346
1.39851 330.896
0.987458 188.447
1.59862 401.109
1.41278 336.896
1.8078 474.472
1.49281 365.392
1.1874 259.644
1.54889 385.57
1.24609 280.727
1.49875 368.847
1.53877 383.097
1.31136 304.444
1.63146 415.993
1.18263 260.416
1.30874 304.576
1.83637 488.219
1.93112 521.482
1.61608 412.384
1.57232 397.533
1.4987 372.303
1.24984 286.197
1.63747 421.205
1.25774 289.637
1.0483 217.225
1.68266 437.948
1.79133 476.047
1.94287 529.037
2.11812 590.266
1.83207 491.24
1.27376 297.636
1.65338 429.86
1.36855 331.259
1.52921 387.417
1.73588 459.562
1.80026 482.275
1.471 368.238
1.53547 390.984
1.38009 337.353
1.72291 456.795
1.5674 403.116
1.54849 396.896
1.83075 495.3
1.63005 425.922
1.77947 478.179
1.84773 502.239
1.80621 488.161
1.48193 375.858
1.71666 457.75
1.75067 469.912
1.59198 415.132
1.78447 482.346
1.68976 449.794
1.70759 456.333
1.709 457.171
1.63223 430.851
1.7617 476.174
1.581 413.749
1.7689 479.372
1.81478 495.656
1.85254 509.121
1.68605 451.632
1.32891 327.909
1.27138 308.272
1.11387 253.899
1.37588 345.269
1.22751 294.075
1.25541 304.115
1.3342 331.831
1.37638 346.831
1.21214 290.122
1.28333 315.203
1.20871 289.625
1.37777 348.704
1.47401 382.484
1.75211 479.445
1.578 419.306
1.37303 348.447
1.58964 424.044
1.72832 472.567
1.6878 458.839
1.58132 422.195
1.74071 477.915
1.74597 480.089
1.5921 426.982
1.77616 491.271
1.86905 523.89
1.72057 472.657
1.8522 518.73
1.60814 434.292
1.35375 346.267
1.33191 339.026
1.37158 353.156
1.67092 457.49
1.62745 442.736
1.61253 437.901
2.0693 596.93
1.73527 481.237
1.51742 405.902
1.28134 324.236
1.47299 391.162
1.51817 407.205
1.66466 458.444
1.77043 495.536
1.2614 319.047
1.3115 336.801
1.22627 307.54
1.38047 361.453
1.36071 354.937
1.67396 464.107
1.41908 375.909
1.23486 312.261
1.27443 326.353
1.71532 479.865
1.62248 447.959
1.59899 440.147
1.18496 296.661
1.29661 335.795
1.42545 380.902
1.55774 427.205
1.4813 400.998
1.62053 449.714
1.41309 377.998
1.41839 380.187
1.22239 312.443
1.27514 331.116
1.44006 388.756
1.56664 433.077
1.57425 436.068
1.66824 469.066
1.51799 417.218
1.67292 471.387
1.73882 494.628
1.74294 496.408
1.63924 460.728
1.28045 336.434
1.92139 559.441
1.99266 584.546
1.80545 519.86
1.39333 377.038
1.34227 359.649
0.975756 232.67
1.02148 248.902
1.36772 369.531
1.51997 422.769
1.11556 282.628
1.42486 390.423
1.23087 323.378
1.08741 273.888
1.25052 330.901
1.3049 350.138
1.30277 349.748
1.51846 425.025
1.43001 394.643
1.72429 497.223
1.93711 571.505
2.00871 596.723
1.97735 586.177
1.75648 509.795
2.11824 635.817
1.87263 550.839
1.55812 441.929
1.4304 397.907
1.67476 483.142
1.49542 421.19
1.52514 431.86
1.41353 393.436
1.29785 353.596
1.46877 413.321
1.4984 423.961
1.31864 361.86
1.38262 384.435
0.965192 239.769
1.42322 399.232
1.27202 347.054
1.41647 397.582
1.73634 509.05
2.00595 603.061
1.74011 511.057
1.33807 371.739
1.54879 445.287
1.92027 574.683
1.85507 552.382
1.68018 491.973
1.47231 420.108
1.39281 392.838
1.18162 319.82
1.50141 431.26
1.44254 411.157
1.37759 388.941
1.50485 433.496
1.59336 464.591
1.37467 388.968
1.29727 362.426
1.65949 488.607
1.85585 557.171
1.47027 423.567
1.68212 497.512
1.66169 490.762
1.47245 425.366
1.21991 337.984
1.30711 368.623
1.39002 397.773
1.78416 535.046
1.54954 453.886
1.45391 421.011
1.52057 444.517
1.44158 417.421
1.64549 488.606
1.24386 349.43
1.30361 370.534
1.20969 338.255
1.09143 297.52
1.30692 372.726
1.46566 428.221
1.19574 334.797
1.17972 329.581
1.52957 451.465
1.73202 522.142
1.74737 527.823
1.69391 509.598
1.62504 486.018
1.42673 417.476
1.69346 510.483
1.56365 465.734
1.32749 384.042
1.45804 429.74
1.81683 554.732
1.7647 536.969
1.23455 353.144
1.29501 374.495
1.26593 364.742
1.7382 529.152
1.62183 489.072
1.56913 471.112
1.65712 502.026
1.5378 460.923
1.25068 361.528
1.23181 355.318
1.46575 436.938
1.53492 461.312
1.87059 578.269
1.48423 444.397
1.53379 461.964
1.58979 481.765
1.3421 396.065
1.39493 414.765
1.77246 546.263
1.73135 532.332
1.48334 446.521
0.982221 272.782
1.3465 399.677
1.13514 326.599
1.23226 360.688
1.36583 407.435
1.54534 470.143
1.52952 464.994
1.578 482.184
1.93255 605.701
1.78992 556.499
1.71064 529.306
1.45346 440.309
1.56141 478.157
1.28032 380.854
1.56611 480.484
1.68207 521.118
1.77543 553.897
1.81656 568.534
1.62979 503.997
1.67167 518.895
1.25196 373.434
1.24746 372.22
0.901993 252.554
1.21639 362.121
1.20905 359.919
1.35548 411.135
1.20663 359.773
1.26912 381.827
1.64686 513.4
1.62379 505.736
1.34519 409.297
1.43964 442.457
1.28081 387.625
1.47499 455.433
1.33226 406.194
1.42887 440.105
1.49878 464.738
1.47789 457.829
1.71712 541.283
1.84152 584.845
1.65921 521.861
1.42809 441.919
1.5004 467.385
1.31906 404.736
1.66965 526.875
1.82396 580.829
1.75807 558.289
1.29514 397.814
1.30471 401.487
1.21543 370.819
1.49329 467.693
1.31504 406.118
1.56268 492.496
1.5818 499.483
1.72181 548.471
1.74144 555.638
1.44761 453.911
1.08061 326.763
1.35406 422.105
1.57915 500.647
1.83305 589.2
1.96574 635.641
1.72402 552.018
1.09026 332.199
1.0567 320.89
1.14905 353.32
1.50666 477.897
1.59776 509.894
1.9348 627.327
1.85637 600.429
2.0679 674.258
1.68289 540.857
1.26231 395.097
1.48994 474.52
1.11437 344.398
1.11191 343.889
1.46873 468.194
1.27237 400.328
1.71939 555.968
1.57673 506.755
1.72188 557.527
1.88733 615.351
1.67679 542.556
1.31311 416.566
1.01305 312.673
1.15257 361.489
1.00095 309.165
1.66781 541.176
1.72056 559.847
1.50671 485.904
1.39819 448.554
1.09923 345.045
1.12189 353.263
1.26196 402.269
1.02907 321.713
1.04249 326.72
1.24853 398.645
1.34464 432.381
1.40522 453.775
1.22001 389.779
1.26867 407.031
0.922987 287.291
1.11842 355.531
1.02898 324.807
1.26621 407.567
1.52008 496.108
1.44878 471.685
1.54376 505.028
1.65816 545.118
1.31266 425.441
1.6343 537.524
1.57855 518.503
1.62956 536.573
1.23104 398.477
1.79344 594.198
1.46808 481.517
1.68734 558.036
1.82572 606.455
1.38859 454.945
1.13142 365.953
1.02873 330.626
0.979366 313.825
1.30217 426.313
1.14957 373.647
1.78752 595.615
1.50816 498.916
1.35396 445.692
1.10707 360.272
1.25249 411.137
1.41838 469.117
1.56952 521.969
1.13734 372.178
1.39212 461.034
1.16506 382.502
1.09103 357.133
1.11537 365.936
1.49632 498.625
1.13132 372.172
1.42964 476.154
1.48517 495.791
1.32714 441.239
1.22748 406.967
1.26769 421.283
1.33955 446.595
1.47755 494.882
1.54103 517.282
1.55062 520.961
1.28343 428.486
1.18024 392.988
0.968572 319.802
1.15746 385.769
1.23774 414.005
1.02436 340.224
0.98126 325.599
0.99416 330.428
1.12715 376.976
1.26067 423.707
1.218 409.231
1.1511 386.336
1.19673 402.538
1.07927 362.079
1.05995 355.715
1.12244 377.771
1.11338 374.972
1.12107 377.991
1.04528 352.008
1.36622 463.85
1.20656 408.731
1.09411 370.015
0.932002 314.046
1.10572 374.741
0.922215 311.341
0.617257 205.747
0.692374 232.19
1.22576 417.833
0.961798 326.481
1.18865 405.636
0.926295 314.842
1.23818 423.536
1.06398 363.369
0.837184 284.928
0.994115 339.792
0.934293 319.358
1.43035 492.034
1.22933 422.548
0.903343 309.648
0.985434 338.514
0.81323 279.038
0.976198 336
1.19957 413.946
1.09898 379.349
0.92647 319.767
0.856162 295.69
0.961632 332.677
1.09842 380.542
1.13283 392.845
0.917244 318.299
0.690776 239.972
0.759325 264.133
0.529982 184.808
0.900268 313.791
0.668325 233.562
0.713692 249.67
1.03802 362.688
0.984766 344.535
1.14742 401.387
1.10218 386.017
1.18258 414.297
1.01391 356.049
0.98434 346.124
1.27656 447.986
1.07235 377.392
0.720022 255.343
0.772339 273.865
0.748384 265.891
1.34916 474.946
1.63754 575.473
1.25502 442.936
1.17395 415.119
0.489747 177.778
0.80648 288.157
0.821276 293.644
0.618945 223.703
1.01968 363.262
0.770473 277.038
1.23173 437.624
0.911279 326.648
0.960988 344.264
0.973619 349
1.02927 368.681
1.19942 428.135
1.06143 380.547
1.10083 394.583
1.39099 495.728
1.44452 514.673
1.33201 475.936
1.7556 623.435
1.39634 498.977
1.44037 514.621
0.971033 351.922
1.03337 373.924
0.864244 315.519
0.809702 296.919
1.06463 385.828
1.52162 544.931
1.2523 451.719
1.32979 478.983
1.28947 465.325
0.904283 331.861
1.23094 445.688
1.21126 439.199
1.02769 375.775
1.10591 403.294
0.880462 325.322
0.880733 325.764
0.982733 361.545
1.18112 430.81
1.03091 378.977
1.04875 385.521
1.1999 438.378
1.1825 432.68
0.990121 366.196
1.05611 389.467
0.753845 284.81
0.987394 366.291
0.951601 354.204
1.41228 514.588
1.15721 426.325
1.59815 579.856
0.963333 359.669
1.29397 474.88
1.10225 408.622
0.980099 366.536
0.779995 297.368
1.26769 467.14
1.39324 511.101
1.25387 463.032
1.35085 497.069
1.1689 434.211
0.94508 356.802
1.07704 402.992
1.18947 442.396
1.26406 468.658
0.974908 368.554
0.959413 363.519
1.1132 417.29
0.928563 353.496
1.1458 429.31
1.41973 524.821
1.33533 495.848
1.68531 617.777
1.60582 590.509
1.27706 476.645
0.912728 350.427
0.959353 366.972
1.02194 389.062
0.799779 312.231
1.23684 464.41
1.16976 441.455
1.18008 445.389
1.30032 487.508
1.16827 441.98
1.03694 396.704
0.773955 305.692
0.952417 368.036
1.37603 515.544
1.23755 467.784
1.39187 521.742
1.26044 476.43
1.43963 539.028
1.41922 532.287
1.03235 398.237
0.985264 382.226
1.42125 534.034
1.41103 530.83
1.12597 432.149
0.936556 366.695
0.968026 377.975
1.20753 461.525
1.17434 450.341
1.10843 427.792
1.26832 483.686
1.35375 513.71
1.27956 488.284
1.13047 436.84
1.04965 409.11
1.26048 482.699
1.12136 434.716
1.28212 490.91
1.44997 549.568
1.34855 514.682
0.964033 381.451
1.2007 464.015
1.33996 512.74
0.8926 357.678
0.982206 389.154
0.881785 354.616
0.864413 348.928
1.24748 482.351
0.93934 375.652
1.17854 459.097
1.314 506.503
1.21409 472.143
1.17956 460.492
1.27422 493.726
1.48828 568.434
1.30296 504.404
1.24409 484.299
0.777924 322.704
0.918823 371.998
1.15781 455.369
1.32723 514.572
1.10154 436.516
1.50821 578.14
1.15867 457.056
0.968881 391.473
0.941484 382.302
1.15216 455.839
0.987447 398.965
1.30793 510.648
1.37654 534.83
1.08881 435.219
1.0211 412.047
1.18307 468.661
1.02946 415.645
0.883422 365.259
1.23541 487.886
0.943435 386.802
0.885909 367.165
0.661384 289.514
0.967929 396.353
0.956593 392.762
1.35148 530.291
1.48727 577.811
1.51485 587.74
1.3805 541.416
1.60696 620.435
1.28369 508.48
0.975321 401.7
1.02667 419.886
0.87351 367.026
0.94881 393.532
1.32886 525.909
1.33857 529.627
1.41286 555.785
1.58239 615.024
1.58016 614.598
1.56705 610.392
1.6035 623.399
1.04401 429.385
1.00158 414.99
1.3123 523.282
1.2539 503.341
1.50414 590.619
1.37824 547.23
1.40817 557.974
0.951143 399.554
1.14836 468.413
1.14115 466.257
0.923198 390.888
0.928094 392.936
1.19221 485.035
1.43999 571.462
1.15424 472.539
1.2344 500.737
1.46904 582.594
1.16928 478.808
1.38079 552.633
1.21117 494.053
1.18411 485
1.2693 514.945
1.2912 522.9
1.06473 444.572
1.36625 549.666
1.4347 573.791
1.36025 548.275
1.21774 499.116
1.14112 472.845
1.48919 594.11
1.36342 550.766
1.25445 513.26
1.25542 513.942
1.39317 562.144
1.30364 531.388
1.67967 662.367
1.27646 522.643
1.16326 483.664
1.28918 527.756
1.03172 438.664
1.47683 593.638
1.18897 493.986
1.22054 505.301
1.1567 483.47
1.15423 482.96
1.43341 580.292
1.3923 566.357
1.33734 547.611
1.67331 664.675
1.39438 568.122
1.09177 463.344
1.31674 541.847
1.38267 565.095
1.14233 481.952
0.610877 297.675
0.974122 424.212
1.18785 498.806
1.29353 535.869
1.19702 502.689
1.05546 453.858
1.02136 442.36
1.1807 498.062
1.36517 562.491
1.34916 557.277
1.42217 582.989
1.02206 444.34
0.84515 383.229
0.984951 432.142
1.19128 504.168
1.24819 524.284
1.31199 546.795
1.45712 597.56
1.26305 530.491
1.34322 558.688
1.25008 526.678
1.25953 530.31
1.36 565.559
1.03974 454.651
1.01739 447.232
1.01748 447.613
1.15193 494.665
1.42389 589.492
1.27064 536.599
1.18076 505.723
1.07714 470.074
1.27384 538.755
1.47025 607.332
1.40122 583.702
1.34157 563.327
1.30321 550.346
1.54875 635.995
1.44263 599.476
1.44566 600.874
1.5793 647.649
1.3891 581.922
1.16639 504.901
1.30894 554.769
1.78032 718.871
1.66883 680.488
1.50159 622.737
1.22618 527.407
1.30844 556.331
1.41494 593.677
1.29163 551.186
1.25786 539.804
1.42983 599.894
1.14644 501.792
1.48111 618.402
0.761121 368.628
1.2057 523.422
1.0395 466.032
1.44368 606.787
0.992045 450.24
0.7436 364.278
1.25619 542.698
1.12981 499.14
0.778777 377.541
1.21491 529.398
1.13779 502.954
1.05874 475.842
0.839007 399.854
0.761791 373.377
0.725782 361.215
0.762552 374.336
1.02029 464.219
1.36421 584.045
1.47185 621.787
1.47759 624.126
1.36066 583.853
1.13864 507.072
0.780891 383.139
0.97629 451.367
0.81135 394.415
0.898043 424.879
1.36815 588.54
1.14923 512.835
1.17583 522.424
0.859243 412.79
1.05555 481.334
1.01793 468.612
0.905383 429.861
0.68619 354.061
0.718809 365.741
1.06793 487.372
1.13079 509.556
0.914379 434.723
0.707103 363.064
0.717526 367.032
1.25003 552.368
1.13602 513.111
1.02179 473.776
1.21623 541.667
1.38384 600.242
1.32717 580.902
1.0654 490.312
0.879499 426.08
1.19761 536.936
0.961965 455.423
0.721962 372.394
0.868797 423.751
0.689584 361.841
0.677947 358.146
0.263488 214.512
0.711551 370.514
0.817018 407.5
0.819073 408.562
1.08576 501.556
1.03229 483.327
1.00936 475.709
1.26639 565.346
1.28474 572.069
1.26001 563.827
0.803388 405.545
1.30483 580.091
0.996725 473.404
0.864817 427.927
0.610048 339.769
0.833638 417.791
0.930881 451.919
1.16416 533.305
1.25508 565.239
1.06743 500.398
1.00882 480.384
1.36534 604.584
1.26265 569.259
0.859932 429.704
1.15727 533.345
0.854413 428.482
0.782297 403.776
1.07788 506.809
1.00206 480.814
1.02603 489.49
0.83612 423.863
1.02793 490.844
1.04204 496.094
1.00876 484.879
1.39331 618.817
1.27105 576.694
0.967558 471.609
0.93221 459.676
1.00071 483.819
1.33112 598.951
1.26121 575.013
1.11013 522.873
0.918213 456.551
0.646414 362.477
0.735783 393.871
1.01711 491.951
0.526849 321.983
0.708027 385.27
0.878559 444.86
1.28502 586.408
0.95045 470.529
1.09746 521.946
1.17759 550.13
1.12306 531.537
1.26017 579.514
1.27596 585.346
1.2619 580.81
1.12729 534.393
1.35543 613.995
1.0421 505.496
0.956572 476.13
0.709231 390.552
0.916214 462.804
0.794727 420.948
1.0706 517.132
1.00822 495.81
1.18132 556.289
0.812802 428.617
0.941924 473.82
0.737416 403.123
0.929659 470.254
1.09399 527.691
1.24521 580.569
1.27327 590.666
1.25275 583.884
1.08521 526.029
1.18121 559.725
1.20049 566.773
1.25513 586.099
1.03111 508.624
0.854436 447.596
1.11345 537.923
0.836931 442.21
1.02771 508.834
1.01824 505.889
0.858392 450.707
1.30942 607.74
1.07839 527.829
1.04678 517.193
0.953963 485.298
1.1323 547.6
1.07236 527.124
1.20563 573.767
1.06914 526.701
0.711505 402.806
0.862355 455.558
0.872899 459.569
0.819814 441.474
0.567484 354.164
1.00181 505.393
0.774061 426.622
0.869754 460.213
0.938381 484.401
1.29151 607.423
0.963431 493.798
0.411438 302.386
0.5736 359.067
0.604587 370.179
0.384188 293.961
0.582267 363.12
0.951911 491.88
1.18036 571.589
1.12577 552.971
1.23155 590.069
0.746557 421.931
0.998046 509.645
1.391 646.501
1.43401 661.791
1.11937 552.833
1.35769 635.974
1.04273 526.905
0.66588 396.336
0.649201 390.889
1.0837 542.179
1.00178 514.068
1.37612 644.461
1.45033 670.587
1.22614 593.05
1.41838 660.182
0.842423 460.445
0.9662 503.792
0.985457 510.829
0.856589 466.409
1.09186 548.49
1.30519 622.945
1.12538 560.827
1.15607 571.837
1.23536 599.729
0.49682 343.511
0.77935 442.008
0.926906 493.616
0.782491 443.794
0.956718 504.667
1.16626 577.81
0.828912 460.963
1.08105 548.901
0.903328 487.509
1.35902 646.163
0.971789 511.987
1.56925 719.889
1.18395 586.386
1.24205 606.917
0.958258 508.676
1.01116 527.403
0.998294 523.279
1.22346 601.847
1.14242 574.044
1.10374 560.953
1.23069 605.4
0.935205 503.099
1.11338 565.342
0.839377 470.504
1.02092 533.918
1.33645 643.879
0.717978 429.372
1.07625 554.182
1.03989 541.898
1.16046 584.13
1.01879 535.263
1.12782 573.486
1.11476 569.296
1.36775 657.533
1.04666 546.336
0.819915 467.912
0.815277 466.648
0.975662 522.712
1.21593 606.529
1.2487 618.26
1.16124 588.224
0.953166 516.287
1.00448 534.461
0.830251 474.281
1.16979 592.582
1.28243 632.062
1.03603 546.809
0.804232 466.632
1.12803 579.464
1.29585 638.114
1.16537 593.133
1.27446 631.377
0.926218 510.746
1.32405 649.297
1.45106 693.769
1.29144 638.665
1.03575 550.187
0.939967 517.26
1.02985 548.833
1.11561 578.971
1.31513 648.63
0.885587 499.758
0.988479 535.85
0.793836 468.579
1.27357 635.583
1.01938 547.625
0.773656 462.61
0.75953 458.051
0.932706 518.559
1.00841 545.205
1.03355 554.287
0.849462 490.682
0.902266 509.374
0.732696 450.813
0.782308 468.395
1.29371 646.402
1.36776 672.475
1.19768 613.735
1.14942 597.318
0.895456 509.44
1.19357 613.35
1.20484 617.614
0.977339 538.928
0.91009 515.913
0.932682 524.109
0.784477 472.97
1.0865 578.24
1.26636 641.069
1.19864 617.891
1.10998 587.44
1.28092 647.171
1.39583 687.436
1.1269 594.359
1.32874 664.825
1.37942 682.778
1.4838 719.386
1.45224 708.769
1.22258 629.333
1.47096 715.967
1.47584 718.009
1.2747 648.484
1.30474 659.266
1.28009 651.05
1.23504 635.746
1.10694 591.592
1.18755 619.945
1.32968 669.665
1.17936 617.794
1.13529 602.832
1.06649 579.276
1.09126 588.231
0.897442 521.246
0.859568 508.436
1.10762 594.956
0.953454 541.747
0.957233 543.407
1.08703 588.845
1.16164 615.113
1.03119 570.14
0.87682 516.861
0.905111 527.037
0.905168 527.404
0.959309 546.56
0.959518 546.98
0.823521 500.082
0.896939 525.935
1.106 598.908
0.973934 553.377
1.06231 584.427
1.23793 645.783
1.17804 625.323
0.861067 515.558
0.923476 537.586
0.981766 558.183
1.15684 619.35
0.785326 490.635
0.900556 531.013
1.00963 569.25
0.866317 519.813
0.655873 447.053
0.876748 524.131
0.791847 494.985
0.562518 415.664
0.643227 444.05
0.976337 560.118
0.987326 564.283
1.36855 697.067
1.30835 676.501
1.42978 719.032
0.900025 535.345
1.42274 717.28
1.29855 674.485
1.03364 582.805
1.26582 663.809
1.34084 690.219
1.22499 650.32
1.25834 662.253
1.60333 782.447
1.32487 686.061
0.970616 563.341
1.36775 701.652
0.840156 518.715
1.00038 574.725
0.775052 496.793
0.97361 566.118
0.893014 538.467
0.974935 567.274
0.803878 508.196
0.720334 479.521
0.835728 519.956
0.695111 471.454
0.953412 561.533
0.781631 502.205
0.944427 559.107
0.652436 458.018
0.99446 577.183
1.13903 627.755
1.15425 633.387
1.03603 592.667
0.788638 507.071
0.746147 492.657
0.628121 452.003
0.876446 538.617
0.827173 521.848
0.759928 498.834
0.920276 554.886
1.18817 648.3
0.931191 559.372
1.06692 606.871
1.12455 627.237
0.947136 565.954
0.857343 535.107
1.00344 586.207
1.28332 683.784
0.936121 563.517
1.16552 643.558
1.27382 681.528
1.09577 620.019
1.09823 621.223
0.941581 567.15
0.844909 533.915
1.20986 661.045
1.15996 644.057
1.27149 683.148
1.56471 785.361
1.44474 744.03
1.14713 640.991
0.875922 547.12
1.26933 684.136
1.15384 644.361
0.871255 546.541
0.802013 522.834
0.743861 502.98
0.947024 573.905
1.06444 615.041
0.720993 496.077
0.718226 495.464
0.614103 459.64
0.73849 503.198
0.609744 458.82
0.873628 550.839
0.883235 554.524
0.952664 578.991
0.967693 584.559
0.838516 540.031
0.794578 525.115
0.978584 589.385
1.1162 637.539
1.14085 646.451
1.10323 633.729
1.1189 639.52
1.07457 624.466
0.775444 520.899
0.611303 464.225
0.953567 583.473
1.16933 658.775
1.08276 629.049
0.595057 459.971
0.949119 583.318
0.838712 545.31
1.35689 725.671
0.91047 570.933
1.37727 733.445
0.882834 562.027
0.940474 582.399
0.503453 430.927
0.837585 547.35
0.835464 546.961
0.619014 472.115
0.717565 506.698
0.517943 437.698
0.690826 498.104
0.691582 498.714
0.787773 532.478
0.733377 513.928
0.738392 516.018
0.725499 511.886
0.957631 592.875
0.742099 518.348
0.789042 535.003
0.618123 475.974
0.588767 466.123
0.429584 411.171
0.417197 407.215
0.431493 412.529
0.633781 483.15
0.7036 507.753
0.778674 534.18
0.637834 485.601
0.842252 556.962
0.72915 518.018
0.433009 415.487
0.765699 531.41
0.685371 503.852
0.797038 542.992
1.04509 629.511
0.922814 587.38
1.11969 656.121
1.14021 663.598
0.876806 572.44
0.864258 568.428
0.934647 593.228
0.774377 537.898
0.688411 508.382
0.500898 443.588
0.604453 479.91
0.521985 451.608
0.959482 603.94
1.15652 672.737
1.28161 716.54
0.88742 579.948
1.04086 633.599
0.785067 545.086
0.594494 479.229
0.424915 420.666
0.412919 416.846
0.622599 490.035
0.370885 402.938
0.425593 422.291
0.355972 398.452
0.676841 510.268
0.510259 452.746
0.526213 458.635
0.796602 552.914
0.947796 605.786
0.880268 582.675
0.811112 558.998
1.12022 666.728
1.14048 674.112
0.799704 556.076
0.611725 491.121
0.636159 499.957
0.384179 412.767
0.923699 600.542
0.979179 620.162
1.1073 665.019
0.923595 601.548
0.853664 577.601
0.866073 582.259
0.797621 558.827
0.797262 559.05
0.451562 439.302
0.619696 498.059
0.36219 408.95
0.465606 445.223
0.80178 562.356
0.655484 511.881
0.685872 522.785
0.879458 590.383
0.794898 561.355
0.959242 618.795
0.87704 590.585
0.815513 569.558
0.904604 600.856
0.558861 481.094
0.389461 422.592
0.241467 371.528
0.1492 339.822
0.480683 455.325
0.406104 429.764
0.443792 443.204
0.866945 590.552
0.561138 484.664
0.698187 532.622
0.897224 602.113
0.950808 621.076
0.618906 506.122
0.493705 462.975
0.437706 443.869
0.435032 443.287
0.418786 437.991
0.598877 500.901
0.727878 546.062
0.581626 495.603
0.663829 524.507
0.453794 451.889
0.484356 462.854
0.588484 499.375
0.780129 566.299
0.645967 520.039
0.639342 518.085
0.492531 467.431
0.560463 491.377
0.743072 555.162
0.665989 528.731
0.761447 562.24
0.7284 551.107
0.530384 482.665
0.939416 625.108
0.538445 486.16
0.750507 560.177
0.575959 499.887
0.912077 617
0.418443 445.862
0.171892 360.558
0.330007 415.834
0.509427 478.511
0.410724 444.57
0.426312 450.332
0.389351 437.84
0.171364 362.459
0.395931 440.82
0.544045 492.622
0.448221 459.68
0.331788 419.579
0.194513 372.238
0.292173 406.512
0.376437 436.133
0.316794 415.76
0.7362 561.807
0.506585 482.387
0.520882 487.702
0.637417 528.533
0.53367 492.839
0.639477 529.943
0.6041 518.001
0.594357 514.963
0.293236 410.703
0.456464 467.755
0.474401 474.333
0.737277 566.003
0.525986 492.949
0.69501 552.014
0.61724 525.345
0.811511 593.181
0.967574 647.744
1.08814 689.977
0.816866 596.083
0.848393 607.383
0.552784 505.037
0.670509 546.282
0.38911 448.873
0.436695 465.751
0.506349 490.296
0.510626 492.129
0.248632 401.461
0.43361 466.069
0.309779 423.398
0.440039 468.997
0.734827 571.752
0.403351 456.947
0.655169 544.774
0.902696 631.111
0.637079 539.185
0.440813 471.35
0.464213 479.826
0.412195 462.103
0.620247 534.727
0.417571 464.665
0.684004 557.571
0.322845 432.453
0.413755 464.382
0.744815 579.738
0.674832 555.774
1.02602 678.122
0.730861 575.933
0.624502 539.332
0.751168 583.682
0.498154 496.134
0.857494 621.314
0.579429 525.063
1.14486 721.838
1.20988 744.775
1.06952 696.36
0.93729 650.772
0.712897 573.166
0.631528 545.246
0.775158 595.49
0.478018 492.612
0.671314 560.11
0.614431 540.696
1.05951 695.662
0.728431 580.994
0.572924 527.319
0.51232 506.613
0.575324 528.848
0.302916 434.562
0.0891633 360.653
0.59187 535.638
0.52858 513.999
0.547098 520.779
0.499396 504.555
0.217238 406.882
0.696911 573.866
0.681328 568.8
0.339125 450.267
0.76326 597.957
0.403502 473.326
0.183368 397.2
0.817216 617.743
0.266677 426.836
0.781401 605.996
0.328543 449.023
0.597857 542.929
0.752776 597.094
0.832865 625.264
0.603865 546.058
0.591525 542.118
0.512132 514.885
0.528656 520.973
0.444214 491.986
0.470709 501.537
0.589599 543.187
0.878933 644.047
1.16848 744.981
1.15607 741.016
1.36317 813.312
1.06731 710.879
0.701375 584.101
0.64455 564.708
0.796491 617.839
0.670464 574.405
0.753624 603.642
0.891939 652.039
0.537842 529.375
0.516454 522.292
0.508077 519.73
0.639132 565.605
0.278852 440.793
0.387328 478.824
0.682787 581.812
0.64501 569.037
0.960252 678.897
0.913674 663.064
0.282265 444.063
0.464784 507.816
0.72396 598.2
0.948605 676.588
0.8456 641.152
0.883507 654.668
0.867558 649.475
0.713217 596.205
0.799099 626.387
0.856273 646.597
0.584287 552.458
0.372934 479.382
0.360037 475.249
0.47148 514.311
0.449054 506.868
0.60221 560.421
0.421255 497.906
0.714775 600.22
0.535427 538.263
0.572749 551.576
0.57296 551.997
1.06293 722.558
0.650148 579.506
0.645793 578.341
0.546443 544.174
0.334786 470.993
0.258072 444.69
0.686949 594.028
0.315112 465.201
1.08297 732.298
0.690296 596.233
0.944483 684.883
0.589313 561.846
0.906283 672.308
0.850357 653.227
0.599161 566.31
0.635158 579.162
0.704524 603.607
0.445146 513.848
0.716488 608.458
0.52914 543.722
0.566116 556.914
0.509842 537.713
0.365253 487.83
0.446486 516.398
0.385511 495.563
0.19647 430.238
0.572286 561.142
0.326236 476.013
0.396092 500.628
-0.186667 298.528
0.155974 417.907
0.362988 490.17
0.651804 590.851
0.547099 554.824
0.577527 565.742
0.490041 535.697
0.610521 577.899
0.646488 590.741
0.557916 560.319
0.734211 621.91
0.752651 628.664
1.0116 718.968
0.794224 643.801
0.599364 576.455
0.565644 565.088
0.574986 568.681
0.873002 672.557
0.23201 450.227
0.632872 589.832
0.619904 585.675
0.664308 601.448
0.679681 607.136
0.895462 682.444
0.694682 613.042
0.843368 665.042
0.657273 600.741
0.438688 525.153
0.275238 468.719
0.501675 547.729
0.262023 464.822
0.065147 396.776
0.280867 472.063
0.24402 459.611
0.0871437 405.46
0.271707 469.924
0.174613 436.541
0.383021 509.288
0.39386 513.401
1.12846 768.946
0.447134 532.603
0.531532 562.27
0.522795 559.582
0.627609 596.341
0.211709 452.207
0.273027 473.856
0.251298 466.655
0.61014 591.662
0.4606 540.06
0.52179 561.665
0.454424 538.61
0.983066 722.604
0.954149 712.906
0.862764 681.507
0.542881 570.729
0.336093 499.239
0.150307 435.045
0.119947 424.846
0.742155 641.345
0.790155 658.367
0.714726 632.511
0.533283 569.826
0.336341 501.757
0.183703 449.079
0.45844 544.868
0.576804 586.335
0.677284 621.588
0.544793 575.909
0.552446 578.915
0.328455 501.449
0.100593 422.638
0.387736 522.738
0.547878 578.718
0.662181 618.773
0.713529 636.959
0.652108 615.969
0.825966 676.714
0.343877 509.586
0.371603 519.565
0.44229 544.469
0.454748 549.144
0.850081 686.828
0.52576 574.508
0.829804 680.479
0.557194 586.123
0.476701 558.507
0.371187 522.2
0.316092 503.407
0.538108 580.882
0.899995 706.947
1.03236 753.278
0.507954 571.449
0.526456 578.224
0.591413 601.137
0.366198 523.246
0.265109 488.475
0.000609716 396.937
0.315108 506.539
0.66274 627.652
0.422684 544.606
0.470283 561.489
0.320178 509.69
0.226976 477.66
0.151112 451.652
0.450153 555.885
0.372942 529.41
0.47885 566.549
0.833427 690.075
0.669657 633.529
0.803282 680.297
0.569454 599.414
0.513868 580.451
0.637775 623.843
0.289824 503.314
0.444639 557.444
0.244792 488.365
0.412676 547.035
0.385447 537.923
0.745846 663.471
0.656305 632.712
0.800844 683.272
0.92057 725.211
1.23748 835.65
1.11798 794.485
0.546636 596.351
0.11586 447.049
0.608203 618.434
0.500454 581.349
0.449921 564.142
0.321935 520.028
0.371753 537.682
0.451295 565.662
0.497979 582.227
0.427403 558.056
0.503712 584.913
0.4506 566.81
0.817441 694.596
0.497149 583.675
0.433428 561.886
0.549498 602.556
0.421555 558.457
0.567254 609.419
0.390532 548.374
0.501922 587.418
0.223852 491.165
0.207333 485.774
0.124401 457.311
0.667711 646.402
0.590746 620.012
1.05401 781.295
0.792887 690.929
0.812672 698.15
0.569948 614.176
0.570413 614.685
0.812771 699.226
0.627624 635.255
0.751977 678.802
0.739753 674.903
0.377869 549.533
0.555646 611.64
0.240095 502.366
0.56453 615.421
0.664622 650.54
0.787756 693.663
0.864696 720.739
0.850165 716.038
0.777359 691.093
0.595369 628.218
0.721918 672.528
0.500111 595.821
0.377583 553.603
0.179571 485.162
0.0551285 442.278
0.062217 445.088
0.19826 492.696
0.413949 567.973
0.400818 563.759
-0.051538 406.96
0.616126 639.251
0.279924 522.803
0.532771 610.988
0.375784 556.799
0.496301 599.014
0.402398 566.74
0.652598 654.005
0.656756 655.797
0.540335 615.7
0.606162 638.916
0.830821 717.309
0.90086 741.987
0.441819 582.866
0.689642 669.306
0.112778 469.254
0.471824 594.332
0.350769 552.625
0.548194 621.557
0.537789 618.29
0.560713 626.601
0.291203 533.322
0.459771 592.229
0.533395 618.153
0.809277 714.341
0.681467 670.287
0.272521 528.569
0.19352 501.472
0.236719 516.826
0.347134 555.531
0.123466 478.177
0.295233 538.196
0.294147 538.166
0.0560447 455.798
0.507085 612.834
0.25505 525.626
0.751319 698.375
0.532785 622.805
0.765797 704.099
0.523501 620.274
0.491268 609.424
0.22932 518.772
0.602735 648.842
0.461902 600.265
0.34074 558.521
0.416854 585.31
0.459389 600.434
0.48519 609.744
0.521711 622.779
0.713841 689.871
0.883988 749.327
0.91617 760.854
0.838598 734.254
0.719353 693.176
0.458272 602.825
0.689313 683.435
0.528895 628.054
0.385278 578.509
1.07078 816.995
0.909289 761.243
0.624552 662.674
0.785792 719.036
0.640591 668.941
0.792859 722.185
0.324135 559.7
0.617518 661.967
0.796988 724.662
0.481379 615.368
0.813656 731.147
0.445379 603.557
0.547336 639.323
0.385997 583.622
0.229532 529.615
0.889562 759.253
0.51671 630.074
0.868376 752.588
0.565433 647.695
0.779808 722.515
0.465913 613.817
0.449751 608.55
0.549947 643.705
0.733376 707.774
0.619079 668.415
0.388555 588.68
0.489841 624.214
0.182742 517.876
0.95956 788.086
1.06975 826.715
0.831686 744.359
0.539293 643.13
0.348998 577.37
0.488557 626.199
0.759567 720.694
0.60684 667.985
0.199226 526.729
0.441995 611.413
0.386773 592.577
0.280646 556.056
0.301375 563.605
0.493092 630.554
-0.0743317 433.781
0.199937 529.408
0.0110343 464.132
0.472455 624.774
0.500807 634.971
0.408087 603.108
0.549699 652.65
0.491242 632.69
0.849451 757.478
0.652801 689.51
0.899822 775.671
0.547287 653.55
1.01623 816.806
0.539105 651.402
0.344644 584.195
0.111016 503.381
0.116564 505.656
0.469063 628.459
0.0229365 473.825
0.184412 530.268
0.417394 611.552
0.275918 562.751
0.637474 688.702
0.334366 583.751
0.528347 651.486
0.2487 554.686
0.177018 530.131
0.290935 570.053
0.155543 523.365
0.763293 734.842
0.546798 659.98
0.242382 554.575
0.445007 625.313
0.197073 539.53
0.103137 507.244
-0.0484933 454.916
-0.210512 398.979
-0.127017 428.332
0.177896 534.605
0.466583 635.241
-0.0212774 466.108
0.213578 548.043
0.157089 528.766
0.374088 604.498
0.389764 610.291
0.714102 723.312
0.767392 742.172
0.179047 538.131
0.282988 574.587
0.513119 654.881
0.40293 616.949
0.488675 647.084
0.505873 653.406
0.650614 704.035
0.244698 563.37
0.0521251 496.818
0.573928 678.437
0.270746 573.461
0.114213 519.43
0.693793 721.12
0.209276 553.149
0.254353 569.156
0.480102 647.927
0.693989 722.578
0.947525 811.002
0.62261 698.476
0.560135 677.12
0.28674 582.491
0.622249 699.393
0.272106 578.102
0.509168 660.804
0.292973 586.046
0.490097 654.873
0.344321 604.579
0.589119 689.968
0.465865 647.497
0.575691 685.998
0.333046 602.051
0.495132 658.707
0.638819 708.97
0.528371 670.949
0.601529 696.711
0.99782 834.727
0.684361 726.181
0.551733 680.454
0.533597 674.501
0.456899 648.204
0.189936 555.81
0.455424 648.386
0.230782 570.694
0.665244 721.972
0.413455 634.849
0.716609 740.51
0.292357 593.475
0.547357 682.408
0.451803 649.56
0.613685 706.145
0.123468 536.193
0.281349 591.388
0.0818018 522.413
0.763689 759.645
0.616783 708.958
0.603202 704.587
0.846492 789.452
0.451187 652.473
0.410812 638.794
0.249457 583.088
0.610485 708.854
0.260132 587.491
-0.0285768 487.542
0.149228 549.658
0.117245 538.895
0.225096 576.709
0.522922 680.52
0.339743 617.232
0.257632 589.054
0.560244 694.527
0.255122 588.877
0.609994 712.505
0.528542 684.556
0.600528 709.911
0.450784 658.239
0.607777 713.125
0.407814 644.006
0.616081 716.704
0.293532 604.999
0.367099 630.904
0.191454 570.233
0.0419117 518.63
0.104515 540.726
0.109153 542.684
0.454672 663.063
0.357678 629.715
0.656051 733.716
-0.087947 475.602
0.0914852 538.283
-0.095724 473.595
-0.122799 464.537
-0.307901 400.581
-0.113709 468.39
-0.290462 407.334
-0.123651 465.631
0.182216 572.235
0.141531 558.448
0.180665 572.391
0.161383 566.039
0.240262 593.789
0.102305 546.211
-0.0611136 489.787
-0.0304053 500.803
-0.155554 457.674
0.0151449 517.322
0.201897 582.546
0.0297047 523.074
0.162864 569.681
-0.0534736 494.873
0.125162 557.278
0.335119 630.563
0.178754 576.59
0.893681 825.3
0.404476 655.7
0.467562 677.963
0.749909 776.396
0.44777 671.782
0.507649 692.931
0.394204 653.868
0.743238 775.468
0.422444 664.374
0.616468 732.124
0.210401 591.406
-0.103453 482.722
-0.399143 380.348
-0.331004 404.366
0.154723 573.453
0.258317 609.788
0.432187 670.537
0.372366 650.103
0.130466 566.416
0.298059 624.984
0.331379 636.907
0.238536 605.001
0.627472 740.463
0.0643636 545.189
-0.0446772 507.656
-0.433748 372.843
-0.638852 301.938
-0.350612 402.418
-0.362784 398.537
-0.100901 489.861
-0.0579032 505.146
0.123094 568.371
0.267022 618.718
0.115462 566.414
0.292629 628.309
0.127456 571.276
0.182159 590.627
0.378941 659.335
0.245504 613.327
0.273038 623.24
0.215449 603.581
0.244577 614.048
0.0777453 556.438
0.228095 609.016
0.248847 616.573
0.279193 627.462
0.728894 784.034
0.528611 714.804
0.397377 669.561
0.505592 707.502
0.337029 649.291
-0.183198 468.914
0.180349 595.556
0.340002 651.366
-0.155404 479.612
0.298231 637.55
-0.027156 524.86
0.390819 670.409
0.411161 677.824
0.574186 734.805
0.84733 830.041
0.508193 712.574
0.600315 744.924
0.440631 689.798
0.451273 693.843
0.350483 659.176
0.130534 583.114
0.627911 756.248
0.158397 593.489
0.291617 640.116
-0.0962368 505.725
0.108935 577.348
-0.157799 485.033
-0.195219 472.381
-0.11685 499.954
0.0692164 564.939
0.302436 646.306
-0.0825233 512.921
0.215365 616.753
0.27435 637.591
0.328857 656.874
0.451435 699.805
0.368463 671.328
0.844809 837.156
0.84827 838.705
0.755371 806.78
0.523882 726.709
0.493134 716.375
0.590441 750.526
1.00246 894.008
1.00681 895.867
0.434951 697.552
0.851044 842.448
0.929797 870.154
0.523485 729.351
0.36742 675.482
0.316941 658.293
0.329227 662.909
0.323291 661.194
0.297736 652.663
0.31832 660.162
0.498514 723.108
0.453865 707.944
0.665446 781.794
0.415263 695.229
0.382022 684.028
0.528467 735.25
0.539272 739.351
1.0017 900.344
0.714798 801.023
0.361247 678.548
0.324309 666.064
0.718784 803.449
0.756396 816.863
0.63556 775.233
0.696467 796.739
0.37828 686.55
0.57137 753.976
0.59822 763.651
0.559088 750.404
0.611909 769.101
0.586208 760.52
0.548326 747.707
0.190318 623.684
0.400633 697.094
0.325678 671.403
0.412532 701.923
0.202751 629.393
0.367557 686.993
0.163859 616.577
0.416821 704.802
0.211455 633.807
0.164426 617.816
0.50836 737.645
0.417991 706.598
0.224277 639.65
-0.0475995 545.549
0.303606 667.904
0.159732 618.27
0.193453 630.332
-0.00346393 562.271
-0.0257506 554.876
0.501673 738.448
0.558408 758.505
0.379983 696.868
0.451402 722.027
0.314237 674.723
0.968874 902.488
0.748783 826.377
0.780789 837.843
0.701179 810.535
0.515306 746.311
0.638256 789.37
0.503792 743.006
0.359369 693.181
0.212115 642.373
0.204287 640.001
0.0936137 601.901
-0.129038 524.901
0.0279906 579.799
-0.503083 395.654
-0.392876 434.287
-0.855949 273.765
-0.662611 341.277
-0.522148 390.42
-0.314592 462.872
-0.0274514 562.97
0.00304163 573.911
0.254752 661.701
-0.15479 519.776
-0.307935 466.921
-0.300726 469.773
-0.139355 526.18
0.0751022 601.029
0.156537 629.666
0.218724 651.617
0.213872 650.279
0.0886964 607.141
0.191003 643.029
-0.237708 494.444
-0.500715 403.425
-0.482523 410.092
-0.338736 460.39
-0.571501 379.876
-0.255158 490.119
0.0638606 601.292
-0.269562 485.81
-0.0609966 558.612
0.514056 758.73
0.373585 710.279
0.190751 647.11
-0.0843246 551.898
-0.512745 403.414
-0.348064 460.971
-0.356029 458.551
-0.326697 469.088
-0.134329 536.263
-0.0668238 560.062
0.0417872 598.14
0.0451415 599.653
0.186537 649.121
0.435282 735.881
0.237007 667.348
0.325155 698.318
0.0987292 620.006
-0.00764536 583.399
0.119702 627.987
0.118386 627.877
-0.143064 537.398
-0.176095 526.27
-0.0375046 574.763
-0.143861 538.163
-0.187561 523.329
-0.0973877 555.003
-0.233947 507.91
0.0943454 622.304
0.0805879 617.873
0.35922 715.015
0.494775 762.454
0.475101 755.967
0.419416 736.969
0.384048 725.03
0.386662 726.286
0.353833 715.228
0.422814 739.539
0.331734 708.246
0.424596 740.853
0.3168 703.753
0.250947 681.223
0.0792517 621.924
-0.174614 534.08
0.267272 687.937
0.307635 702.306
0.301781 700.62
0.313687 705.103
0.207738 668.644
-0.281715 498.958
-0.208763 524.649
0.166143 655.237
0.360572 723.128
0.258269 687.936
-0.0133993 593.907
0.0721493 623.973
-0.138577 551.115
0.165525 657.106
0.319739 711.027
0.413748 744.033
0.271193 694.857
0.126231 644.846
0.0476745 617.903
-0.187521 536.544
0.391628 738.085
0.0682169 626.081
0.588894 807.309
0.472789 767.322
0.118019 644.424
0.460928 763.897
0.350493 725.879
0.488977 774.335
0.714515 853.033
0.428476 754.012
0.440273 758.458
0.405756 746.814
0.330496 721.017
0.701331 850.19
0.507127 783.073
0.57196 805.942
0.805133 887.293
0.635802 828.816
0.944444 936.384
0.886753 916.689
0.213502 683.153
0.154165 662.887
0.0486467 626.578
0.138206 658.038
0.339626 728.357
0.606976 821.581
0.539665 798.545
0.3122 719.872
0.29393 713.872
0.290806 713.135
0.533164 797.676
0.439801 765.59
0.403779 753.423
0.549178 804.281
0.694894 855.25
0.563262 809.869
0.672595 848.198
0.117925 655.856
0.134741 662.045
0.214364 690.053
0.500429 789.778
0.303283 721.638
0.266519 709.213
0.276029 712.865
0.358001 741.689
0.379458 749.49
0.491435 788.738
0.586739 822.193
0.340853 737.121
0.210219 692.087
0.0557911 638.787
0.374117 749.719
0.310426 727.941
0.0314932 631.388
-0.041901 606.239
0.379909 753.121
0.371575 750.573
0.348647 742.955
0.514737 801.001
0.82871 910.422
0.516136 802.182
0.130792 668.663
0.225565 701.934
-0.120602 582.025
0.193398 691.454
0.0311183 635.427
0.527106 808.078
0.213649 699.532
0.318661 736.359
-0.0847266 596.572
-0.134219 579.726
0.270728 720.75
0.366797 754.471
0.471218 791.094
0.396886 765.619
0.634422 848.485
0.249656 715.167
0.0669241 652.034
0.0794592 656.736
0.388338 764.386
0.448863 785.76
0.536372 816.507
0.681082 867.126
0.680882 867.404
0.388643 766.229
0.185349 695.953
0.486643 800.969
0.451448 789.09
0.419647 778.39
0.446726 788.144
0.311859 741.639
0.194701 701.287
0.558908 828.158
0.253888 722.543
0.527343 817.887
0.214186 709.445
0.206343 707.068
0.10146 670.98
0.445765 790.937
-0.142239 587.015
0.143587 686.657
-0.08601 607.243
0.323625 749.896
0.554664 830.505
0.554244 830.706
0.436749 790.236
0.489588 808.94
0.322899 751.38
0.153604 692.916
-0.139564 591.418
0.393228 776.855
0.426192 788.653
0.442159 794.548
0.191415 707.788
0.335005 758.018
0.262653 733.23
0.157768 697.141
-0.0690695 618.686
0.0886031 673.808
0.147939 694.769
-0.151016 591.261
-0.38267 511.133
-0.121426 602.235
-0.193712 577.47
0.0785854 672.413
-0.0293127 635.277
0.0340752 657.645
-0.0700484 621.82
0.058411 666.794
0.306726 753.405
0.247171 733.063
0.405284 788.338
0.467748 810.385
0.313725 757.226
0.305372 754.671
-0.0815009 620.621
0.0669224 672.53
-0.326279 536.281
-0.33248 534.474
-0.494136 478.663
-0.638617 428.818
-1.02309 295.601
-1.2452 218.789
-1.05383 285.618
-0.927677 329.79
-0.833483 362.86
-0.858237 354.608
-0.610303 441.086
-0.536022 467.239
-0.633971 433.559
-0.438419 501.84
-0.990604 310.361
-1.24857 221.094
-1.10929 269.825
-0.914683 337.778
-0.697335 413.631
-0.532405 471.274
-0.725284 404.616
-1.13559 262.427
-1.29125 208.697
-1.12855 265.565
-1.09778 276.603
-0.807005 377.964
-0.872418 355.587
-0.735745 403.414
-0.939014 333.147
-0.797023 382.821
-0.794664 383.988
-1.12495 269.595
-0.965889 325.2
-1.23893 230.695
-0.814958 378.328
-0.743454 403.515
-0.628078 443.944
-0.710776 415.562
-1.02629 306.301
-0.446383 508.106
-0.853093 367.164
-0.837509 372.925
-0.831702 375.29
-0.503246 489.741
-0.321054 553.381
-0.329498 550.796
-0.44895 509.646
-1.18429 254.541
-1.18141 255.889
-0.575006 466.897
-0.546871 477.018
-0.803194 388.32
-1.46416 159.052
-0.693709 427.05
-0.580499 466.726
-1.25189 233.836
-1.36565 194.662
-0.795042 393.236
-0.54 482.184
-0.9328 346.075
-0.983389 328.848
-0.402606 530.956
-0.260874 580.541
-0.604474 461.523
-0.814719 388.833
-1.12404 281.723
-0.720341 422.314
-0.344794 553.124
-0.360101 548.154
-0.495346 501.518
-0.674807 439.522
-0.836073 383.846
-0.582596 472.25
-0.801339 396.607
-0.75313 413.702
-0.649509 450.047
-0.922173 355.673
-0.69375 435.373
-0.407726 535.083
-0.467603 514.63
-1.0398 316.199
-1.00823 327.515
-0.521881 496.816
-0.219207 602.311
-0.613673 465.623
-1.21724 256.294
-1.26126 241.349
-0.905359 365.335
-1.15296 279.668
-1.13944 284.712
-0.626634 463.205
-1.03947 320.133
-0.887822 373.164
-0.48187 514.537
-0.273079 587.417
-0.435513 531.336
-0.387622 548.321
-0.427994 534.643
-0.783893 411.353
-1.02384 328.343
-0.975899 345.346
-0.932017 360.938
-0.78425 412.618
-1.12517 294.531
-0.841939 393.272
-1.01315 334.143
-0.53513 500.551
-0.500273 513.008
-0.898625 374.97
-0.751935 426.276
-0.724837 436.037
-0.750566 427.447
-0.744633 429.855
-1.09685 307.845
-0.870375 386.868
-1.2445 257.247
-1.02636 333.374
-0.519203 509.905
-0.543765 501.72
-0.966188 355.32
-0.874644 387.469
-1.12347 301.375
-1.35242 222.188
-1.07927 317.425
-0.711833 445.418
-0.690029 453.341
-1.01562 340.58
-0.674958 459.271
-0.654657 466.67
-0.887959 385.97
-1.04957 330.175
-1.26455 255.839
-0.991268 351.123
-0.666886 464.159
-0.606973 485.32
-0.648094 471.382
-0.802906 417.949
-0.523781 515.263
-0.409477 555.319
-0.292713 596.229
-0.203074 627.717
-0.500676 524.679
-0.887412 390.676
-0.701331 455.667
-0.574486 500.08
-0.795384 423.689
-0.889536 391.328
-0.650346 474.769
-1.14736 302.457
-1.26405 262.267
-0.905401 387.206
-0.948736 372.499
-0.83602 412.004
-0.630847 483.627
-0.811085 421.361
-1.34541 236.085
-1.02432 347.98
-0.887976 395.691
-0.563317 508.824
-0.796623 428.122
-0.703303 460.888
-0.643664 481.954
-0.858996 407.496
-1.10491 322.415
-1.24662 273.532
-0.80289 428.029
-0.788212 433.475
-0.577497 507.024
-0.657658 479.524
-0.524887 525.995
-0.600455 500.091
-0.773868 440.195
-0.624505 492.431
-0.613912 496.458
-0.325311 597.064
-0.152925 657.297
-0.812837 428.395
-0.57186 512.456
-1.05706 344.249
-1.45558 206.15
-0.90296 398.476
-0.393181 575.918
-0.722856 461.738
-0.5344 527.554
-0.623759 496.859
-1.26174 275.575
-1.06534 344.15
-1.57881 166.12
-1.54767 177.285
-1.74765 108.162
-2.07103 -3.83139
-1.4956 196.417
-2.12057 -20.3455
-2.29425 -80.3361
-2.2152 -52.5272
-1.81423 87.1145
-1.61464 156.801
-2.22401 -54.5442
-2.10893 -14.2181
-1.90099 58.3671
-2.38648 -109.943
-2.14263 -24.8847
-1.86899 70.524
-2.25539 -63.36
-1.94019 46.4865
-2.18452 -38.046
-2.06907 2.40726
-2.18515 -37.5691
-1.98311 32.9657
-2.3282 -86.5709
-2.18794 -37.4995
-1.86609 74.6592
-1.56827 178.466
-2.00976 25.4428
-1.72325 125.324
-2.41628 -115.084
-2.27409 -65.3423
-2.03756 17.1744
-2.0432 15.5644
-2.16755 -27.2882
-1.95376 47.3294
-1.33565 262.406
-1.65385 152.211
-1.80512 100.007
-1.55023 188.904
-2.06311 11.0769
-1.76248 115.862
-2.05752 13.7151
-1.63097 162.243
-1.63085 162.632
-1.95005 52.0911
-2.09118 3.40982
-2.1618 -20.7729
-1.52784 199.807
-1.91399 66.0089
-1.93779 58.0868
-1.70691 138.641
-1.72462 132.837
-1.40343 244.763
-1.38353 252.025
-1.3426 266.592
-1.80479 106.376
-1.73993 129.254
-1.85051 91.1863
-2.2574 -49.8182
-2.31179 -68.3635
-1.91378 70.2499
-1.66091 158.443
-1.48903 218.502
-1.7682 121.866
-2.29992 -62.5049
-2.56008 -152.535
-2.4018 -97.2022
-1.9411 63.1912
-1.82876 102.564
-1.92806 68.4159
-1.70242 147.15
-2.26137 -46.6784
-2.50298 -130.264
-2.13165 -0.922156
-2.21758 -30.4241
-2.26992 -48.2588
-2.92172 -274.344
-2.91125 -270.359
-2.35679 -77.3973
-2.3682 -81.0115
-2.00025 47.1594
-2.61214 -165.061
-2.56719 -149.099
-3.26248 -390.293
-2.15071 -3.72094
-1.92982 73.3636
-1.69201 156.323
-2.1124 10.6317
-2.38471 -83.6222
-2.54101 -137.572
-2.21346 -23.4343
-1.95764 65.7828
-1.43106 249.06
-1.41516 254.931
-1.9183 80.4899
-2.38802 -82.3382
-2.38484 -80.8885
-2.58736 -150.894
-2.04255 38.7168
-1.94511 72.9153
-1.87387 98.0104
-1.93166 78.2803
-1.97594 63.2474
-2.12199 12.8587
-2.22994 -24.2983
-2.18463 -8.21055
-1.89992 91.0444
-1.87487 100.096
-2.27686 -39.206
-2.67354 -176.665
-2.47689 -108.003
-2.17207 -1.76071
-2.08758 27.9365
-1.61643 191.961
-1.50842 229.831
-1.85995 108.057
-2.47399 -104.911
-2.61169 -152.399
-2.57732 -140.11
-2.48153 -106.487
-2.06277 39.3348
-1.56604 212.243
-1.45088 252.598
-1.43467 258.576
-1.60301 200.445
-1.7511 149.347
-2.41526 -81.035
-2.292 -37.8675
-1.93941 84.9681
-1.75611 148.994
-1.94215 84.7106
-2.50821 -111.586
-2.67247 -168.302
-2.41149 -77.2917
-2.26385 -25.6547
-2.53039 -117.902
-2.29001 -34.0471
-2.51057 -110.321
-2.18579 2.85051
-2.15391 14.2749
-2.41489 -76.0425
-2.72812 -184.508
-2.36659 -58.569
-2.4683 -93.5527
-2.62147 -146.416
-3.0728 -302.86
-2.54087 -117.723
-2.50349 -104.389
-2.58171 -131.215
-2.53281 -113.88
-2.39476 -65.5748
-2.5008 -102.063
-2.39637 -65.4394
-2.28151 -25.1892
-2.46129 -87.2973
-2.67009 -159.487
-2.80766 -206.929
-2.69443 -167.248
-2.59894 -133.727
-2.34187 -44.073
-2.74136 -182.508
-2.73005 -178.23
-2.84128 -216.526
-2.29401 -26.0579
-2.22349 -1.21089
-2.12829 32.2076
-1.73307 169.852
-2.0167 71.6667
-2.5091 -99.0435
-2.27119 -16.0456
-2.29864 -25.2341
-2.60053 -129.761
-2.46254 -81.4768
-2.55004 -111.527
-2.70973 -166.656
-2.42266 -66.5814
-2.66845 -151.621
-2.97831 -258.916
-2.86239 -218.3
-2.39334 -55.0052
-2.79301 -193.502
-2.90355 -231.557
-2.49775 -90.2362
-2.12215 40.594
-2.02668 74.1075
-2.62255 -132.547
-2.89331 -226.262
-2.94634 -244.338
-2.85744 -213.106
-3.02164 -269.8
-2.85281 -210.804
-2.6529 -141.008
-2.56114 -108.784
-2.24624 0.960507
-1.89778 122.358
-2.23076 7.0313
-2.32857 -26.6001
-2.35659 -35.9874
-2.12882 43.4881
-2.13204 42.7142
-2.40164 -50.5963
-2.81255 -192.995
-2.52383 -92.3464
-2.92123 -230.055
-2.99023 -253.679
-2.6611 -138.992
-2.76863 -175.999
-2.76863 -175.653
-2.766 -174.391
-2.67995 -144.151
-2.86277 -207.316
-2.29284 -8.9782
-2.36 -31.9614
-1.96106 106.977
-2.06923 69.7467
-2.25605 5.19516
-2.541 -93.4493
-2.15145 42.225
-2.15529 41.2378
-2.37627 -35.1804
-2.23794 13.2203
-2.37712 -34.7803
-2.08712 66.3092
-2.99338 -248.17
-2.78129 -174.145
-1.9795 104.739
-1.75544 182.925
-1.71672 196.721
-2.20674 26.8408
-2.57824 -101.869
-2.66445 -131.472
-2.7651 -166.09
-2.36418 -26.4633
-2.34661 -20.0117
-1.87888 142.821
-2.05 83.7208
-2.36789 -26.3652
-2.74224 -156.064
-2.49721 -70.5944
-2.45385 -55.1837
-2.68735 -135.953
-2.63528 -117.516
-2.42078 -42.6515
-2.4148 -40.2292
-2.50203 -70.1843
-2.22437 26.6215
-2.22833 25.5928
-2.21925 29.093
-2.5132 -72.6767
-2.53892 -81.2611
-2.40058 -32.8573
-2.21418 32.2441
-2.18882 41.4027
-2.02593 98.3382
-2.73781 -148.619
-3.14378 -289.304
-2.34722 -12.2359
-1.69391 215.07
-1.87304 153.188
-2.23982 26.1179
-2.45497 -48.2762
-2.31155 1.89351
-2.52729 -72.705
-2.34691 -9.69602
-2.46975 -52.0209
-2.56067 -83.2609
-2.74005 -145.229
-2.83201 -176.826
-2.63148 -106.818
-2.38864 -22.1099
-2.34831 -7.75044
-2.44001 -39.2601
-2.36479 -12.7821
-2.45298 -43.0708
-2.62524 -102.565
-2.64151 -107.87
-2.40462 -25.2274
-2.45014 -40.6945
-2.99184 -228.532
-2.58249 -85.9767
-2.16724 58.6248
-2.33938 -0.826886
-3.03323 -241.52
-2.8371 -173.038
-2.08778 87.6188
-2.28298 20.1551
-2.48126 -48.3791
-2.53822 -67.8179
-2.68154 -117.26
-2.68833 -119.271
-2.70433 -124.483
-2.5215 -60.6202
-2.2223 43.6665
-2.52116 -59.8081
-2.39046 -14.0564
-2.54388 -67.004
-2.16365 65.4306
-2.34935 1.26686
-2.62204 -93.1172
-2.5791 -77.8502
-2.09067 92.1741
-1.88122 165.284
-1.7999 193.881
-2.79005 -149.746
-2.95155 -205.502
-2.57029 -72.7064
-2.62534 -91.4818
-2.39306 -10.4421
-2.33621 9.65582
-2.42343 -20.2976
-2.48287 -40.6009
-2.78714 -145.954
-2.63685 -93.3961
-2.17997 65.6672
-2.24887 42.0796
-2.41389 -14.8993
-2.62117 -86.562
-2.93469 -195.128
-2.37888 -1.69571
-2.4922 -40.7142
-2.35614 6.90065
-1.85719 180.579
-2.47701 -34.3952
-2.93423 -192.884
-2.60888 -79.5119
-2.38222 -0.424048
-2.68396 -104.901
-2.74194 -124.694
-2.55086 -57.968
-2.97649 -205.482
-2.88289 -172.615
-2.76921 -132.778
-2.08937 103.743
-1.98951 138.782
-2.42688 -12.8119
-2.09208 103.843
-2.30755 29.3366
-3.04118 -225.173
-3.03224 -221.72
-2.57917 -63.9814
-2.29594 34.7598
-2.52139 -43.2113
-2.51421 -40.3711
-2.73018 -115.05
-2.75058 -121.791
-2.85937 -159.234
-2.17211 79.8629
-2.20865 67.5163
-2.60177 -68.7038
-2.4579 -18.3787
-2.43029 -8.43731
-2.98035 -199.179
-2.64777 -83.2939
-2.28348 43.606
-2.22715 63.5213
-2.85841 -155.428
-3.0114 -208.229
-2.40398 3.13177
-2.28308 45.4815
-2.48679 -24.9394
-2.32245 32.4986
-2.0709 120.232
-2.48229 -22.3326
-3.05975 -222.593
-2.57806 -54.9096
-2.49279 -24.9398
-2.26 56.2794
-2.22879 67.4688
-2.35789 22.9663
-2.44321 -6.3244
-2.26494 55.9504
-2.86272 -151.368
-3.08772 -229.183
-2.57929 -52.2092
-2.59134 -56.0471
-2.93739 -175.918
-3.13751 -245.09
-3.13997 -245.598
-3.01348 -201.307
-2.89386 -159.405
-2.63346 -68.596
-2.71521 -96.649
-2.53581 -33.9778
-2.6035 -57.1458
-2.89781 -159.041
-2.52188 -28.0968
-2.27059 59.5468
-2.33098 38.9168
-2.26378 62.6067
-2.05705 134.771
-2.01841 148.544
-2.78363 -116.943
-3.36212 -317.559
-3.19732 -259.962
-2.60916 -55.293
-2.74304 -101.453
-3.04595 -206.335
-2.55674 -36.0375
-1.91071 188.737
-2.4575 -0.86843
-2.58891 -46.1716
-2.684 -78.8584
-2.26093 68.4595
-2.13996 110.833
-2.5061 -16.0159
-2.31494 50.7394
-2.37516 30.169
-2.34956 39.4069
-2.78146 -110.283
-2.73035 -92.1826
-2.61742 -52.6042
-2.39314 25.6596
-2.5009 -11.4283
-2.95594 -169.161
-3.08574 -213.906
-2.93443 -160.993
-2.66107 -65.6831
-2.21133 90.902
-2.53696 -21.8734
-2.64479 -58.9829
-3.02924 -192.194
-2.46368 4.62837
-2.32551 52.976
-2.20225 96.1421
-2.52357 -15.136
-2.66564 -64.1435
-2.60293 -42.0094
-2.71275 -79.8131
-2.63708 -53.1781
-2.63641 -52.5986
-2.56934 -28.9512
-2.39524 31.8787
-2.90096 -143.461
-2.76479 -95.8097
-2.39664 32.4325
-1.86384 217.874
-2.06626 147.901
-2.44934 15.1683
-2.75698 -91.3582
-3.06015 -196.329
-2.90204 -141.057
-2.55267 -19.3394
-2.744 -85.4576
-2.91004 -142.795
-3.02904 -183.786
-2.59468 -32.5456
-1.99174 177.26
-2.19516 106.94
-2.6304 -43.9103
-2.90183 -137.858
-2.59917 -32.3654
-2.29042 75.2389
-2.41349 32.8329
-2.6521 -49.7114
-2.81133 -104.679
-2.88623 -130.352
-2.86197 -121.579
-2.71051 -68.6141
-2.77718 -91.4258
-2.60293 -30.5471
-2.74612 -79.941
-2.79531 -96.6838
-2.31134 71.7919
-2.57412 -19.1472
-3.07385 -192.405
-2.95223 -149.808
-3.19788 -234.798
-2.84128 -110.568
-2.47294 17.7394
-3.19792 -233.77
-3.34263 -283.692
-2.81903 -101.45
-2.20827 111.073
-3.16304 -220.262
-3.46555 -325.007
-3.0989 -197.285
-2.79464 -91.2402
-2.81222 -96.9987
-2.49968 11.924
-2.43695 34.0637
-2.5254 3.68197
-3.40202 -300.503
-3.11724 -201.224
-3.25822 -249.855
-3.09263 -191.981
-2.37544 57.5147
-2.76127 -76.175
-3.45694 -317.5
-2.98253 -152.343
-3.20012 -227.587
-2.89524 -121.325
-2.66245 -40.1066
-2.78552 -82.5145
-2.43271 40.3997
-2.85296 -105.247
-2.65241 -35.228
-2.25012 104.871
-2.48588 23.3174
-2.92442 -128.682
-2.83112 -95.9224
-2.56317 -2.49003
-2.97195 -144.15
-3.24839 -239.839
-3.12374 -196.188
-2.31325 85.7194
-2.50041 21.0494
-3.1623 -208.543
-2.86292 -104.19
-2.32926 81.5469
-2.31212 87.8496
-2.40767 55.0033
-2.51964 16.4518
-2.71938 -52.5904
-2.87287 -105.562
-2.49456 26.2088
-2.2059 126.832
-2.46406 37.4974
-2.90665 -115.909
-2.80774 -81.1989
-2.88813 -108.778
-2.70934 -46.3212
-2.52707 17.3469
-2.56465 4.63881
-2.55277 9.1137
-2.64495 -22.5618
-2.95099 -128.533
-3.11312 -184.507
-3.06538 -167.575
-3.43587 -295.935
-3.12993 -189.306
-2.41682 58.7728
-2.47437 39.1283
-3.29426 -245.35
-3.14387 -192.759
-3.03868 -155.869
-2.46284 44.5221
-2.56352 9.8934
-2.61716 -8.39441
-2.49098 35.7901
-2.29071 105.708
-2.55657 13.6983
-2.86334 -92.5257
-2.95134 -122.749
-3.10614 -176.178
-3.2287 -218.408
-2.72794 -44.0973
-2.24972 122.382
-2.33963 91.4947
-2.29072 108.831
-2.2544 121.797
-2.33636 93.6704
-3.13865 -184.691
-3.10933 -174.159
-2.74271 -46.4505
-2.56966 14.0136
-2.49194 41.3607
-2.37139 83.5868
-2.49059 42.5255
-2.89605 -97.981
-2.95633 -118.577
-2.70587 -31.2209
-2.60375 4.60177
-2.67009 -18.0957
-2.90488 -99.3138
-2.52221 33.97
-2.33603 98.9983
-2.34241 97.1271
-2.49824 43.3404
-2.17612 155.592
-2.41571 72.7075
-2.52246 35.9707
-2.52174 36.5668
-2.70574 -27.0065
-2.22901 138.954
-2.56064 24.097
-2.54751 29.0049
-2.69505 -21.9039
-2.46751 57.4901
-2.61289 7.33264
-2.72378 -30.8416
-2.39098 85.1176
-2.27768 124.824
-2.49346 50.2125
-2.67327 -11.9044
-2.50438 47.1145
-2.68203 -14.2542
-2.3071 116.341
-2.22 146.947
-2.61565 9.8492
-2.70579 -21.1171
-2.68304 -12.867
-2.31173 116.471
-2.16401 168.135
-2.5408 37.5877
-2.79535 -50.4942
-2.80357 -53.0014
-2.81986 -58.3152
-2.76129 -37.6195
-2.82362 -58.9255
-2.80937 -53.6289
-2.58245 25.5503
-2.91906 -91.04
-3.39561 -256.244
-3.28568 -217.706
-2.30405 123.654
-2.42511 81.947
-3.23701 -199.755
-3.3544 -240.189
-2.81983 -54.1335
-2.63945 8.87653
-2.91665 -87.0743
-3.06174 -137.13
-3.09352 -147.825
-2.30634 125.985
-1.95731 247.585
-2.58842 28.6887
-3.16223 -170.303
-3.7616 -378.175
-3.34088 -231.67
-3.00666 -115.218
-2.95989 -98.6229
-2.58063 33.4771
-2.46646 73.4886
-2.94437 -92.1891
-2.56645 39.4481
-2.37233 107.229
-2.52383 54.9476
-2.79572 -39.1585
-2.90519 -76.8397
-2.6208 22.3041
-2.22175 161.277
-2.70567 -6.48598
-3.03789 -121.549
-2.98183 -101.727
-2.58706 35.7615
-2.87497 -63.912
-3.07835 -134.215
-2.72627 -11.5587
-2.73789 -15.2466
-3.11185 -144.812
-3.55285 -297.665
-3.10223 -140.774
-2.39344 105.803
-1.80276 311.348
-2.49915 69.7736
-2.97315 -94.5438
-3.21031 -176.583
-3.03871 -116.624
-2.92009 -75.0688
-3.01032 -106.066
-3.30144 -206.854
-3.22148 -178.728
-2.52589 63.263
-2.74236 -11.5878
-2.88534 -60.9118
-3.10595 -137.203
-3.30399 -205.655
-2.82732 -39.7138
-2.46501 86.498
-3.00229 -99.8021
-3.34928 -219.999
-2.79747 -27.9555
-2.36077 124.1
-2.60969 37.9727
-2.91147 -66.5171
-3.12062 -138.827
-3.05031 -114.052
-2.74775 -8.59741
-2.72372 0.0967971
-2.9556 -80.1109
-3.16065 -150.996
-2.89089 -56.9338
-3.10311 -130.31
-3.15588 -148.296
-2.86849 -48.1091
-2.3922 117.696
-2.27787 157.763
-2.48641 85.6657
-2.71796 5.5726
-2.58503 52.1004
-2.50194 81.313
-2.89102 -53.5069
-3.163 -147.641
-2.58999 51.7669
-1.93318 280.284
-2.06322 235.458
-2.61112 45.4669
-3.09355 -121.778
-3.16852 -147.475
-2.93951 -67.5718
-2.58639 55.4466
-2.46336 98.5345
-2.79729 -17.1244
-3.00121 -87.616
-2.90935 -55.359
-2.92554 -60.6331
-3.53272 -271.219
-3.08657 -115.882
-2.62899 43.4276
-2.92182 -57.9523
-3.02969 -95.0777
-2.95101 -67.397
-2.92321 -57.3944
-2.71806 14.2227
-2.72079 13.6222
-2.67098 31.2733
-2.34478 144.942
-2.53741 78.3701
-2.83064 -23.1496
-2.65888 36.8659
-2.40289 126.142
-2.57081 68.1567
-3.05341 -99.151
-3.09894 -114.618
-2.77272 -0.944337
-2.82341 -18.2072
-2.64301 44.8098
-2.67593 33.7233
-2.90104 -44.1333
-2.39557 131.812
-2.06457 247.147
-2.50439 94.704
-2.93655 -55.0809
-2.77486 1.43726
-2.54448 81.8189
-2.56177 76.1604
-2.67255 38.0226
-2.55267 80.0165
-3.16608 -132.733
-3.3224 -186.69
-2.9964 -73.0921
-2.60642 62.7326
-2.71812 24.2758
-2.91531 -43.88
-2.92836 -48.0659
-2.76603 8.67293
-2.42503 127.485
-2.83836 -15.7577
-2.8444 -17.5084
-2.99457 -69.3299
-3.04642 -86.9941
-2.98923 -66.7789
-2.96327 -57.4154
-2.91196 -39.2418
-2.6822 40.9225
-3.16913 -127.888
-3.09354 -101.279
-2.75348 17.2044
-2.65267 52.5729
-3.07493 -93.7737
-3.21362 -141.604
-2.91914 -38.9571
-2.98812 -62.5742
-2.85921 -17.4421
-2.71097 34.4041
-2.75619 19.0391
-2.78995 7.65974
-2.7688 15.3546
-3.42371 -211.81
-2.99549 -62.703
-2.63447 63.0618
-2.59995 75.4028
-2.75693 21.2169
-3.17793 -124.69
-3.70386 -307.048
-2.87414 -18.4622
-2.52089 104.603
-2.27533 190.258
-2.67167 52.9198
-2.54924 95.796
-2.86825 -14.678
-3.25734 -149.499
-3.33823 -177.252
-2.76968 20.6073
-2.74305 30.2047
-2.57766 88.0103
-3.02374 -66.6099
-2.92524 -32.0447
-2.47247 125.593
-2.40626 148.944
-2.75299 28.8369
-2.59591 83.7523
-3.10185 -91.6603
-3.22495 -134.078
-3.17881 -117.7
-3.23385 -136.473
-2.60368 82.7898
-2.338 175.435
-2.60553 82.8419
-2.8196 8.82401
-2.51492 115.017
-2.71567 45.6229
-3.12286 -95.4836
-2.97104 -42.3977
-2.53199 110.474
-2.54828 105.164
-3.36185 -177.12
-3.34871 -172.208
-2.65494 69.154
-2.71922 47.1704
-3.36091 -175.404
-3.50456 -224.96
-2.48254 130.433
-2.42813 149.684
-2.83819 7.57576
-3.05464 -67.269
-2.95119 -30.984
-2.95329 -31.3666
-3.00995 -50.7018
-2.95559 -31.4711
-2.87995 -4.84629
-2.97798 -38.5554
-2.93404 -22.9423
-2.63857 80.0502
-2.42074 156.069
-2.58236 100.271
-2.35843 178.412
-2.38437 169.747
-2.20405 232.737
-2.38833 169.068
-2.48239 136.737
-2.79071 29.9758
-3.16315 -99.0592
-3.04896 -59.0433
-2.95764 -26.9705
-2.90106 -6.96717
-2.71952 56.4461
-2.83787 15.6796
-3.19242 -107.143
-2.87629 3.027
-2.88712 -0.389616
-3.1621 -95.5682
-3.42898 -187.932
-2.9983 -37.9687
-3.06128 -59.502
-3.07675 -64.53
-2.79725 32.916
-2.8372 19.3862
-2.9515 -19.9765
-2.80437 31.4834
-3.18117 -99.0658
-3.78939 -310.013
-3.78967 -309.76
-2.70021 69.0578
-2.49729 139.901
-2.97908 -27.1242
-2.88158 7.09279
-2.57964 112.333
-2.31897 203.238
-2.42054 168.298
-3.04172 -47.1478
-3.43787 -184.423
-3.36405 -158.428
-2.66625 84.3307
-2.52935 132.235
-2.57796 115.696
-2.96263 -17.5885
-2.98099 -23.6201
-2.89501 6.59576
-2.96657 -17.9145
-3.03272 -40.5487
-2.92021 -1.11666
-2.8393 27.3404
-2.78247 47.4302
-2.9713 -17.8224
-3.1204 -69.2714
-3.41904 -172.669
-2.91486 2.82909
-2.3 216.773
-2.9624 -12.9914
-3.65863 -254.51
-3.20363 -96.0993
-2.71787 72.9966
-2.81365 40.0724
-3.31803 -134.801
-3.51309 -202.216
-2.83345 34.236
-2.53531 138.156
-2.94993 -5.5335
-3.46622 -184.544
-3.17594 -83.3548
-2.93851 -0.523555
-2.70789 79.94
-3.02632 -30.334
-2.70624 81.2065
-3.19309 -87.5745
-3.41609 -164.696
-3.27488 -115.293
-3.30069 -123.911
-2.52093 147.319
-3.3312 -133.816
-3.60285 -227.839
-2.8708 26.8172
-2.10963 291.594
-2.38096 197.681
-3.5628 -212.535
-3.83573 -307.002
-2.91022 14.8619
-2.51862 151.247
-3.13993 -64.245
-3.33945 -133.207
-3.03129 -25.8086
-3.19589 -82.6433
-2.85058 37.6632
-2.8034 54.4027
-2.65088 107.735
-2.14599 283.478
-2.24372 249.873
-2.97619 -4.23398
-3.38525 -145.994
-2.96659 -0.205597
-2.61838 121.108
-3.09027 -42.476
-3.38318 -143.883
-2.80345 57.8586
-2.45994 177.54
-2.66822 105.533
-2.9994 -9.17087
-3.0073 -11.5682
-3.0868 -38.8386
-2.99254 -5.74431
-3.58311 -210.56
-3.32564 -120.767
-2.71332 92.2953
-2.52248 158.94
-2.62241 124.573
-2.617 126.8
-2.93769 15.7416
-3.27436 -100.87
-2.9582 9.3088
-2.60675 131.748
-3.03751 -17.5486
-3.03781 -17.3033
-2.96791 7.32575
-3.17634 -64.7338
-3.15839 -58.1511
-3.05338 -21.3243
-2.96231 10.6605
-2.94228 17.967
-2.84106 53.4794
-2.91057 29.6793
-2.85321 49.9526
-2.79289 71.2535
-2.99965 -0.22644
-2.98668 4.62799
-2.68043 111.364
-2.55686 154.638
-2.97143 10.9685
-3.66274 -228.843
-3.27058 -92.26
-3.32004 -109.094
-3.27915 -94.5433
-2.89211 40.2598
-2.82722 63.1511
-2.76148 86.3359
-3.00807 1.01845
-3.16835 -54.3144
-3.0185 -1.91095
-2.78829 78.409
-3.09996 -29.5163
-3.00186 4.91334
-3.02712 -3.51715
-3.01046 2.62062
-2.93911 27.7531
-2.99855 7.45215
-2.87595 50.3881
-2.56484 158.816
-2.96499 20.1533
-3.02994 -2.06323
-3.46992 -154.562
-3.2994 -94.9775
-3.12124 -32.7397
-3.11389 -29.839
-3.12751 -34.2216
-3.21866 -65.5401
-2.90676 43.159
-2.90024 45.7714
-3.24922 -75.1135
-3.31204 -96.5895
-2.78878 85.5347
-2.41791 214.72
-2.82591 73.3316
-3.19345 -54.0026
-2.97591 21.9174
-2.95938 28.0078
-2.84112 69.4382
-2.64679 137.292
-2.8195 77.6442
-3.00525 13.4615
-3.27603 -80.258
-2.92969 40.4038
-3.10923 -21.6196
-3.12268 -25.9443
-2.87541 60.3059
-3.04899 0.350992
-2.72151 114.463
-2.68679 126.872
-3.14015 -30.2762
-3.43419 -132.075
-3.01576 13.6331
-2.9399 40.3338
-2.84875 72.3434
-3.21427 -54.2871
-3.37392 -109.402
-3.40042 -118.259
-3.28764 -78.7344
-3.31558 -88.0914
-3.21738 -53.6325
-3.4243 -125.165
-3.60947 -189.145
-3.08159 -5.41526
-3.30493 -82.6566
-3.22253 -53.6846
-3.24297 -60.4347
-3.32906 -89.9965
-2.82182 86.5644
-2.75712 109.387
-3.38856 -109.626
-3.79817 -251.572
-3.47279 -138.191
-3.09547 -6.76382
-3.16703 -31.2765
-2.91341 57.1761
-2.91119 58.2977
-3.30632 -78.6238
-3.37661 -102.693
-3.0766 1.87526
-2.83625 85.7188
-2.87686 71.9593
-2.93858 50.8663
-2.9355 52.284
-3.35454 -92.9404
-3.53152 -154.077
-3.48001 -135.835
-3.39839 -107.134
-3.64035 -190.841
-3.16269 -24.5576
-2.74428 121.143
-2.77696 110.14
-3.34482 -86.7851
-2.8105 99.1801
-2.48343 213.15
-2.93431 56.866
-3.26945 -59.2146
-3.29613 -68.1353
-3.35879 -89.5541
-3.0406 21.33
-3.38926 -99.445
-3.79627 -240.492
-3.51579 -142.707
-3.13651 -10.5983
-2.78659 111.309
-3.20724 -34.4744
-3.21582 -37.1086
-3.11754 -2.61843
-3.02992 28.1651
-3.14288 -10.7292
-3.54858 -151.317
-3.3992 -99.0781
-3.12149 -2.255
-2.88224 81.2068
-2.96506 52.7833
-3.51291 -137.189
-3.62421 -175.507
-3.2498 -45.0915
-3.05964 21.3174
-2.5873 185.751
-2.52183 208.842
-3.11883 1.79532
-3.46645 -118.617
-3.12406 0.675115
-3.21931 -32.0675
-3.37586 -86.105
-2.96336 57.5429
-2.78149 121.069
-3.14082 -3.41095
-2.87211 90.2855
-3.12128 4.06974
-3.42816 -102.19
-3.89327 -263.418
-3.80352 -231.893
-3.32555 -65.5001
-2.76747 128.719
-2.83875 104.307
-2.94694 67.069
-3.46989 -114.256
-3.19695 -19.0889
-3.08595 19.8192
-3.22746 -28.9947
-3.18388 -13.5056
-2.84441 104.772
-3.26154 -39.7904
-3.52486 -130.919
-3.26636 -40.77
-3.15697 -2.42078
-3.62019 -162.993
-3.73229 -201.59
-3.25565 -35.6597
-2.83884 109.486
-3.45433 -103.987
-3.77989 -216.737
-3.00921 51.3425
-2.9322 78.4424
-3.0169 49.3658
-2.98098 62.1891
-2.98385 61.5417
-3.17402 -4.17472
-2.90018 91.303
-2.75245 142.972
-3.02223 49.599
-3.18928 -8.08772
-3.30578 -48.2115
-2.93435 81.1693
-2.86931 104.11
-3.08882 28.2019
-3.28594 -39.9288
-3.03956 46.008
-2.81907 122.954
-3.11278 21.2665
-3.79756 -216.273
-3.51496 -117.753
-2.72816 155.926
-3.27042 -32.1071
-3.71513 -186.248
-3.62328 -153.994
-3.43609 -88.6155
-2.99689 64.3076
-2.6344 190.582
-3.13868 15.7446
-3.56912 -133.442
-3.68258 -172.511
-3.75655 -197.859
-3.42776 -83.2912
-3.6499 -160.113
-3.20285 -4.46318
-3.00334 65.1921
-3.075 40.6441
-3.40108 -72.2866
-3.60543 -142.93
-3.08667 37.634
-2.49493 243.547
-3.02445 59.9441
-3.58161 -133.263
-3.44557 -85.6576
-2.93347 92.5895
-2.7786 146.74
-3.52016 -110.528
-3.52733 -112.672
-3.45568 -87.4338
-3.33939 -46.6866
-3.23918 -11.5249
-3.17868 9.83774
-3.51862 -107.906
-3.16299 15.9847
-2.91655 101.942
-2.9071 105.574
-3.06144 52.3036
-3.41804 -71.2284
-3.42283 -72.5472
-3.29716 -28.5424
-3.29336 -26.8733
-3.13263 29.31
-2.7549 160.88
-3.15209 23.2428
-3.37838 -55.0212
-3.3457 -43.3194
-2.96865 88.0109
-3.26807 -15.6568
-3.32866 -36.3571
-3.23109 -2.11637
-3.10285 42.7823
-3.48163 -88.4571
-3.59208 -126.48
-3.18502 15.2786
-2.85954 128.697
-3.72647 -172.122
-3.94684 -248.331
-3.42161 -65.5221
-3.08834 50.6023
-3.21401 7.29264
-3.49642 -90.4691
-3.44192 -71.189
-3.27061 -11.3278
-3.20269 12.6131
-3.00539 81.501
-2.99895 84.0853
-3.46435 -77.2438
-3.54463 -104.785
-3.35555 -38.7518
-3.40904 -56.9867
-3.24225 1.30431
-2.82136 147.867
-3.02363 77.945
-2.95951 100.568
-3.06443 64.4652
-3.22436 9.25512
-2.97362 96.7088
-3.28027 -9.4737
-3.27683 -7.93035
-3.22734 9.60995
-3.11017 50.6599
-3.14026 40.5539
-3.46814 -73.0004
-3.26177 -0.963196
-2.87894 132.38
-2.70466 193.271
-3.18673 26.1473
-3.57776 -109.348
-3.06487 69.1773
-2.8086 158.553
-3.70359 -152.017
-4.06954 -278.799
-3.6263 -124.47
-3.16708 35.4079
-2.89337 130.841
-2.93079 118.186
-3.25119 7.22774
-3.45017 -61.549
-3.25331 7.18605
-3.13768 47.705
-3.61234 -116.842
-3.78655 -177.016
-3.43542 -54.6886
-2.98942 100.599
-2.96574 109.173
-3.12708 53.47
-3.18183 34.7989
-3.76366 -166.978
-3.88939 -210.309
-3.44766 -56.506
-3.15568 45.272
-2.87043 144.713
-2.66946 214.876
-2.67556 213.107
-3.18463 36.6054
-3.42553 -46.7343
-3.13244 55.4317
-3.35418 -21.2553
-3.27216 7.58697
-3.10191 67.0778
-3.09372 70.2705
-3.22273 25.8003
-3.02102 96.2231
-3.084 74.6895
-3.35507 -19.1314
-3.46763 -57.8864
-3.49309 -66.3843
-2.94635 123.898
-2.68211 216.042
-3.11818 64.8996
-3.62414 -110.52
-3.64423 -117.151
-3.14292 57.3475
-2.74634 195.465
-3.11587 67.44
-3.54082 -79.8377
-3.69056 -131.51
-3.44138 -44.5994
-3.30376 3.55608
-2.9151 138.924
-3.30625 3.38755
-3.73172 -144.071
-3.30143 5.75597
-2.75535 195.81
-2.90316 144.81
-3.46062 -48.5021
-3.50971 -65.2105
-3.33878 -5.48159
-3.00663 110.254
-2.76837 193.371
-3.15276 60.1814
-3.3526 -8.89404
-3.4579 -45.1267
-3.29917 10.3618
-2.90639 147.16
-3.29025 14.1555
-3.69219 -125.129
-3.5778 -85.041
-3.13155 70.3303
-3.23954 33.163
-3.36849 -11.2859
-3.41599 -27.4414
-3.29846 13.735
-3.04096 103.537
-3.0621 96.541
-3.18767 53.2659
-3.15042 66.5523
-3.50965 -57.895
-3.62421 -97.3429
-3.15861 64.7507
-3.3616 -5.41909
-3.69683 -121.53
-3.66998 -111.854
-3.51535 -57.7896
-3.01786 115.384
-3.24352 37.3378
-3.57322 -76.8517
-3.67272 -111.069
-3.25215 35.3825
-3.17838 61.3565
-3.33935 5.78348
-3.24783 37.9257
-2.86612 170.878
-3.21102 51.4089
-3.44952 -31.1
-3.24873 39.0037
-3.42585 -22.1797
-3.73838 -130.404
-3.52218 -54.9507
-3.06246 105.101
-2.63883 252.615
-2.77245 206.545
-3.36847 -0.163033
-3.8002 -149.796
-3.59159 -76.9793
-2.84317 183.365
-3.12934 84.2991
-3.47765 -36.3547
-3.81985 -154.887
-4.06798 -240.738
-3.4302 -18.8281
-3.17503 70.165
-2.96375 143.909
-3.25253 43.934
-3.61067 -80.1339
-3.61932 -82.7896
-3.15189 79.9382
-2.78002 209.473
-2.85999 182.04
-3.23068 53.6098
-3.37342 4.37121
-3.2758 38.6315
-3.11201 95.8775
-3.19574 67.1385
-3.38473 1.83241
-3.61108 -76.4535
-3.5841 -66.7336
-3.19737 67.9622
-3.10557 100.198
-3.06243 115.532
-3.35083 15.6912
-3.31492 28.5139
-2.86066 186.671
-2.81678 202.262
-3.55142 -52.6009
-3.78702 -134.101
-2.95265 156.103
-3.50392 -35.0579
-3.79453 -135.668
-3.60064 -67.9628
-3.03021 130.546
-3.45069 -15.1787
-3.7903 -132.809
-3.27174 47.6823
-3.04754 125.915
-3.02311 134.751
-3.49152 -27.6245
-3.27498 47.9462
-3.12564 100.175
-3.21968 67.8527
-3.30008 40.2686
-3.44321 -9.10478
-3.15277 92.1387
-3.42041 -0.491491
-3.76904 -121.253
-3.18523 81.9044
-3.0267 137.325
-3.44642 -8.13508
-3.53288 -37.8249
-3.26355 56.0867
-2.91552 177.337
-3.27723 52.0287
-3.8881 -159.837
-4.04449 -213.819
-3.46794 -13.1817
-3.0814 121.449
-3.66265 -80.1255
-3.67438 -83.8534
-3.41189 7.68213
-3.39373 14.3368
-3.50578 -24.2403
-4.20902 -268.196
-3.72503 -99.7119
-3.20494 81.3128
-3.43696 1.05768
-3.62606 -64.2893
-3.15017 101.381
-2.96004 167.778
-3.275 58.7107
-3.59887 -53.4527
-3.59445 -51.5707
-3.16856 96.7293
-3.69362 -85.3262
-3.7693 -111.27
-3.53996 -31.2502
-3.77763 -113.469
-3.63189 -62.4928
-3.22673 78.6055
-3.13 112.557
-3.40963 15.7621
-3.49247 -12.6696
-3.47456 -6.09951
-3.37923 27.3642
-3.08752 129.05
-3.00883 156.736
-3.56112 -34.7801
-4.03735 -199.874
-3.7364 -94.9767
-3.0767 134.548
-2.97312 170.876
-2.93678 183.847
-3.63455 -58.2057
-4.19804 -253.612
-3.99316 -182.09
-3.14233 113.829
-3.02875 153.635
-3.67763 -71.4342
-3.799 -113.252
-3.31273 56.0247
-2.9646 177.31
-3.32052 54.0131
-3.42482 18.1275
-3.18512 101.745
-2.82112 228.545
-3.61279 -46.1307
-3.92268 -153.439
-3.6286 -50.9272
-3.30701 61.1365
-2.9256 193.986
-3.09941 133.951
-3.5954 -38.004
-3.6208 -46.4803
-3.61049 -42.5537
-3.90732 -145.323
-3.49174 -0.603554
-2.78856 244.026
-3.8987 -141.287
-4.27623 -272.09
-3.73643 -84.2176
-2.83918 227.829
-2.72421 268.117
-3.20533 101.325
-3.83827 -118.208
-3.63435 -47.0214
-3.31641 63.7784
-3.55706 -19.4747
-3.60443 -35.5843
-3.14259 125.205
-3.07408 149.351
-3.7024 -68.5766
-3.70486 -69.0814
-3.41507 31.9351
-3.49819 3.40823
-3.5251 -5.59237
-3.59432 -29.2927
-3.40648 36.3092
-3.60671 -32.9004
-3.85028 -117.171
-3.76575 -87.4576
-3.33566 62.3035
-3.2971 76.0431
-3.26608 87.1684
-3.17241 120.055
-3.50508 4.83614
-3.56545 -15.7906
-3.30373 75.4798
-3.19156 114.792
-3.13354 135.297
-3.1283 137.464
-3.32186 70.5709
-3.82809 -104.946
-3.83979 -108.663
-3.42572 35.5299
-2.92234 210.752
-2.66423 300.763
-3.08545 154.782
-3.89848 -127.313
-4.0661 -185.197
-3.59957 -22.7774
-2.83223 244.14
-3.02808 176.45
-3.74901 -73.6526
-4.01199 -164.663
-3.383 54.1939
-2.89997 222.342
-3.34718 67.3315
-3.57609 -11.8428
-3.51075 11.2022
-3.38189 56.3169
-3.79468 -86.7371
-3.706 -55.5837
-3.23085 109.828
-2.95593 205.681
-3.28752 90.8379
-3.70571 -54.094
-3.70429 -53.2537
-3.32173 79.9956
-3.25605 103.158
-3.20337 121.808
-3.0552 173.63
-3.22926 113.506
-3.64488 -30.5307
-3.82398 -92.4002
-3.45967 34.5056
-3.04019 180.58
-2.75 281.738
-2.57653 342.346
-2.94377 215.117
-3.79467 -80.1323
-4.40152 -290.603
-4.13965 -199.282
-3.09669 163.383
-3.35762 73.0847
-3.64941 -27.9338
-3.49528 25.9586
-3.65148 -27.9576
-3.5076 22.3727
-3.53523 13.1217
-3.20555 127.999
-2.97131 209.72
-3.23967 116.84
-3.75367 -61.3726
-3.84077 -91.2861
-3.52541 18.6175
-3.04576 185.592
-3.54644 12.0058
-4.04414 -160.544
-4.05873 -165.267
-3.14857 151.267
-3.24858 116.87
-3.66145 -26.2127
-3.80088 -74.3014
-3.56205 9.0135
-3.45661 45.9925
-3.30638 98.5292
-3.55422 12.7766
-3.58233 3.35805
-3.56264 10.5483
-3.21237 132.576
-3.18939 140.907
-3.29741 103.729
-3.81333 -75.1518
-3.8857 -99.9468
-3.36102 82.6722
-2.81181 273.812
-2.84422 262.901
-3.41449 65.1396
-3.99106 -134.81
-3.7394 -47.0357
-3.18301 146.598
-3.24043 126.996
-3.83204 -78.1781
-3.76574 -54.7977
-3.42945 62.3739
-2.98042 218.712
-2.96705 223.704
-3.55511 19.7624
-3.79258 -62.3853
-3.58304 10.7549
-3.11826 172.567
-3.48534 45.3918
-3.50203 39.9411
-3.29398 112.564
-3.33391 99.0387
-3.90506 -99.0282
-3.63772 -5.80931
-2.9826 222.123
-3.11511 176.437
-3.354 93.7978
-3.54164 28.9577
-3.41086 74.7395
-3.20878 145.287
-3.96325 -116.464
-3.93492 -106.274
-3.42762 70.3057
-3.00746 216.613
-3.34562 99.4879
-3.4491 63.8861
-3.47114 56.5779
-3.71456 -27.638
-3.62635 3.35282
-3.47026 57.9251
-3.39543 84.2687
-3.04045 207.932
-3.51917 41.9768
-3.84365 -70.3998
-3.69287 -17.6724
-3.52331 41.5792
-3.35085 101.839
-3.69476 -17.2865
-3.78123 -46.9788
-3.51796 44.8269
-3.26726 132.266
-3.30141 120.75
-3.36146 100.236
-3.27996 128.897
-3.23133 146.137
-3.4528 69.5498
-3.48207 59.7289
-3.4946 55.7223
-3.82191 -57.6353
-3.63279 8.40974
-3.13533 181.572
-3.71141 -18.2078
-4.02899 -128.186
-3.61138 17.2377
-3.32569 116.834
-3.59962 22.0184
-3.81643 -52.9534
-3.44587 76.1231
-3.3611 105.919
-3.63566 10.8872
-3.76051 -32.1375
-3.93549 -92.5774
-4.096 -147.989
-3.86152 -66.1855
-3.72614 -18.8082
-3.66686 2.1336
-3.20467 163.043
-3.29429 132.258
-3.90879 -80.8695
-3.85644 -62.3357
-3.01623 229.894
-3.27909 138.928
-3.98843 -107.147
-4.33314 -226.551
-3.67652 1.90537
-2.81698 300.852
-3.10032 202.767
-3.76782 -28.7709
-4.19622 -177.248
-4.12625 -152.594
-3.65297 12.1691
-3.25361 151.252
-3.56209 44.4369
-3.69954 -2.96613
-3.47822 74.2671
-3.79765 -36.3558
-3.52075 60.1876
-3.48229 73.8933
-3.72315 -9.43272
-3.73894 -14.5697
-3.70958 -4.0226
-3.42326 95.7923
-3.16247 186.736
-3.18088 180.686
-3.44599 88.9349
-3.91577 -73.9166
-3.87203 -58.3743
-3.29808 141.362
-3.68011 8.99426
-3.90346 -68.2486
-3.69361 4.99893
-3.44287 92.4515
-3.10834 209.014
-3.14109 197.985
-3.28002 150.067
-3.17735 186.081
-3.68287 10.8127
-3.98206 -92.7746
-3.80371 -30.4714
-3.51099 71.5668
-3.80138 -28.965
-3.5085 73.1263
-3.03225 238.921
-3.43021 101.019
-3.63707 29.505
-3.37514 120.845
-3.37079 122.704
-3.69918 8.97147
-3.83917 -39.3154
-3.96156 -81.4837
-3.77229 -15.3868
-3.34229 134.339
-3.49234 82.5613
-3.65395 26.7665
-3.50455 79.0133
-3.67524 20.0652
-3.96177 -79.1274
-3.91698 -63.2191
-3.54048 67.9227
-3.24807 169.852
-4.08407 -120.224
-4.53912 -277.956
-3.95402 -74.3482
-2.62749 386.828
-3.0246 249.222
-3.55656 64.7671
-3.87071 -44.0188
-3.65447 31.451
-3.38982 123.737
-3.15415 205.953
-3.52808 76.3978
-4.52985 -271.262
-4.54334 -275.602
-3.72906 7.62351
-3.2653 169.078
-4.04859 -102.685
-4.24284 -169.82
-3.47351 97.7899
-3.47611 97.2313
-3.83604 -27.4587
-3.8558 -33.9744
-3.57914 62.4821
-3.10101 228.931
-3.19971 194.989
-3.74216 6.89247
-3.78703 -8.34783
-3.47821 99.2817
-3.3526 143.265
-3.47608 100.716
-3.83086 -22.184
-3.80171 -11.7108
-3.34955 145.715
-3.57175 68.8721
-4.28477 -178.482
-4.03385 -90.9661
-3.44682 113.314
-3.6194 53.7084
-3.30523 163.196
-3.71524 21.1077
-4.25758 -166.953
-4.31085 -185.111
-4.08461 -106.166
-3.40702 129.571
-3.94492 -56.945
-4.30042 -180.098
-3.98792 -71.1887
-3.24251 188.111
-3.60877 61.22
-4.44861 -230.187
-4.1762 -135.207
-3.34321 154.517
-3.48305 106.285
-4.17971 -135.383
-4.22494 -150.75
-3.3373 157.962
-4.2813 -169.634
-4.1744 -132.149
-3.92586 -45.4594
-3.33784 159.163
-3.18146 213.836
-3.54878 86.5789
-3.99214 -67.0952
-3.7658 11.8807
-3.27993 181.017
-3.66764 46.6745
-3.91408 -38.5896
-3.75173 18.1595
-3.65149 53.3283
-3.43865 127.615
-3.34915 159.055
-3.69722 38.4842
-3.8369 -9.69113
-3.89214 -28.5359
-3.93568 -43.3142
-3.71678 33.0777
-3.6878 43.4924
-3.76185 18.1157
-3.57121 84.693
-3.60062 74.8214
-3.57843 82.8766
-3.85537 -12.9815
-3.98723 -58.4417
-3.5035 109.949
-3.19702 216.766
-3.23957 202.334
-3.51309 107.661
-4.01802 -67.4017
-4.2895 -161.364
-3.49438 115.203
-3.38709 152.822
-3.46655 125.565
-3.92022 -31.6892
-4.26384 -150.714
-3.92373 -32.2147
-3.23641 206.906
-3.10304 253.586
-3.13362 243.307
-3.74836 30.0996
-4.14375 -106.912
-3.71354 42.8905
-3.57493 91.3876
-3.85464 -5.43352
-3.99885 -55.1843
-4.09111 -86.8877
-4.18313 -118.506
-3.56458 96.7201
-4.23904 -137.237
-4.18077 -116.644
-3.53159 109.225
-3.86249 -5.38093
-3.98775 -48.5472
-3.72056 44.6178
-3.53667 108.851
-3.63893 73.6704
-3.51997 115.346
-3.44826 140.606
-3.47404 131.996
-3.85465 0.120591
-4.02136 -57.4438
-3.42452 150.242
-3.29479 195.656
-3.52753 115.151
-3.80292 19.8309
-3.71967 49.0978
-3.80056 21.3442
-3.92382 -21.1269
-3.73076 46.2876
-3.47908 134.066
-3.50012 127.105
-3.98384 -40.588
-4.16328 -102.577
-3.8579 3.85712
-3.2829 203.955
-3.10835 264.939
-3.79947 25.1968
-4.42781 -192.737
-4.46056 -203.768
-3.8289 16.0148
-3.27542 208.639
-3.18115 241.735
-3.88937 -3.9497
-4.23833 -124.831
-3.79404 29.8633
-3.42708 157.69
-3.70318 62.1204
-3.87069 4.27661
-3.95523 -24.7452
-3.66732 75.6195
-3.41702 162.921
-3.50036 134.316
-3.54638 118.675
-3.93978 -17.6405
-3.96415 -25.76
-3.70704 63.9055
-3.51431 131.206
-3.34728 189.579
-3.78358 38.3592
-4.11084 -74.9811
-4.11419 -75.7968
-3.75649 48.8127
-3.22472 233.895
-3.5586 118.252
-4.36985 -163.224
-4.58685 -238.26
-4.18846 -99.5162
-3.36544 186.746
-3.17726 252.466
-3.3718 185.23
-3.79359 39.0495
-4.02597 -41.329
-3.757 52.4572
-3.82518 29.1198
-3.74712 56.5846
-3.44273 162.675
-3.33506 200.425
-3.9576 -15.4924
-4.18647 -94.6545
-3.79318 42.3213
-3.33507 201.811
-3.6134 105.468
-3.75316 57.2646
-3.68123 82.6012
-3.62067 103.985
-3.66895 87.5625
-3.62689 102.52
-3.96763 -15.5051
-4.1181 -67.4281
-3.94008 -5.23986
-3.3801 189.642
-3.24016 238.605
-3.79942 44.6696
-3.96817 -13.6086
-4.05067 -41.9202
-3.8729 20.1843
-3.8883 15.181
-3.76793 57.3446
-3.55864 130.399
-3.98138 -16.1116
-4.09363 -54.76
-3.65542 97.8203
-3.38379 192.528
-3.53191 141.421
-3.45791 167.476
-3.37846 195.424
-3.94721 -1.80993
-4.07698 -46.5426
-3.52373 146
-3.38232 195.473
-4.0262 -27.8598
-4.31419 -127.558
-4.02037 -25.1394
-3.25585 240.798
-3.27223 235.455
-3.56115 135.433
-3.7591 67.0139
-3.65392 103.9
-3.87218 28.425
-3.59453 125.227
-3.6644 101.302
-3.92142 12.3588
-3.76988 65.3519
-3.74055 75.8888
-3.60144 124.563
-3.50562 158.196
-3.73951 77.2913
-4.02223 -20.5766
-4.07295 -37.847
-3.91265 18.1864
-3.807 55.2351
-3.79903 58.3519
-3.6601 106.964
-3.95692 4.1963
-4.45184 -167.387
-4.60511 -220.287
-3.9893 -6.00959
-3.52929 154.142
-3.29489 235.919
-4.20604 -80.2615
-4.6293 -226.954
-4.04692 -24.291
-3.48944 169.722
-3.49418 168.426
-3.89133 30.8032
-4.23472 -88.1398
-4.42238 -152.985
-4.17678 -67.3173
-3.85559 44.6077
-3.75202 80.9345
-3.78964 68.2129
-4.24356 -89.1294
-4.2699 -97.9302
-4.15591 -57.9821
-4.02512 -12.2004
-3.84447 50.9052
-3.9625 10.2495
-4.05229 -20.596
-4.28228 -100.148
-3.99125 1.30145
-3.8737 42.4877
-3.55503 153.54
-3.64482 122.693
-3.69465 105.731
-3.84602 53.4908
-4.05186 -17.6702
-3.97516 9.32413
-3.87054 46.0147
-3.99988 1.42985
-3.92945 26.2443
-3.61019 137.504
-4.11531 -37.6269
-4.17362 -57.5349
-3.79224 75.3017
-3.16304 294.228
-3.73142 97.1256
-4.10275 -31.5273
-4.18784 -60.7387
-3.77165 84.1922
-3.24443 267.693
-3.4198 207.115
-3.64274 130.014
-4.03974 -7.55312
-4.32197 -105.251
-4.1499 -45.1262
-3.67783 119.214
-3.92686 33.0522
-3.84082 63.2893
-3.51706 176.109
-3.87141 53.355
-4.14933 -42.8426
-3.74923 96.4971
-3.37207 227.866
-3.50824 180.909
-3.81371 75.1379
-3.94261 30.7052
-3.83528 68.3404
-4.05961 -9.24251
-4.42956 -137.414
-4.28492 -86.8204
-3.66176 130.008
-3.20484 289.089
-3.66654 129.043
-4.16521 -43.8446
-4.48219 -153.615
-4.07507 -11.8358
-3.19234 295.168
-3.12538 318.776
-3.44663 207.525
-3.67967 126.913
-3.97406 24.991
-4.05708 -3.50234
-4.05161 -1.25429
-3.87241 61.3481
-3.85588 67.4358
-3.63674 143.912
-3.30813 258.415
-2.94507 384.888
-3.75008 105.579
-4.56159 -175.986
-4.75112 -241.481
-4.14632 -31.028
-3.19939 298.275
-3.58911 163.236
-4.07407 -4.88774
-4.30612 -85.1522
-4.37963 -110.344
-4.01542 16.5284
-3.65137 143.347
-3.59354 163.784
-3.79071 95.6352
-4.30696 -83.3625
-4.51868 -156.565
-4.11654 -16.5148
-3.45605 213.284
-3.44103 218.849
-4.09455 -7.83446
-4.28493 -73.6227
-4.20375 -45.0737
-3.89742 61.6896
-3.61782 159.168
-3.82618 87.135
-4.32576 -86.0703
-4.4771 -138.299
-3.79546 98.8488
-3.20323 304.932
-3.68169 139.067
-4.28191 -69.1003
-4.28965 -71.4415
-3.97244 39.1041
-3.73451 122.105
-4.08882 -0.632993
-4.51194 -147.276
-4.2581 -58.7456
-3.84031 86.7395
-3.80414 99.6538
-4.24081 -51.6942
-4.08678 2.16122
-3.71094 133.072
-3.41257 237.073
-3.30226 275.741
-3.60149 172.139
-4.07886 6.6498
-4.07664 7.76789
-4.09401 2.08042
-3.88959 73.4413
-3.7944 106.86
-3.7014 139.515
-3.74543 124.566
-3.97674 44.5572
-4.08343 7.84215
-3.76228 119.754
-3.74635 125.635
-3.83488 95.2282
-3.66176 155.717
-3.90522 71.4869
-3.87125 83.6345
-3.9231 65.9704
-3.83423 97.1892
-3.62411 170.533
-3.55073 196.374
-3.826 101.093
-4.00582 38.9695
-3.86386 88.6343
-3.5775 188.463
-3.39915 250.766
-4.29092 -58.6822
-4.84882 -252.147
-4.49874 -130.183
-3.98238 49.5453
-3.8186 106.789
-3.9465 62.7055
-4.17633 -16.7891
-3.88953 83.1907
-3.76394 127.168
-3.71158 145.705
-3.81875 108.821
-3.96387 58.7548
-3.86769 92.5162
-4.04362 31.7443
-3.99582 48.6977
-3.83606 104.546
-3.76224 130.538
-3.94304 68.074
-4.19198 -18.0586
-4.26274 -42.2905
-4.31684 -60.7394
-4.09513 16.6291
-3.9531 66.3174
-3.90829 82.2317
-3.56011 203.534
-4.10353 15.1014
-4.59672 -155.884
-4.27384 -43.37
-3.32359 287.089
-3.2666 307.237
-4.07495 26.7658
-4.53757 -133.599
-4.10801 15.9765
-3.75917 137.509
-3.91582 83.4363
-3.90661 86.9825
-3.82693 115.011
-4.02415 46.8469
-3.95186 72.3066
-3.59493 196.651
-3.76589 137.606
-4.2481 -29.5629
-4.26721 -35.8558
-4.04004 43.409
-3.90878 89.3578
-4.23997 -25.351
-3.59702 198.356
-3.42447 258.648
-3.98905 62.8627
-4.19436 -8.11542
-3.87398 103.529
-3.65877 178.642
-4.01963 53.6274
-4.09496 27.805
-3.70507 163.599
-3.52264 227.321
-3.61782 194.604
-4.10268 26.5144
-4.14907 10.7444
-4.02849 52.9797
-3.77544 141.238
-3.48621 242.061
-3.54259 222.821
-4.0058 62.2533
-4.3858 -69.4103
-4.31342 -43.9185
-3.78345 140.538
-3.36054 287.803
-3.51958 232.901
-4.13549 19.2831
-4.77515 -202.582
-4.57544 -132.857
-3.89773 102.922
-3.14738 363.937
-3.51591 236.258
-4.0663 45.4058
-4.34886 -52.4078
-4.44298 -84.7564
-4.13732 21.7762
-3.57355 217.974
-3.48621 248.661
-3.64387 194.239
-3.95075 87.9761
-4.2955 -31.4395
-4.43745 -80.404
-3.83526 129.14
-3.49345 248.231
-3.7186 170.363
-3.79727 143.381
-4.0816 44.9527
-4.22622 -4.93872
-4.08954 42.8901
-3.77668 151.922
-3.68483 184.178
-3.84463 129.013
-3.78998 148.344
-3.70242 179.11
-3.94212 96.1871
-4.26768 -16.5655
-4.24043 -6.74933
-4.24797 -9.02316
-4.09379 44.8874
-3.91286 108.088
-4.01103 74.3338
-4.01201 74.3386
-3.90229 112.804
-3.96751 90.493
-4.129 34.7405
-4.0722 54.8201
-4.06816 56.5692
-4.09827 46.4585
-3.93916 102.077
-4.14092 32.337
-4.45508 -76.4535
-3.98208 88.2098
-3.75896 166.07
-4.10003 47.9285
-4.31876 -27.7084
-4.10844 45.703
-3.78794 157.391
-3.51117 253.886
-3.68756 192.958
-4.1112 46.1335
-4.43234 -65.0795
-4.24149 1.56793
-3.86458 132.85
-3.44745 278.108
-3.69091 193.879
-4.36445 -39.7606
-4.45127 -69.5727
-4.08828 56.8753
-3.70199 191.419
-3.85072 140.098
-4.66343 -141.886
-4.72705 -163.639
-4.0861 59.3696
-3.299 333.15
-3.29222 335.856
-3.50184 263.38
-4.06846 66.8869
-4.10676 53.9301
-3.85301 142.428
-3.43114 289.33
-3.51019 262.217
-4.33934 -25.4766
-4.77743 -177.322
-4.37851 -38.3914
-3.8764 136.388
-3.68308 203.893
-3.82873 153.642
-4.24324 9.98936
-4.32423 -17.7981
-4.15955 39.7589
-3.78148 171.446
-3.61441 229.834
-3.78941 169.388
-4.44289 -57.2808
-4.3053 -9.13479
-4.13023 52.0299
-3.9622 110.749
-4.09613 64.5706
-4.27994 1.0628
-4.30971 -8.93313
-4.16981 40.0156
-4.03783 86.2117
-3.81363 164.446
-3.80509 167.759
-4.23866 17.4874
-4.35964 -24.1926
-4.02151 93.6207
-3.93814 122.928
-4.23932 18.6482
-4.51066 -75.2658
-4.27752 6.07155
-4.01302 98.3059
-3.84133 158.297
-4.06402 81.2838
-4.2652 11.743
-4.14088 55.2768
-3.68662 213.434
-3.84135 160.028
-3.98619 110.058
-4.30522 -0.423053
-4.4806 -61.0026
-4.70159 -137.427
-4.31516 -2.83464
-3.99118 110.062
-3.80972 173.446
-4.11078 69.2078
-4.3477 -12.7482
-4.77874 -162.142
-4.48279 -58.9844
-3.86918 154.527
-3.54569 267.256
-3.76442 191.617
-4.43731 -41.796
-4.9084 -205.103
-4.41325 -32.7419
-3.81635 174.965
-3.37585 328.342
-3.77738 189.198
-4.3656 -14.8005
-5.05985 -255.629
-4.60182 -96.1658
-3.68154 223.882
-3.17609 399.82
-3.65857 232.558
-4.64186 -108.688
-5.09178 -264.64
-4.5445 -74.1698
-3.88429 155.533
-3.47921 296.604
-4.21388 41.7295
-4.81083 -165.301
-4.48774 -52.713
-4.0344 105.123
-3.81593 181.363
-4.13698 70.1819
-4.53477 -67.6607
-4.53527 -67.4894
-4.43346 -31.7741
-4.22078 42.4593
-3.88307 160.126
-3.65796 238.673
-3.90024 154.854
-4.48713 -48.6818
-4.72617 -131.374
-4.51483 -57.6099
-4.05949 100.921
-3.76272 204.366
-3.98578 127.225
-4.361 -2.77952
-4.79822 -154.321
-4.60315 -86.206
-4.22137 46.7683
-3.99624 125.325
-3.97391 133.43
-4.6647 -106.199
-4.63552 -95.7132
-4.14652 74.5092
-4.04485 110.178
-4.07519 99.9824
-4.06811 102.79
-4.6664 -104.704
-5.00551 -222.162
-4.95833 -205.427
-4.24952 41.1611
-3.74348 217.302
-3.49576 303.708
-4.02648 119.683
-4.55571 -63.8211
-4.62238 -86.6317
-4.26897 36.4866
-4.02388 121.976
-4.43228 -19.5511
-4.61324 -82.0699
-4.41342 -12.3041
-4.05747 111.699
-4.26785 38.9601
-4.41198 -10.7639
-4.6262 -84.8323
-4.5909 -72.2244
-4.62452 -83.5568
-4.21338 59.6211
-4.07248 108.915
-4.42868 -14.481
-4.64316 -88.6416
-4.19637 66.917
-4.38049 3.30419
-4.84928 -159.204
-4.69899 -106.647
-4.0984 102.342
-3.80484 204.673
-4.00164 136.653
-4.25223 49.9451
-4.47862 -28.3549
-4.57833 -62.6471
-4.50538 -36.9565
-4.15007 86.8227
-4.07834 112.092
-4.10881 101.854
-4.1523 87.091
-4.48896 -29.5147
-4.64766 -84.2986
-4.70052 -102.314
-4.25227 53.7512
-3.98183 148.048
-4.5705 -56.1043
-4.79001 -132.014
-4.45627 -15.7264
-4.17688 81.6802
-4.73838 -113.036
-4.89641 -167.585
-4.41686 -0.644625
-3.71438 243.738
-3.38817 357.409
-3.87301 189.326
-4.56187 -49.6317
-4.81276 -136.444
-4.14569 95.6425
-3.74932 233.684
-3.86769 192.913
-4.47452 -17.5521
-4.63347 -72.4203
-4.31876 37.2541
-3.99044 151.66
-3.87888 190.762
-4.16297 92.4161
-4.03543 137.072
-4.1701 90.6365
-4.05114 132.31
-4.25163 63.0074
-4.13747 103.013
-4.17832 89.1708
-4.20021 81.9109
-4.14661 100.881
-4.16105 96.2119
-4.34373 33.0974
-4.62019 -62.5975
-4.31527 43.6783
-4.2525 65.8315
-4.26901 60.4448
-4.20574 82.7694
-4.30652 48.1071
-4.06235 133.277
-3.66778 270.698
-3.9236 182.176
-4.38961 20.6302
-4.48608 -12.5336
-4.11146 117.954
-4.02091 149.759
-4.11646 116.914
-4.36841 29.7319
-4.19931 88.8248
-3.94928 176.031
-3.98202 165.005
-4.27212 64.5725
-4.56121 -35.5065
-4.37991 27.8239
-4.50335 -14.713
-4.38162 27.9242
-4.20285 90.3752
-3.89768 196.737
-4.04306 146.58
-4.59102 -43.4302
-4.90317 -151.522
-4.61671 -51.6623
-3.73063 256.505
-3.86011 211.873
-4.53505 -22.2506
-5.0546 -202.391
-4.92551 -157.201
-4.23558 82.8264
-3.81494 229.301
-3.70466 267.959
-3.8748 209.201
-4.26814 72.9037
-4.45648 7.82427
-4.53394 -18.7401
-3.90163 201.271
-3.61367 301.654
-4.29371 65.759
-5.00471 -180.891
-4.76041 -95.6745
-4.14193 119.529
-3.75417 254.583
-4.06593 146.626
-4.52105 -11.135
-4.78469 -102.374
-4.44092 17.3983
-4.26007 80.5716
-4.30449 65.4881
-4.21431 97.1633
-4.01172 167.888
-4.40427 31.8669
-4.66009 -56.6554
-4.49643 0.546865
-4.18054 110.633
-3.92744 198.904
-3.77179 253.323
-4.21942 98.1675
-4.85768 -123.213
-4.68521 -62.9504
-4.06857 151.615
-3.80549 243.354
-4.06366 154.015
-4.27525 80.8572
-4.58569 -26.6408
-4.44053 24.1328
-4.21665 102.255
-3.859 226.849
-3.98285 184.17
-4.63311 -41.3798
-4.94092 -147.962
-4.68539 -58.8437
-4.04054 165.521
-3.97437 188.854
-4.45868 20.954
-5.03505 -178.926
-4.98488 -161.149
-4.5321 -3.50892
-4.36264 55.7093
-4.53876 -5.12664
-4.48552 13.7148
-4.22138 105.823
-4.11436 143.348
-4.04963 166.184
-4.26633 91.2516
-4.55393 -8.31339
-4.45004 28.1238
-4.41029 42.28
-4.33174 69.9153
-4.43776 33.4337
-4.25149 98.4899
-4.01744 180.143
-4.12526 143.037
-4.35826 62.4409
-4.44116 33.9907
-4.33123 72.5241
-4.08885 157.073
-3.93407 211.191
-4.12447 145.395
-4.43538 37.7336
-4.50844 12.6998
-4.34809 68.7514
-4.13028 144.768
-4.04504 174.725
-4.34089 72.297
-4.44247 37.3539
-4.44516 36.7697
-4.09074 160.239
-3.86279 239.775
-3.96311 205.271
-4.13402 146.247
-4.34633 72.8369
-4.79407 -82.3584
-4.60996 -18.0517
-4.06865 170.345
-3.804 262.631
-4.54591 5.24262
-4.94947 -134.604
-5.17205 -211.582
-4.60519 -14.3084
-4.12226 153.807
-4.5008 22.6492
-4.89059 -112.415
-4.94756 -131.856
-4.36765 69.9491
-4.06237 176.347
-4.05523 179.177
-4.34147 80.0848
-4.55904 4.85111
-4.60355 -10.2661
-4.55697 6.26372
-4.31211 91.6752
-4.49191 29.5581
-4.84918 -94.2071
-5.18709 -211.246
-5.19475 -213.56
-4.64749 -23.098
-3.88359 242.626
-4.50992 25.3873
-4.38529 69.0292
-4.53814 16.2801
-4.6551 -24.0033
-4.24988 117.113
-4.18695 139.323
-4.05393 185.88
-4.44302 51.0585
-4.86906 -96.5954
-5.0278 -151.394
-4.71205 -41.359
-4.52142 25.215
-4.42521 58.9851
-4.10375 171.004
-4.20646 135.673
-4.29683 104.626
-4.03564 195.71
-4.13106 162.907
-4.17342 148.54
-4.47956 42.5361
-4.11486 169.577
-4.42013 63.8766
-4.68445 -27.601
-4.81723 -73.3803
-4.59151 5.38127
-4.54492 21.914
-4.41107 68.759
-4.6418 -11.0472
-4.82833 -75.4981
-4.82521 -74.0669
-4.53084 28.5437
-4.29136 112.082
-4.36906 85.4377
-4.43845 61.6797
-4.49285 43.1283
-4.39337 78.036
-4.52952 31.0848
-4.1878 150.143
-4.36478 89.0108
-4.53295 30.9352
-4.66384 -14.1883
-4.57475 17.1094
-4.77649 -52.627
-4.88657 -90.5198
-4.67027 -15.0301
-4.35728 94.0451
-4.26616 126.05
-4.52856 35.2394
-4.69054 -20.6846
-4.51017 42.3218
-4.37747 88.7707
-4.52114 39.2071
-4.70605 -24.6826
-4.65163 -5.42932
-4.4912 50.6486
-4.25927 131.569
-4.47 58.709
-5.03701 -137.92
-5.40753 -266.288
-4.95444 -108.541
-4.80391 -55.8983
-4.29349 121.765
-4.22599 145.561
-4.46365 63.3469
-4.65945 -4.3261
-4.92156 -95.0323
-4.63225 5.81759
-4.17244 165.903
-3.97824 233.713
-4.37037 97.8355
-4.56601 30.2207
-4.32112 115.64
-4.21924 151.379
-4.26189 136.912
-4.32258 116.177
-4.31034 120.776
-4.23236 148.213
-4.33614 112.508
-4.41078 86.924
-3.93484 252.611
-3.87969 272.117
-4.2381 147.957
-4.73073 -22.8335
-5.00214 -116.773
-4.68342 -5.70256
-4.10922 194.119
-4.22506 154.221
-4.83141 -56.0714
-5.06893 -138.238
-4.58173 31.3597
-4.28089 136.218
-4.21307 160.123
-4.63599 13.5513
-4.75315 -26.8
-4.79722 -41.7653
-4.40333 95.4193
-4.39415 98.9538
-4.61932 21.0789
-4.72861 -16.54
-4.69578 -4.787
-4.61634 23.156
-4.61109 25.3275
-4.46189 77.507
-4.28607 138.933
-4.63839 16.8867
-4.89501 -71.913
-4.78276 -32.5718
-4.72762 -13.069
-4.16993 181.016
-3.79824 310.487
-3.84371 295.038
-4.35297 118.473
-4.95234 -89.3985
-5.19999 -175.084
-4.82062 -42.9448
-4.36934 114.176
-4.32929 128.434
-4.54338 54.4094
-4.2603 153.095
-4.02042 236.777
-4.45237 87.0678
-5.00212 -103.564
-5.16833 -160.959
-4.59993 36.8473
-4.03878 232.136
-4.15529 192.008
-4.4676 83.8623
-4.90405 -67.4111
-5.06293 -122.26
-4.61928 32.2122
-4.24831 161.432
-4.73117 -5.96452
-5.25612 -187.983
-5.4256 -246.51
-4.90666 -65.8872
-4.06234 227.773
-3.87895 291.831
-4.10676 213.035
-4.8204 -34.5324
-4.92107 -69.1556
-4.82616 -35.8362
-4.39402 114.633
-3.95381 267.907
-4.39575 114.729
-5.03975 -108.647
-5.12166 -136.755
-4.50005 79.5362
-4.1452 203.158
-4.33163 138.738
-5.02568 -102.021
-5.18219 -156.048
-4.98096 -85.7921
-4.48907 85.4345
-4.48883 85.8648
-4.75594 -6.57843
-4.70008 13.1743
-4.25407 168.463
-4.15206 204.248
-4.40919 115.268
-4.90577 -56.8925
-4.91098 -58.356
-4.49572 86.2529
-3.97961 265.892
-4.08809 228.555
-4.55162 67.8743
-5.22962 -167.313
-5.32088 -198.669
-4.77375 -8.24948
-4.32519 147.924
-4.40359 121.035
-4.96911 -75.0746
-5.42321 -232.481
-4.97128 -75.133
-4.29875 158.846
-4.05023 245.529
-4.34659 142.923
-4.65241 37.029
-4.91715 -54.5921
-4.67814 28.786
-4.40653 123.488
-4.65148 38.7432
-4.73387 10.468
-4.68747 26.934
-4.57545 66.1977
-4.61389 53.1913
-4.92836 -55.7069
-4.8613 -32.0648
-4.39552 130.094
-4.48587 99.0543
-4.42411 120.855
-4.62015 53.0996
-4.67975 32.7403
-4.66557 38.0146
-4.38627 135.391
-4.52414 87.841
-4.53061 85.9419
-5.08299 -105.604
-5.07113 -101.138
-4.78024 0.264718
-4.23099 191.418
-4.30059 167.587
-4.54594 82.7026
-5.08193 -103.152
-4.95078 -57.2451
-4.89127 -36.2232
-4.81271 -8.58251
-4.32344 161.734
-4.16066 218.628
-4.31962 163.755
-4.78851 1.21109
-4.75346 13.7347
-4.54864 85.2376
-4.36869 148.099
-4.40047 137.407
-4.4657 115.094
-4.59199 71.566
-4.78718 4.10466
-4.80437 -1.5194
-4.47057 114.789
-4.14087 229.672
-4.28579 179.676
-4.57858 78.3086
-4.94737 -49.4598
-4.80755 -0.539257
-4.51657 100.892
-4.2803 183.32
-4.67719 45.7886
-5.00916 -69.1862
-4.98023 -58.7908
-4.87436 -21.6645
-4.62778 64.3444
-4.52149 101.616
-4.73036 29.4032
-4.6216 67.535
-4.58663 80.0304
-4.58788 79.9411
-4.94788 -44.7728
-4.72691 32.339
-4.63924 63.1419
-4.33927 167.697
-4.34619 165.641
-4.57701 85.8028
-4.85885 -11.7585
-4.92497 -34.3825
-4.84428 -6.00242
-4.62689 69.8657
-4.73861 31.4027
-4.65816 59.6961
-4.42374 141.48
-4.5118 111.236
-4.81919 4.79784
-4.86288 -10.0313
-4.6588 61.2114
-4.52913 106.604
-4.30769 183.878
-4.32121 179.532
-4.69605 49.6601
-5.09082 -87.1339
-4.6664 60.6536
-4.72484 40.7012
-4.88018 -12.9146
-4.93949 -33.173
-4.85374 -3.03691
-4.75528 31.5144
-4.85804 -3.8356
-4.63376 74.427
-4.43326 144.427
-4.41065 152.63
-4.92411 -25.3992
-5.10338 -87.328
-4.92928 -26.4977
-4.36191 170.949
-3.99648 298.244
-3.99663 298.54
-4.41322 154.168
-5.26133 -140.114
-5.46752 -211.398
-4.94106 -28.1605
-4.56379 103.251
-4.47559 134.238
-5.15398 -101.085
-5.67441 -281.533
-5.17222 -106.726
-3.90463 333.974
-3.48915 478.659
-3.99474 303.367
-4.93179 -21.8127
-5.38639 -179.39
-5.09626 -78.2548
-4.43734 150.999
-3.98682 307.856
-4.50212 129.191
-5.67859 -279.164
-5.64552 -267.329
-4.97786 -35.0387
-4.31599 195.241
-4.00232 304.555
-4.60541 95.3909
-4.96784 -30.1678
-4.92167 -13.7828
-4.7716 38.6997
-4.33554 190.532
-4.20103 237.609
-4.53511 121.899
-5.11103 -77.8264
-5.27557 -134.64
-4.91987 -10.7256
-4.44616 154.189
-3.94033 330.259
-4.52552 127.313
-5.03608 -49.7061
-4.81198 28.4919
-4.26425 219.118
-4.10779 273.819
-4.3601 186.516
-4.6565 83.8951
-4.93086 -11.0667
-5.1544 -88.3777
-5.03164 -45.3849
-4.77668 43.5358
-4.3441 194.158
-4.39635 176.354
-4.47042 150.973
-4.49781 141.804
-4.80237 36.3472
-5.10304 -67.7559
-4.85523 18.6783
-4.52809 132.673
-4.49142 145.76
-4.68973 77.2162
-4.56562 120.678
-4.27695 221.308
-4.48779 148.411
-4.81711 34.3537
-5.10927 -66.7923
-5.00655 -30.762
-4.7401 62.1505
-4.27291 224.797
-4.1925 253.077
-4.72583 68.1477
-5.41219 -169.943
-5.46197 -186.888
-4.97055 -15.8254
-4.41691 176.857
-4.23729 239.602
-4.40592 181.367
-4.69078 82.7561
-4.85187 27.141
-5.31538 -133.533
-5.21374 -97.8744
-4.86616 23.2204
-4.29705 221.274
-4.01428 319.855
-4.32876 210.953
-4.72392 74.0233
-4.8261 38.8739
-4.43868 173.807
-4.13622 279.228
-4.24377 242.215
-4.50643 151.316
-4.59182 121.997
-4.55841 133.953
-4.67038 95.4021
-4.83622 38.1371
-4.87774 24.0607
-4.95225 -1.47791
-4.817 45.8577
-4.79354 54.3544
-4.64432 106.538
-4.44736 175.309
-4.64804 105.943
-4.82409 45.1312
-4.60235 122.509
-4.6425 108.909
-4.60504 122.27
-4.70736 87.0705
-4.79607 56.6024
-4.63028 114.544
-4.62375 117.158
-4.65866 105.38
-4.82403 48.2784
-4.61606 120.872
-4.54386 146.303
-4.59821 127.767
-4.78682 62.5934
-5.09347 -43.5872
-4.76252 71.7303
-4.03272 325.605
-3.82406 398.44
-4.75608 75.0087
-5.48854 -179.097
-6.03915 -370.028
-5.63329 -228.685
-4.40344 198.903
-3.52507 504.392
-4.11028 301.441
-5.29703 -110.48
-5.80792 -287.615
-5.15888 -61.7942
-4.21969 264.821
-3.80344 409.772
-4.2291 262.247
-5.04002 -19.1127
-5.54639 -194.676
-5.20535 -75.8543
-4.6129 130.307
-4.24036 260.074
-4.34447 224.255
-4.76784 77.5247
-5.20877 -75.3058
-5.05636 -22.0105
-4.91067 28.9476
-4.78562 72.7378
-4.60638 135.351
-4.34319 227.129
-4.57301 147.641
-4.77251 78.6824
-4.93445 22.7707
-4.77642 78.0179
-4.55611 154.901
-4.35933 223.607
-4.7117 101.544
-5.04955 -15.476
-4.82177 64.0014
-4.64145 126.99
-4.84212 57.6251
-4.91745 31.8043
-4.48235 183.303
-4.1993 281.98
-4.35363 228.716
-4.41828 206.603
-4.83689 61.5288
-4.98348 10.9493
-4.69269 112.315
-4.61331 140.24
-4.61162 141.174
-4.75902 90.3168
-5.00899 3.82509
-5.19398 -60.0923
-4.78077 83.8034
-4.25623 266.37
-4.36361 229.417
-4.82323 70.0928
-5.14951 -42.9084
-5.26024 -81.0258
-5.07646 -16.8342
-4.73206 103.155
-4.73489 102.52
-4.78782 84.4804
-5.10012 -23.6657
-5.02407 3.10377
-5.10595 -24.9965
-4.94861 30.0105
-4.73045 106.146
-4.79262 84.8974
-5.03693 0.372221
-5.22232 -63.686
-5.34962 -107.561
-5.2482 -71.9789
-5.03923 0.963257
-4.82637 75.2561
-4.42258 215.877
-4.32615 249.724
-4.86597 62.5423
-5.26954 -77.3105
-5.26593 -75.7069
-5.05987 -3.77679
-4.6021 155.598
-4.57116 166.695
-4.59509 158.729
-4.65691 137.599
-4.96659 30.3666
-5.01543 13.7479
-5.13827 -28.5786
-4.63334 147.179
-4.46827 204.869
-4.69694 125.778
-5.36215 -104.966
-5.92461 -300.013
-5.51637 -157.845
-4.77094 101.459
-4.31239 261.104
-4.83578 79.6284
-5.48694 -146.234
-5.52734 -159.92
-5.05807 3.45016
-4.59327 165.267
-4.05415 352.902
-4.22436 294.117
-4.77766 102.253
-5.76646 -240.903
-5.89821 -286.326
-4.93618 48.2251
-4.31251 265.232
-4.28976 273.485
-5.00561 25.1462
-5.51309 -150.8
-5.58142 -174.191
-5.14154 -21.0329
-4.39087 240.093
-3.82827 435.886
-4.11051 338.187
-4.99785 30.2764
-5.63382 -190.308
-5.27543 -65.4605
-4.76149 113.426
-4.56987 180.344
-4.51876 198.446
-4.73435 123.9
-4.96893 42.7539
-5.11351 -7.12502
-5.56961 -165.226
-5.34761 -87.7551
-5.32865 -80.8201
-5.0412 19.3857
-5.06645 10.9606
-5.48232 -133.162
-5.76293 -230.298
-5.23339 -45.9931
-4.44882 226.911
-4.28841 282.983
-4.85138 87.7586
-5.70865 -209.704
-5.66357 -193.698
-4.74586 125.458
-4.2402 301.468
-4.4689 222.367
-5.32982 -76.3652
-5.67481 -195.863
-5.60778 -172.232
-5.19252 -27.6265
-4.88198 80.6032
-4.85367 90.7832
-5.13145 -5.3664
-5.12264 -1.95847
-5.25035 -45.9774
-5.13434 -5.3295
-5.05051 24.1421
-5.03751 29.0031
-5.25299 -45.5048
-5.12225 0.259406
-4.79364 114.765
-4.82242 105.113
-5.0261 34.7034
-5.38303 -88.9419
-5.53078 -139.922
-5.06131 23.5167
-4.62781 174.459
-4.44204 239.341
-4.8067 113.006
-5.22678 -32.5781
-5.26411 -45.1997
-4.80815 113.547
-4.55569 201.596
-5.12157 5.35913
-5.52009 -132.735
-5.13494 1.41149
-4.5745 196.453
-4.56885 198.764
-5.1009 14.2794
-5.29436 -52.5819
-4.94539 68.9968
-4.90581 83.0928
-4.91468 80.3585
-5.06886 27.1448
-5.26407 -40.3211
-5.58913 -152.898
-5.4855 -116.552
-5.16415 -4.56911
-4.80638 120.067
-4.94544 72.1057
-5.09195 21.5544
-5.0691 29.841
-5.0379 41.0258
-5.08144 26.2481
-5.15336 1.61053
-5.59552 -151.646
-5.30672 -50.9681
-5.0393 42.2788
-4.85958 105.061
-5.06591 33.7296
-5.44009 -95.9121
-5.15734 2.65945
-5.2128 -16.2574
-5.35278 -64.5399
-5.17009 -0.726647
-4.92877 83.4541
-4.92902 83.7138
-4.99078 62.608
-4.61238 194.408
-4.76277 142.51
-4.55718 214.279
-5.17903 -1.40119
-5.49371 -110.369
-5.48663 -107.563
-4.98946 65.4975
-4.9111 93.0683
-4.75576 147.379
-4.72256 159.259
-5.16131 7.1875
-5.43343 -86.9975
-5.49012 -106.346
-5.39704 -73.6611
-4.82404 125.743
-4.60676 201.573
-4.64464 188.762
-4.92944 90.1709
-5.00562 64.0539
-5.03216 55.1819
-5.34817 -54.2516
-5.40479 -73.5746
-5.20937 -5.33852
-4.85342 118.663
-4.7461 156.293
-4.56648 219.039
-4.65721 187.869
-4.99481 70.9334
-5.48962 -100.613
-5.33327 -45.951
-4.83133 128.767
-4.66842 185.71
-4.80812 137.526
-5.4649 -90.2891
-5.74802 -188.294
-5.40438 -68.5695
-4.9861 77.0855
-4.88867 111.28
-4.77 152.853
-5.31586 -36.427
-5.81596 -209.812
-5.78246 -197.829
-5.525 -108.039
-5.13291 28.5161
-4.73596 166.764
-4.75234 161.422
-5.10573 39.001
-5.31995 -35.071
-5.25806 -13.2213
-4.62819 205.94
-4.5076 248.178
-4.52375 242.916
-5.00823 74.9558
-5.38625 -56.0158
-5.29086 -22.5329
-4.71786 176.874
-4.03085 415.885
-4.55128 235.436
-5.6645 -150.944
-5.98739 -262.768
-5.03989 66.7392
-4.44927 272.264
-4.67716 193.443
-5.32279 -30.4973
-5.39268 -54.4294
-5.40327 -57.7601
-5.32351 -29.7065
-4.73624 174.657
-4.48639 261.802
-4.68397 193.511
-5.3101 -23.6572
-5.64295 -138.94
-5.32557 -28.3369
-5.1214 42.9363
-4.85827 134.694
-4.88403 126.093
-5.20346 15.4729
-5.44063 -66.5702
-6.15259 -313.556
-5.96547 -248.203
-5.05343 68.9809
-4.45787 276.224
-4.45491 277.599
-4.92135 115.909
-5.60832 -122.396
-5.57528 -110.568
-5.33641 -27.2377
-4.95906 104.199
-4.91114 121.192
-4.86901 136.177
-5.19864 22.0095
-5.2604 0.904099
-5.25162 4.30052
-4.88175 133.141
-4.78523 167.018
-4.88579 132.431
-5.07421 67.3202
-5.2302 13.4794
-5.86305 -206.023
-5.71644 -154.745
-5.55863 -99.5727
-5.25949 4.69208
-5.37692 -35.7523
-5.67571 -139.206
-6.0676 -274.998
-5.84901 -198.712
-5.02727 87.102
-4.32504 331.402
-4.3052 338.642
-4.9365 119.679
-5.48636 -70.9949
-5.80499 -181.338
-5.4299 -50.6846
-4.73003 192.794
-4.28877 346.433
-4.47472 282.184
-4.98273 106.048
-5.5907 -104.808
-5.57778 -99.9736
-5.91532 -216.887
-5.41039 -41.1283
-5.15296 48.6509
-5.25741 12.7117
-5.41353 -41.1765
-5.22905 23.2587
-5.13917 54.8291
-4.98155 109.933
-4.90959 135.278
-4.94534 123.209
-5.32677 -8.95077
-5.44374 -49.2383
-5.27632 9.26792
-4.93345 128.727
-4.55241 261.445
-4.59987 245.305
-5.11616 66.2986
-5.16787 48.6794
-5.52148 -73.814
-5.59492 -98.9783
-5.01292 103.551
-4.93019 132.64
-5.03774 95.6246
-5.12011 67.3548
-5.27011 15.5962
-5.54476 -79.4699
-5.54495 -79.188
-5.20295 39.9665
-4.94419 130.208
-4.89823 146.521
-5.15809 56.5952
-5.43409 -38.939
-5.26114 21.4915
-4.98932 116.268
-4.84469 166.859
-5.09399 80.5989
-5.5787 -87.441
-5.51368 -64.5037
-5.20099 44.4694
-5.04042 100.6
-5.48829 -54.6403
-5.73618 -140.41
-5.53523 -70.2545
-5.57561 -83.9332
-5.25171 28.9348
-5.02062 109.561
-5.03012 106.61
-5.15385 63.9714
-5.48541 -50.8636
-5.31167 9.84207
-5.09964 83.8473
-5.11864 77.595
-5.53268 -65.8953
-5.63711 -101.826
-5.70117 -123.731
-5.29868 16.4375
-5.20052 50.886
-5.38204 -11.8267
-5.58167 -80.8301
-5.37167 -7.52801
-5.31905 11.0993
-5.0728 96.9919
-4.9141 152.473
-4.95728 137.819
-5.42135 -23.0496
-5.40853 -18.2473
-5.3939 -12.8184
-5.05789 104.257
-5.25502 36.1213
-5.19145 58.5551
-4.93337 148.558
-5.1688 67.118
-5.664 -104.566
-5.48347 -41.5047
-4.75977 210.252
-4.21736 399.033
-4.56137 279.87
-5.41731 -17.1286
-6.26772 -312.212
-5.82023 -156.408
-4.99604 130.258
-4.60088 267.884
-4.97326 138.866
-5.29639 26.9613
-5.6968 -111.791
-5.6934 -110.263
-5.41355 -12.6966
-5.03408 119.475
-4.91692 160.523
-5.2766 35.9192
-5.33853 14.7552
-5.28957 32.1096
-5.20674 61.2307
-5.17383 73.0132
-5.31668 23.7339
-5.90219 -179.32
-5.90059 -178.419
-5.35751 10.5935
-4.83448 192.636
-4.68938 243.391
-5.07185 110.87
-5.50942 -40.7911
-6.09777 -244.834
-5.61902 -78.1696
-5.51155 -40.4904
-5.6893 -101.892
-5.47735 -27.9116
-5.34624 17.9816
-5.39519 1.32467
-5.19269 72.0197
-5.05266 121.012
-5.30817 32.5944
-5.74939 -120.334
-5.41218 -2.8417
-5.18571 76.1817
-5.2562 52.0401
-5.60554 -68.9704
-5.48173 -25.6119
-4.98267 148.104
-4.94756 160.648
-5.32064 31.3922
-5.54198 -45.1553
-5.75433 -118.577
-5.52542 -38.7062
-5.31033 36.3626
-5.38785 9.77757
-5.61796 -69.8129
-5.73301 -109.433
-5.1411 96.5414
-5.08087 117.811
-5.09017 114.928
-5.33915 28.7824
-5.46773 -15.5389
-5.20493 76.1049
-5.13329 101.34
-5.5111 -29.5628
-5.59583 -58.6498
-5.48661 -20.3591
-5.41383 5.26983
-5.32328 37.0734
-5.17375 89.3689
-5.2032 79.4828
-5.71163 -96.7962
-5.77003 -116.736
-5.76843 -115.832
-5.21313 77.4254
-5.21059 78.6533
-5.47633 -13.3168
-5.58463 -50.5903
-5.81908 -131.691
-5.86973 -148.939
-5.68388 -84.0273
-4.85496 204.283
-4.38489 367.928
-4.58117 300.091
-5.32584 41.7437
-6.34414 -311.662
-6.37242 -321.138
-5.52273 -25.6131
-4.53099 319.26
-4.72928 250.723
-5.36207 31.2403
-5.74172 -100.301
-5.61985 -57.6156
-5.20334 87.4237
-5.29735 55.1158
-5.59495 -47.9245
-5.72767 -93.6822
-5.34777 38.641
-4.86578 206.428
-5.03081 149.445
-5.84479 -132.98
-5.72656 -91.559
-5.45925 1.64881
-5.18034 98.8893
-5.14221 112.485
-5.0676 138.748
-5.34371 43.1781
-5.57986 -38.5111
-5.71781 -86.0874
-5.34857 42.5326
-4.89351 200.965
-5.01396 159.468
-5.57037 -33.4773
-5.77872 -105.51
-5.62981 -53.4338
-5.60027 -42.8218
-5.38476 32.3914
-5.6245 -50.5465
-5.65814 -61.8849
-5.37932 35.3217
-5.15761 112.69
-5.84682 -126.391
-5.78484 -104.512
-5.28671 68.8835
-4.9906 172.1
-5.19313 102.088
-5.07429 143.721
-5.10501 133.396
-5.47567 4.97691
-5.76431 -94.9456
-5.76318 -94.2081
-5.30995 63.5923
-4.88284 212.313
-5.4205 25.8826
-5.83422 -117.496
-5.66283 -57.608
-5.74796 -86.8336
-5.5043 -1.83951
-5.82169 -111.753
-5.78068 -97.1579
-5.29157 73.1009
-4.94862 192.59
-5.35028 53.4019
-5.78234 -96.3473
-5.79327 -99.7973
-5.42219 29.4623
-5.2343 95.0836
-5.16094 120.914
-5.20924 104.483
-5.30555 71.3711
-5.30368 72.371
-5.64473 -45.7618
-5.66705 -53.1695
-5.74364 -79.4297
-5.61659 -34.9453
-5.5229 -2.04884
-5.54388 -8.99143
-5.41882 34.8006
-5.13607 133.376
-4.91711 209.789
-5.17472 120.643
-5.52875 -1.9992
-5.59406 -24.3391
-5.31252 73.8146
-5.35594 59.0765
-5.84282 -109.713
-6.37345 -293.705
-6.06046 -184.626
-5.29688 80.9858
-4.68646 293.388
-4.98777 189.062
-5.91481 -132.637
-5.87241 -117.563
-5.36104 60.4313
-5.08884 155.34
-5.89829 -125.509
-6.08399 -189.673
-5.93375 -137.135
-6.0231 -167.827
-6.15752 -214.177
-5.70595 -56.9567
-5.42379 41.4114
-4.87521 232.334
-5.05003 171.949
-5.2971 86.4655
-5.89661 -121.452
-5.97369 -147.883
-5.06696 167.457
-4.5594 344.128
-4.99403 193.488
-5.83515 -98.3636
-6.18815 -220.648
-5.50174 18.1564
-5.34727 72.1658
-5.61718 -21.254
-5.85251 -102.659
-5.6913 -46.3082
-5.58009 -7.32725
-5.31705 84.4004
-5.29268 93.2144
-5.41249 51.9374
-5.36233 69.7116
-5.77755 -74.1866
-6.36442 -277.714
-6.15434 -204.387
-5.96309 -137.601
-5.52703 14.2335
-5.64239 -25.4958
-6.02365 -157.595
-6.00684 -151.41
-5.94203 -128.546
-6.15166 -201.024
-6.14469 -198.255
-5.71051 -47.0755
-5.41158 57.1195
-5.91916 -118.864
-5.78876 -73.2183
-5.1175 160.323
-5.29314 99.6531
-5.59695 -5.53994
-5.64697 -22.5713
-5.3901 67.0142
-5.10371 166.851
-5.66148 -26.5677
-6.26556 -236.075
-6.05598 -162.921
-5.69801 -38.2159
-5.39914 65.9576
-4.97835 212.483
-5.59811 -2.46996
-6.08971 -172.901
-5.77506 -63.2476
-5.10312 170.53
-4.96696 218.178
-5.32759 93.246
-5.71622 -41.4147
-6.15125 -192.198
-6.2816 -237.133
-5.69509 -33.0347
-5.09047 177.355
-5.38348 75.9114
-6.04984 -155.228
-6.17264 -197.544
-5.99186 -134.395
-5.71247 -36.9864
-5.30463 105.041
-5.19021 145.137
-5.24671 125.856
-5.68221 -25.0867
-5.73015 -41.393
-5.49043 42.2345
-5.15402 159.447
-5.20847 140.878
-5.73563 -41.9073
-6.23014 -213.348
-6.14604 -183.787
-5.54312 26.0142
-5.57065 16.7967
-5.64481 -8.61981
-5.66045 -13.7035
-5.61606 2.06481
-5.59404 10.059
-5.51034 39.4836
-5.54262 28.6194
-5.7377 -38.8053
-5.37786 86.5497
-5.36385 91.7657
-5.57295 19.471
-5.9145 -98.8339
-5.59327 13.1057
-5.57425 20.0621
-5.67007 -12.8772
-5.7482 -39.6722
-5.73796 -35.7678
-5.82885 -66.9944
-5.61106 9.01196
-5.72748 -31.0834
-5.60635 11.3426
-5.32838 108.255
-5.22498 144.522
-5.47847 56.8089
-5.51603 44.1072
-5.85567 -73.533
-5.47717 58.3037
-5.17982 161.949
-5.69613 -17.0673
-5.82879 -62.8054
-5.66839 -6.73617
-5.81036 -55.7074
-6.08287 -150.028
-5.83515 -63.6268
-5.21433 152.39
-4.76567 308.6
-5.31685 117.472
-6.02238 -127.279
-6.04549 -134.959
-5.31659 118.603
-5.61648 14.7697
-5.9603 -104.321
-5.81474 -53.4095
-5.3249 117.106
-5.3098 122.7
-6.00194 -117.398
-6.11302 -155.638
-6.34726 -236.667
-6.41299 -259.154
-5.91936 -87.3222
-5.92211 -87.9279
-5.72922 -20.5724
-5.38802 98.3055
-5.75373 -28.3932
-5.8902 -75.4537
-5.73655 -21.729
-5.90027 -78.2573
-6.14321 -162.306
-6.17095 -171.596
-5.79345 -40.1055
-6.13166 -157.253
-5.94235 -91.1408
-5.77569 -32.8947
-5.9341 -87.5783
-6.16526 -167.533
-5.81144 -44.2727
-5.80645 -42.1911
-6.15988 -164.623
-5.60739 27.6572
-5.33528 122.533
-5.35771 115.088
-5.64819 14.5254
-6.01788 -113.556
-6.02668 -116.265
-6.21837 -182.513
-6.14807 -157.741
-6.02291 -113.915
-6.27041 -199.548
-5.93526 -82.7707
-6.11295 -144.151
-5.87724 -61.9196
-5.48996 72.9677
-5.7347 -11.706
-6.05663 -123.198
-6.10127 -138.357
-6.08753 -133.235
-5.92571 -76.673
-5.95108 -85.1408
-5.71084 -1.33279
-6.18675 -166.315
-6.39002 -236.583
-5.80499 -32.9979
-5.70993 0.37045
-5.82729 -40.0513
-6.13323 -145.986
-6.09 -130.621
-6.05398 -117.759
-5.67833 13.0873
-5.61128 36.7275
-5.48307 81.6118
-5.38374 116.468
-5.58908 45.4826
-5.93168 -73.1875
-5.90863 -64.8353
-5.48941 81.1466
-5.49212 80.5531
-5.96924 -84.8482
-5.98062 -88.452
-5.6537 25.4633
-5.38074 120.636
-5.34579 133.127
-5.95128 -76.8729
-6.10079 -128.464
-5.71178 7.02421
-5.27193 160.175
-5.52336 73.1751
-5.93826 -70.6127
-5.99043 -88.3874
-5.64982 30.2846
-5.39743 118.311
-5.40584 115.74
-5.53966 69.5967
-5.68435 19.6811
-5.74611 -1.42851
-5.54315 69.4255
-5.47183 94.5506
-5.62115 43.0245
-5.79748 -17.8834
-6.01587 -93.4028
-6.06974 -111.769
-5.75427 -1.83219
-5.20186 190.42
-5.3213 149.275
-5.53931 73.889
-5.86947 -40.4626
-5.93865 -64.1456
-5.57274 63.3164
-5.44818 106.935
-5.14876 211.3
-4.94323 283.049
-5.21925 187.506
-5.58515 60.7422
-5.78571 -8.58286
-6.14816 -134.148
-6.1746 -142.987
-5.44536 110.693
-5.33837 148.208
-5.53763 79.3348
-5.88905 -42.398
-5.67409 32.6224
-5.75725 4.0815
-6.04122 -94.2193
-5.776 -1.73593
-5.86016 -30.6274
-6.20575 -150.334
-5.95185 -61.7854
-5.46229 108.634
-5.26227 178.467
-5.55308 77.7872
-6.03795 -90.3065
-6.07525 -102.916
-5.66968 38.3261
-5.41496 127.161
-5.50944 94.6843
-5.8853 -35.5398
-5.93258 -51.6144
-5.72495 20.8621
-5.44173 119.599
-5.31689 163.313
-5.57297 74.7016
-5.7326 19.5924
-5.679 38.5611
-5.65228 48.1912
-5.63428 54.7913
-5.44478 120.971
-5.42568 127.954
-5.66151 46.375
-5.82414 -9.77537
-5.54143 88.7853
-5.42001 131.311
-6.01913 -76.472
-6.16205 -125.773
-5.85366 -18.2924
-4.88 320.297
-4.59085 421.095
-5.65196 52.8189
-6.01068 -71.4529
-6.22438 -145.344
-6.10755 -104.409
-5.43046 131.156
-5.0233 272.947
-5.30737 174.611
-5.709 35.434
-5.92131 -37.9745
-5.53692 95.9098
-5.26968 189.095
-5.42743 134.639
-5.62802 65.3024
-6.22441 -141.532
-6.28017 -160.554
-5.64324 61.0586
-5.73765 28.6087
-5.60628 74.5912
-5.76063 21.3207
-5.97975 -54.4558
-5.74175 28.5725
-5.90316 -27.1534
-5.83525 -3.21339
-5.75683 24.3781
-5.47936 121.117
-5.04146 273.587
-5.45317 130.909
-6.032 -69.8253
-6.08197 -86.8378
-6.13795 -105.939
-6.23689 -139.963
-5.53129 105.506
-5.06423 268.108
-5.50003 117.062
-5.81662 7.42748
-6.03877 -69.4005
-5.78733 18.2984
-6.00602 -57.3283
-6.08746 -85.2731
-5.7013 49.2244
-5.57068 94.9494
-5.83399 3.8248
-6.0792 -81.0138
-6.00813 -55.9746
-5.41285 151.169
-5.61704 80.5802
-6.12389 -95.1488
-5.91772 -23.1777
-5.5814 94.0063
-5.73857 39.7507
-5.5136 118.253
-5.32331 184.705
-5.35724 173.268
-5.60905 86.1367
-5.82505 11.4472
-5.88209 -8.02167
-5.67394 64.6355
-5.59526 92.318
-5.4822 131.942
-5.38873 164.759
-5.43249 149.905
-5.78501 27.7871
-6.17091 -105.923
-5.83439 11.3279
-5.45007 145.186
-5.26598 209.486
-5.54913 111.467
-5.65301 75.7287
-5.34438 183.292
-5.4385 150.944
-5.50334 128.764
-5.75322 42.3052
-5.31033 196.511
-5.05785 284.569
-5.42671 156.775
-6.10443 -78.315
-6.09475 -74.6023
-5.74412 47.5506
-5.44326 152.416
-5.57946 105.45
-5.59452 100.563
-5.46287 146.647
-5.4428 153.964
-5.71392 60.126
-5.75963 44.5944
-5.27616 212.898
-5.10607 272.333
-5.49372 138.013
-5.90428 -4.26746
-5.8272 22.8596
-5.65419 83.3099
-5.32556 197.821
-5.52131 130.165
-5.94515 -16.7283
-6.1645 -92.5805
-5.90044 -0.500913
-5.73094 58.729
-5.74294 54.9099
-5.61464 99.828
-5.49024 143.392
-5.70625 68.6987
-5.9527 -16.5704
-5.79573 38.3063
-5.78939 40.8586
-5.87874 10.1636
-5.58544 112.403
-5.50009 142.401
-5.47498 151.471
-5.64789 91.7499
-5.76956 49.829
-5.40911 175.397
-5.51773 138.01
-6.03768 -42.2718
-5.99685 -27.7407
-5.63837 97.1407
-5.42255 172.463
-5.45517 161.478
-5.51453 141.205
-5.72729 67.6416
-6.32322 -139.033
-6.10317 -62.2422
-5.40234 181.57
-5.22151 244.735
-5.29255 220.405
-5.43571 171.019
-5.80181 44.1853
-6.29336 -126.23
-6.25367 -112.093
-5.61712 109.389
-5.10514 287.596
-5.88786 16.0289
-5.94572 -3.7229
-5.66141 95.3901
-5.40092 186.232
-5.3933 189.226
-6.04364 -36.353
-5.78204 54.8743
-5.45047 170.408
-5.71326 79.4631
-5.81461 44.6029
-5.80175 49.4159
-5.62068 112.668
-5.76487 62.9247
-5.42957 179.751
-5.39194 193.171
-5.74123 72.178
-6.37977 -149.301
-6.76982 -284.455
-6.00231 -17.479
-5.77142 63.0796
-5.3415 212.78
-5.13258 285.703
-5.89077 22.6609
-6.12379 -57.9435
-5.73149 78.689
-5.95624 0.960488
-5.49283 162.292
-5.41507 189.652
-6.00422 -14.6655
-6.15269 -65.897
-5.64427 111.073
-5.39223 198.978
-5.55708 142.056
-6.11734 -52.2288
-5.99368 -8.92109
-5.57647 136.361
-5.44231 183.315
-5.69809 94.8076
-6.00189 -10.3839
-6.079 -36.8229
-6.06377 -31.1853
-5.80759 58.1587
-5.8525 42.9021
-5.5988 131.386
-5.31788 229.323
-5.5796 138.749
-5.96458 5.35631
-5.96246 6.44119
-6.16682 -64.2039
-6.13776 -53.7622
-6.21029 -78.6126
-5.78853 68.2536
-5.66695 110.838
-5.91663 24.4453
-6.63615 -225.164
-6.33586 -120.497
-5.47316 179.547
-5.31045 236.42
-5.77204 76.4118
-6.27726 -98.7522
-6.13771 -49.9237
-5.55176 153.98
-5.56113 151.073
-6.09135 -32.7773
-5.93383 22.2911
-5.56791 149.757
-5.66408 116.698
-5.87788 42.7708
-6.20272 -69.7283
-5.77265 80.0229
-5.22261 271.451
-5.43357 198.513
-5.67913 113.553
-6.01215 -1.79065
-6.10221 -32.7276
-6.04696 -13.1857
-5.67365 116.847
-5.27665 255.108
-5.89301 41.3374
-6.40648 -136.692
-6.23207 -75.7548
-5.86499 52.1112
-5.90716 37.8094
-5.66804 121.228
-5.62239 137.433
-5.69417 112.844
-5.78749 80.7727
-6.29009 -93.481
-6.19175 -58.9703
-5.35649 231.542
-4.96906 366.48
-5.49561 183.909
-6.63903 -212.964
-6.40161 -130.136
-6.10047 -25.175
-5.66231 127.385
-5.18507 293.524
-5.35149 236.059
-6.0095 7.81484
-6.04831 -5.31967
-5.42791 210.551
-5.34408 240.023
-5.93102 36.4689
-6.12933 -32.0755
-5.58406 157.696
-5.45747 202.02
-5.97946 21.0322
-6.34688 -106.261
-6.08517 -14.9985
-5.61054 150.233
-5.77128 94.7399
-5.85597 65.6696
-6.05808 -4.198
-5.83068 75.1492
-5.30376 258.547
-5.41781 219.273
-5.98408 22.9009
-6.04785 1.09481
-5.99956 18.2175
-5.94779 36.5487
-5.49503 194.183
-5.55119 175.023
-6.2214 -57.4587
-6.5176 -160.011
-5.96486 32.3565
-5.78973 93.5442
-5.8068 87.9605
-5.81162 86.6329
-5.40791 227.226
-5.33699 252.211
-6.10106 -12.8744
-6.42136 -123.799
-6.33885 -94.7858
-6.08437 -6.0344
-5.76488 105.304
-5.76862 104.349
-6.08218 -4.23051
-6.23566 -57.2026
-6.15211 -27.8289
-6.01419 20.4306
-5.85411 76.3885
-6.05248 7.82206
-6.26286 -64.9143
-6.25257 -60.9908
-5.86937 72.4785
-6.01703 21.5264
-5.68384 137.625
-5.83124 86.7663
-6.01787 22.2779
-6.20037 -40.7744
-6.13083 -16.2683
-5.71468 128.647
-5.81009 95.8509
-5.88822 69.0562
-5.65417 150.71
-5.44406 224.048
-5.57097 180.307
-5.81341 96.4339
-5.99493 33.7212
-6.43469 -118.7
-6.11612 -7.68266
-6.00121 32.5833
-6.06226 11.7202
-5.71457 132.853
-5.94337 53.7175
-5.93808 55.9011
-6.07914 7.2464
-5.954 51.0687
-5.57491 183.109
-6.22586 -42.6798
-6.20217 -34.1044
-6.09394 3.84113
-6.19481 -30.8505
-5.75563 122.063
-5.57678 184.542
-5.95696 52.8188
-6.64914 -187.296
-6.68054 -197.856
-6.05558 19.6002
-5.62669 168.942
-5.90633 72.1452
-5.64804 162.22
-5.75041 127.005
-5.86636 87.0715
-5.92284 67.7993
-5.67993 152.53
-5.60447 179.093
-5.92529 67.9885
-6.13368 -4.05931
-5.79443 114.143
-5.62794 172.329
-5.82056 105.762
-6.26973 -49.9327
-6.26845 -49.1396
-5.85319 95.4676
-5.76443 126.651
-5.71887 142.825
-5.79482 116.788
-6.21309 -28.1714
-6.02421 37.7935
-5.4529 236.612
-5.54174 206.096
-6.17641 -14.0382
-6.09853 13.3645
-5.85683 97.6755
-5.98928 52.0128
-6.6243 -168.243
-6.30886 -58.3141
-5.64237 173.569
-5.6086 185.647
-6.0658 27.1678
-6.22584 -28.0817
-5.49309 226.819
-5.15129 345.903
-5.40753 257.235
-5.70591 153.927
-6.14814 0.646111
-5.86006 101.072
-5.57573 200.192
-5.79957 122.779
-6.18129 -9.48145
-6.34235 -65.0831
-6.17669 -7.18886
-6.02857 44.6168
-6.07779 27.8636
-5.97103 65.3001
-6.02786 45.9051
-6.28673 -43.6794
-5.74319 145.493
-5.42839 255.199
-5.99893 57.3438
-6.37365 -72.4848
-6.01754 51.5757
-6.00935 54.7668
-6.33549 -58.1859
-5.91108 89.6013
-5.53563 220.378
-5.75497 144.525
-6.08535 30.1018
-6.27539 -35.5708
-6.44346 -93.6091
-5.7642 142.71
-5.18713 343.529
-5.30439 303.14
-5.86251 109.599
-6.09305 29.8599
-6.25268 -25.2478
-6.18318 -0.757458
-5.75118 149.665
-5.60737 199.971
-6.01337 59.277
-6.02192 56.6532
-6.13809 16.6448
-5.95825 79.4657
-6.58849 -139.128
-6.4515 -91.1898
-6.13347 19.6399
-6.58266 -136.062
-6.41582 -77.7549
-5.96662 78.6433
-5.8978 102.897
-6.23442 -13.6943
-6.39602 -69.4876
-5.82044 130.817
-5.95278 85.189
-6.31378 -39.8754
-5.91877 97.6976
-5.93991 90.7029
-6.44293 -83.6986
-6.21041 -2.5735
-6.49863 -102.352
-6.64577 -153.12
-6.30197 -33.3386
-5.79023 144.784
-5.82624 132.621
-5.98777 76.854
-6.27361 -22.0963
-5.84758 126.251
-6.2379 -8.99875
-6.40038 -65.0942
-6.27965 -22.8076
-6.38514 -59.1055
-6.66961 -157.583
-6.22555 -2.97146
-5.61091 210.899
-6.15073 23.7178
-6.52247 -105.078
-6.09663 43.2047
-6.25789 -12.4676
-6.84773 -217.028
-6.36195 -47.923
-6.139 29.8772
-6.28134 -19.2239
-6.16611 21.1524
-6.24749 -6.77049
-5.8778 122.005
-6.37045 -48.7901
-6.42189 -66.3152
-5.91784 109.139
-6.12718 36.7618
-6.35149 -40.8159
-6.08397 52.4684
-5.71541 180.851
-6.2085 9.90031
-6.63378 -137.492
-6.59792 -124.687
-6.06494 60.8148
-6.31172 -24.5663
-6.4332 -66.4206
-6.32539 -28.6226
-6.16783 26.4628
-6.42706 -63.2475
-6.46438 -75.8658
-5.9658 97.6872
-6.23849 3.30287
-6.01406 81.6165
-5.9843 92.3026
-6.31875 -23.5376
-6.54928 -103.273
-6.76954 -179.443
-6.09535 55.1125
-6.00522 86.7712
-6.48611 -79.9403
-6.66086 -140.298
-6.17886 27.4943
-5.58693 233.475
-5.70279 193.571
-6.35865 -33.9248
-7.11476 -296.245
-6.70681 -154.176
-5.28273 340.888
-4.56445 590.762
-5.40382 299.518
-6.68336 -144.642
-5.59958 232.205
-5.19296 373.812
-5.55589 248.079
-6.92619 -227.611
-6.91013 -221.684
-6.04291 79.932
-5.93277 118.543
-6.08774 65.0541
-6.32658 -17.5708
-6.02589 87.235
-5.59755 236.386
-5.93899 118.117
-6.71307 -150.447
-6.54669 -92.3007
-5.95178 114.715
-6.03874 84.8544
-6.67815 -136.924
-6.57461 -100.609
-5.72764 193.971
-5.58512 243.83
-5.83598 157.031
-5.80271 168.933
-5.99245 103.368
-6.09894 66.7197
-6.26094 10.7892
-6.35553 -21.7218
-6.06451 79.7223
-5.84194 157.392
-6.04716 86.445
-6.34154 -15.4719
-6.07501 77.4641
-5.77585 181.74
-5.81416 168.779
-6.3356 -12.0209
-6.5674 -92.1977
-5.98158 111.658
-5.65711 224.727
-5.70337 209.004
-6.01677 100.477
-6.17581 45.5758
-6.11489 67.0849
-6.10771 69.9283
-6.36824 -20.2308
-6.45949 -51.5834
-6.25691 19.1394
-6.42003 -37.1816
-6.26878 15.7087
-6.18891 43.8027
-6.33574 -6.85794
-6.26085 19.5048
-5.70019 214.623
-5.86528 157.621
-6.49434 -60.5652
-6.65303 -115.345
-6.43371 -38.8077
-6.02756 102.636
-5.77549 190.549
-6.18926 47.1558
-6.50175 -61.055
-6.116 73.299
-5.84468 167.902
-5.59379 255.408
-5.76284 197.03
-6.87496 -188.97
-6.57136 -83.1524
-5.61714 248.685
-5.75655 200.602
-6.49458 -55.4364
-6.88164 -189.553
-6.4633 -43.8747
-5.65101 238.656
-5.47899 298.762
-6.48857 -51.612
-7.26608 -321.368
-6.59983 -89.5693
-5.505 291.118
-5.479 300.497
-6.49434 -51.8804
-7.10159 -262.49
-5.97292 129.954
-5.28663 368.716
-6.15383 67.8002
-6.58345 -81.1007
-6.19316 54.8333
-6.14198 72.9593
-6.17314 62.4817
-6.39936 -15.7566
-6.24944 36.6725
-5.92521 149.655
-5.82782 183.836
-5.94744 142.628
-6.21718 49.2681
-6.19977 55.6634
-5.98359 131.11
-5.88499 165.712
-6.52103 -54.9003
-6.48087 -40.5992
-6.21036 53.7206
-6.23954 43.931
-6.36675 0.0868376
-6.40568 -13.0902
-6.19666 59.87
-6.1162 88.1684
-6.47506 -36.151
-6.49513 -42.7746
-6.26095 38.9262
-5.93821 151.391
-5.91563 159.581
-6.32351 18.2344
-6.47188 -32.9617
-6.20601 59.747
-6.41582 -12.7926
-6.41329 -11.5643
-6.38207 -0.372976
-6.09267 100.513
-6.4769 -32.6204
-6.58499 -69.8216
-6.51251 -44.297
-6.63284 -85.7512
-6.35193 12.1827
-6.37535 4.39324
-6.43562 -16.194
-6.09163 103.653
-5.90847 167.629
-6.11396 96.5899
-6.34856 15.438
-6.38276 3.9046
-5.96541 149.239
-5.98948 141.223
-6.42319 -9.09963
-6.43132 -11.5762
-6.19094 72.2797
-6.38584 4.91952
-6.61356 -73.8433
-6.46361 -21.4024
-6.05638 120.415
-5.9289 165.048
-6.28542 41.5404
-6.46132 -19.2186
-5.99762 142.217
-6.2008 71.9811
-6.47465 -22.8049
-6.42314 -4.56479
-5.89122 180.57
-6.28336 44.6878
-6.68476 -94.4093
-6.98135 -197.096
-6.95285 -186.845
-6.75229 -116.824
-6.83967 -146.834
-6.51146 -32.4669
-5.85332 196.514
-6.35855 21.349
-6.93914 -179.999
-6.90571 -168.04
-6.40024 7.90691
-6.14703 96.2181
-6.56346 -48.1018
-6.51187 -29.8306
-6.39284 11.8674
-6.27741 52.3159
-6.44583 -5.84669
-6.67305 -84.4355
-6.03917 136.121
-6.03416 138.207
-6.91089 -166.017
-6.87529 -153.304
-6.63782 -70.4578
-6.35466 28.2566
-6.10782 114.355
-6.381 19.8009
-6.79692 -124.341
-6.56918 -44.8753
-6.34465 33.473
-6.4982 -19.5239
-5.84952 206.172
-6.38301 21.1864
-6.30372 49.0792
-6.6772 -80.3178
-6.95873 -177.771
-6.74065 -101.665
-6.56425 -40.0357
-6.43599 4.86681
-6.37525 26.3155
-6.40142 17.5704
-6.05427 138.518
-6.23716 75.3282
-6.71947 -91.8764
-6.58192 -43.743
-6.1889 93.1377
-6.36761 31.4002
-6.87207 -143.497
-6.48182 -7.58035
-5.778 237.269
-5.92236 187.469
-6.67563 -73.8663
-6.77083 -106.591
-6.05323 143.047
-5.70744 263.518
-6.32891 47.9719
-6.26095 71.929
-5.96682 174.455
-6.27588 67.4356
-6.74459 -95.0425
-6.60354 -45.6966
-6.38928 29.085
-6.34174 45.9457
-6.46821 2.35711
-6.3492 44.0513
-6.66192 -64.2405
-6.58551 -37.3492
-6.65273 -60.3528
-6.35468 43.534
-6.16256 110.624
-6.66877 -64.8831
-6.90045 -145.021
-6.47071 4.6184
-6.2248 90.3923
-7.0103 -182.14
-6.60886 -42.3348
-6.31828 58.9608
-6.1939 102.516
-6.17689 108.775
-6.21573 95.6266
-6.52139 -10.2105
-6.80015 -106.703
-6.31153 63.3901
-6.16488 114.683
-5.91077 203.305
-6.44071 19.5562
-6.64531 -51.174
-6.70763 -72.4772
-6.07661 147.085
-6.20394 103.198
-6.46567 12.6226
-6.1342 128.12
-6.00225 174.304
-6.21736 99.9262
-6.80632 -104.328
-6.87925 -129.318
-6.84679 -117.695
-6.78877 -97.1916
-6.52293 -4.49142
-6.46848 14.7704
-6.33476 61.5729
-6.14161 129.018
-6.49014 8.29015
-6.59639 -28.2753
-6.37077 50.4532
-6.56436 -16.4517
-6.74598 -79.198
-6.4478 24.7348
-6.46161 20.2842
-6.53837 -6.03338
-6.0488 164.387
-6.26831 88.4775
-6.69152 -58.1945
-6.47721 16.6007
-6.73393 -72.2344
-6.27158 88.7301
-5.90558 216.227
-6.20448 112.737
-6.49132 13.4362
-6.28165 86.6233
-6.22523 106.572
-6.1916 118.599
-6.74541 -73.4423
-6.46515 24.2669
-6.54093 -1.71246
-6.80501 -93.1058
-6.11041 148.543
-5.75771 271.416
-5.80044 256.921
-5.94334 207.623
-6.22191 111.198
-6.51806 8.66366
-6.60173 -20.0548
-6.51062 11.9439
-6.11933 148.223
-6.24928 103.425
-6.42495 42.7477
-6.51991 10.1041
-6.82593 -95.8563
-7.03888 -169.487
-6.78893 -82.3092
-6.20126 122.192
-5.84497 246.315
-6.37536 62.4055
-6.99263 -151.682
-6.67371 -40.5458
-6.34536 73.8711
-5.96686 205.706
-6.07669 167.898
-6.07279 169.603
-6.26973 101.532
-6.47171 31.7122
-6.14612 145.168
-5.88144 237.466
-6.23149 116.208
-6.91638 -121.375
-6.50007 23.5985
-6.11657 157.171
-6.30862 90.8019
-6.36558 71.3629
-6.56689 1.77349
-6.62661 -18.6229
-6.18172 136.277
-6.38166 67.1665
-6.61618 -13.9587
-7.47161 -310.783
-6.86994 -101.42
-6.18074 138.355
-6.09054 170.036
-6.50793 25.3843
-6.84695 -92.0412
-6.9261 -119.19
-6.37567 72.3718
-6.23414 121.886
-6.80205 -75.055
-6.9732 -134.165
-6.65851 -24.4954
-6.52004 23.957
-6.87464 -98.8833
-6.7981 -71.9441
-6.52013 24.9655
-6.35142 83.924
-7.01312 -145.599
-7.02913 -150.815
-6.26502 114.982
-6.36842 79.407
-6.66084 -21.8304
-6.99771 -138.511
-7.13446 -185.668
-6.94911 -120.931
-6.67466 -25.2432
-6.65561 -18.2764
-6.77095 -57.997
-6.66459 -20.7003
-6.33052 95.7007
-6.37444 80.7891
-6.92687 -110.773
-6.80204 -67.0603
-6.48957 41.8353
-6.55332 20.0369
-6.63516 -8.04504
-6.34596 92.7666
-6.49805 40.2796
-6.27658 117.567
-6.53562 27.9236
-6.95088 -115.988
-6.94962 -115.204
-6.45214 57.9662
-6.76548 -50.5391
-6.99848 -131.133
-6.82887 -71.8646
-6.44939 60.3115
-6.2439 132.044
-6.42373 69.9218
-6.62725 -0.433128
-6.86471 -82.5799
-6.87502 -85.8129
-6.81218 -63.6362
-6.87048 -83.5404
-6.82372 -66.9509
-6.33481 103.244
-6.67321 -13.969
-6.80415 -59.1091
-6.49652 48.1071
-6.75582 -41.6249
-6.62985 2.48499
-6.28896 121.254
-6.49925 48.5491
-6.63535 1.61452
-6.94458 -105.463
-6.74199 -34.7367
-6.41456 79.3589
-6.82417 -62.5897
-6.7315 -30.0482
-6.60217 15.2263
-6.76745 -41.8429
-7.06311 -144.208
-6.82162 -59.9676
-6.78965 -48.513
-6.99312 -118.852
-6.4804 59.6125
-6.53206 42.0131
-6.44919 71.1503
-6.63495 6.96421
-6.73811 -28.5249
-6.88067 -77.7027
-6.59356 22.386
-6.27317 134.035
-6.66345 -1.19686
-7.04858 -134.643
-6.53899 42.7346
-6.57925 29.0957
-7.01262 -121.109
-6.7385 -25.533
-6.96183 -102.772
-7.01991 -122.598
-6.58227 29.7829
-6.46592 70.5491
-6.57185 34.0984
-6.36525 106.215
-6.79345 -42.1904
-6.85914 -64.6629
-6.55224 42.3005
-6.62062 18.8925
-6.49931 61.3806
-6.60757 24.1184
-6.69976 -7.55906
-6.77402 -33.0087
-6.73113 -17.7617
-6.19389 169.218
-6.17949 174.57
-6.39371 100.498
-6.87342 -65.8025
-7.04482 -124.999
-6.55652 44.9812
-6.56047 43.9552
-6.97018 -98.0266
-7.05096 -125.745
-6.51799 59.7549
-6.73537 -15.4151
-6.55764 46.6743
-6.65083 14.6487
-6.70577 -4.08834
-6.64296 18.0792
-6.58846 37.3594
-6.32042 130.822
-6.35273 119.946
-6.71985 -7.24348
-6.9241 -77.8505
-6.98822 -99.7796
-6.71462 -4.3829
-6.88038 -61.6217
-6.99919 -102.548
-6.94703 -84.0814
-6.73699 -10.7644
-7.09016 -133.109
-6.66405 15.2687
-6.52594 63.5932
-6.52334 64.8448
-6.76788 -19.7599
-6.81151 -34.5704
-6.63407 27.4205
-6.52539 65.5221
-6.51558 69.2791
-6.63289 28.871
-6.50291 74.3723
-6.46967 86.27
-6.71727 0.599706
-6.60477 40.0292
-7.07523 -123.059
-6.77589 -18.7221
-6.50299 76.4299
-6.51944 71.0646
-5.68459 361.434
-6.10351 216.25
-7.08199 -123.323
-7.35264 -216.996
-6.57924 52.0264
-6.09576 220.331
-6.7097 7.40108
-7.0273 -102.585
-6.30986 146.996
-6.37657 124.171
-6.52342 73.5018
-6.95739 -76.9085
-6.72665 3.59574
-6.82659 -30.7773
-6.79171 -18.3096
-6.74119 -0.412394
-6.7497 -3.02129
-6.77933 -12.9685
-6.6722 24.5959
-6.93803 -67.4063
-6.74846 -1.20258
-6.6067 48.3908
-6.41707 114.617
-6.86206 -39.6246
-7.26875 -180.559
-7.04651 -103.008
-6.66467 29.9903
-6.54072 73.3965
-6.61046 49.5176
-6.40712 120.503
-6.89452 -48.4699
-7.12252 -127.328
-7.08382 -113.535
-6.62488 46.2459
-6.73432 8.57444
-6.32499 151.119
-6.38654 130.086
-7.26062 -173.217
-7.04149 -96.7471
-6.6016 56.4162
-6.89473 -45.0677
-6.68618 27.7307
-6.25193 178.933
-6.41451 122.801
-6.77121 -0.767723
-6.9423 -59.8566
-6.61203 55.2247
-6.34394 148.705
-6.37845 137.066
-6.41608 124.339
-6.47758 103.323
-6.80964 -11.6863
-6.8591 -28.5209
-6.51682 90.7314
-6.84695 -23.6044
-7.081 -104.567
-6.52128 90.2263
-6.65203 45.1508
-6.59594 64.983
-6.37705 141.371
-6.63118 53.4352
-6.80559 -6.80547
-6.96548 -62.0016
-6.4354 122.49
-5.76843 354.539
-6.03298 262.986
-6.90476 -39.5193
-6.94197 -52.0979
-6.37383 145.619
-6.03608 263.299
-6.71991 26.0851
-7.23611 -152.892
-7.17872 -132.606
-6.89761 -34.6032
-6.52904 93.7831
-6.37551 147.465
-6.90858 -37.3716
-6.82578 -8.26128
-6.80044 0.889953
-6.64105 56.6095
-6.45985 119.903
-6.16723 221.906
-6.69086 40.3455
-6.93966 -45.7366
-7.01638 -72.0442
-6.95846 -51.5737
-6.95021 -48.3598
-6.54747 91.8967
-6.61281 69.544
-6.56043 88.0881
-6.61187 70.5654
-6.38651 149.201
-6.51466 105.031
-6.57515 84.3661
-7.02938 -73.0845
-7.13232 -108.498
-7.08617 -92.1181
-6.70269 41.447
-7.32042 -172.8
-7.31581 -170.854
-6.76911 19.4143
-6.15505 233.086
-6.58723 83.2961
-7.06264 -81.514
-7.11789 -100.358
-6.76176 23.7056
-6.35596 165.028
-6.36373 162.675
-6.65527 61.7412
-6.91414 -27.84
-6.90074 -22.8392
-7.22574 -135.393
-7.13961 -105.126
-6.4817 123.778
-6.25729 202.082
-7.14293 -105.238
-7.2135 -129.403
-7.10592 -91.6855
-6.75101 31.9575
-7.07706 -80.9632
-7.15442 -107.491
-7.07488 -79.5132
-6.63161 74.8262
-6.39332 157.953
-7.3809 -184.779
-7.16898 -110.813
-6.53562 109.562
-6.32547 182.915
-6.49587 124.065
-6.49263 125.538
-6.83778 5.9818
-7.25724 -139.389
-7.25664 -138.832
-6.62726 80.1581
-6.3859 164.354
-6.46486 137.269
-6.68721 60.3744
-7.33471 -164.217
-7.40459 -188.145
-6.43864 147.768
-6.18953 234.654
-6.74441 42.2391
-6.86181 1.80435
-6.47482 136.59
-6.25903 211.899
-6.30255 197.128
-6.84274 9.81854
-6.77643 33.1997
-6.86042 4.37162
-6.89639 -7.77891
-6.65279 77.1953
-6.39633 166.637
-6.45284 147.351
-6.38367 171.729
-6.30208 200.42
-6.28832 205.548
-7.02743 -50.8697
-7.47303 -205.322
-7.48459 -208.989
-7.53765 -227.076
-6.79207 32.2827
-6.23871 224.866
-6.56941 110.329
-6.72923 55.1552
-6.6237 92.1625
-6.29314 207.346
-6.32765 195.706
-6.82054 24.8232
-6.83408 20.4673
-6.78778 36.8988
-6.88793 2.45719
-6.75861 47.7287
-6.49974 138.007
-6.8494 16.8846
-6.58217 110.066
-6.48558 143.967
-6.64036 90.5451
-6.16318 256.664
-6.08513 284.122
-6.80154 35.5929
-6.66407 83.6996
-6.57524 114.904
-6.7776 44.9518
-6.76428 49.9285
-6.63175 96.3167
-6.68536 78.0374
-7.06829 -54.6406
-7.1546 -84.2787
-7.14393 -80.2233
-6.41121 174.667
-6.36158 192.255
-6.76291 53.1814
-7.0096 -32.168
-6.51797 138.968
-6.37003 190.708
-6.72746 66.8879
-7.02215 -35.1403
-7.07466 -53.0349
-6.69003 80.9311
-6.24785 234.892
-6.87807 16.3021
-7.18215 -88.9857
-6.76382 56.6884
-6.78791 48.6664
-6.36081 197.387
-6.42829 174.291
-7.04669 -40.1887
-7.20021 -93.1743
-6.48442 155.833
-6.19078 258.19
-6.65491 97.3028
-6.37327 195.491
-6.01905 318.89
-6.2295 246.128
-6.97946 -14.057
-7.07202 -45.864
-6.65181 100.464
-6.53589 141.081
-6.50641 151.669
-6.58912 123.283
-6.72287 77.166
-6.66675 97.0083
-6.79529 52.7032
-7.02936 -28.2634
-7.34261 -136.738
-7.18498 -81.6311
-6.08494 300.864
-6.55106 139.283
-7.40274 -156.237
-7.55804 -209.84
-7.12908 -60.4749
-6.75948 68.2713
-6.49281 161.257
-6.61588 118.851
-6.27928 236.133
-6.89547 22.4191
-7.45988 -173.307
-7.30915 -120.597
-6.94 7.99046
-7.39409 -149.413
-7.24737 -98.0949
-6.65159 109.226
-6.62777 117.846
-6.84695 42.0525
-7.13917 -59.115
-7.65208 -236.952
-7.28051 -107.522
-7.00378 -11.0412
-6.97584 -0.98578
-7.44225 -162.668
-7.23032 -88.6969
-6.63327 119.062
-6.7363 83.619
-7.3144 -116.863
-7.30648 -113.766
-6.62391 123.702
-6.68732 102.023
-6.981 0.347654
-7.20458 -76.9764
-7.13709 -53.1822
-6.71904 92.3934
-6.77631 72.847
-7.15997 -60.0872
-6.90706 28.1174
-6.39213 207.35
-6.60379 134.169
-7.12566 -46.7817
-7.41117 -145.616
-7.59783 -210.115
-7.46383 -163.215
-6.94216 18.358
-6.84538 52.3238
-6.66235 116.257
-6.88614 38.8588
-7.27232 -94.9513
-7.5313 -184.571
-8.31013 -454.785
-7.79261 -274.653
-7.0377 -12.055
-6.10263 313.131
-6.15454 295.444
-6.42799 200.799
-7.03617 -10.1336
-7.25632 -86.2663
-7.0151 -2.12007
-6.44407 196.601
-6.31506 241.767
-7.01168 0.111138
-7.29897 -99.3428
-7.37686 -126.057
-7.12932 -39.7139
-6.5829 150.456
-6.65372 126.2
-7.03489 -5.86907
-7.30557 -99.5522
-6.74827 94.3977
-6.3662 227.475
-6.59168 149.493
-6.46293 194.565
-6.78618 82.6176
-6.83348 66.5339
-6.97429 17.9634
-7.12695 -34.7225
-6.70079 113.672
-6.43002 208.082
-6.68121 121.17
-6.99045 14.0882
-6.7177 109.185
-6.26067 268.305
-6.70997 112.567
-7.14374 -37.775
-7.10945 -25.5156
-7.22239 -64.4042
-7.07438 -12.639
-6.77407 92.0359
-6.2598 271.036
-6.38544 227.737
-6.52979 177.938
-7.08361 -14.1076
-7.58907 -189.353
-7.3192 -95.2548
-6.82995 75.0555
-6.45341 206.21
-6.46054 204.081
-7.20583 -54.483
-7.54075 -170.484
-7.41896 -127.829
-6.76811 98.6213
-6.6834 128.398
-7.30671 -87.7897
-7.43827 -133.146
-6.66177 136.952
-6.159 311.959
-6.6307 148.441
-7.62141 -195.379
-7.52106 -160.169
-6.90854 52.9631
-6.65983 139.712
-6.69934 126.334
-6.70113 126.059
-7.08934 -8.45585
-7.53291 -162.204
-7.449 -132.706
-6.83128 82.237
-6.70597 126.114
-6.9664 35.9903
-7.05851 4.33998
-6.98099 31.6165
-6.955 40.9923
-7.01996 18.7717
-7.0431 11.0816
-6.49964 200.224
-6.79488 98.0071
-7.60812 -184.16
-7.69206 -212.975
-7.00935 24.5421
-6.45574 217.211
-6.47513 210.824
-7.22884 -50.6643
-7.55521 -163.697
-7.35644 -94.2978
-6.85888 78.902
-6.34636 257.293
-6.34789 257.11
-7.23754 -51.6011
-7.47286 -133.004
-6.95574 46.9889
-6.79943 101.637
-6.99905 32.6372
-7.49508 -139.334
-7.27596 -62.8642
-6.80586 100.794
-6.49425 209.392
-6.49257 210.324
-6.4224 235.046
-6.87702 77.4628
-7.55436 -157.496
-7.61074 -176.733
-6.66734 151.345
-6.47756 217.623
-6.97851 43.9419
-7.49096 -133.734
-7.15294 -15.9607
-6.61243 172.159
-6.82448 98.8406
-7.33974 -79.8114
-6.98578 43.4993
-6.9322 62.4602
-6.80146 108.228
-7.03913 26.0112
-7.27689 -56.2392
-7.03656 27.597
-7.09889 6.29073
-7.13605 -6.27204
-6.89386 78.2125
-6.76896 121.95
-6.4952 217.401
-6.6953 148.235
-7.14208 -6.62782
-6.97741 50.9236
-6.5531 198.674
-6.45495 233.12
-6.80224 112.82
-6.87624 87.4609
-6.88263 85.5872
-7.01578 39.6777
-6.86209 93.4181
-6.53003 209.122
-6.39686 255.732
-6.46326 233.011
-6.96296 59.7675
-7.28769 -52.6961
-7.30498 -58.3537
-6.94284 67.7974
-6.5485 205.136
-6.35082 274.157
-6.3053 290.317
-6.75765 133.523
-7.0924 17.5784
-7.23931 -33.1103
-7.1072 13.1319
-6.83375 108.474
-6.84412 105.218
-6.38645 264.558
-6.86446 98.8478
-7.26348 -39.4238
-6.89804 87.8757
-6.45097 243.534
-6.71471 152.259
-6.96312 66.3108
-6.98209 60.0684
-6.77183 133.458
-7.00082 54.2575
-7.22377 -22.8468
-6.56166 207.513
-6.18424 338.975
-6.95712 70.8269
-7.29357 -45.7083
-6.68207 167.073
-6.23698 322.041
-6.47003 241.43
-7.11893 16.3506
-7.10306 22.2129
-6.93078 82.4081
-6.88804 97.6052
-6.88669 98.4211
-6.97478 68.1663
-6.97094 69.8464
-6.8375 116.551
-6.87207 104.889
-7.0582 40.5761
-6.80022 130.545
-6.86096 109.792
-7.13645 14.4352
-7.0673 38.8034
-7.12322 19.7242
-7.2729 -31.927
-6.97085 73.3529
-6.90046 98.1515
-6.62843 193.001
-6.72583 159.513
-7.03335 53.0308
-7.26258 -26.2547
-7.00719 62.8118
-7.03952 51.9271
-7.37751 -65.1394
-7.35665 -57.5477
-7.41722 -78.2392
-7.16345 10.2647
-6.55629 221.537
-6.93474 90.4144
-6.86924 113.514
-6.71944 165.903
-7.11108 30.1942
-7.30404 -36.489
-7.48641 -99.4959
-7.72165 -180.871
-6.83895 126.122
-6.46969 254.75
-6.88997 109.093
-7.52677 -111.78
-7.54616 -118.169
-7.44235 -81.759
-7.13419 25.6413
-6.7859 146.982
-6.95884 87.2505
-7.33859 -44.3243
-7.31584 -36.074
-7.06626 50.9762
-6.79298 146.259
-6.64567 197.782
-6.79107 147.62
-7.21259 1.5325
-7.27126 -18.5039
-6.94304 95.8682
-6.76085 159.507
-7.31584 -36.074
-7.10421 37.7936
-6.82414 135.434
-6.87804 117.057
-7.07056 50.5266
-7.22461 -2.64199
-6.97763 83.5018
-6.85718 125.696
-6.99831 77.0148
-7.10042 41.8873
-6.83399 134.793
-6.62647 207.233
-7.00191 77.1537
-7.51277 -99.969
-7.29448 -23.7912
-6.88626 118.371
-6.92878 103.948
-6.90402 112.897
-6.77199 159.111
-7.3876 -54.4017
-7.23652 -1.57023
-6.54409 239.324
-6.50013 254.942
-7.25962 -8.55113
-7.5456 -107.554
-6.76433 164.204
-6.23727 347.648
-6.90606 115.663
-7.66519 -147.71
-6.66507 200.074
-6.23255 350.679
-6.91381 114.358
-7.64343 -138.759
-7.35039 -36.6112
-6.71742 183.625
-6.40958 290.916
-7.17994 23.6433
-6.89861 121.725
-6.9902 90.2535
-7.3576 -37.0324
-6.67246 201.329
-6.45037 278.831
-7.08307 59.3805
-7.11796 47.6075
-7.16841 30.4293
-7.16285 32.706
-6.81702 153.193
-6.60587 226.895
-7.04113 76.035
-6.98376 96.3101
-6.35353 315.598
-6.75514 176.429
-6.95037 108.954
-6.83895 148.007
-7.13647 44.9967
-7.22521 14.5177
-7.00724 90.5878
-6.31754 330.534
-6.40754 299.613
-7.00799 91.3667
-7.14815 43.0238
-7.1013 59.6469
-7.32354 -17.2111
-6.63539 222.199
-6.56053 248.551
-7.35517 -27.1576
-7.53531 -89.3887
-7.11261 57.8044
-6.72342 193.352
-6.64418 221.229
-6.99363 100.178
-6.9247 124.473
-6.86929 144.068
-7.28488 0.0433724
-7.73091 -154.56
-7.09009 68.4061
-6.7936 171.751
-7.28282 2.14827
-7.25286 12.9021
-7.32801 -12.8575
-7.37041 -27.2392
-7.32861 -12.3712
-7.34921 -19.1791
-7.34257 -16.5268
-6.61493 236.601
-7.37574 -27.3549
-7.71747 -145.72
-7.65797 -124.706
-7.41641 -40.4403
-7.07905 77.1047
-6.96573 116.818
-7.47113 -58.4074
-7.40239 -34.1819
-7.26204 14.9233
-7.03295 94.8571
-6.76893 186.923
-6.91953 134.954
-7.08713 77.0773
-6.96075 121.329
-7.01486 102.879
-6.97401 117.414
-7.49012 -61.5315
-7.71714 -140.049
-7.54429 -79.6544
-7.66135 -119.974
-7.4017 -29.4245
-6.85345 161.383
-6.78134 186.782
-7.05633 91.5983
-7.22103 34.7296
-7.46209 -48.6681
-7.52404 -69.8405
-7.19259 45.6512
-6.7682 193.428
-6.62746 242.668
-6.56362 265.193
-7.24903 27.4354
-7.70537 -130.75
-7.09966 80.0178
-6.60589 251.899
-6.53449 277.05
-6.19072 396.823
-7.02262 108.173
-7.48076 -50.6356
-7.0385 103.348
-6.62303 248.029
-6.88927 155.888
-7.11919 76.3595
-6.85236 169.404
-7.31213 10.0296
-7.17536 57.8899
-7.04344 104.066
-6.9929 121.969
-6.85499 170.226
-7.17064 60.9202
-7.72533 -131.431
-7.69757 -121.44
-7.53516 -64.6707
-6.9179 150.11
-6.67842 233.652
-6.85276 173.433
-6.8538 173.42
-7.40692 -18.3842
-7.42528 -24.414
-7.14444 73.4951
-6.71353 223.537
-6.53052 287.461
-6.47165 308.26
-7.35572 1.48692
-7.50263 -49.2017
-7.68854 -113.44
-7.32091 14.6226
-7.33426 10.3319
-6.81788 190.066
-6.71105 227.527
-6.77715 204.911
-7.16429 70.7671
-6.98934 131.892
-6.81435 193.029
-7.3806 -3.33601
-7.3988 -9.31114
-6.97411 138.571
-7.01375 125.148
-7.0905 98.8324
-7.36627 3.38168
-7.5058 -44.7437
-7.70501 -113.601
-7.22455 53.6538
-6.86327 179.509
-7.23886 49.3774
-7.32884 18.4683
-7.39293 -3.45076
-7.26608 40.9648
-7.03635 121.119
-6.85809 183.394
-7.08633 104.451
-7.62521 -82.4058
-7.86948 -166.917
-7.50963 -41.5602
-6.87059 180.789
-7.10722 98.9315
-6.85319 187.527
-7.03851 123.495
-7.43801 -14.94
-7.33468 21.302
-6.96128 151.367
-6.94544 157.218
-7.43826 -13.639
-7.58288 -63.5331
-7.40471 -1.2889
-7.12885 94.8908
-6.6046 277.359
-7.13233 94.3781
-7.53954 -46.7394
-7.40778 -0.617767
-7.08998 110.132
-7.47721 -24.0444
-7.15006 89.9534
-7.28458 43.5696
-7.57905 -58.3786
-7.49136 -27.5688
-7.01481 138.331
-7.11213 104.868
-7.41046 1.5777
-7.55189 -47.2076
-7.72107 -105.633
-7.72851 -107.868
-7.50006 -28.1614
-6.98697 150.432
-6.98295 152.176
-7.24588 61.1826
-7.52222 -34.4678
-7.32782 33.4119
-7.09537 114.513
-7.2165 72.7804
-7.07804 121.227
-7.19577 80.6756
-7.31609 39.2231
-7.53108 -35.1156
-7.78386 -122.582
-7.56847 -47.4104
-7.16279 93.8696
-7.41111 7.95276
-7.27743 54.7385
-7.31618 41.6252
-7.26898 58.3677
-7.21636 76.9979
-7.70318 -91.7762
-7.42463 5.33965
-7.0335 141.562
-7.33555 36.9788
-7.37267 24.4334
-6.91251 184.638
-7.28479 55.6559
-7.40025 15.893
-7.17969 92.8617
-6.8619 203.608
-7.0919 124.056
-7.15593 102.159
-7.20252 86.3208
-7.58353 -45.6938
-7.57588 -42.6889
-7.23389 76.4644
-7.13964 109.555
-7.40242 18.6151
-7.25311 70.83
-7.08945 128.031
-6.91923 187.513
-6.96872 170.667
-7.1086 122.422
-7.1197 118.913
-7.20478 89.705
-7.35692 37.1982
-7.38352 28.3059
-7.30337 56.4957
-7.16468 105.025
-7.36626 35.344
-7.3738 33.073
-7.40414 22.8809
-7.57119 -34.8051
-7.16588 106.343
-7.308 57.3198
-7.32239 52.6684
-7.08126 136.782
-7.56194 -29.8551
-7.3272 52.0405
-7.18236 102.703
-7.31721 56.2039
-7.65985 -62.4804
-7.36791 39.2883
-7.23965 84.1904
-7.22957 88.0405
-7.22854 88.7451
-7.49684 -4.11446
-7.10472 132.455
-7.13514 122.233
-7.11256 130.427
-7.13416 123.269
-7.27924 73.2182
-6.93994 191.436
-6.87129 215.63
-7.13334 124.943
-7.40939 29.3919
-7.48899 2.0884
-7.44851 16.4995
-7.07304 147.28
-7.02856 163.082
-7.53579 -12.7811
-7.43056 24.1238
-7.06371 151.911
-7.31313 65.6135
-7.54944 -16.1316
-7.57755 -25.5516
-7.13003 130.264
-6.84026 231.275
-7.21759 100.54
-7.94431 -151.571
-7.34825 55.8426
-7.00706 174.718
-7.54683 -12.4466
-7.58532 -25.4721
-7.04504 162.566
-7.43422 27.7167
-7.18959 113.047
-7.47649 13.7245
-7.46196 19.121
-7.18291 116.407
-7.12737 136.051
-7.28712 80.9013
-7.34035 62.7572
-7.52666 -1.61986
-7.57792 -19.0801
-7.56307 -13.5731
-7.32431 69.7203
-6.96638 194.409
-7.14615 132.305
-7.31074 75.4756
-7.46309 22.8978
-7.59915 -24.0228
-7.42354 37.33
-7.21824 108.997
-6.98559 190.166
-7.32535 72.483
-7.0797 158.167
-7.56331 -9.489
-7.73561 -68.9953
-7.84545 -106.808
-7.50854 10.5829
-7.02643 178.412
-7.21927 111.768
-7.43354 37.6779
-7.41426 44.723
-7.47757 23.0779
-7.4007 50.1277
-7.67634 -45.2789
-7.64486 -33.9951
-7.4738 25.7784
-7.18652 125.924
-7.3507 69.236
-7.01522 186.127
-6.6406 316.616
-6.84359 246.444
-6.69554 298.223
-6.81515 257.02
-7.47817 27.0363
-7.0252 184.744
-7.21238 120.068
-7.18902 128.53
-6.5646 345.796
-6.6996 299.244
-7.50825 18.6722
-7.733 -59.0581
-6.98942 199.607
-6.48244 376.075
-7.13669 149.139
-7.86539 -103.658
-7.35297 74.7003
-6.65772 316.574
-7.24988 111.208
-7.48088 31.3057
-7.33074 83.8133
-7.43529 47.8394
-6.83823 255.603
-7.11943 158.264
-7.51516 21.1358
-7.7628 -64.5468
-7.56076 5.9882
-6.89443 237.814
-7.04317 186.493
-7.59511 -4.903
-7.3878 67.4645
-7.34645 82.1756
-7.08752 172.474
-7.0135 198.537
-6.73812 294.55
-7.2413 120.096
-7.39594 66.7201
-7.82376 -81.5531
-7.50872 28.237
-6.9568 220.317
-7.3051 99.6662
-7.44528 51.3165
-7.37893 74.7134
-7.45001 50.3702
-7.19489 139.342
-6.87467 250.936
-7.41629 63.1246
-7.32303 95.8718
-7.4219 61.8706
-7.46067 48.7494
-7.42217 62.4738
-7.16889 150.809
-7.17631 148.578
-7.29137 108.955
-7.3223 98.5572
-7.24745 124.904
-6.82754 271.129
-7.5253 29.0765
-7.8605 -87.0225
-8.13537 -182.162
-8.00287 -135.785
-7.2217 135.935
-6.97118 223.311
-6.93523 236.15
-7.16125 157.977
-7.02802 204.61
-7.38052 82.4984
-7.22131 138.155
-7.32742 101.64
-7.69003 -23.9806
-7.69218 -24.3811
-7.61733 1.96942
-7.12314 173.996
-7.02128 209.73
-6.95171 234.245
-7.14568 167.207
-7.47041 54.7475
-7.72329 -32.7575
-7.56514 22.5337
-7.57581 19.1733
-7.46071 59.5069
-6.8423 274.684
-7.61882 5.27298
-7.60545 10.2647
-7.64473 -3.03133
-7.54974 30.3122
-7.1985 152.68
-7.46518 60.3832
-7.91463 -95.406
-7.16088 166.793
-7.18464 158.883
-7.9714 -114.086
-7.77729 -46.3046
-7.21658 148.832
-7.29317 122.572
-7.14713 173.653
-7.08612 195.195
-7.1929 158.449
-7.61937 10.641
-7.66435 -4.6383
-7.67095 -6.58387
-7.57751 26.226
-6.80664 294.367
-6.89495 264.039
-7.13758 180.096
-7.29926 124.277
-7.37106 99.6813
-7.72315 -22.287
-7.90665 -85.6846
-7.49545 57.5124
-7.16059 174.187
-7.00508 228.56
-7.12697 186.561
-7.16865 172.43
-6.89972 266.201
-7.36159 106.097
-7.67596 -2.76513
-7.74808 -27.472
-7.72108 -17.7456
-7.36184 107.401
-7.15939 178.079
-7.33235 118.342
-7.36118 108.673
-7.63816 12.7975
-7.26561 142.566
-6.7939 306.785
-7.15883 180.357
-7.64054 13.3598
-7.6231 19.7684
-6.81151 302.057
-6.79227 309.088
-7.20484 166.111
-7.38661 103.313
-7.73044 -15.7844
-7.12829 193.745
-6.73839 329.544
-7.1017 203.679
-7.38731 104.804
-7.9345 -84.9373
-7.89348 -70.3391
-7.61397 27.106
-6.79499 311.965
-6.81836 304.192
-7.1304 196.139
-7.47632 76.3144
-7.7923 -33.1071
-7.41263 99.1371
-7.28045 145.404
-7.56422 47.1706
-7.54774 53.24
-7.59726 36.3852
-7.64522 20.0735
-7.65104 18.398
-7.59542 38.0664
-7.1587 190.129
-6.72972 339.503
-7.18382 182.098
-7.61438 32.8696
-7.48808 77.0932
-7.20619 175.368
-7.22975 167.531
-7.00176 247.083
-7.28012 150.727
-7.02891 238.346
-7.65022 22.8505
-7.98877 -94.4117
-7.77213 -18.8049
-7.33901 132.008
-6.7799 326.586
-6.74494 339.077
-7.27188 156.37
-7.71698 2.09199
-7.9 -61.1419
-7.75928 -11.9093
-7.93523 -72.6867
-8.09534 -127.96
-7.33994 134.809
-7.15973 197.762
-6.77378 332.186
-6.96056 267.648
-7.39588 116.765
-7.35111 132.666
-7.21672 179.702
-6.71881 353.019
-6.67929 367.095
-7.24825 169.79
-7.50817 79.8435
-7.57251 57.8381
-7.70068 13.6583
-7.43653 105.772
-7.35221 135.412
-6.94241 278.121
-6.94396 277.931
-7.32311 146.564
-7.37653 128.352
-7.44166 106.072
-7.62931 41.2319
-7.63867 38.3298
-7.50346 85.6475
-7.10676 223.807
-7.62727 43.3293
-7.89411 -49.0194
-7.40732 120.434
-7.41936 116.599
-7.89072 -46.7995
-8.04078 -98.5839
-7.48145 96.0722
-7.2791 166.716
-7.16087 208.136
-7.68971 24.766
-7.53141 80.1064
-7.65766 36.596
-7.72654 13.0147
-7.7717 -2.32646
-7.66302 35.7761
-7.66394 35.802
-7.47421 102.061
-7.25832 177.406
-7.53872 80.3471
-7.71493 19.4787
-7.48938 98.18
-7.15515 214.637
-7.60522 58.6332
-7.91881 -49.9605
-7.80461 -9.93774
-7.73038 16.1962
-7.91375 -47.1599
-7.72627 18.3171
-7.25184 183.482
-7.78868 -2.66647
-7.36683 144.229
-7.48336 104.092
-7.45281 115.053
-7.4217 126.208
-7.27567 177.287
-7.29396 171.28
-7.81816 -10.4787
-7.34076 155.715
-7.57322 75.3067
-7.64089 52.148
-7.68116 38.5044
-7.60025 66.9591
-7.92619 -45.9208
-7.47354 111.674
-6.74038 366.718
-7.05369 258.221
-7.44696 121.951
-7.31669 167.553
-7.25275 190.114
-7.56428 82.2363
-7.48522 110.047
-7.56065 84.1904
-7.02763 269.706
-7.56927 81.8898
-7.97071 -57.2182
-7.78096 9.04762
-7.52227 99.2602
-7.47639 115.547
-7.56022 86.7724
-7.46681 119.569
-7.99015 -61.889
-7.7966 5.69748
-7.41412 138.915
-7.46284 122.338
-7.54423 94.4121
-7.75508 21.5124
-7.30089 179.641
-7.64315 61.089
-8.09173 -94.3983
-7.90025 -27.5301
-7.52813 102.089
-7.4091 143.786
-7.38267 153.315
-7.00697 284.178
-7.0516 269.023
-7.53542 101.293
-7.79198 12.5147
-7.86665 -13.0797
-7.61066 76.1983
-7.12888 243.913
-6.93662 311.049
-7.56427 93.3561
-7.95824 -43.1601
-7.95386 -41.2918
-7.77667 20.6123
-7.63887 68.8294
-7.5548 98.3813
-7.08878 260.624
-7.41836 146.476
-7.71939 42.2452
-7.73517 37.1129
-7.25731 203.465
-7.06965 269.006
-7.09712 259.81
-7.31051 186.026
-7.85084 -1.33236
-7.84927 -0.440341
-7.769 27.792
-7.39866 156.793
-7.0695 271.49
-6.95994 309.898
-7.10531 259.745
-7.62423 79.8212
-7.5552 104.148
-7.38188 164.707
-7.30781 190.786
-7.43621 146.527
-7.90623 -16.4083
-8.33354 -164.505
-7.7104 52.3163
-6.87142 344.122
-7.2473 213.891
-7.62952 81.4579
-7.48009 133.717
-7.7066 55.3759
-7.20924 228.502
-6.94886 319.306
-7.29715 198.659
-7.29251 200.619
-7.21685 227.25
-7.45798 143.829
-7.48857 133.549
-8.06321 -65.7322
-7.82455 17.5253
-7.64523 80.1689
-7.68509 66.6677
-7.56419 109.014
-7.37551 174.91
-6.95097 322.739
-7.02488 297.413
-7.81385 23.6752
-7.70195 62.8969
-7.73481 51.8285
-7.73398 52.462
-7.99486 -37.8174
-7.57508 108.36
-7.37423 178.481
-7.53781 122
-7.62252 92.9209
-7.66069 80.0083
-7.26086 219.255
-7.46816 147.587
-7.19323 243.444
-7.75411 48.9447
-8.11333 -75.4978
-7.54605 121.917
-7.47589 146.64
-7.6038 102.552
-7.87426 8.94304
-7.98122 -27.8675
-7.74709 53.8158
-7.6106 101.578
-7.32962 199.537
-7.25869 224.526
-8.12493 -76.0561
-7.58643 111.366
-7.25835 225.685
-7.67528 81.1938
-8.09238 -63.3563
-7.97089 -20.8056
-7.29844 213.146
-7.19372 249.874
-7.54644 127.689
-7.67916 81.931
-8.02787 -38.8634
-7.88873 9.81937
-7.71605 70.158
-7.81005 37.8496
-7.45956 159.956
-7.49022 149.651
-7.82805 32.6388
-8.13348 -73.1188
-7.90285 7.3476
-7.54958 130.42
-7.79153 46.7144
-7.99079 -22.1604
-7.57704 121.923
-7.53343 137.419
-7.77736 53.0259
-7.78775 49.7638
-7.66822 91.6349
-7.75535 61.715
-7.90269 10.8757
-8.11851 -63.7505
-7.78976 50.8021
-7.58392 122.659
-7.26132 235.074
-7.08307 297.347
-7.26115 235.83
-7.39399 190.029
-7.24149 243.352
-7.77249 59.2327
-7.88794 19.4766
-7.9161 10.0388
-8.15398 -72.2527
-7.83331 39.4937
-7.44526 174.649
-7.78988 55.276
-7.92497 8.69509
-7.44039 177.383
-6.90328 364.32
-7.4542 173.282
-7.90779 16.0523
-7.6653 100.641
-7.57989 130.66
-8.1171 -55.6181
-7.67032 99.9393
-7.24744 247.194
-7.36658 206.15
-7.43037 184.34
-7.08113 306.008
-7.4292 185.438
-7.65212 108.346
-7.55453 142.594
-7.56528 139.208
-7.38013 203.876
-6.97901 343.569
-7.52263 155.067
-7.89709 25.3273
-7.80676 57.0561
-7.85833 39.4868
-7.10913 300.104
-7.61452 124.881
-8.10679 -45.783
-7.60424 129.148
-7.30743 232.606
-7.34723 219.127
-7.28626 240.655
-7.50001 166.747
-7.79617 64.2077
-8.00642 -8.48165
-8.01788 -12.1161
-7.97015 4.81272
-7.75811 78.8193
-7.91399 25.0176
-7.63028 123.922
-7.61577 129.312
-7.57633 143.361
-7.46064 183.897
-7.87666 39.7224
-7.62626 127.057
-7.42699 196.63
-7.788 71.564
-7.93406 21.1698
-7.98453 3.98389
-7.51471 167.546
-6.95836 361.167
-7.18853 281.552
-7.54579 157.79
-8.10062 -34.6084
-7.62218 131.946
-7.06581 325.576
-7.66563 117.549
-8.4883 -167.897
-8.32034 -109.201
-6.90362 383.31
-6.89931 385.153
-7.79602 73.9899
-8.1619 -52.7693
-8.20141 -66.148
-7.76705 85.0933
-7.60804 140.682
-7.85773 54.288
-7.03972 338.808
-7.15046 300.683
-8.20938 -66.8306
-8.3137 -102.726
-8.06033 -14.3569
-7.58169 152.266
-7.69078 114.717
-7.9794 14.8005
-8.0667 -15.181
-7.99057 11.6138
-7.76446 90.5106
-7.69379 115.409
-7.83895 65.3267
-7.8537 60.5496
-7.64282 134.156
-7.78075 86.5892
-8.18051 -51.9386
-7.80051 80.4179
-7.57931 157.608
-7.97232 21.4264
-7.92483 38.2723
-7.77509 90.639
-7.6463 135.729
-7.15122 308.064
-7.34753 240.214
-7.61377 148.069
-7.84155 69.2872
-8.43415 -136.229
-8.29594 -87.8713
-7.74457 104.022
-7.50745 186.742
-7.59682 156.043
-7.56636 166.972
-7.85184 68.1435
-7.50533 188.869
-7.57089 166.442
-7.54609 175.404
-7.81425 82.5942
-7.85415 69.0801
-7.88236 59.6255
-7.15581 312.372
-7.1161 326.517
-7.31939 256.242
-7.94259 40.0942
-7.90387 53.8919
-7.38296 235.2
-7.46657 206.501
-8.01596 15.9932
-7.75327 107.598
-7.4547 211.669
-7.9042 55.8622
-7.89613 59.0105
-7.93178 46.9753
-7.38113 238.616
-7.4817 204.026
-7.50011 197.977
-7.56232 176.714
-7.80747 91.8977
-7.44724 217.385
-7.17968 310.682
-7.61279 160.569
-7.97667 34.5074
-7.54711 184.08
-8.22418 -50.7837
-8.26127 -63.3189
-7.55773 181.433
-7.70954 129.043
-7.79911 98.2758
-7.59606 169.16
-7.9135 59.2312
-8.25089 -57.6288
-7.98313 35.7357
-7.5193 197.218
-7.13971 329.431
-7.60013 169.829
-7.51219 200.73
-7.1129 339.786
-7.43937 226.719
-7.90827 64.1751
-7.48953 209.991
-7.88357 73.451
-7.76499 114.993
-7.68712 142.391
-8.02453 25.5248
-7.59554 174.9
-7.29055 281.199
-7.66446 151.651
-7.70622 137.493
-7.784 110.818
-7.7932 107.971
-7.77421 114.916
-7.16809 325.826
-7.14299 334.892
-8.02109 30.192
-7.61501 171.61
-7.65111 159.417
-7.9409 59.0918
-7.56187 191.113
-7.4499 230.357
-7.22541 308.69
-7.52703 204.257
-7.56482 191.476
-7.70386 143.521
-7.62207 172.285
-6.9895 392.383
-7.62419 172.242
-8.21824 -33.7819
-8.18817 -22.9855
-7.74461 131.449
-7.5789 189.364
-8.08698 13.2095
-7.45528 233.005
-7.53022 207.318
-7.71722 142.703
-7.37497 261.948
-7.41828 247.249
-7.6827 155.737
-7.78115 121.884
-7.55511 200.757
-7.6356 173.143
-7.41591 249.81
-7.72048 144.349
-7.72608 142.751
-7.88 89.6294
-7.96565 60.2226
-7.92823 73.5662
-7.86645 95.3777
-7.4105 254.121
-7.89348 86.6827
-7.7472 137.848
-7.52668 214.8
-7.8044 118.669
-7.93435 73.874
-8.14831 -0.10604
-8.35046 -69.9877
-7.67428 165.264
-7.50483 224.478
-7.64189 177.211
-7.81979 115.757
-7.64528 176.729
-7.69629 159.354
-8.01576 48.7172
-7.93486 77.1687
-7.97179 64.6897
-7.85007 107.319
-7.64394 179.275
-7.4972 230.601
-7.78007 132.68
-7.66683 172.368
-7.55641 211.074
-7.86377 104.646
-8.09008 26.3728
-7.78642 132.212
-7.79625 129.144
-7.72531 154.135
-7.58863 201.966
-7.748 146.947
-7.84045 115.179
-7.6336 187.384
-7.88319 101.026
-7.12663 364.198
-7.26121 317.794
-7.48195 241.456
-8.17792 0.0286583
-7.97936 69.3546
-7.62235 193.723
-7.39573 272.797
-7.57413 211.171
-7.90535 96.4558
-7.91613 93.0583
-7.75203 150.412
-7.70342 167.645
-8.087 34.7392
-7.88139 106.514
-7.52757 229.777
-7.47646 247.88
-7.65389 186.591
-7.84853 119.32
-7.90355 100.554
-8.21153 -6.09074
-8.18061 4.99978
-7.44531 260.786
-7.5082 239.286
-7.68211 179.218
-8.20542 -2.23168
-8.0493 52.3541
-8.26102 -20.8495
-8.2419 -13.8595
-8.32484 -42.326
-7.93309 94.1139
-7.28767 318.676
-7.23662 336.758
-7.48248 251.696
-7.94383 91.7707
-8.22791 -6.5699
-8.19747 4.35357
-8.24137 -10.5512
-7.78659 147.785
-7.34715 300.793
-7.69301 180.988
-7.69645 180.142
-7.45833 263.212
-7.39553 285.376
-7.11629 382.728
-7.60961 211.699
-8.24881 -10.0096
-8.1158 36.5475
-7.46858 261.734
-7.27362 329.811
-7.42481 277.636
-7.67856 189.832
-8.09851 44.2888
-7.80143 147.842
-7.60965 214.813
-7.90345 113.096
-7.34354 307.953
-7.60246 218.351
-8.03345 68.974
-8.21963 4.64453
-8.24381 -3.40966
-7.93248 105.094
-8.15348 28.6659
-7.82408 143.446
-7.48328 262.184
-7.71525 181.949
-7.70573 185.604
-8.12423 40.5644
-7.7443 172.898
-7.43711 279.963
-7.7942 156.259
-7.10112 397.378
-7.27134 338.592
-7.99159 88.7294
-7.73316 178.852
-7.82407 147.619
-8.16395 29.8937
-8.54713 -102.875
-7.97695 95.55
-7.4826 267.635
-7.8933 125.304
-8.0439 73.3347
-7.88797 127.851
-7.60704 225.792
-8.10577 52.8848
-8.08218 61.4276
-7.91846 118.65
-7.71006 191.393
-7.48258 270.767
-7.94765 109.55
-7.67548 204.449
-8.03377 80.3296
-8.195 24.6646
-7.91775 121.327
-7.78761 166.884
-7.92695 118.827
-7.62167 225.228
-7.4527 284.274
-7.7946 165.847
-7.83014 153.849
-8.04187 80.6422
-7.90006 130.251
-7.87583 139.018
-7.37884 312.017
-7.65743 215.582
-7.96069 110.58
-7.97065 107.466
-8.0457 81.7412
-7.50339 270.486
-8.07413 72.5617
-8.29687 -4.46961
-7.73213 192.064
-7.41651 302.056
-7.5464 257.281
-7.78022 176.399
-8.00173 99.7945
-7.91402 130.613
-7.89959 135.973
-7.34218 329.963
-7.62099 233.454
-8.24662 16.4581
-8.13739 54.7527
-8.19754 34.2062
-7.94489 122.321
-7.49994 277.243
-7.52195 269.942
-7.46647 289.565
-7.379 320.297
-7.27437 356.994
-7.91148 136.012
-8.06264 83.8461
-8.18284 42.4391
-7.92323 132.972
-7.91347 136.711
-7.96082 120.609
-7.89687 143.173
-8.02092 100.426
-8.2999 3.85782
-8.11643 67.9414
-8.10866 70.9861
-8.0763 82.5743
-8.20897 36.8343
-7.97507 118.438
-7.75238 196.147
-8.31923 -0.427014
-7.74796 198.376
-7.76402 193.144
-8.02336 103.398
-8.19423 44.3878
-7.85997 160.855
-7.86616 159.052
-7.68293 223.051
-8.29418 11.0524
-7.96533 125.642
-8.2488 27.5144
-8.01896 107.705
-8.56677 -82.2528
-8.37825 -16.4141
-8.21949 39.0841
-8.23265 34.8598
-8.82267 -169.763
-8.32995 1.75346
-8.32849 2.61034
-8.29717 13.8359
-8.44914 -38.6087
-8.01721 111.787
-7.9437 137.671
-7.57493 266.127
-8.01664 113.029
-8.02651 109.947
-7.77758 196.77
-7.62402 250.466
-7.80135 189.21
-8.27147 26.2398
-8.53515 -65.0138
-8.31716 11.0603
-7.80135 190.599
-8.04766 105.377
-8.36357 -4.0184
-8.12644 78.7057
-8.04872 106.053
-8.12781 78.9263
-7.94776 141.819
-7.68538 233.318
-7.70693 226.178
-7.58353 269.393
-7.99962 125.196
-7.86191 173.382
-8.0519 107.728
-8.08031 98.2042
-8.17941 64.1253
-7.82511 187.554
-7.77806 204.246
-7.63389 254.68
-7.88344 168.332
-7.86523 175.008
-8.30117 23.9109
-8.6644 -101.927
-8.09907 94.8155
-7.70158 233.248
-8.2862 30.5023
-8.36923 2.00405
-8.18201 67.3899
-7.68313 241.049
-8.43109 -18.444
-8.36713 4.122
-7.48818 309.813
-7.77821 209.406
-8.43663 -18.9795
-8.1603 77.3651
-8.00168 132.814
-8.32089 22.2717
-7.76975 214.083
-7.42584 333.904
-7.50808 305.681
-7.60077 273.825
-7.47441 318.072
-7.90303 169.519
-8.23989 52.843
-8.16153 80.4119
-7.68767 245.377
-7.65151 258.285
-7.72108 234.463
-8.16795 79.5711
-8.36992 9.75325
-8.1037 102.586
-8.01796 132.72
-7.90388 172.697
-7.73012 233.408
-7.58881 282.847
-8.02362 132.141
-8.24847 54.3761
-8.23929 57.9145
-8.07852 114.111
-8.14495 91.3815
-8.33702 25.0055
-7.94353 162.051
-8.08186 114.342
-7.91047 174.23
-8.10852 105.775
-8.17404 83.3599
-8.06915 120.147
-8.07128 119.752
-7.88088 186.247
-7.73837 236.101
-8.05578 126.181
-7.90577 178.64
-8.29394 44.1403
-7.50619 318.149
-7.97223 156.596
-8.37566 16.7924
-8.22175 70.6079
-7.87555 191.224
-8.25569 59.5113
-8.61751 -65.835
-8.64926 -76.5157
-8.4801 -17.4031
-7.8706 194.679
-7.6376 275.971
-7.70036 254.514
-8.19519 82.9603
-8.03072 140.446
-8.16028 95.7837
-7.9531 168.105
-7.66582 268.251
-7.44711 344.577
-8.33954 34.898
-8.51718 -26.4641
-7.96425 165.967
-7.23772 418.709
-7.16968 442.692
-7.659 273.052
-7.62398 285.565
-7.84787 208.136
-8.22166 78.6311
-8.3231 43.7363
-8.13731 108.628
-7.89515 193.098
-7.81309 221.954
-7.69767 262.399
-7.71183 257.825
-8.26127 67.3023
-8.43752 6.41828
-7.87776 201.224
-7.7291 253.217
-8.34667 39.0233
-8.22436 81.8603
-8.22425 82.2472
-8.46341 -0.491117
-8.6861 -77.5039
-8.3637 34.8446
-8.30581 55.3014
-7.56687 312.355
-7.89602 198.356
-8.50703 -13.5589
-8.12906 118.095
-7.73586 255.036
-7.63288 291.158
-8.11103 125.399
-7.59702 304.311
-7.62944 293.397
-7.70592 267.173
-7.92499 191.416
-8.43695 13.9129
-8.57666 -34.2745
-8.32282 54.2553
-8.53044 -17.5233
-7.81708 230.643
-7.57694 314.412
-7.84179 222.752
-7.58366 312.773
-7.90032 203.114
-8.29073 67.8375
-7.83948 224.947
-8.04924 152.424
-8.7112 -77.1901
-8.50294 -4.49461
-8.24413 85.7613
-7.83723 227.464
-8.50604 -4.53122
-7.99357 173.846
-7.54746 329.172
-7.69379 278.683
-8.60036 -35.9075
-8.26344 81.4837
-8.0954 140.21
-7.79421 245.189
-8.0244 165.57
-7.76464 256.155
-8.03746 161.727
-8.56845 -22.3903
-8.37501 45.1588
-7.8756 218.996
-7.28638 424.038
-7.46152 363.543
-7.89837 212.13
-8.61876 -37.7831
-8.61752 -37.0041
-8.35727 53.7537
-8.33523 61.7579
-8.33069 63.6796
-8.06774 155.375
-7.79461 250.608
-7.34478 407.224
-7.75169 266.213
-7.77512 258.419
-8.17623 119.425
-8.40287 41.0395
-8.11271 142.187
-7.718 279.654
-7.73776 273.137
-7.22907 450.199
-7.54735 339.977
-7.53609 344.238
-7.23736 448.361
-7.5351 345.276
-8.10285 148.389
-8.20428 113.5
-7.68613 293.852
-7.67498 298.072
-7.39346 396.219
-8.14053 137.037
-8.07815 159.054
-8.11415 146.897
-7.42791 385.64
-7.37914 402.929
-7.86897 233.112
-8.43349 37.3493
-7.61488 322.078
-7.73681 280.066
-8.00559 187.039
-8.12769 144.97
-8.26462 97.7488
-8.3698 61.5573
-8.02475 181.774
-7.68357 300.645
-7.38967 403.092
-8.0514 173.558
-7.95385 207.795
-7.77346 270.809
-8.02603 183.415
-8.74545 -66.1604
-8.06973 168.927
-8.06041 172.514
-8.15562 139.783
-8.21595 119.175
-8.08253 165.872
-8.16514 137.519
-8.37996 63.2402
-8.38373 62.2782
-8.36953 67.557
-8.4219 49.7139
-8.25622 107.615
-7.92106 224.398
-8.24767 111.283
-8.56665 0.81763
-8.30574 91.8039
-8.12025 156.589
-7.95739 213.512
-8.01307 194.517
-8.01018 195.869
-8.83603 -90.6801
-8.54423 11.0384
-8.25723 111.085
-7.79167 273.166
-7.73611 292.815
-7.98037 208.309
-8.45389 44.1561
-8.72118 -48.3487
-8.24504 117.405
-8.23713 120.501
-8.09476 170.305
-8.30746 96.7628
-8.16751 145.727
-8.40107 64.9403
-8.25715 115.282
-8.56782 7.70514
-8.63996 -17.01
-8.77221 -62.6055
-9.12815 -185.91
-8.26624 113.864
-8.67414 -27.4945
-8.94419 -120.959
-8.4685 44.6398
-8.78127 -63.6657
-8.91881 -111.102
-9.19416 -206.407
-9.16959 -197.525
-8.89314 -101.14
-8.84225 -83.1143
-8.54363 20.9736
-8.81397 -72.5961
-8.64066 -12.0409
-9.19983 -205.945
-9.07956 -163.817
-8.50861 34.876
-8.42929 62.779
-8.63147 -7.10946
-8.65012 -13.2412
-8.87129 -89.7273
-8.52517 30.8577
-8.67374 -20.4073
-8.76205 -50.7363
-8.75812 -49.0253
-8.92844 -107.844
-9.01062 -136.046
-8.8221 -70.2084
-8.66773 -16.2325
-8.54819 25.6415
-8.45441 58.566
-8.5184 36.684
-8.5422 28.7638
-8.85652 -80.082
-8.62639 0.212955
-8.73811 -38.2528
-8.37742 87.3985
-8.53177 34.1235
-8.57603 19.0966
-8.17507 158.735
-8.77419 -49.0475
-9.08326 -156.071
-8.74391 -37.8342
-8.12996 175.795
-7.91021 252.483
-7.98104 228.226
-7.94017 242.771
-7.68072 333.251
-8.48778 53.2265
-8.61928 7.89132
-8.66724 -8.4213
-8.55755 30.0318
-8.17436 163.497
-8.05355 205.813
-7.89761 260.335
-7.70837 326.421
-7.42263 426.034
-8.22231 148.576
-8.45309 68.7543
-8.13818 178.498
-7.34051 455.952
-7.64495 350.538
-8.03941 213.854
-8.05087 210.219
-8.35095 106.321
-7.91001 259.85
-7.59691 368.966
-7.5096 399.642
-7.93355 252.713
-8.31209 121.557
-8.27403 135.125
-7.89685 266.506
-7.84207 285.882
-7.89765 266.922
-8.17567 170.685
-8.48418 63.8568
-8.17413 171.914
-7.87052 277.736
-7.85575 283.215
-8.15402 179.943
-8.33537 117.29
-8.90055 -78.704
-8.32731 120.787
-8.14612 184.079
-8.25785 145.61
-8.27781 139.022
-8.26956 142.238
-8.23242 155.487
-8.29523 134.014
-8.37101 108.035
-7.8076 304.109
-8.08956 206.504
-8.45663 79.3352
-8.22831 158.999
-8.06032 217.707
-7.72966 332.923
-7.98749 243.7
-8.48216 72.202
-8.30596 133.76
-8.06779 216.847
-8.36839 112.769
-7.99968 241.204
-7.88936 279.874
-7.39284 452.71
-7.60183 380.457
-7.99112 245.568
-8.20897 170.234
-8.35708 119.13
-8.28527 144.423
-8.3693 115.579
-8.49317 72.8922
-8.41601 100.046
-8.40474 104.309
-8.20153 175.251
-8.49168 74.8011
-8.44453 91.527
-8.52058 65.4575
-8.60546 36.3157
-8.56253 51.577
-8.9507 -82.9232
-9.00226 -100.486
-8.94977 -81.9054
-8.74023 -8.76424
-8.57873 47.6858
-8.32535 136.058
-9.05545 -117.229
-8.87034 -52.5758
-8.77458 -18.9599
-9.00437 -98.4416
-8.94177 -76.3463
-9.06224 -117.852
-8.91825 -67.4806
-8.44149 98.4903
-8.79367 -23.5081
-8.80301 -26.4051
-8.2729 158.1
-8.0122 249.013
-8.17181 193.911
-7.81287 318.954
-8.19463 186.68
-8.18437 190.59
-8.33662 138.049
-8.75466 -6.82983
-9.40876 -233.715
-9.62262 -307.659
-8.9213 -63.6773
-8.34764 135.957
-8.96282 -77.4053
-8.61184 44.8709
-8.4679 95.2197
-8.68439 20.3621
-9.31997 -200.089
-9.60526 -298.85
-9.52557 -270.819
-9.04782 -104.504
-8.55569 66.8064
-9.05694 -106.976
-9.12739 -131.103
-9.44126 -239.792
-9.11013 -124.411
-8.66333 31.1513
-8.85432 -34.8507
-9.15938 -140.481
-8.98622 -79.9771
-8.64858 37.6656
-8.70855 17.1789
-9.09605 -117.089
-9.2013 -153.306
-9.35198 -205.304
-8.70764 18.8834
-9.21459 -156.878
-9.71147 -329.147
-8.96462 -69.3466
-8.53975 78.598
-8.25918 176.413
-8.12946 221.826
-8.01126 263.235
-8.24793 181.364
-8.71859 18.2075
-8.74777 8.41884
-9.33035 -193.62
-9.38283 -211.503
-8.93928 -57.0703
-9.13393 -124.343
-9.23985 -160.791
-8.65011 44.4271
-8.23702 188.28
-8.57085 72.6565
-8.86101 -27.795
-9.17509 -136.557
-9.3491 -196.662
-9.1138 -114.572
-8.87526 -31.3561
-8.80448 -6.41964
-8.88572 -34.2958
-9.05447 -92.5698
-9.23107 -153.573
-8.91652 -43.9521
-8.61274 61.9254
-8.91608 -43.1041
-9.13668 -119.394
-8.98639 -66.8363
-9.21514 -145.955
-9.35651 -194.719
-8.63442 56.4812
-8.40793 135.508
-8.87809 -27.4762
-8.75186 16.7247
-9.23981 -152.439
-9.66273 -299.013
-8.98626 -63.6636
-8.30005 175.071
-8.31772 169.28
-8.49155 109.238
-8.0805 252.382
-8.13122 235.111
-8.21841 205.167
-8.26005 191.051
-7.9728 291.186
-8.34576 161.968
-8.63186 62.9288
-8.91269 -34.2859
-8.97197 -54.5301
-9.17417 -124.426
-8.93684 -41.632
-8.74629 24.9105
-8.9937 -60.6912
-8.83739 -6.03993
-8.26206 194.172
-8.03159 274.585
-9.30554 -167.633
-10.0677 -432.061
-9.14364 -110.694
-8.64888 61.5311
-9.38803 -194.9
-9.84042 -351.711
-10.1345 -453.51
-9.69884 -301.829
-9.5901 -263.708
-9.71841 -307.936
-10.3167 -515.434
-9.85045 -353.11
-9.76026 -321.43
-10.0115 -408.352
-10.1347 -450.817
-9.80901 -337.325
-9.00761 -58.5746
-8.3805 159.627
-8.45005 135.815
-8.89814 -19.5018
-9.05921 -75.1086
-8.83335 3.7008
-8.63069 74.4497
-8.55126 102.392
-8.48662 125.193
-9.04789 -69.4409
-9.5239 -234.456
-9.24668 -137.806
-8.93554 -29.3704
-8.49001 125.752
-8.35899 171.616
-8.59872 88.6829
-8.67923 61.0633
-8.64854 72.0709
-8.86066 -1.27075
-8.94526 -30.3144
-8.95999 -35.0852
-9.21128 -122.034
-9.16932 -107.108
-8.61714 85.0636
-8.95105 -30.5895
-9.22466 -125.291
-8.85548 3.30628
-8.57631 100.635
-8.50873 124.462
-8.82404 15.2725
-8.88049 -3.99165
-8.61041 90.1797
-9.36822 -172.731
-9.6647 -275.381
-9.39776 -182.3
-8.95066 -26.6316
-8.7017 60.2052
-8.78605 31.247
-9.32198 -154.584
-9.82524 -329.066
-9.13132 -87.6541
-9.03765 -54.7665
-9.17035 -100.52
-9.00459 -42.5884
-8.77107 38.8852
-8.62204 91.003
-8.83083 18.8189
-8.9973 -38.6664
-9.54086 -227.149
-8.98995 -35.4163
-8.57201 110.121
-8.69817 66.6421
-8.43128 159.703
-8.64056 87.35
-8.59207 104.54
-8.72922 57.2422
-9.00992 -39.9219
-8.85981 12.5714
-9.16626 -93.539
-9.14152 -84.596
-8.89031 3.01902
-9.09674 -68.3462
-8.9962 -33.0731
-9.09082 -65.5959
-9.21265 -107.569
-8.9258 -7.5746
-8.91786 -4.46892
-8.78413 42.337
-8.89006 5.88529
-9.47114 -195.632
-9.54009 -219.239
-8.99938 -31.0502
-8.94578 -12.0829
-9.45918 -190.087
-9.26474 -122.194
-9.57559 -229.832
-9.01601 -35.0891
-8.46238 157.585
-8.50239 144.034
-8.47544 153.742
-8.43954 166.561
-9.52723 -210.947
-10.0289 -384.894
-9.37303 -156.685
-9.54631 -216.534
-9.59481 -233.036
-8.95185 -9.32743
-8.87242 18.6141
-8.42807 173.325
-8.80617 42.3242
-9.03637 -37.2987
-8.79412 47.2025
-8.93531 -1.4981
-8.67894 87.9125
-9.1025 -58.8842
-9.05859 -43.2812
-9.16639 -80.3839
-9.1531 -75.4192
-9.32081 -133.333
-8.727 73.3005
-8.71115 79.1539
-8.38621 192.384
-8.38551 192.976
-8.01027 323.678
-8.00716 325.106
-8.33039 213.164
-8.45121 171.541
-8.43551 177.341
-8.50137 154.811
-8.58683 125.47
-8.17529 268.783
-8.20282 259.566
-8.9314 6.80988
-9.42272 -163.527
-9.15952 -71.7433
-8.71437 83.2457
-9.07147 -40.4609
-9.19864 -84.2903
-9.27637 -110.946
-9.28486 -113.549
-9.17665 -75.6111
-9.03135 -24.7882
-8.79575 57.4067
-9.01891 -19.7709
-8.77162 66.4862
-9.02118 -19.8644
-8.93716 9.66995
-9.26262 -103.043
-8.78222 64.19
-9.00605 -13.2171
-8.88917 27.734
-9.20421 -81.3644
-9.40654 -151.305
-9.27628 -105.707
-9.15613 -63.6186
-8.90165 25.134
-9.16964 -67.6162
-9.31046 -116.189
-9.20078 -77.7392
-8.73451 84.5862
-8.59254 134.256
-8.06949 316.308
-8.33607 224.045
-8.77644 71.4107
-8.57635 141.27
-8.62126 126.015
-8.65297 115.346
-8.61655 128.344
-8.60115 134.041
-8.43055 193.654
-8.16809 285.178
-8.19781 275.204
-8.63525 123.586
-8.71292 96.9525
-8.96819 8.61926
-8.521 164.317
-8.29349 243.701
-8.48693 176.848
-8.53961 158.896
-8.17498 285.914
-7.76526 428.595
-8.13384 300.899
-8.35618 224.008
-8.54733 157.95
-8.81266 66.1235
-8.58726 144.773
-8.40541 208.294
-8.25019 262.565
-8.38677 215.466
-8.62898 131.671
-8.20623 278.88
-7.94567 369.743
-8.3636 224.905
-8.5586 157.508
-8.991 7.6412
-9.03573 -7.54933
-8.60239 143.338
-8.35421 229.902
-8.53313 168.094
-8.89089 44.1567
-8.92152 33.8642
-8.81283 71.9684
-9.04465 -8.21417
-8.44952 198.877
-8.69814 112.854
-8.7766 85.9461
-8.92833 33.5836
-8.82522 69.7492
-8.90932 40.8805
-8.78385 84.8175
-8.52326 175.693
-8.42322 210.793
-8.8988 45.9271
-9.14062 -37.7332
-8.95146 28.3251
-8.85994 60.4676
-8.98958 15.7771
-8.75811 96.5374
-9.10348 -23.0949
-9.50424 -161.97
-8.97467 22.3493
-8.48602 192.449
-8.39876 223.112
-8.56009 167.414
-8.46798 199.759
-8.21351 288.506
-7.9572 377.898
-8.2349 281.773
-7.77946 440.339
-8.59278 158.139
-9.05246 -1.20146
-8.82021 79.8268
-8.67172 131.76
-9.05137 0.217474
-8.80717 85.4009
-8.42044 220.095
-8.49595 194.211
-8.64921 141.316
-8.53919 179.885
-8.48475 199.146
-8.51035 190.598
-8.31247 259.687
-8.25085 281.444
-8.25076 281.822
-8.29068 268.299
-7.98806 373.778
-8.09972 335.333
-8.25223 282.698
-8.69629 128.784
-8.69078 131.043
-8.00949 368.07
-8.26464 279.777
-8.40178 232.484
-8.77261 104.006
-8.73188 118.502
-8.80605 93.0834
-8.66461 142.568
-8.59192 168.168
-8.33302 258.455
-8.10767 337.087
-8.44629 219.802
-8.28081 277.633
-8.78519 102.765
-8.61775 161.278
-8.01451 371.187
-7.78782 450.287
-7.99698 377.972
-8.4227 230.428
-8.57389 178.252
-8.40604 236.908
-8.57521 178.49
-8.16803 320.289
-8.35688 255.029
-8.04705 363.01
-8.51411 201.103
-8.73961 123.113
-8.55321 188.216
-8.21453 306.22
-8.46707 218.834
-8.28003 284.159
-8.49897 208.446
-8.64987 156.372
-8.69207 142.06
-8.96198 48.6417
-8.58771 179.009
-8.5242 201.419
-8.87677 79.2875
-8.81988 99.395
-9.04025 23.1872
-8.62633 167.329
-8.75508 122.951
-8.67908 149.701
-8.63999 163.626
-9.02672 29.6251
-8.62497 169.539
-8.60771 175.882
-8.51685 207.795
-8.47675 222.071
-8.42655 239.86
-8.71144 141.236
-8.68522 150.694
-8.38855 254.101
-8.59745 181.878
-8.66023 160.415
-8.65846 161.377
-8.50386 215.435
-8.48942 220.796
-8.5056 215.525
-8.73749 135.314
-9.12788 0.0405212
-8.65069 166.162
-8.83203 103.515
-9.03355 33.8522
-8.89607 81.9605
-8.35355 270.776
-8.86237 94.3624
-9.16916 -11.8666
-9.31283 -61.4307
-8.68264 157.844
-8.91219 78.4437
-8.39748 257.601
-8.33083 281.102
-8.13687 348.83
-8.50831 220.14
-8.44287 243.222
-9.04576 34.1279
-9.03886 36.8721
-9.19046 -15.4448
-9.16497 -6.24194
-8.76583 132.763
-8.54893 208.46
-8.9078 84.1394
-8.58892 195.263
-8.17276 340.182
-8.36337 274.314
-8.70366 156.445
-8.60135 192.334
-8.41653 256.889
-8.86165 102.605
-9.08992 23.6498
-8.59376 196.363
-8.31433 293.782
-8.25146 315.969
-8.14535 353.178
-8.48438 235.748
-8.41567 259.965
-8.05263 386.431
-8.16954 346.164
-8.64178 182.459
-8.34238 286.817
-8.27344 311.114
-7.97453 415.3
-8.76349 141.566
-8.68601 168.832
-8.02538 398.679
-8.51499 228.936
-8.19424 340.711
-8.58303 205.996
-8.73808 152.48
-8.82131 123.911
-8.79999 131.666
-8.85623 112.478
-8.73776 153.981
-8.75224 149.297
-8.72758 158.211
-9.43224 -86.2388
-9.40678 -77.0446
-8.82776 124.45
-8.51874 232.149
-8.59189 207.086
-8.93551 88.062
-8.87017 111.107
-8.9993 66.5957
-9.05915 46.1505
-9.14293 17.3938
-8.87361 111.3
-9.32387 -44.768
-9.16188 11.8517
-8.61827 201.049
-8.8511 120.511
-9.30817 -37.9235
-8.78907 142.756
-8.93833 91.2497
-9.02346 62.0237
-8.46022 258.037
-9.29585 -31.9095
-9.33124 -43.8558
-8.99323 73.9157
-9.52888 -111.819
-9.7502 -188.358
-9.21361 -1.59982
-9.08365 43.8942
-9.35563 -50.2447
-9.00885 70.5726
-9.57253 -124.898
-9.50266 -100.279
-8.85387 125.455
-8.84085 130.326
-9.31972 -35.6837
-8.84101 130.964
-8.93362 99.1387
-9.64878 -148.957
-9.91337 -240.526
-10.0145 -275.32
-9.92523 -243.951
-9.77238 -190.505
-9.48528 -90.4192
-9.49439 -93.2358
-9.62937 -139.78
-9.99417 -266.164
-9.60341 -130.07
-9.0305 69.3051
-9.17071 20.945
-9.77671 -189.229
-9.92393 -240.027
-9.57599 -118.807
-9.39062 -54.0606
-9.73432 -173.113
-9.68578 -155.904
-9.58095 -119.14
-9.79211 -192.146
-9.74185 -174.34
-9.51785 -96.1767
-9.29051 -16.8512
-9.6104 -127.634
-9.72174 -165.965
-9.25753 -4.35214
-9.15199 32.6586
-9.69543 -155.781
-9.43615 -65.3631
-9.49503 -85.47
-9.63542 -133.894
-9.25206 -0.369356
-9.47866 -78.7394
-9.20256 17.5216
-9.33432 -27.9041
-9.7429 -169.494
-9.89498 -221.978
-9.81632 -194.303
-9.66562 -141.605
-9.40327 -50.1186
-9.50299 -84.4139
-9.52349 -91.1878
-9.81495 -192.092
-9.48904 -78.5248
-9.05837 71.4344
-9.51619 -87.2634
-9.61088 -119.808
-9.55367 -99.5867
-9.53105 -91.3831
-9.50257 -81.1412
-9.21926 17.6267
-9.1998 24.7333
-9.06821 70.794
-8.8932 131.941
-9.27593 -0.669918
-9.25936 5.43208
-9.16245 39.4456
-9.27863 -0.567673
-9.48158 -70.724
-9.70007 -146.277
-9.80305 -181.706
-9.54219 -90.7374
-9.13557 50.8689
-9.18121 35.3629
-9.2952 -3.89016
-9.64561 -125.273
-9.744 -159.107
-9.50585 -76.0269
-9.54592 -89.6
-9.62155 -115.526
-9.5757 -99.2492
-9.38156 -31.4586
-9.13974 52.8936
-9.13753 54.0096
-9.24315 17.6665
-9.54937 -88.367
-9.83168 -186.093
-9.97867 -236.81
-9.61319 -109.495
-9.25389 15.6715
-9.36731 -23.383
-9.17452 43.9386
-9.19558 36.9694
-9.00618 103.114
-8.82942 164.868
-9.31884 -4.80802
-9.18314 42.6826
-9.0529 88.2717
-9.39987 -31.9163
-9.43404 -43.4373
-9.20191 37.5482
-8.98203 114.284
-9.43583 -43.017
-9.3246 -4.0291
-9.46433 -52.2246
-9.78644 -163.776
-9.46229 -50.8194
-9.50146 -64.0797
-9.75333 -151.232
-9.83431 -179.016
-9.34926 -10.1665
-9.102 76.0786
-9.13114 66.3023
-9.40023 -26.8297
-9.57266 -86.3817
-9.32846 -1.20243
-9.74305 -144.881
-9.56027 -81.0362
-9.53023 -70.2551
-9.25226 26.6606
-9.07434 88.8151
-9.16663 57.0999
-9.23325 34.3065
-9.06398 93.4569
-8.72868 210.284
-9.14198 67.0538
-9.2658 24.3884
-8.77631 194.782
-8.93296 140.708
-9.04751 101.263
-9.26783 25.07
-9.51541 -60.5906
-9.79451 -157.2
-9.67529 -115.434
-9.21943 43.2742
-9.49606 -52.4761
-9.87952 -185.342
-10.1189 -268.167
-10.2777 -322.958
-10.043 -241.077
-9.78836 -152.282
-9.96809 -214.375
-9.2927 20.6003
-9.13266 76.5438
-9.16544 65.5056
-9.55607 -69.8521
-9.55543 -69.2803
-9.81042 -157.514
-9.71928 -125.508
-9.50352 -50.2069
-9.59362 -81.1573
-9.71671 -123.573
-9.65501 -101.789
-9.44107 -27.1221
-9.35692 2.46084
-9.18592 62.2099
-9.59566 -79.7834
-9.33218 12.0954
-9.24355 43.2317
-9.64594 -96.209
-9.91591 -189.647
-9.92205 -191.433
-9.67242 -104.364
-9.42512 -18.1061
-9.8804 -175.921
-9.98089 -210.483
-9.45584 -27.7362
-9.03404 119.142
-9.45293 -26.0318
-9.37692 0.721371
-9.5971 -75.4186
-9.89658 -179.111
-10.0334 -226.306
-9.80526 -146.689
-10.2368 -296.276
-9.73989 -123.286
-9.66872 -98.2172
-9.41985 -11.4118
-9.54172 -53.4032
-9.57747 -65.4748
-9.70687 -110.081
-9.79719 -141.107
-9.78239 -135.621
-9.59509 -70.2063
-9.32332 24.5543
-9.41044 -5.36465
-9.56733 -59.5187
-9.47127 -25.8019
-9.34663 17.8474
-9.38809 3.79109
-8.87341 182.934
-8.54551 297.193
-8.71389 239.045
-8.90366 173.468
-9.1254 96.7854
-8.80172 209.578
-8.98453 146.416
-9.21927 65.2169
-9.22542 63.4264
-9.16158 85.951
-9.0291 132.321
-8.92122 170.147
-9.43209 -6.98073
-9.22375 65.7459
-8.78344 219.052
-8.65678 263.401
-8.65193 265.434
-8.65256 265.563
-9.73532 -110.236
-9.84329 -147.395
-10.0611 -222.7
-9.77699 -123.668
-9.03257 135.285
-8.51816 314.337
-9.13031 102.027
-9.82897 -140.339
-9.88158 -158.267
-9.62641 -69.2738
-9.19687 80.293
-9.29877 45.2402
-9.65457 -78.0152
-9.29775 46.292
-8.6856 259.297
-8.78919 223.656
-9.24183 66.7592
-9.46702 -11.1243
-9.5559 -41.6535
-9.54019 -35.8483
-9.0736 126.591
-9.09431 119.745
-9.36853 24.828
-8.96998 163.63
-9.25109 66.3197
-9.65301 -72.957
-9.63318 -65.7201
-9.55642 -38.7065
-9.87127 -147.736
-9.88767 -153.088
-9.60594 -54.8689
-9.30081 51.4806
-9.84518 -137.283
-10.3997 -329.566
-10.4401 -343.277
-10.1256 -233.644
-9.73614 -98.0125
-9.77939 -112.69
-9.73911 -98.3498
-9.65063 -67.2666
-8.94656 177.67
-9.12384 116.433
-9.16683 101.846
-9.6446 -63.7803
-10.003 -187.947
-10.2291 -266.142
-9.90229 -152.261
-9.65075 -64.5278
-9.29944 57.8611
-9.3816 29.6692
-9.36203 36.8123
-9.82055 -122.126
-10.2964 -287.097
-9.70009 -79.5832
-9.55526 -28.9242
-9.74192 -93.4227
-9.87186 -138.214
-9.34996 43.4396
-9.24969 78.6202
-8.95917 179.89
-9.3085 58.8829
-9.74614 -92.804
-9.78287 -105.214
-9.42854 18.225
-9.5076 -8.8937
-9.43881 15.3497
-9.14682 117.133
-9.51602 -10.7759
-9.59604 -38.2271
-9.84897 -125.746
-9.64862 -55.7973
-9.78682 -103.461
-9.82736 -117.197
-9.77508 -98.6887
-9.60848 -40.4644
-9.09365 138.731
-8.82387 232.8
-8.6109 307.13
-9.13227 126.359
-9.40426 32.2188
-9.33955 55.0435
-9.23158 92.9011
-9.72875 -79.4657
-9.70363 -70.3912
-9.38177 41.7682
-9.57485 -24.961
-9.91682 -143.411
-9.68089 -61.1039
-9.41689 30.9552
-9.33047 61.3272
-9.32704 62.8641
-9.47654 11.2754
-9.59501 -29.5323
-9.70567 -67.6258
-9.5366 -8.54751
-9.63398 -42.0284
-9.78803 -95.1974
-9.24659 93.2449
-9.5492 -11.5324
-9.86222 -119.928
-9.53869 -7.18866
-9.67469 -54.0868
-9.29233 79.0918
-8.73826 271.918
-8.8413 236.472
-9.31395 72.6226
-9.89084 -127.438
-10.1585 -220.089
-10.2819 -262.585
-9.92737 -139.085
-9.25402 95.1778
-8.75722 268.113
-8.7452 272.635
-9.53821 -2.50425
-10.0423 -177.262
-9.90204 -128.204
-9.25102 98.3066
-9.61594 -28.1172
-10.3118 -269.521
-10.3738 -290.695
-10.2534 -248.526
-10.2609 -250.788
-10.5445 -348.966
-10.4972 -332.182
-10.0636 -181.192
-10.2623 -249.876
-10.5419 -346.675
-10.6795 -394.104
-10.8076 -438.259
-10.6041 -367.243
-10.8097 -438.309
-10.461 -316.827
-10.3689 -284.472
-10.2203 -232.516
-10.2041 -226.552
-10.4161 -299.833
-10.4136 -298.607
-10.5032 -329.393
-9.79939 -84.5541
-9.74061 -63.7859
-9.72265 -57.198
-9.80421 -85.1851
-9.41794 49.3521
-9.00871 191.863
-9.08727 164.919
-9.05612 176.088
-9.26836 102.703
-9.35076 74.4261
-9.04374 181.432
-9.25359 108.875
-9.50324 22.4985
-9.42684 49.3865
-9.28 100.744
-9.33541 81.8427
-9.98709 -144.199
-10.4491 -304.336
-10.5654 -344.412
-9.99242 -145.01
-9.86782 -101.378
-9.86686 -100.696
-10.0344 -158.556
-10.2783 -242.917
-10.4809 -312.96
-10.7131 -393.278
-10.8279 -432.825
-9.98731 -140.454
-9.00108 202.502
-9.1489 151.5
-9.38795 68.8018
-9.2904 103.039
-9.99949 -142.951
-10.0729 -168.094
-9.94496 -123.31
-9.80911 -75.7698
-9.85959 -92.9587
-10.0692 -165.422
-9.67567 -28.3714
-9.26059 116.172
-9.03827 193.751
-9.11548 167.277
-9.08099 179.607
-8.95589 223.413
-8.8063 275.727
-9.19138 142.301
-10.0619 -159.759
-10.6164 -352.038
-11.0447 -500.509
-10.867 -438.413
-10.5377 -323.663
-9.67037 -22.0145
-8.9816 217.609
-8.84699 264.717
-9.65445 -15.4412
-10.6154 -348.937
-10.2957 -237.517
-9.82052 -72.091
-9.73795 -43.0605
-9.98229 -127.595
-10.3828 -266.377
-10.2004 -202.674
-9.46187 54.2387
-9.28317 116.665
-9.88595 -92.3905
-10.0597 -152.386
-9.87189 -86.8121
-9.9223 -103.976
-9.74624 -42.467
-9.66188 -12.8123
-9.63511 -3.16437
-9.88037 -88.0195
-10.2209 -205.98
-10.0212 -136.245
-9.78359 -53.3563
-9.37644 88.4313
-9.0325 208.263
-9.74536 -39.0347
-10.5361 -313.392
-10.4097 -269.11
-9.45608 62.5038
-9.18648 156.509
-9.41104 78.8442
-9.3757 91.4682
-9.27157 127.991
-9.64355 -0.886341
-10.0792 -151.88
-10.2707 -218.05
-9.84806 -70.8877
-9.43454 73.1111
-9.78447 -48.103
-10.0462 -138.667
-9.90918 -90.7342
-9.62658 7.78921
-9.92935 -97.0442
-9.86568 -74.5793
-9.57646 26.2421
-9.50805 50.3565
-9.89155 -82.5241
-10.4184 -265.194
-10.4858 -288.267
-9.86856 -73.4963
-9.405 87.8921
-9.16213 172.61
-9.1281 184.78
-9.58227 27.3519
-9.95612 -102.176
-10.2978 -220.525
-10.097 -150.407
-10.3245 -229.105
-9.90989 -84.7278
-10.0205 -122.809
-10.1049 -151.761
-9.87089 -70.1371
-9.07577 206.431
-8.76363 315.217
-9.19661 165.148
-9.53161 49.1197
-9.90401 -79.9051
-10.8367 -403.561
-10.6681 -344.634
-10.8094 -393.394
-10.6609 -341.468
-10.3586 -236.085
-10.1634 -167.921
-10.3757 -241.331
-9.91854 -82.1731
-9.85528 -59.8478
-10.073 -135.126
-10.5254 -291.937
-10.7578 -372.34
-10.5874 -312.791
-10.3829 -241.408
-10.0556 -127.348
-9.87362 -63.7903
-10.2451 -192.492
-10.5143 -285.667
-10.8536 -403.171
-10.7039 -350.819
-10.8172 -389.83
-10.7474 -365.242
-10.316 -215.043
-10.0791 -132.404
-10.829 -392.547
-9.91803 -75.7415
-10.2458 -189.267
-10.627 -321.324
-10.3683 -231.115
-9.88101 -61.4927
-9.94354 -82.8662
-10.2233 -179.694
-10.3519 -224.046
-9.94304 -81.6509
-9.35143 124.219
-9.33473 130.367
-10.0091 -103.548
-10.111 -138.599
-9.80792 -32.9741
-9.87448 -55.7506
-10.2392 -182.098
-10.0451 -114.345
-10.4134 -241.939
-9.95809 -83.4056
-9.58629 46.1031
-9.57358 50.8668
-9.85679 -47.174
-10.0264 -105.747
-9.67193 17.7417
-9.6334 31.4741
-9.83232 -37.2819
-9.97354 -85.9955
-9.9324 -71.3542
-10.0569 -114.269
-10.1229 -136.855
-9.94655 -75.2295
-9.78493 -18.7362
-9.96864 -82.2073
-10.2055 -164.154
-10.2564 -181.476
-10.0995 -126.612
-10.5601 -286.283
-9.84231 -36.5851
-9.28978 155.709
-9.22484 178.617
-9.8723 -45.9598
-10.5923 -295.735
-10.5384 -276.678
-10.1765 -150.588
-9.46205 97.9465
-9.64246 35.6229
-9.7476 -0.55439
-9.5827 57.0758
-9.88653 -48.1236
-10.5064 -263.111
-10.1432 -136.584
-9.68772 21.9842
-9.25808 171.586
-9.62665 43.8917
-10.0615 -106.833
-9.96377 -72.526
-10.079 -112.192
-10.0923 -116.47
-10.039 -97.6292
-10.2629 -175.066
-10.1015 -118.637
-9.8969 -47.2106
-9.71731 15.5253
-10.0112 -86.2198
-10.463 -242.844
-10.3185 -192.28
-9.57664 65.7844
-9.61563 52.5854
-9.52655 83.8785
-10.0287 -90.2237
-10.6474 -304.8
-10.4181 -224.799
-9.60379 58.4336
-9.32841 154.448
-9.51741 89.1379
-10.027 -87.5466
-10.2582 -167.5
-10.0699 -101.755
-9.77841 -0.143
-9.73075 16.7627
-10.1925 -143.295
-9.7927 -4.06608
-9.73253 17.1873
-10.0661 -98.3649
-9.99191 -72.2272
-9.87234 -30.3422
-10.1741 -134.823
-9.83481 -16.6089
-9.79221 -1.46163
-9.63344 54.0399
-9.81931 -10.1816
-9.66717 43.0191
-9.83254 -14.082
-9.69616 33.6418
-9.82437 -10.551
-10.1271 -115.377
-10.132 -116.726
-9.9854 -65.4488
-9.68194 40.3176
-9.97389 -60.7549
-9.88454 -29.3679
-9.81049 -3.29603
-9.85384 -18.0105
-9.80955 -2.27702
-9.94483 -48.9253
-10.1353 -114.747
-9.50673 103.964
-9.88855 -28.3286
-10.3091 -174.082
-10.2096 -139.172
-10.0111 -69.856
-9.8803 -24.0731
-9.93729 -43.5257
-9.70317 38.1551
-9.6826 45.6471
-9.96614 -52.5058
-10.015 -69.1233
-9.66585 52.5079
-9.70397 39.6134
-9.87588 -19.7582
-9.66937 52.3284
-9.59469 78.6207
-9.84602 -8.3439
-10.2385 -144.351
-10.2325 -141.898
-9.87407 -17.0483
-9.80303 7.9782
-9.82644 0.193824
-9.96595 -47.9222
-9.87797 -17.0111
-10.0164 -64.738
-9.73881 32.0266
-9.54971 98.0645
-9.92527 -32.0551
-9.88936 -19.2313
-9.68796 51.0812
-9.39024 154.854
-9.8994 -21.6788
-10.3868 -190.637
-10.4655 -217.656
-9.82688 4.55704
-9.65101 66.0008
-10.4184 -200.25
-10.1661 -112.229
-9.94283 -34.3346
-9.43347 142.965
-10.0784 -80.7218
-10.5137 -231.603
-10.4187 -198.273
-10.4081 -194.23
-10.7398 -309.105
-10.3295 -166.212
-10.1101 -89.6628
-9.85689 -1.3499
-9.93698 -28.8263
-10.2652 -142.508
-10.6042 -259.914
-10.2417 -133.626
-9.8507 2.53751
-9.80181 19.8661
-10.1114 -87.3333
-10.2076 -120.4
-10.233 -128.878
-9.95475 -31.8747
-9.91253 -16.858
-10.2424 -131.109
-10.1478 -97.8874
-10.1036 -82.1836
-9.9542 -29.9461
-9.90788 -13.5075
-10.0153 -50.4715
-10.5471 -234.88
-10.3228 -156.594
-10.3132 -152.924
-10.4174 -188.791
-10.069 -67.3912
-10.2354 -124.87
-10.3937 -179.505
-10.1727 -102.384
-10.3764 -172.781
-10.3941 -178.579
-10.4965 -213.814
-10.0999 -75.696
-10.1893 -106.42
-9.65239 80.4599
-9.71643 58.5611
-10.4049 -180.275
-10.5482 -229.71
-9.71914 58.6595
-9.29717 205.6
-9.61429 95.7788
-9.98997 -34.38
-9.98207 -31.2893
-10.1217 -79.4486
-10.2735 -131.838
-10.2439 -121.205
-9.73827 54.7945
-9.86302 11.8054
-9.72898 58.7174
-9.905 -2.08388
-9.93971 -13.7944
-9.6758 78.2328
-9.6928 72.6741
-10.0755 -59.9372
-10.0769 -60.0484
-10.1664 -90.8122
-9.71808 65.2841
-9.62771 97.0255
-10.2317 -112.466
-10.708 -277.568
-10.1931 -98.3386
-9.41496 172.323
-9.90689 1.77678
-10.636 -251.158
-10.028 -39.5936
-9.87109 15.2545
-9.86611 17.3317
-10.3103 -136.638
-10.5152 -207.453
-10.1357 -75.2897
-10.1133 -67.1636
-9.77341 51.2705
-9.4027 180.402
-9.8095 39.4285
-10.1413 -75.4806
-9.81222 39.1777
-9.87809 16.6447
-10.1496 -77.3198
-10.4125 -168.326
-10.468 -187.246
-10.4359 -175.74
-10.3279 -137.865
-10.3614 -149.172
-10.553 -215.377
-10.4317 -172.901
-10.451 -179.249
-10.3821 -154.97
-10.2293 -101.555
-9.99205 -18.7763
-9.86904 24.3047
-10.0507 -38.4705
-10.3895 -155.792
-10.2417 -104.11
-9.92118 7.57991
-9.96989 -8.994
-9.90953 12.3206
-9.88613 20.7978
-10.2225 -95.6927
-10.0395 -31.7769
-9.88893 20.8685
-9.99112 -14.2847
-9.92988 7.33827
-9.78164 59.1835
-9.95444 -0.499078
-10.0056 -17.9299
-10.2764 -111.669
-10.61 -227.194
-10.1653 -72.3782
-9.41539 188.501
-9.41282 189.74
-10.0368 -26.6745
-10.3825 -146.41
-9.9815 -6.77478
-9.56099 139.655
-9.71628 86.0564
-10.2076 -84.2659
-10.2441 -96.6215
-9.98731 -7.05465
-9.8523 40.1951
-10.0043 -12.2487
-10.1304 -55.725
-10.0618 -31.5581
-9.71871 87.9933
-9.58945 133.243
-10.0278 -18.6921
-10.2666 -101.284
-10.0901 -39.6422
-9.72483 87.6026
-9.82396 53.5127
-10.225 -85.4683
-10.3503 -128.647
-10.5332 -191.846
-10.4484 -162.029
-10.0641 -28.1739
-9.6093 130.17
-9.76163 77.597
-9.83031 54.0863
-9.84707 48.611
-9.95039 13.0662
-9.9534 12.3684
-10.2161 -78.556
-9.98755 1.19858
-9.76238 79.7678
-9.77191 76.8046
-9.8542 48.5668
-10.2158 -76.7207
-10.3442 -120.979
-10.2669 -93.7528
-9.86937 44.6865
-9.92868 24.4283
-10.1899 -65.9671
-10.4126 -142.975
-10.794 -275.13
-10.6554 -226.625
-9.97018 11.7486
-9.44671 193.946
-9.78634 76.308
-10.6136 -210.725
-10.639 -219.221
-10.5689 -194.512
-10.302 -101.429
-10.2096 -69.0087
-10.3408 -114.233
-10.387 -129.912
-10.2642 -86.9289
-9.62558 135.283
-9.75362 91.1506
-10.2976 -97.4896
-10.1684 -52.2329
-10.1182 -34.4666
-10.2552 -81.7149
-10.0389 -6.22378
-9.90562 40.4284
-10.0742 -17.7741
-10.3816 -124.234
-10.5047 -166.657
-10.4151 -135.158
-10.5256 -173.214
-10.6404 -212.729
-10.4122 -133.125
-10.2726 -84.2798
-10.2236 -66.8993
-10.2886 -89.1579
-10.2379 -71.1724
-10.3734 -117.903
-10.0091 9.00781
-9.71547 111.351
-9.68159 123.467
-10.1363 -34.1528
-10.4483 -142.195
-10.062 -7.64253
-9.85728 63.8224
-9.98479 19.8742
-10.3425 -104.056
-10.5199 -165.317
-10.2207 -61.0399
-9.94886 33.7453
-10.1094 -21.667
-10.3706 -112.074
-10.3024 -88.0306
-9.60666 154.015
-9.65673 136.966
-9.98471 23.3758
-10.3873 -116.124
-10.1082 -18.8205
-9.91001 50.3701
-9.72421 115.264
-10.0378 6.67276
-10.294 -81.9802
-10.1202 -21.253
-10.2027 -49.5599
-10.7011 -222.361
-10.6302 -197.374
-10.3472 -98.742
-10.2779 -74.3213
-10.2342 -58.7681
-10.1067 -14.151
-10.3515 -98.8463
-10.3035 -81.8034
-10.0234 15.8319
-9.4975 198.883
-9.49266 200.913
-10.1524 -27.9216
-10.7055 -219.726
-10.3846 -107.889
-9.61279 160.571
-9.80877 92.8336
-10.1219 -15.5943
-10.4155 -117.239
-10.2686 -65.8522
-10.0623 6.14837
-10.0697 3.93058
-10.0498 11.1825
-10.2752 -66.785
-9.87806 71.5431
-9.78703 103.512
-10.0987 -4.40892
-10.6082 -181.074
-10.3052 -75.4698
-10.3578 -93.3779
-10.248 -54.8824
-10.0716 6.7336
-9.90736 64.1429
-9.64657 155.088
-9.76573 114.039
-10.1082 -4.59931
-10.0581 13.1518
-9.97626 41.9461
-10.0469 17.7512
-9.81458 98.8064
-9.82653 95.0032
-9.94243 55.0855
-10.3447 -84.3263
-10.9981 -310.949
-9.98479 41.4132
-9.93424 59.3199
-10.2075 -35.2631
-10.3967 -100.636
-10.6977 -204.848
-10.2142 -36.5351
-9.65382 158.473
-9.90244 72.4529
-10.1869 -26.0333
-10.6686 -193.003
-10.5426 -148.895
-10.5716 -158.631
-10.2275 -38.7256
-10.1008 5.61739
-10.2579 -48.5962
-10.0566 21.6685
-10.1198 0.0743374
-10.462 -118.477
-10.5157 -136.777
-10.0787 15.396
-9.65822 161.81
-9.93608 65.6298
-10.2287 -35.6864
-10.2729 -50.7008
-9.90865 76.201
-9.78453 119.666
-10.2721 -49.3805
-10.6099 -166.369
-10.3487 -75.2735
-10.0964 12.6976
-9.91129 77.3669
-9.8445 100.919
-9.89337 84.2901
-10.1422 -1.797
-10.3596 -76.9658
-10.0681 24.6433
-10.3187 -62.0915
-10.7485 -211.045
-10.5834 -153.333
-10.3485 -71.375
-10.2642 -41.7731
-10.2036 -20.357
-9.49136 227.42
-9.70086 154.988
-10.1251 7.95817
-10.3239 -60.7452
-10.5061 -123.691
-10.5221 -128.924
-10.0679 29.2012
-9.5388 213.371
-9.72181 150.141
-10.3018 -50.9912
-10.5881 -150.102
-10.2527 -33.236
-10.0828 26.1345
-10.0411 40.9406
-10.2014 -14.3941
-10.0671 32.603
-10.2687 -37.0784
-10.3085 -50.5527
-10.1802 -5.62202
-10.3873 -77.2107
-10.522 -123.662
-10.4406 -95.0454
-10.1859 -6.2146
-9.90682 91.0789
-9.74816 146.545
-10.3984 -79.0082
-10.6325 -159.966
-10.5964 -147.075
-9.97978 67.4723
-10.0869 30.605
-10.6149 -152.465
-10.4613 -98.763
-10.1016 26.537
-10.6148 -151.408
-10.4841 -105.652
-9.72825 157.282
-9.85958 112.007
-10.419 -81.9769
-10.3835 -69.3081
-10.1284 19.6612
-10.5783 -136.267
-10.3768 -65.9361
-10.0342 53.4301
-9.95406 81.6158
-10.1674 7.83504
-10.3136 -42.5777
-10.6389 -155.266
-10.2917 -34.2808
-9.87541 110.677
-10.3553 -55.6735
-10.2912 -33.085
-10.3882 -66.4102
-10.2021 -1.43714
-10.3038 -36.4131
-10.5155 -109.593
-10.7355 -185.689
-10.5571 -123.352
-10.2674 -22.3622
-10.1001 36.1047
-10.3523 -51.1542
-10.6229 -144.826
-10.18 9.36899
-9.81047 138.102
-10.2064 0.89307
-10.3361 -43.8126
-10.5489 -117.394
-10.2766 -22.4329
-9.89121 111.787
-9.86068 122.74
-10.3254 -38.362
-10.7627 -189.918
-10.4335 -75.2213
-9.88974 114.037
-9.95247 92.5927
-10.5585 -117.591
-10.4779 -89.2472
-10.4371 -74.7113
-10.5306 -106.856
-10.4238 -69.3952
-10.5253 -104.325
-10.2293 -1.13245
-9.85456 129.385
-10.0158 73.7022
-10.3492 -41.7697
-10.3755 -50.5629
-10.3255 -32.8294
-10.4095 -61.6544
-10.8042 -198.423
-10.9151 -236.595
-11.066 -288.69
-10.5821 -120.239
-9.66658 198.16
-10.0064 80.4559
-10.7817 -188.517
-10.5225 -98.1425
-10.3096 -23.8178
-10.0002 84.0083
-10.0079 81.6595
-10.4789 -81.5957
-10.7598 -178.851
-10.7433 -172.77
-10.2431 1.34476
-10.5279 -97.2468
-10.868 -215.038
-10.476 -78.5159
-10.3727 -42.2639
-10.6091 -124.061
-10.4468 -67.3353
-10.1418 38.9848
-9.93421 111.439
-10.2459 3.49954
-10.6355 -131.482
-10.6995 -153.374
-10.7819 -181.666
-10.6293 -128.298
-10.5663 -106.071
-10.4064 -50.1649
-10.5879 -112.878
-10.5078 -84.6931
-10.687 -146.61
-10.0622 70.808
-9.88325 133.314
-10.4063 -48.0336
-10.1348 46.6176
-9.96033 107.578
-10.4524 -63.0295
-10.85 -200.805
-10.7472 -164.728
-10.5367 -91.2757
-10.3393 -22.3316
-10.6582 -132.772
-10.4577 -62.7907
-10.485 -71.9034
-9.82959 156.124
-9.81488 161.579
-10.0607 76.5224
-10.6102 -114
-10.5567 -95.0971
-10.4106 -43.9756
-10.3988 -39.5207
-10.4072 -42.1103
-10.4158 -44.7353
-10.738 -156.336
-10.4693 -62.6325
-10.3455 -19.2762
-10.3216 -10.614
-10.3683 -26.4983
-10.7121 -145.6
-10.0998 67.4513
-10.0219 94.8778
-9.97465 111.634
-10.6967 -138.852
-10.1814 40.5115
-10.1641 46.851
-10.4045 -36.3131
-10.4144 -39.3835
-10.5035 -70.0023
-10.3349 -11.0977
-10.4651 -55.9735
-10.6141 -107.392
-10.2811 8.63678
-10.3139 -2.4022
-10.3475 -13.7329
-10.5075 -68.9437
-10.2861 8.30466
-10.2277 28.9301
-10.3894 -26.8984
-10.5272 -74.4264
-10.1376 61.287
-9.99896 109.791
-10.1061 72.9048
-10.0166 104.373
-10.4922 -60.5071
-10.318 0.348834
-10.1629 54.5832
-10.3061 5.17211
-10.6926 -128.736
-11.1486 -286.82
-10.546 -77.1356
-10.7505 -147.814
-10.4614 -47.053
-10.3937 -23.1697
-10.465 -47.5947
-10.357 -9.71499
-10.3879 -20.1046
-10.7626 -149.923
-10.2405 31.7849
-10.1471 64.5769
-10.6366 -105.109
-10.8603 -182.494
-10.3132 7.92751
-10.7233 -134.191
-10.9691 -219.232
-10.4747 -47.1433
-10.2222 40.9338
-10.1727 58.4572
-10.3562 -4.93413
-9.9606 132.843
-10.3484 -1.51268
-10.6709 -113.204
-10.6061 -90.3592
-10.4915 -50.1968
-10.6278 -97.2054
-10.4034 -18.8928
-10.4706 -41.8913
-10.7953 -154.349
-10.4 -16.6759
-10.4175 -22.4012
-11.0813 -252.667
-10.7802 -147.708
-10.9449 -204.59
-10.1019 88.6342
-9.49391 300.18
-10.3369 7.69233
-11.4251 -370.021
-10.9225 -195.048
-9.48534 304.548
-9.49893 300.173
-10.6173 -88.0002
-10.4629 -34.0109
-10.1678 68.8561
-10.2668 34.794
-10.1372 80.1733
-9.93485 150.822
-10.3795 -3.30663
-10.8181 -155.316
-10.7814 -142.238
-10.7393 -127.236
-11.0169 -223.332
-10.5857 -73.1958
-10.5184 -49.4796
-10.6178 -83.6481
-10.1439 81.3081
-10.7956 -144.726
-10.0011 131.642
-10.0577 112.299
-10.5904 -72.4003
-10.3461 12.8019
-10.2945 31.0951
-10.4443 -20.594
-10.4813 -33.1065
-10.8872 -173.778
-10.8667 -166.315
-10.1806 72.3833
-9.93032 159.69
-10.279 38.9068
-10.7672 -130.327
-10.5109 -40.9694
-10.2214 59.9437
-10.1597 81.7253
-10.5786 -63.4343
-10.4909 -32.6107
-10.4309 -11.4292
-10.6427 -84.6725
-10.5229 -42.6976
-10.523 -42.3741
-10.6283 -78.6057
-10.1572 85.4011
-10.0938 107.776
-10.3997 1.83908
-10.47 -22.2318
-10.8772 -163.341
-10.8003 -136.299
-10.539 -45.172
-10.0824 113.812
-10.2597 52.5782
-10.2956 40.4322
-10.4393 -9.13633
-10.4113 0.922934
-10.815 -138.975
-10.4825 -23.0861
-10.4588 -14.5223
-11.007 -204.612
-10.7408 -111.806
-10.3823 13.0816
-10.031 135.491
-10.5093 -30.3175
-10.6884 -92.1948
-10.7465 -112.027
-10.5462 -42.1143
-10.3725 18.5996
-10.2712 54.1206
-10.6189 -66.3088
-10.4433 -4.96598
-10.1464 98.528
-10.0379 136.57
-10.3722 20.7721
-10.3251 37.4666
-10.4114 7.86375
-10.5702 -46.962
-10.7162 -97.3374
-10.7896 -122.502
-10.6716 -81.1658
-10.8779 -152.467
-10.8855 -154.782
-10.7212 -97.3443
-10.1712 94.0726
-10.1258 110.179
-10.8303 -134.184
-10.7311 -99.3853
-10.6336 -65.1629
-10.3771 24.2833
-10.6238 -61.0674
-10.6732 -77.8797
-10.9734 -181.83
-10.6884 -82.4872
-10.7798 -113.864
-10.9176 -161.383
-11.2744 -284.993
-10.989 -185.525
-10.7507 -102.369
-10.2724 64.1293
-10.446 4.16518
-10.8004 -118.586
-10.7223 -91.113
-10.6219 -55.9039
-10.9817 -180.551
-10.4346 9.85043
-10.3529 38.5917
-10.588 -42.745
-10.5583 -32.0551
-10.1279 117.785
-10.2581 72.9087
-10.8115 -118.984
-11.0688 -208.003
-10.4359 12.1889
-9.92756 189.134
-10.0751 138.227
-10.5247 -17.6095
-10.2342 83.6517
-10.1351 118.413
-10.3784 34.2646
-10.7237 -85.3429
-11.1503 -233.204
-10.9505 -163.452
-11.0066 -182.602
-10.4966 -5.08417
-10.4405 14.7613
-10.2048 97.0066
-10.343 49.3386
-10.8334 -120.668
-10.4223 22.4688
-9.77104 249.067
-10.168 111.531
-10.8608 -128.821
-10.5357 -15.5397
-10.2276 91.8423
-10.2133 97.1585
-10.4498 15.3392
-10.8801 -133.788
-10.923 -148.342
-10.3405 54.3669
-9.91451 202.702
-10.093 141.029
-10.6941 -67.4245
-10.7554 -88.3866
-10.3846 40.7798
-9.97179 184.539
-10.1513 122.528
-10.4144 31.4729
-10.5912 -29.6108
-10.8505 -119.319
-10.68 -59.745
-10.8124 -105.404
-10.9248 -144.115
-10.7053 -67.4827
-10.5905 -27.2848
-10.5811 -23.6668
-10.7096 -67.946
-10.6123 -33.7979
-10.8706 -123.181
-10.7135 -68.2773
-10.5705 -18.2211
-10.2776 83.8771
-10.3121 72.2235
-10.2543 92.6348
-10.5011 7.27108
-10.5824 -20.6259
-10.2289 102.523
-10.248 96.2295
-10.7397 -74.2498
-10.9054 -131.468
-10.4767 17.8286
-10.5978 -23.9008
-10.7284 -68.9217
-10.648 -40.6311
-10.591 -20.5117
-10.3884 50.2289
-10.232 104.92
-10.6766 -49.188
-10.9215 -133.917
-10.7474 -73.1084
-10.5579 -6.91849
-10.7178 -62.1066
-10.3092 80.1756
-10.2658 95.5994
-10.2814 90.5382
-10.7119 -58.6611
-10.9535 -142.274
-10.5582 -4.59972
-10.3998 50.7836
-10.9678 -146.199
-10.6794 -45.636
-9.90971 222.085
-9.78383 266.163
-10.6447 -32.5657
-10.9009 -121.19
-10.3296 77.6037
-10.6496 -33.2149
-10.9193 -126.558
-10.4526 35.9269
-10.505 18.0769
-10.4208 47.6665
-10.6962 -47.6783
-10.6453 -29.6295
-10.4198 49.0579
-10.3908 59.4778
-10.7134 -52.2399
-10.59 -9.04143
-10.8815 -109.949
-10.2432 112.15
-9.99694 198.035
-10.4328 46.9615
-11.1467 -200.701
-11.0355 -161.711
-10.7187 -51.3191
-10.6697 -33.9519
-11.1532 -201.549
-10.9388 -126.715
-10.6194 -15.4334
-10.5359 13.9191
-10.8382 -90.7398
-11.0996 -181.185
-10.8528 -95.127
-10.529 17.7011
-10.8047 -77.7227
-11.0232 -153.265
-10.9416 -124.564
-11.1446 -194.748
-11.0293 -154.348
-10.4904 33.2204
-10.5337 18.5325
-10.8903 -105.01
-10.6198 -10.7157
-10.4013 65.5662
-10.4219 58.7435
-10.7209 -44.79
-10.6437 -17.5986
-10.7715 -61.661
-11.0742 -166.476
-10.6928 -33.6161
-10.6087 -4.07556
-10.9132 -109.494
-10.742 -49.6887
-10.6719 -24.994
-10.6327 -11.0192
-10.8265 -77.9865
-11.0285 -147.809
-11.1939 -204.941
-11.0853 -166.853
-10.5336 25.143
-10.1992 141.665
-10.5758 11.1983
-11.0243 -144.266
-10.6652 -19.1761
-10.7475 -47.4028
-10.4746 47.7301
-10.1398 164.402
-10.5959 6.30375
-10.7035 -30.7611
-10.0305 203.385
-10.6707 -18.6498
-11.3279 -246.623
-10.3017 110.217
-9.60337 353.171
-10.2967 112.643
-10.7502 -44.5301
-9.92959 240.887
-9.73813 307.747
-10.5307 32.7655
-10.6965 -24.4876
-10.6545 -9.55504
-10.8375 -72.7958
-10.8797 -87.0909
-10.1921 152.14
-9.87017 264.31
-10.33 104.912
-10.959 -113.245
-11.0704 -151.615
-10.7608 -43.7188
-10.9138 -96.5062
-11.1567 -180.529
-10.8379 -69.4348
-10.2128 148.044
-9.85845 271.505
-10.4161 78.1215
-11.413 -267.83
-11.2114 -197.463
-10.6573 -4.63529
-10.1043 187.841
-10.4244 76.976
-10.8519 -71.167
-10.7966 -51.623
-10.6121 12.8252
-10.6271 7.95558
-10.3756 95.6827
-10.1152 186.497
-10.4284 78.0366
-10.3396 109.236
-10.78 -43.4353
-10.8066 -52.3164
-10.6781 -7.31527
-10.5607 33.8013
-10.6963 -12.9486
-10.4656 67.5193
-10.3157 119.953
-10.4127 86.6202
-10.5131 52.0871
-10.4304 81.1682
-10.8924 -78.9919
-11.071 -140.697
-10.5566 38.3371
-10.8228 -53.7921
-11.0018 -115.621
-10.2528 144.925
-10.0687 209.241
-10.873 -69.8125
-10.6333 13.8067
-10.6088 22.6592
-10.8595 -64.1057
-10.7501 -25.7473
-10.6166 20.9756
-10.2527 147.736
-10.284 137.214
-10.7963 -40.4108
-11.0365 -123.513
-10.5708 38.64
-10.3321 121.894
-10.3853 103.764
-10.5072 61.7595
-10.6963 -3.5932
-10.8949 -72.2084
-10.6498 13.274
-10.665 8.34358
-10.8713 -62.9901
-10.7227 -11.0121
-10.5398 52.872
-10.3827 107.8
-10.7862 -32.0248
-10.4291 92.38
-10.7547 -20.3766
-10.9256 -79.4111
-10.7761 -27.1336
-10.6244 25.9277
-11.128 -148.68
-11.0157 -109.326
-10.6353 23.1634
-10.487 75.0528
-10.6022 35.3643
-10.6057 34.5046
-11.014 -106.983
-10.8968 -65.9434
-10.5256 63.3535
-10.6547 18.857
-11.086 -130.634
-11.0703 -124.823
-10.7808 -23.8945
-11.1869 -164.647
-11.1767 -160.732
-10.799 -29.1979
-10.7408 -8.61174
-11.3614 -223.871
-10.7344 -5.70409
-10.0332 238.242
-10.4068 108.816
-10.3133 141.642
-10.0236 242.627
-10.5978 43.4853
-10.7451 -7.33857
-10.635 31.2795
-10.8315 -36.6604
-11.175 -155.619
-10.4327 102.591
-10.3696 124.843
-10.8552 -43.505
-10.6523 27.3352
-9.97425 263.24
-10.5434 65.858
-10.8087 -25.949
-10.2657 163.048
-10.564 59.7463
-11.426 -239.369
-11.3597 -215.988
-10.7871 -16.7069
-10.3616 131.462
-10.6517 31.0151
-10.8654 -42.8543
-10.4521 101.049
-10.567 61.496
-10.7936 -16.8783
-10.7173 9.97227
-10.4586 100.178
-10.834 -29.8596
-10.7271 7.61508
-10.3313 145.46
-10.9019 -52.4167
-10.8039 -18.0164
-10.4551 103.48
-10.769 -5.20115
-10.7642 -3.19871
-10.5545 69.9853
-10.4438 108.809
-10.9045 -50.898
-10.8964 -47.7161
-10.5193 83.6225
-10.5296 80.382
-10.7219 13.9138
-10.8542 -31.6929
-10.0932 233.032
-10.3924 129.457
-11.095 -114.285
-10.7382 10.0046
-10.7211 16.2949
-10.9996 -80.1215
-10.5761 67.3749
-10.5283 84.3286
-10.6585 39.4124
-10.52 87.9018
-10.619 53.8485
-10.3863 135.045
-10.5088 92.8115
-11.0053 -79.314
-10.8399 -21.5116
-10.8975 -41.1751
-10.7906 -3.68892
-10.9985 -75.5677
-10.7242 20.0832
-10.3867 137.686
-10.8026 -6.45149
-11.1286 -119.376
-10.5699 75.0556
-10.5953 66.5956
-10.9644 -61.2958
-11.068 -96.9398
-10.9791 -65.6759
-10.7409 17.4047
-10.2002 205.578
-10.0831 246.616
-10.9833 -65.7588
-10.8054 -3.61285
-10.47 113.247
-10.8129 -5.51211
-10.9302 -45.9259
-10.7018 33.7496
-10.0308 267.229
-10.1751 217.443
-10.8803 -27.1848
-10.7349 23.6575
-10.7899 4.89656
-10.8921 -30.2651
-11.2035 -138.076
-10.9333 -43.8685
-10.1967 212.377
-10.1585 225.979
-10.6987 38.6813
-10.8044 2.27647
-10.4036 141.871
-10.5832 79.8212
-10.8366 -7.84612
-10.6992 40.222
-10.83 -4.84821
-10.6997 40.7565
-10.7192 34.3163
-10.9948 -61.06
-10.9188 -34.3094
-10.8647 -15.1886
-11.2126 -135.687
-10.7305 32.1268
-10.8897 -22.834
-10.8466 -7.49796
-10.2873 187.132
-10.9321 -36.4946
-10.9045 -26.589
-10.7785 17.5417
-10.5498 97.3347
-10.5741 89.2481
-10.7242 37.4376
-11.1094 -96.0076
-10.8743 -14.0139
-10.7683 23.1813
-10.7002 47.1904
-10.6755 56.1184
-10.9229 -29.5095
-10.8762 -12.9317
-10.7044 47.0925
-10.665 61.1314
-10.9141 -25.0608
-10.9688 -43.7054
-10.6113 80.8352
-10.4449 138.976
-10.7467 34.4853
-10.2274 215.241
-10.535 108.722
-11.1495 -104.381
-10.7933 19.7048
-10.4615 135.301
-10.3519 173.716
-11.003 -52.1037
-11.0527 -69.0239
-10.33 182.395
-10.3969 159.496
-10.6212 81.9292
-11.0112 -53.2212
-11.4605 -208.947
-11.0164 -54.3239
-10.5683 101.693
-10.6509 73.3219
-10.9278 -22.5162
-10.9559 -31.9127
-10.5499 109.452
-10.4691 137.885
-11.077 -72.9525
-11.1931 -112.923
-9.96949 312.486
-9.90162 336.41
-10.9711 -34.7792
-10.9287 -19.6845
-10.7325 48.8167
-10.5743 104.127
-11.2087 -115.918
-10.4914 133.624
-10.1208 262.715
-10.5322 120.142
-11.0149 -47.2224
-10.4467 150.535
-10.2646 214.125
-10.8389 14.9891
-10.9769 -32.6257
-10.6782 71.4966
-10.642 84.4154
-10.5915 102.322
-10.6097 96.3339
-10.9841 -33.3873
-11.0829 -67.3714
-10.7004 65.878
-10.7996 31.7512
-10.8993 -2.54366
-11.1759 -98.2792
-11.1698 -95.8025
-10.9957 -34.9958
-11.1073 -73.4158
-11.123 -78.5272
-10.7663 45.7476
-10.6158 98.378
-10.703 68.4206
-10.8162 29.4431
-10.7757 43.8632
-11.0391 -47.2687
-10.9259 -7.61569
-10.5375 127.655
-10.436 163.283
-10.6272 97.2101
-11.3755 -162.395
-11.0009 -31.9378
-10.8925 6.0951
-10.5785 115.495
-10.5413 128.774
-10.814 34.3842
-10.819 33.0019
-10.6191 102.789
-10.7743 49.239
-10.9423 -8.78902
-11.0892 -59.4904
-11.2164 -103.325
-10.7614 55.1069
-10.9299 -3.08301
-11.0576 -47.0899
-10.964 -14.2506
-10.8934 10.6457
-10.7772 51.3471
-10.6617 91.827
-10.8644 21.7481
-10.999 -24.6663
-10.5955 115.844
-10.7717 54.99
-11.2165 -99.1967
-10.84 31.947
-10.9351 -0.73045
-10.8328 35.156
-11.0586 -42.9449
-10.9799 -15.2533
-11.2362 -103.945
-10.6509 99.74
-9.88724 365.376
-10.7662 60.3828
-10.9923 -17.8327
-10.4598 167.506
-11.0022 -20.551
-10.7206 77.6234
-10.6518 101.846
-10.8845 21.3745
-10.7738 60.1517
-11.1009 -53.1036
-10.7795 58.8789
-11.2338 -98.5952
-10.8843 23.1799
-10.6889 91.3879
-10.6625 100.919
-10.498 158.427
-10.5155 152.696
-10.7546 69.9806
-10.6772 97.1935
-10.3468 212.33
-10.6907 93.2086
-10.6027 124.123
-10.4402 180.94
-10.4042 193.77
-10.6869 95.9256
-10.9203 15.1668
-10.779 64.6039
-10.6705 102.667
-10.7309 82.0332
-10.693 95.5482
-10.5977 129.002
-10.6362 115.955
-10.6111 125.023
-10.6209 121.957
-10.67 105.258
-10.7519 77.1401
-10.7521 77.4308
-11.0484 -25.1407
-10.9463 10.6631
-10.4775 173.875
-10.8431 47.1967
-10.5613 145.448
-11.0545 -25.5227
-11.251 -93.4446
-10.1741 280.991
-10.0986 307.587
-10.9284 19.6466
-11.0902 -36.1993
-11.1889 -70.1247
-11.2376 -86.7256
-11.1693 -62.63
-11.9678 -339.68
-11.6039 -212.932
-11.0757 -29.0611
-11.1655 -59.9299
-11.4323 -152.263
-11.5654 -198.147
-11.4847 -169.784
-11.4476 -156.553
-11.6012 -209.542
-11.1533 -53.6074
-11.3999 -138.908
-11.1403 -48.3933
-11.2642 -91.0758
-11.0969 -32.6043
-11.2578 -88.1545
-11.2328 -79.1252
-11.0416 -12.3518
-10.9933 4.77641
-11.252 -84.7612
-11.3663 -124.11
-11.207 -68.4398
-11.0438 -11.3973
-10.8035 72.4361
-10.8977 40.0663
-11.3891 -130.321
-11.1922 -61.5654
-11.2325 -75.2259
-11.3629 -120.178
-11.374 -123.689
-11.0036 5.33917
-10.7136 106.437
-10.9287 32.0614
-11.047 -8.67933
-11.4231 -138.998
-11.2514 -79.0002
-11.1102 -29.6056
-10.9777 16.7815
-11.1641 -47.6171
-10.708 111.176
-10.9327 33.4507
-10.6475 132.867
-10.8299 69.8459
-11.0177 4.97342
-11.3514 -110.598
-11.1122 -27.1698
-10.9462 30.8437
-11.0614 -8.81667
-10.8864 52.3301
-11.1593 -42.1323
-11.159 -41.6708
-11.0956 -19.3318
-10.7651 95.8382
-11.0295 4.32568
-11.3542 -108.099
-11.1693 -43.5262
-11.2575 -73.8203
-10.8498 68.167
-10.7075 117.931
-11.0892 -14.3085
-10.9904 20.3556
-11.0108 13.63
-11.5623 -177.629
-11.3189 -92.7242
-11.5359 -167.742
-11.1713 -40.7619
-11.4553 -139.077
-11.1478 -31.8856
-11.1055 -16.8609
-10.9612 33.6335
-11.1375 -27.2579
-10.8586 69.9509
-11.2404 -62.3291
-11.1343 -25.1079
-11.2345 -59.5935
-11.1259 -21.5087
-11.1134 -16.823
-11.2148 -51.681
-11.2025 -47.0705
-11.1684 -34.8949
-11.2685 -69.3181
-10.9963 25.6056
-10.9883 28.7138
-10.9026 58.8526
-10.8151 89.6025
-11.2276 -53.3579
-11.2362 -56.008
-10.8906 64.3948
-11.174 -33.7018
-11.3614 -98.4373
-11.2448 -57.6063
-11.1742 -32.7362
-10.8291 87.4973
-10.949 46.2044
-10.7813 104.804
-10.8568 78.9242
-10.8688 75.0948
-10.9769 37.9179
-11.2381 -52.4814
-11.2143 -43.8782
-11.2809 -66.6478
-11.3548 -91.988
-10.9321 55.2095
-10.8522 83.2918
-10.835 89.6337
-10.6743 145.796
-10.7574 117.264
-11.121 -8.68858
-11.2191 -42.4078
-11.16 -21.528
-10.7809 110.49
-10.8423 89.5405
-10.682 145.569
-11.0096 32.0875
-10.8895 74.1845
-10.8578 85.5182
-11.1093 -1.49758
-10.856 86.8497
-11.1019 1.78354
-10.8306 96.3513
-11.147 -13.1892
-11.2963 -64.7146
-11.2613 -52.2161
-11.59 -166.04
-11.5173 -140.446
-11.5849 -163.596
-10.8032 108.317
-11.0933 7.88575
-10.8307 99.4584
-10.9625 54.0313
-11.1016 6.02939
-11.1354 -5.33307
-10.7941 113.547
-10.8409 97.6615
-11.3512 -79.2761
-11.1978 -25.6518
-11.203 -27.1133
-11.3715 -85.2852
-11.3749 -86.1177
-11.1218 2.171
-11.099 10.43
-11.2494 -41.4799
-11.1276 1.18694
-11.341 -72.591
-11.1002 11.402
-11.4372 -105.321
-11.3296 -67.6113
-11.6571 -181.027
-11.2882 -52.5158
-11.3653 -78.9527
-11.1121 9.35925
-11.2124 -25.1589
-11.1496 -2.9899
-10.696 154.936
-10.9922 52.4034
-11.3013 -54.6385
-11.3551 -73.0006
-11.4268 -97.5366
-11.0519 33.024
-10.8778 93.863
-11.1796 -10.645
-11.265 -39.9575
-11.4232 -94.5601
-11.1257 9.12298
-10.8868 92.4627
-11.0683 29.7616
-10.8811 95.1606
-10.984 59.7513
-11.227 -24.3217
-10.5519 210.564
-10.9915 58.2
-11.2317 -24.8946
-11.0578 35.8522
-11.1166 15.7697
-10.8743 100.282
-11.1171 16.2926
-10.9533 73.5327
-11.0072 55.1685
-10.9102 89.2038
-11.4262 -89.6894
-11.4276 -89.819
-11.4208 -87.1176
-10.817 122.961
-10.715 158.748
-10.9829 66.0546
-10.6066 197.106
-10.9593 74.9454
-11.1521 8.31267
-11.3559 -62.1536
-11.345 -58.0046
-11.7304 -191.558
-11.3591 -62.2173
-10.886 102.469
-11.1768 1.81818
-11.5821 -138.655
-11.9287 -258.716
-11.653 -162.577
-10.9708 74.7707
-10.887 104.206
-11.0783 38.1265
-10.9499 83.0516
-10.8732 110.06
-11.1727 6.35148
-11.2467 -18.9907
-11.3582 -57.3727
-10.9437 86.9671
-11.1092 29.8151
-11.2056 -3.32291
-10.8627 116.131
-10.974 77.8283
-11.1456 18.5387
-11.2703 -24.4177
-11.2639 -21.8616
-11.3723 -59.1738
-11.3739 -59.3734
-11.1894 5.06632
-10.8511 122.946
-10.5757 218.973
-11.076 45.5072
-10.9471 90.6448
-11.3321 -42.7592
-11.7492 -187.318
-11.0171 67.3615
-10.9453 92.6435
-10.8147 138.384
-11.1019 38.9289
-11.173 14.5966
-10.997 76.0663
-10.7076 176.966
-10.9894 79.4082
-11.2858 -23.2045
-10.7287 170.66
-10.9872 81.2201
-11.0508 59.4838
-11.2726 -17.2389
-11.0354 65.5217
-11.1552 24.2432
-11.1082 40.9353
-11.5173 -100.845
-11.2078 7.00104
-11.0717 54.6581
-11.337 -37.1559
-11.6092 -131.369
-11.5317 -104.108
-11.4268 -67.331
-11.3716 -47.7868
-11.0071 79.1714
-11.2322 1.33083
-11.1863 17.6143
-11.0074 80.1007
-11.0575 63.0379
-11.4232 -63.6264
-11.6929 -157.001
-11.2127 10.1656
-11.2024 14.0872
-10.7018 188.353
-10.9604 98.8766
-11.3924 -50.8506
-11.0458 69.9067
-10.9754 94.7127
-11.3197 -24.569
-11.2784 -9.85973
-11.1457 36.5848
-10.9216 114.771
-11.2264 9.23961
-11.4128 -55.181
-11.2052 17.3068
-11.1513 36.377
-11.2857 -9.9595
-11.5906 -115.556
-11.145 39.5996
-11.3719 -38.8757
-11.5197 -89.8757
-11.6675 -140.858
-11.2374 8.88378
-11.418 -53.497
-11.4179 -53.1182
-11.2493 5.80034
-11.3976 -45.3535
-11.4648 -68.3764
-11.5837 -109.317
-11.7099 -152.815
-11.5622 -101.17
-11.4366 -57.1958
-11.4667 -67.2884
-11.2348 13.634
-11.7291 -157.741
-11.3781 -35.4568
-11.4149 -47.9228
-11.1967 28.2293
-11.0265 87.7133
-10.8937 134.189
-11.2803 0.228652
-11.4742 -66.7829
-11.2191 22.2081
-11.4969 -73.9504
-11.3145 -10.255
-11.0197 92.5183
-11.2615 8.87507
-11.5311 -84.4646
-11.3317 -14.8278
-11.6473 -124.123
-11.2589 11.151
-11.2763 5.46173
-11.0471 85.4402
-10.8042 170.163
-11.6731 -131.361
-11.6041 -107.042
-11.4011 -36.1575
-11.4707 -60.0005
-11.1293 58.9383
-11.0039 102.853
-11.0509 86.8736
-11.4585 -54.3522
-11.5258 -77.3917
-11.1026 69.975
-11.1303 60.6975
-11.4337 -44.3793
-11.1397 58.1035
-10.6776 218.985
-10.8139 171.988
-10.7571 192.088
-10.9047 141.146
-11.2128 34.47
-11.1852 44.4062
-11.5649 -87.1742
-11.2776 13.0051
-10.805 177.536
-11.1405 61.3066
-10.6768 222.749
-10.9341 133.704
-11.054 92.4237
-10.816 175.422
-11.2478 25.7855
-11.2694 18.6201
-11.2049 41.3916
-11.3355 -3.63795
-11.1952 45.4324
-10.9317 137.322
-11.0311 103.13
-11.1084 76.6338
-10.8452 168.411
-11.0412 100.677
-10.8633 162.836
-11.1633 58.9668
-10.8803 157.622
-10.9079 148.368
-11.1788 54.5975
-11.1686 58.5067
-11.1643 60.3479
-11.1877 52.575
-11.1903 52.0138
-11.3696 -9.93057
-11.4702 -44.534
-11.0996 84.5711
-11.2924 17.9191
-11.2694 26.2734
-11.0332 108.675
-11.3002 16.2517
-11.2191 44.7842
-11.4441 -33.0331
-11.1312 76.002
-11.4327 -28.387
-11.3005 17.9013
-11.6254 -94.6382
-11.4977 -49.9203
-10.8363 180.177
-11.2499 36.8628
-11.0739 98.3515
-11.1166 83.8572
-10.7077 226.267
-11.2243 47.1367
-11.207 53.5075
-10.6803 236.813
-10.89 164.304
-10.6509 247.736
-10.4358 322.8
-11.3967 -10.6701
-11.4636 -33.5536
-11.1885 62.3613
-11.6447 -95.7751
-11.6949 -112.871
-11.1733 68.6829
-11.2467 43.5322
-11.3575 5.37857
-11.2268 51.1409
-11.2097 57.4345
-11.2815 32.8204
-11.1332 84.6978
-11.1486 79.6787
-11.3433 12.4131
-11.3618 6.32138
-11.1368 84.8255
-11.3744 2.62684
-11.2488 46.6219
-11.3045 27.6139
-10.7905 206.519
-11.1857 69.5704
-11.7244 -117.221
-11.2894 34.2552
-11.2631 43.7283
-11.0316 124.504
-11.2089 63.2518
-11.3788 4.56971
-11.6735 -97.4342
-11.6448 -87.1269
-11.1471 86.1109
-10.8102 203.5
-11.0541 119.139
-11.1431 88.544
-10.898 174.032
-11.2584 49.1829
-11.3262 25.9703
-11.1743 79.1177
-11.3135 31.0831
-11.6335 -79.7431
-11.8206 -144.383
-10.9837 146.714
-11.2677 48.3977
-11.7778 -128.462
-11.6377 -79.4546
-11.32 31.2545
-11.3213 31.1595
-11.6732 -90.7427
-11.5409 -44.4219
-11.3027 38.6665
-11.2798 46.9805
-11.5007 -29.4342
-10.95 162.217
-11.1392 96.8632
-11.1979 76.8098
-11.2127 72.0312
-11.6741 -87.9146
-11.5134 -31.7543
-11.6067 -63.8307
-11.5213 -33.7915
-11.4558 -10.7016
-11.5668 -48.9057
-11.9952 -197.376
-11.9679 -187.544
-11.8275 -138.453
-11.7638 -115.953
-11.5752 -50.1019
-11.2206 73.4275
-11.0665 127.329
-11.1891 85.0855
-11.1479 99.7364
-11.1968 83.1108
-11.3982 13.4657
-11.4189 6.64594
-11.9172 -166.123
-11.9308 -170.513
-11.5547 -39.5028
-11.3905 17.8983
-11.0441 138.568
-11.2668 61.5682
-11.4479 -1.02465
-11.5993 -53.2655
-11.9886 -188.153
-11.539 -31.6043
-11.206 84.433
-11.3765 25.5351
-11.8699 -145.533
-11.6346 -63.4346
-11.8266 -129.797
-11.5032 -17.0934
-11.6099 -53.8229
-11.5817 -43.6792
-11.7799 -112.184
-11.8851 -148.362
-11.7806 -111.705
-11.5974 -47.7343
-11.5895 -44.6267
-11.8116 -121.442
-12.1579 -241.401
-11.8504 -134.236
-12.0777 -212.86
-11.7673 -104.665
-11.4787 -4.06628
-11.6032 -46.9822
-11.8741 -140.726
-11.6197 -52.0046
-11.4489 7.67036
-11.4259 16.0079
-11.5337 -21.0828
-11.6646 -66.216
-11.8477 -129.466
-11.8422 -127.211
-11.9619 -168.466
-11.669 -66.34
-12.0238 -189.272
-11.8095 -114.473
-11.9077 -148.25
-11.9096 -148.561
-11.8657 -132.938
-12.1506 -231.563
-12.0726 -204.117
-11.7156 -79.7649
-11.924 -151.809
-11.6332 -50.4528
-11.946 -158.751
-11.8304 -118.265
-11.7868 -102.771
-11.7401 -86.2026
-11.9123 -145.656
-11.9429 -155.936
-12.0617 -196.852
-12.0134 -179.755
-12.0898 -205.93
-11.7844 -99.5096
-11.7135 -74.5018
-11.6812 -62.95
-11.2946 71.6854
-11.6061 -36.1646
-11.579 -26.3968
-11.624 -41.6702
-11.5482 -15.0119
-11.4675 13.38
-11.5368 -10.3519
-11.5701 -21.5824
-11.4788 10.4793
-11.4683 14.4716
-11.4131 34.0206
-11.3656 50.8522
-11.6674 -53.647
-11.7214 -72.0459
-11.7634 -86.2783
-11.7763 -90.4322
-12.1819 -230.981
-11.9251 -141.435
-11.9961 -165.736
-11.9044 -133.54
-11.8658 -119.768
-11.9716 -156.174
-12.1467 -216.673
-12.0417 -179.834
-11.8528 -113.867
-11.7434 -75.5344
-11.8285 -104.757
-11.8829 -123.302
-11.4716 19.945
-11.4942 12.4526
-11.3299 69.8458
-11.8124 -97.4095
-11.9348 -139.576
-12.0531 -180.32
-11.571 -12.4957
-11.3553 62.7909
-11.2027 116.138
-11.6107 -25.2517
-12.1595 -215.563
-12.3145 -269.061
-11.9254 -133.542
-11.3589 63.5961
-11.0052 186.836
-11.3441 69.4288
-11.7866 -83.9294
-11.8241 -96.5995
-11.7767 -79.8025
-12.0067 -159.335
-11.9188 -128.458
-12.1643 -213.412
-12.469 -318.913
-11.7036 -52.6526
-12.0642 -177.576
-12.0849 -184.442
-12.0152 -159.864
-12.0733 -179.711
-12.3981 -292.18
-12.0812 -181.748
-12.4415 -306.582
-12.4867 -321.914
-11.9086 -120.77
-11.615 -18.4219
-11.7064 -49.8245
-11.629 -22.5755
-11.7103 -50.4851
-11.2601 106.283
-11.5987 -11.0068
-11.921 -122.627
-12.228 -228.92
-12.3507 -271.208
-12.3351 -265.439
-11.5315 14.0766
-11.9298 -123.94
-11.7821 -72.2858
-11.9692 -136.958
-12.0939 -179.899
-12.1898 -212.895
-12.1268 -190.645
-11.616 -12.8584
-11.8215 -83.8939
-12.1579 -200.419
-12.1518 -197.956
-11.9343 -122.025
-11.7329 -51.7418
-11.4887 33.4583
-12.2215 -220.763
-12.1443 -193.602
-12.177 -204.608
-11.8323 -84.5211
-12.0311 -153.219
-11.925 -116.034
-11.8558 -91.6461
-11.8165 -77.6333
-11.8161 -77.1586
-11.7742 -62.2403
-11.9498 -122.907
-12.1626 -196.491
-12.1391 -187.993
-11.8794 -97.3927
-11.5912 3.07415
-11.7661 -57.3661
-11.7073 -36.5969
-12.4665 -299.978
-11.9107 -106.553
-11.8014 -68.2138
-11.6839 -27.0538
-11.5768 10.5027
-11.7387 -45.4207
-12.0653 -158.522
-11.8654 -88.7415
-11.7963 -64.356
-11.5963 5.44344
-12.2649 -226.467
-12.5456 -323.649
-11.9125 -103.365
-12.1074 -170.709
-12.1366 -180.52
-11.9047 -99.597
-11.9789 -125.033
-12.0758 -158.359
-11.9943 -129.687
-11.9282 -106.37
-11.9465 -112.398
-12.0552 -149.79
-12.1497 -182.265
-12.0104 -133.542
-12.2657 -221.891
-11.9847 -123.899
-11.6056 8.12745
-11.5469 28.8821
-12.2454 -213.443
-12.0734 -153.35
-12.2264 -206.146
-11.5717 21.6441
-12.0122 -131.031
-12.2417 -210.402
-11.9399 -105.212
-12.2755 -221.471
-12.4296 -274.651
-11.9369 -103.13
-11.9999 -124.682
-11.6518 -3.40727
-11.5999 14.9811
-12.0815 -152
-12.0124 -127.619
-12.2381 -205.701
-12.3331 -238.334
-12.0254 -131.124
-11.5444 36.323
-11.8418 -66.6205
-11.7264 -26.1996
-11.6361 5.53982
-11.5495 35.9398
-11.6826 -9.92595
-11.5727 28.6013
-11.5179 47.9733
-11.5887 23.7387
-11.7391 -28.1715
-11.9406 -97.8231
-11.734 -25.7047
-11.5305 45.3255
-12.0139 -122.24
-11.9259 -91.3289
-11.8725 -72.4232
-11.8984 -81.0715
-11.862 -68.0838
-12.098 -149.724
-11.6119 19.4996
-11.2083 160.06
-11.2953 130.165
-11.9312 -90.3828
-12.1201 -155.666
-12.2001 -183.115
-12.1279 -157.683
-12.3149 -222.291
-12.058 -132.711
-12.1291 -157.052
-11.9646 -99.5557
-11.8599 -62.8532
-12.2028 -181.617
-12.0758 -137.141
-12.1942 -177.93
-12.1064 -147.074
-11.9974 -108.87
-11.9763 -101.191
-12.12 -150.771
-11.7117 -8.5743
-11.749 -21.1808
-11.8609 -59.7279
-12.2768 -203.85
-12.4402 -260.28
-11.9356 -84.6202
-12.1247 -149.984
-12.4064 -247.494
-11.7952 -34.7947
-11.9607 -91.9411
-12.1474 -156.474
-11.9528 -88.5124
-11.8481 -51.7938
-11.6369 21.9129
-11.6752 8.95829
-11.6854 5.76701
-11.8136 -38.412
-11.8055 -35.2766
-12.1915 -169.007
-11.8296 -42.9322
-11.735 -9.73769
-11.6603 16.5562
-11.4817 78.975
-11.7926 -28.7107
-11.7137 -0.931496
-11.7311 -6.63264
-11.7204 -2.55439
-11.8957 -63.134
-11.9471 -80.6312
-11.7014 5.08163
-11.7534 -12.6516
-11.8646 -50.9279
-11.9247 -71.4593
-12.0623 -118.924
-11.6065 39.7641
-11.5714 52.3333
-11.9448 -77.0501
-11.9903 -92.494
-11.7851 -20.8817
-11.7884 -21.6763
-11.8595 -46.0184
-11.562 57.6724
-11.6354 32.509
-11.5402 65.9373
-11.4277 105.359
-11.5229 72.6338
-11.7213 4.07364
-11.875 -48.9851
-11.6956 13.7033
-11.2803 158.314
-11.2786 159.245
-11.4127 112.998
-11.9526 -74.2048
-12.0238 -98.5963
-11.8192 -27.1822
-11.5916 52.245
-11.6401 35.748
-11.5938 52.1891
-11.8085 -22.0553
-11.8207 -25.9568
-12.0506 -105.475
-12.0244 -96.021
-12.3575 -211.386
-12.1755 -147.82
-11.7175 11.6537
-11.6624 31.1374
-12.0532 -104.28
-12.1922 -152.22
-12.4406 -238.188
-12.3411 -203.265
-12.0786 -111.708
-12.1082 -121.658
-11.9299 -59.3733
-11.8433 -28.9376
-11.459 104.919
-12.0169 -88.5512
-12.1314 -127.993
-12.3741 -211.936
-12.0875 -112.04
-11.649 40.6307
-11.8931 -43.8004
-11.881 -39.2692
-12.0018 -80.865
-11.9745 -71.0437
-12.2115 -153.037
-11.9827 -73.1812
-12.2694 -172.44
-12.2691 -171.978
-11.989 -74.3385
-12.0219 -85.4268
-12.2895 -178.042
-12.0609 -98.2692
-11.8288 -17.3151
-12.0473 -92.8725
-12.1575 -130.787
-12.3394 -193.623
-11.6731 38.1647
-11.5028 97.6818
-11.5066 96.715
-11.6216 57.1024
-12.0413 -88.3313
-12.0263 -82.7939
-12.4895 -243.366
-12.0977 -106.882
-11.6748 40.357
-12.2453 -157.469
-12.0037 -73.1932
-11.9573 -56.7276
-12.4687 -234.057
-12.1529 -123.995
-12.0059 -72.5681
-11.6147 63.688
-11.9151 -40.3382
-12.3219 -181.314
-12.5363 -255.434
-12.192 -135.497
-11.8522 -17.1004
-12.0727 -93.3602
-12.0864 -97.7609
-12.0846 -96.7669
-12.3595 -191.949
-12.1941 -134.137
-12.4007 -205.563
-12.4207 -212.142
-12.3201 -176.864
-12.5802 -266.86
-12.2874 -164.813
-12.1193 -106.064
-12.0117 -68.3322
-12.0977 -97.8652
-12.0746 -89.4806
-12.2579 -152.811
-11.9543 -47.0109
-12.327 -176.14
-12.5169 -241.755
-12.4866 -230.872
-12.3192 -172.379
-12.458 -220.242
-12.3756 -191.267
-12.3258 -173.616
-12.1856 -124.564
-11.903 -26.0575
-12.1084 -97.0585
-12.052 -77.131
-11.8948 -22.1628
-11.9092 -26.8266
-12.0583 -78.2798
-12.1284 -102.265
-11.9957 -55.8191
-12.2038 -127.758
-12.4575 -215.561
-12.253 -144.154
-12.8071 -336.31
-12.038 -68.793
-12.4159 -199.71
-12.4625 -215.561
-12.1022 -90.0292
-12.1023 -89.7198
-12.4914 -224.548
-12.423 -200.441
-12.1061 -90.0003
-12.0167 -58.5998
-11.6736 60.9262
-11.8245 8.85118
-12.1615 -107.882
-12.0692 -75.4419
-11.6388 74.4058
-11.732 42.3834
-12.1954 -118.262
-12.3572 -174.104
-12.1633 -106.399
-12.1629 -105.907
-12.2669 -141.701
-12.4012 -187.996
-12.3135 -157.181
-12.322 -159.787
-12.1405 -96.405
-11.885 -7.31072
-12.0269 -56.228
-12.1108 -85.0298
-12.2857 -145.442
-12.1695 -104.739
-12.0645 -67.9074
-12.2423 -129.332
-12.0524 -63.0307
-11.7614 38.4146
-12.2332 -125.145
-12.4994 -217.276
-12.2271 -122.326
-11.9517 -26.2867
-11.9305 -18.5978
-11.8667 3.94204
-11.8609 6.27269
-12.1107 -80.1379
-11.8753 1.97201
-12.1547 -94.744
-12.5523 -232.494
-12.412 -183.434
-12.2644 -131.812
-12.2428 -123.942
-12.4572 -198.069
-12.6379 -260.495
-12.489 -208.434
-12.0563 -57.7585
-11.6779 74.0215
-12.0289 -47.5714
-12.0609 -58.3263
-12.5486 -227.395
-12.4207 -182.612
-12.4444 -190.524
-12.5161 -215.076
-12.3312 -150.49
-12.2698 -128.821
-12.0748 -60.7113
-12.3164 -144.318
-12.2472 -119.926
-12.6724 -267.27
-12.4715 -197.162
-12.2812 -130.679
-12.4941 -204.286
-12.5838 -235.117
-12.7681 -298.785
-12.8743 -335.337
-12.4723 -195.348
-12.2925 -132.518
-12.6967 -272.608
-12.9461 -358.892
-12.4855 -198.524
-12.2643 -121.333
-11.9933 -26.8598
-11.7136 70.6613
-11.8438 25.7614
-12.1485 -79.7353
-12.3247 -140.598
-12.6609 -257.049
-12.4197 -172.882
-11.8485 25.8951
-12.1568 -80.8614
-12.2445 -111.009
-12.4345 -176.652
-12.1043 -61.597
-11.5848 119.227
-11.5117 144.97
-11.5082 146.532
-11.492 152.491
-11.7689 56.6644
-12.0339 -35.0556
-12.5476 -213.152
-12.4499 -178.879
-12.8419 -314.703
-12.615 -235.549
-12.4941 -193.196
-12.0178 -27.387
-11.8017 48.0296
-11.8713 24.2175
-11.8526 31.0588
-12.36 -144.857
-12.8414 -311.764
-12.5564 -212.412
-12.4667 -180.883
-12.5343 -204.031
-12.1977 -86.7301
-12.453 -175.082
-12.3367 -134.331
-12.2858 -116.316
-12.414 -160.498
-12.5101 -193.524
-12.3719 -145.163
-12.1702 -74.7748
-12.2648 -107.285
-12.4161 -159.482
-12.1113 -53.2564
-12.5713 -212.726
-12.2391 -96.9475
-12.427 -161.88
-12.145 -63.5859
-11.9904 -9.51908
-11.944 6.94695
-11.7451 76.3856
-12.0736 -37.3905
-12.5059 -187.214
-12.8722 -314.104
-11.9343 12.0469
-12.3626 -136.376
-12.5326 -195.104
-12.0942 -42.4464
-11.778 67.7339
-11.8658 37.5881
-12.0976 -42.5902
-12.5006 -182.231
-12.5751 -207.77
-12.2117 -81.178
-12.2924 -108.88
-12.3387 -124.628
-12.1793 -68.9015
-12.1418 -55.5227
-12.3312 -120.969
-12.3782 -136.934
-12.1128 -44.3805
-11.7272 89.9032
-11.6244 125.968
-12.2402 -87.609
-12.0894 -34.8894
-11.7625 79.0196
-11.7073 98.5546
-11.901 31.6111
-12.1148 -42.307
-12.2681 -95.208
-12.1404 -50.5127
-12.2035 -72.0781
-12.298 -104.583
-12.2399 -84.0407
-12.4171 -145.263
-12.3538 -122.908
-12.3227 -111.771
-12.4431 -153.239
-12.134 -45.5161
-12.364 -125.056
-12.1161 -38.6029
-12.2244 -75.8722
-11.9752 11.0577
-11.9606 16.4724
-12.361 -122.291
-12.0461 -12.5479
-11.7582 87.8112
-12.1323 -41.7895
-12.437 -147.284
-12.2737 -90.2193
-12.0753 -20.9355
-12.9083 -309.978
-12.8649 -294.569
-12.3071 -100.434
-12.4903 -163.738
-12.2095 -65.8253
-12.0332 -4.22256
-12.4017 -131.918
-12.0182 1.65626
-11.9967 9.49198
-12.0591 -11.8515
-12.3734 -120.671
-12.315 -100.06
-12.2539 -78.4595
-12.3765 -120.723
-12.8206 -274.662
-12.5616 -184.328
-12.4027 -128.785
-12.5132 -166.806
-12.1476 -39.4594
-11.6914 119.372
-11.9654 24.5209
-12.5725 -186.035
-11.8694 58.5661
-12.0383 0.244762
-12.706 -231.352
-12.5782 -186.62
-12.1692 -44.2028
-12.4304 -134.591
-12.0948 -17.648
-12.2319 -64.9196
-11.6715 130.097
-11.5148 184.868
-11.5572 170.498
-11.6935 123.515
-12.0479 0.724977
-11.6664 133.593
-11.7719 97.3026
-11.9028 52.1706
-12.1763 -42.4923
-12.422 -127.488
-12.3543 -103.644
-12.0455 4.01006
-12.115 -19.7847
-12.0617 -0.935014
-11.9736 30.0255
-12.1469 -29.8271
-12.4786 -144.73
-12.1785 -40.1245
-11.8736 66.1361
-11.8724 66.9033
-11.6429 146.993
-12.0028 22.3093
-12.0401 9.67624
-12.0561 4.46559
-12.0935 -8.15817
-12.1727 -35.3194
-12.4907 -145.451
-12.2743 -69.9472
-11.6983 130.528
-11.9463 44.7216
-12.0562 6.88443
-12.2741 -68.4695
-11.9977 27.8926
-11.6996 131.805
-11.6945 133.908
-12.0605 7.13269
-12.0576 8.47107
-12.1192 -12.5655
-12.126 -14.6016
-11.9416 49.7998
-11.8217 91.7996
-11.9378 51.8217
-12.1556 -23.4795
-12.1021 -4.55563
-12.0008 30.9964
-11.9538 47.671
-12.0612 10.7027
-11.7078 133.806
-12.0508 15.0129
-12.3354 -83.4965
-12.3065 -73.1206
-11.9273 58.9621
-11.6382 159.716
-11.5518 190.09
-12.2696 -58.9038
-12.4261 -112.946
-12.09 4.15682
-11.4241 235.855
-11.6254 166.26
-11.2072 311.904
-11.4816 216.92
-12.1222 -5.28734
-12.4543 -120.296
-12.1898 -28.0659
-12.0807 10.1783
-12.1171 -2.1122
-12.2232 -38.6249
-12.4093 -102.929
-12.0247 31.0233
-12.0206 32.7828
-12.2947 -62.0722
-12.2443 -44.2372
-11.6752 153.821
-11.6458 164.379
-11.9794 48.8272
-12.424 -105.278
-12.3388 -75.3223
-12.1696 -16.174
-12.184 -20.8277
-12.0457 27.5636
-12.232 -36.8196
-12.4784 -122.076
-12.434 -106.294
-12.6157 -169.06
-12.5824 -157.155
-12.5928 -160.418
-12.1115 7.13078
-11.7304 139.873
-12.1691 -12.1868
-12.2386 -35.9904
-12.3499 -74.3198
-12.0928 15.3495
-12.1989 -21.1591
-12.0513 30.4781
-12.3717 -80.4872
-12.3809 -83.3298
-12.0671 26.0229
-11.7831 125.022
-11.6644 166.627
-11.3748 267.561
-11.8011 119.827
-11.9377 72.7245
-12.3631 -74.7249
-12.182 -11.4788
-12.0128 47.6494
-11.862 100.387
-11.8097 118.917
-12.0482 36.4017
-12.1469 2.47312
-11.7946 125.188
-11.8116 119.629
-11.7977 124.82
-11.7403 145.105
-11.833 113.244
-12.1334 9.23179
-11.7465 143.991
-11.8775 98.837
-12.1319 10.7954
-12.2149 -17.6779
-11.8411 112.532
-11.6355 184.3
-11.7187 155.725
-11.9171 87.1689
-11.8298 117.837
-11.7905 131.845
-11.5681 209.437
-11.7814 135.682
-12.2901 -40.6733
-12.3105 -47.405
-12.1707 1.49599
-12.0458 45.2374
-11.5625 213.472
-11.7763 139.536
-11.6915 169.356
-11.9599 76.452
-12.2263 -15.7217
-11.7703 143.026
-11.8369 120.237
-12.2887 -36.3568
-12.364 -62.1951
-11.8323 122.863
-12.0711 40.2566
-12.6252 -151.868
-12.1859 1.08425
-11.6586 184.6
-11.6051 203.538
-11.9103 97.8538
-12.066 44.1245
-11.826 127.837
-12.1235 24.8254
-12.1644 10.9687
-11.8839 108.781
-11.9865 73.4642
-12.1488 17.445
-12.4392 -83.1133
-12.2514 -17.4977
-12.1584 15.1511
-12.5667 -126.364
-12.1882 5.50463
-12.353 -51.4044
-12.0931 39.2223
-11.9498 89.3383
-12.1391 23.9193
-11.9192 100.669
-12.0376 59.8844
-12.257 -15.9795
-12.1079 36.169
-12.3406 -44.313
-12.3012 -30.2864
-12.2947 -27.6784
-12.5313 -109.525
-12.9031 -238.335
-12.416 -68.7901
-12.0508 58.4396
-12.065 53.862
-12.2057 5.30452
-12.4918 -93.713
-12.1139 37.8856
-11.7755 155.818
-12.334 -37.856
-12.3527 -43.9997
-12.6189 -136.154
-11.9906 82.4888
-11.6541 199.72
-11.7633 162.112
-11.9697 90.7901
-12.224 2.7819
-12.2547 -7.5503
-12.144 31.2658
-12.0721 56.5949
-12.1074 44.6877
-12.1688 23.6906
-12.4803 -84.1901
-12.1688 24.3856
-11.9608 96.9935
-12.1312 38.1348
-12.1281 39.572
-12.06 63.5608
-11.9114 115.53
-11.9417 105.359
-12.1141 45.8128
-11.7422 175.362
-11.4962 261.186
-11.8851 126.417
-12.1981 18.0267
-12.1825 23.7798
-12.4102 -54.9421
-12.3423 -31.0349
-12.482 -79.2125
-12.2945 -13.724
-12.5527 -103.086
-12.3002 -15.002
-12.1842 25.64
-11.693 196.621
-12.0207 83.139
-12.4222 -56.0028
-12.5162 -88.2983
-12.4978 -81.5675
-12.8676 -209.685
-12.641 -130.634
-12.2148 17.7745
-11.995 94.4921
-12.0612 71.8517
-12.072 68.4215
-12.211 20.5052
-12.3345 -22.0451
-11.9907 97.7193
-11.8115 160.316
-12.012 91.0102
-11.9603 109.32
-12.3594 -28.9654
-12.145 45.862
-12.2448 11.5238
-12.5166 -82.5347
-12.2488 10.8454
-11.9345 120.366
-11.9431 117.717
-12.2973 -4.97478
-12.5108 -78.7831
-12.5624 -96.3602
-12.5657 -97.1553
-12.0568 79.9571
-12.0276 90.4627
-12.3927 -36.0248
-12.315 -8.70187
-12.3655 -25.8905
-12.3692 -26.8097
-12.4667 -60.3387
-12.1184 61.0163
-11.8776 144.998
-11.898 138.254
-11.8248 164.038
-12.094 70.875
-12.2714 9.57685
-12.5952 -102.549
-12.075 78.4952
-12.314 -4.16696
-12.0897 74.0985
-11.8754 148.881
-12.0505 88.4186
-12.7217 -144.404
-12.3924 -29.6566
-11.975 115.683
-12.4235 -39.7797
-12.3009 3.16025
-12.2169 32.6961
-12.6703 -124.469
-12.5627 -86.7586
-12.3192 -1.81655
-12.3285 -4.6944
-12.0271 100.361
-12.2294 30.4167
-12.158 55.5857
-12.0868 80.6713
-11.9463 129.815
-11.9473 129.836
-12.0839 82.6979
-12.1272 68.0322
-11.9601 126.428
-11.7575 197.16
-11.9757 121.701
-12.2018 43.5051
-12.3475 -6.77026
-12.2516 26.903
-11.707 216.444
-11.6326 242.619
-11.8856 155.089
-12.0623 94.0315
-12.0407 101.878
-12.6561 -111.54
-12.5663 -80.0187
-12.6979 -125.389
-12.0531 98.9883
-12.5228 -63.8671
-12.2305 38.0509
-12.1897 52.5661
-12.3643 -7.73539
-12.6777 -116.265
-12.4265 -28.6615
-12.1882 54.4792
-12.0651 97.5972
-12.0231 112.535
-12.2828 22.6413
-12.1593 65.8998
-12.3986 -16.8717
-12.4646 -39.4581
-12.2164 47.122
-12.1322 76.7201
-12.2201 46.4991
-12.5095 -53.6643
-12.5826 -78.7094
-12.4052 -16.7617
-12.2385 41.5156
-12.3068 18.147
-12.169 66.354
-12.4458 -29.4652
-12.5052 -49.7489
-12.2218 49.0607
-12.3724 -2.90538
-12.584 -76.0796
-12.3074 20.347
-12.544 -61.4992
-12.2807 30.3327
-12.4539 -29.4819
-12.6281 -89.6658
-12.782 -142.774
-12.2107 56.0505
-12.0474 113.113
-12.2795 32.8362
-12.2932 28.4274
-12.7831 -141.439
-12.5171 -48.6581
-12.2344 49.8818
-11.681 242.498
-12.2369 49.7064
-12.3205 21.0337
-12.3847 -0.954194
-12.6162 -81.026
-12.7994 -144.299
-13.0032 -214.765
-13.0129 -217.798
-12.4789 -31.916
-12.4009 -4.46895
-11.9619 148.379
-11.8168 199.117
-11.8413 190.975
-12.0292 126.042
-12.0633 114.546
-12.2736 41.815
-12.2385 54.3615
-12.4485 -18.2425
-12.8415 -154.415
-12.6234 -78.2886
-12.5001 -35.1106
-12.3307 24.0848
-12.4913 -31.3604
-12.6961 -102.168
-12.6762 -94.9121
-12.2699 46.5928
-11.4834 320.152
-11.9004 175.634
-11.7361 233.083
-12.0507 124.13
-12.0834 113.125
-12.9278 -179.876
-12.778 -127.498
-12.1911 76.7266
-11.8139 208.139
-12.1755 82.8599
-12.3114 36.0047
-12.1716 84.8894
-12.1968 76.5125
-11.8832 185.787
-12.2126 71.6945
-12.4581 -13.2445
-12.6723 -87.2995
-12.9532 -184.524
-12.468 -15.6347
-12.0964 113.789
-12.1616 91.516
-12.428 -0.678622
-12.1257 104.659
-11.9859 153.567
-11.8144 213.497
-12.3494 27.9947
-12.4394 -2.91753
-12.0429 135.185
-11.6839 260.246
-11.927 176.126
-12.0985 116.905
-12.1824 88.1063
-12.1938 84.4798
-12.4391 -0.368396
-12.2403 69.0417
-12.2427 68.5295
-12.3412 34.6797
-12.1531 100.373
-12.3195 42.8973
-12.2753 58.5893
-11.9036 188.077
-11.7791 231.679
-11.8135 220.07
-11.6285 284.674
-12.3932 19.391
-12.877 -148.329
-12.9431 -170.96
-12.5371 -29.5635
-12.5661 -39.2758
-12.4428 3.88122
-12.4125 14.7649
-12.6007 -50.2541
-12.4322 8.63141
-12.2889 58.7408
-12.4191 13.848
-12.4017 20.2485
-12.5842 -42.7992
-12.302 55.5894
-12.6161 -53.1951
-12.179 98.995
-12.2861 62.1624
-12.6217 -54.0792
-12.3976 24.097
-12.3218 50.8047
-12.5528 -29.1147
-12.8345 -126.612
-12.6419 -59.3642
-12.6671 -67.7632
-13.0495 -200.271
-12.7226 -86.3744
-12.5665 -31.7844
-12.0781 138.238
-12.4376 13.701
-12.1593 110.724
-12.128 121.931
-12.3537 43.8879
-12.4189 21.563
-12.4934 -3.95951
-12.6661 -63.607
-12.4914 -2.57808
-12.6099 -43.3971
-12.3466 48.4348
-12.0376 156.107
-12.0179 163.312
-12.1221 127.451
-12.5243 -11.9018
-12.4151 26.3603
-12.5771 -29.5606
-12.7285 -81.8248
-12.6112 -40.7048
-12.9471 -157.054
-12.3952 35.0066
-12.3512 50.6617
-12.4061 31.9148
-12.6289 -45.1093
-12.4298 24.4034
-12.3691 45.8346
-12.5097 -2.66478
-12.9405 -151.974
-12.6841 -62.5748
-12.2874 75.5965
-12.3456 55.7369
-12.1491 124.34
-12.3016 71.6913
-12.4533 19.3447
-12.2362 95.1005
-12.098 143.488
-12.3411 59.379
-12.6208 -37.447
-12.5578 -15.2233
-12.3522 56.5525
-12.1403 130.527
-12.4803 12.742
-12.4969 7.32023
-12.9603 -153.322
-12.5323 -4.26577
-12.4926 9.85178
-12.4362 29.8175
-12.462 21.1975
-12.4425 28.3145
-12.2862 82.9496
-12.7036 -61.6867
-12.9443 -144.969
-12.7623 -81.4106
-12.187 118.821
-12.1974 115.55
-12.3104 76.6188
-12.2944 82.5417
-12.7617 -79.4638
-12.886 -122.287
-12.5356 -0.191249
-12.6855 -51.9226
-12.659 -42.3867
-12.3543 63.829
-12.4484 31.4772
-12.5332 2.35189
-12.7882 -85.8629
-13.0053 -160.96
-12.3978 50.4409
-12.4883 19.3347
-12.4302 39.8711
-12.6753 -44.9026
-12.5938 -16.2661
-12.4382 38.1509
-12.5296 6.7442
-12.6452 -33.0813
-12.4354 40.1461
-12.4308 42.1049
-12.7145 -56.0875
-12.5783 -8.44202
-12.752 -68.4492
-12.2661 100.717
-12.5375 6.75762
-12.6054 -16.4547
-12.4558 35.8348
-12.8065 -85.6423
-12.4725 30.7355
-12.2855 96.0556
-12.5262 12.7941
-12.6738 -38.1428
-12.5488 5.63782
-12.4976 23.7608
-12.4198 51.1388
-12.5053 21.7758
-12.6493 -27.8834
-12.7375 -58.1885
-12.8531 -97.996
-12.5254 16.1726
-12.964 -135.835
-13.0095 -151.293
-12.5723 0.948888
-12.7804 -71.0217
-12.2963 97.5218
-12.4588 41.4127
-12.3385 83.5323
-12.2151 126.749
-12.7131 -45.8957
-12.801 -76.0909
-12.9043 -111.633
-12.6297 -15.8626
-12.4217 56.7376
-12.5948 -3.07272
-12.673 -29.889
-12.7413 -53.2484
-12.2842 105.889
-12.1793 142.674
-12.3336 89.4064
-12.784 -66.7152
-12.6481 -19.1428
-12.6768 -28.7554
-12.6462 -17.7836
-12.8432 -85.861
-12.644 -16.3303
-12.6517 -18.6546
-12.505 32.6557
-12.5327 23.3657
-12.4191 63.1999
-12.2891 108.698
-12.1843 145.454
-12.3863 75.6304
-12.7782 -60.1741
-12.959 -122.632
-12.9404 -115.816
-12.3932 74.6097
-12.2755 115.846
-12.1781 150.044
-12.1287 167.565
-12.0363 199.998
-12.0958 179.684
-13.0411 -148.359
-12.7646 -51.9593
-12.7296 -39.4686
-12.5634 18.634
-12.2607 124.128
-12.4281 66.3279
-12.2396 132.158
-12.7763 -53.9573
-13.246 -216.783
-13.1281 -175.452
-12.6681 -15.3184
-12.8007 -61.0271
-12.7529 -44.0882
-13.2382 -212.339
-13.3039 -234.799
-12.6163 4.42032
-12.5615 23.7915
-12.2269 140.388
-12.508 43.0921
-12.7775 -50.1831
-12.5285 36.6579
-12.4881 51.0349
-12.9652 -114.376
-12.8644 -79.0127
-12.8632 -78.2425
-12.5786 20.9744
-12.3692 94.0654
-12.4203 76.6816
-12.5817 20.9345
-12.7095 -23.117
-12.3979 85.4977
-12.0757 197.774
-11.8727 268.629
-12.4532 67.3282
-12.6861 -13.2346
-12.1608 169.602
-12.1372 178.144
-12.8218 -59.3209
-12.3728 96.9923
-12.5834 24.1624
-12.6438 3.54517
-12.9581 -105.304
-13.3036 -224.976
-12.8109 -53.4812
-12.2926 126.941
-11.9693 239.59
-12.154 175.791
-12.2831 131.266
-12.3106 122.062
-12.6544 2.99099
-12.2261 152.127
-12.1792 168.776
-12.3938 94.5587
-12.6255 14.4303
-11.9468 250.556
-12.1032 196.562
-12.1302 187.512
-12.0583 212.85
-12.6119 20.8948
-12.6599 4.55179
-12.8568 -63.5176
-13.1492 -164.74
-12.3526 112.339
-12.0564 215.582
-12.0045 233.987
-12.5969 28.5289
-12.6701 3.44567
-13.3848 -244.503
-13.0095 -113.787
-12.425 89.639
-12.2757 141.846
-12.8444 -55.373
-13.0605 -130.111
-12.9142 -78.9307
-12.8607 -59.9917
-13.2719 -202.503
-12.8475 -54.6996
-12.7706 -27.653
-13.2884 -207.193
-12.8371 -50.0695
-12.6036 31.4211
-12.4862 72.5343
-12.8028 -37.0974
-12.8253 -44.5602
-12.621 26.7362
-12.3521 120.527
-12.8948 -67.6794
-12.536 57.3237
-12.4903 73.5554
-12.3753 113.836
-13.0203 -109.883
-12.8644 -55.3607
-12.4453 90.5628
-12.798 -31.6298
-12.4799 79.2443
-12.6558 18.4764
-12.7404 -10.5449
-12.9155 -71.0482
-13.1913 -166.505
-12.8609 -51.3907
-12.6862 9.64109
-12.7777 -21.769
-12.7972 -28.1975
-12.8507 -46.43
-13.2799 -195.192
-12.9659 -85.782
-13.1548 -151.046
-13.1726 -156.872
-12.6623 20.7562
-12.6202 35.7021
-12.8905 -57.831
-12.7605 -12.3232
-13.1647 -152.414
-12.478 86.5098
-12.4098 110.537
-12.4381 101.058
-13.2935 -195.765
-12.6233 37.404
-12.4039 113.989
-12.9112 -61.9186
-13.1526 -145.403
-12.4376 103.312
-12.4436 101.572
-12.2401 172.623
-12.5442 67.3107
-12.5127 78.6106
-12.8909 -52.4328
-13.0576 -109.999
-12.6625 27.635
-12.987 -84.7662
-13.2287 -168.372
-12.7425 0.88378
-12.8446 -34.2378
-12.7454 0.553553
-12.4405 106.825
-12.6209 44.4946
-12.9361 -64.646
-13.146 -137.214
-13.1575 -140.876
-12.7596 -2.28958
-12.5557 68.8854
-12.7649 -3.44317
-12.8702 -39.6589
-13.0657 -107.255
-12.8124 -18.884
-12.6801 27.4171
-13.0404 -97.3975
-12.7246 12.6348
-12.8793 -40.7516
-13.6939 -323.402
-13.1946 -149.599
-12.8777 -39.167
-12.7507 5.32159
-13.0086 -83.9315
-12.9717 -70.7608
-12.6939 26.0905
-12.2895 166.925
-12.6748 33.4273
-13.0474 -95.6599
-13.532 -263.688
-13.3572 -202.609
-12.6755 34.5656
-12.569 71.8961
-12.3956 132.496
-12.7846 -2.28136
-13.1163 -117.184
-12.8763 -33.4555
-12.7276 18.5393
-12.7529 10.11
-12.8095 -9.18983
-12.7906 -2.27827
-12.9087 -42.986
-12.7399 16.0222
-12.9323 -50.4817
-12.7073 28.0298
-12.7541 12.138
-12.5202 93.7292
-12.6641 44.0882
-12.8709 -27.4209
-12.6279 57.3589
-12.7995 -1.90816
-12.6751 41.6673
-12.9275 -45.6698
-12.9162 -41.4146
-12.7701 9.69704
-12.8443 -15.7295
-12.9975 -68.6062
-13.2889 -169.51
-12.8714 -24.1038
-12.9248 -42.2994
-13.3299 -182.68
-13.4697 -230.917
-12.7494 19.6675
-12.8543 -16.421
-12.8602 -18.1272
-13.0772 -93.1549
-12.4976 108.514
-12.062 260.182
-12.1789 219.925
-12.4483 126.711
-12.6983 40.1909
-12.9587 -49.9226
-13.1101 -102.154
-12.6068 73.0168
-12.4189 138.657
-12.7257 32.4023
-12.7392 28.0866
-12.8642 -15.0082
-12.9849 -56.5806
-12.5965 78.6919
-12.5818 84.1405
-12.5577 92.8746
-12.9679 -49.2808
-12.899 -25.0042
-12.8977 -24.2138
-12.7116 40.7996
-12.7994 10.6189
-12.3898 153.27
-12.7909 14.277
-13.5178 -237.898
-13.1709 -117.037
-13.2456 -142.629
-13.2551 -145.603
-12.6701 57.9838
-12.4435 137.045
-12.9679 -44.7836
-13.4415 -208.947
-13.4052 -195.988
-13.1979 -123.622
-13.2851 -153.571
-13.3461 -174.442
-13.5173 -233.555
-12.9036 -20.0127
-12.7915 19.2718
-12.8152 11.4048
-13.0002 -52.5304
-12.989 -48.2803
-12.8985 -16.4978
-12.9614 -38.0214
-13.2665 -143.651
-13.2403 -134.208
-13.0606 -71.4163
-12.9361 -27.8291
-13.2351 -131.36
-13.2751 -144.89
-13.1145 -88.7551
-13.1063 -85.5591
-12.6788 63.3127
-12.8812 -6.68056
-12.8298 11.5483
-13.1236 -90.1978
-13.6641 -277.599
-13.1578 -101.37
-12.3923 164.923
-12.439 149.028
-13.1106 -83.9183
-13.3664 -172.46
-13.013 -49.3335
-12.8307 14.3592
-12.9608 -30.5015
-13.2725 -138.435
-13.0381 -56.6608
-12.6277 86.243
-12.5528 112.641
-13.2366 -124.571
-13.0345 -54.0158
-12.8445 12.3382
-12.9215 -14.0539
-13.4854 -209.623
-13.0299 -51.03
-13.2004 -109.918
-13.0546 -58.9269
-12.8564 10.2663
-12.7972 31.186
-12.5026 133.894
-12.166 251.173
-12.785 36.4877
-13.1157 -78.0525
-13.0681 -61.1771
-13.0425 -51.9212
-13.0515 -54.7008
-12.8434 17.937
-13.1703 -95.3032
-13.031 -46.564
-12.9534 -19.2356
-12.9997 -34.9716
-12.5515 121.056
-12.6658 81.701
-13.1033 -69.9225
-12.8931 3.45269
-12.9548 -17.6498
-12.6426 91.1429
-12.6189 99.7428
-12.7368 59.1117
-12.9195 -3.98392
-13.0545 -50.5491
-13.1299 -76.4013
-12.955 -15.2822
-12.7336 61.9619
-13.005 -31.9484
-13.2201 -106.348
-12.7777 47.6977
-12.5185 138.095
-13.0309 -39.5644
-12.6481 93.7787
-12.4387 166.851
-13.0314 -38.6959
-12.9548 -11.7415
-12.6873 81.5435
-12.8271 33.3289
-13.0059 -28.4645
-12.944 -6.60102
-12.9218 1.46403
-12.711 75.0315
-12.6614 92.6241
-12.8168 38.9699
-12.9647 -12.0408
-13.164 -80.9259
-13.4076 -165.233
-13.1985 -92.2453
-12.6193 109.309
-12.8459 30.9404
-13.0613 -43.5387
-13.5108 -199.329
-13.373 -151.132
-13.381 -153.535
-13.7667 -287.199
-13.9843 -362.431
-13.7395 -277.045
-13.5782 -220.67
-13.4272 -167.856
-13.4258 -167.013
-13.0617 -40.2094
-12.7508 68.1495
-12.9785 -10.612
-13.594 -224.075
-13.3345 -133.575
-12.854 33.6983
-12.8919 20.8797
-12.8208 45.9232
-12.843 38.5658
-12.7068 86.2249
-12.8846 24.7941
-12.999 -14.5844
-12.8986 20.6432
-13.1317 -59.9827
-13.2628 -105.175
-13.5326 -198.58
-13.4823 -180.733
-12.8345 44.6573
-12.8124 52.6549
-12.9827 -6.14051
-12.989 -8.00259
-12.8954 24.8808
-12.9916 -8.1937
-12.8704 34.2578
-12.8673 35.6902
-12.8145 54.3643
-12.8352 47.5359
-12.9047 23.7256
-13.0617 -30.456
-13.0833 -37.6061
-13.522 -189.668
-13.0593 -28.5965
-12.5951 133.034
-12.7734 71.4103
-12.3253 227.455
-12.1021 305.322
-12.4667 179.016
-12.6257 124.125
-12.96 8.32406
-13.0917 -37.0714
-13.0331 -16.3599
-13.522 -185.873
-13.1263 -48.0611
-13.1279 -48.2393
-13.4345 -154.416
-13.1159 -43.3846
-12.677 109.431
-12.6782 109.376
-13.1254 -45.6563
-13.3238 -114.213
-12.9139 28.532
-12.9874 3.3271
-13.4385 -153.031
-13.2886 -100.6
-12.7124 99.917
-12.7667 81.397
-12.4604 188.155
-12.8817 42.1426
-13.1873 -63.6874
-12.999 2.06813
-13.2351 -79.5937
-13.0992 -32.0194
-12.9676 14.0254
-12.704 105.958
-12.9119 34.0699
-12.5869 147.322
-12.7508 90.7567
-12.892 42.0336
-13.203 -65.6454
-12.8137 69.9338
-12.7308 99.0862
-12.8009 75.0695
-12.6285 135.304
-12.5571 160.466
-12.5213 173.258
-12.8355 64.4475
-12.8433 62.0773
-12.9392 29.1116
-13.1581 -46.5751
-12.5885 151.65
-12.4004 217.332
-12.5773 156.22
-13.1521 -43.0952
-13.2036 -60.6697
-13.1698 -48.5728
-13.2032 -59.8331
-13.463 -149.716
-13.3256 -101.662
-13.0727 -13.4441
-13.1504 -40.083
-13.2349 -69.1117
-13.2197 -63.4848
-13.4644 -148.112
-13.202 -56.6167
-13.117 -26.7329
-13.1111 -24.3451
-13.138 -33.3509
-13.2871 -84.8131
-12.9634 27.9877
-12.8883 54.4359
-12.7572 100.328
-12.9326 39.7548
-12.9894 20.3579
-13.1117 -21.77
-13.6672 -214.424
-13.6736 -216.303
-13.0462 2.01008
-12.5498 174.793
-12.4641 204.916
-12.6584 137.779
-12.7227 115.796
-13.009 16.6836
-13.106 -16.6591
-13.1038 -15.5782
-12.6224 152.005
-12.5258 185.932
-12.7973 91.9673
-12.7263 116.981
-13.2685 -71.0337
-13.0404 8.55008
-13.0399 9.075
-13.3221 -88.6047
-12.8975 59.2404
-12.8097 90.0664
-12.5692 173.969
-12.6975 129.756
-12.3091 265.021
-12.7417 115.084
-13.1167 -14.8165
-13.288 -73.9841
-13.2826 -71.7669
-13.0886 -4.04241
-12.6353 153.793
-12.4717 210.979
-13.0488 10.8386
-12.7514 114.517
-12.6315 156.491
-12.8714 73.5225
-12.8502 81.2184
-12.83 88.5714
-12.4443 222.934
-13.0239 21.928
-13.3576 -93.6731
-13.3249 -81.9433
-12.9177 59.8667
-12.6229 162.625
-12.6945 138.089
-12.9047 65.4138
-12.7692 112.85
-12.659 151.456
-12.8064 100.621
-13.2028 -36.7374
-13.0839 4.90797
-13.0732 8.95609
-12.8982 70.0974
-13.1892 -30.6232
-13.4953 -136.624
-13.5066 -140.215
-12.9039 69.519
-12.7829 111.884
-12.7628 119.21
-13.0986 2.93252
-12.7985 107.516
-12.7039 140.742
-12.9911 41.3102
-12.7479 126.131
-12.8708 83.7761
-13.141 -9.72063
-12.758 123.683
-12.8738 83.7768
-12.5716 189.11
-12.6642 157.315
-13.0081 38.1675
-13.013 36.8126
-13.0063 39.4845
-12.6504 163.49
-12.3542 266.718
-12.3954 252.779
-12.6866 151.966
-13.0678 19.8685
-12.9867 48.396
-13.2685 -49.1433
-12.6593 162.82
-12.7997 114.383
-13.0167 39.3571
-13.0081 42.7029
-12.8385 101.972
-13.0203 39.1653
-12.7578 130.693
-12.7307 140.466
-12.7865 121.403
-12.637 173.715
-12.6198 180.017
-12.6441 171.923
-13.0314 37.7228
-13.1328 2.8399
-13.0842 20.091
-13.2119 -23.9362
-13.0797 22.3486
-12.9351 72.9102
-12.9719 60.4892
-13.0017 50.4872
-12.9051 84.3886
-13.3591 -72.9957
-12.9917 54.9857
-12.9445 71.7239
-13.4462 -102.213
-13.6697 -179.5
-13.6087 -157.969
-12.77 133.734
-12.7822 129.839
-12.4526 244.69
-12.7009 158.788
-13.1667 -2.67484
-12.9364 77.6737
-12.8903 94.0427
-13.1436 6.37812
-13.4655 -105.079
-12.8694 102.329
-12.7826 132.838
-12.9297 82.0999
-12.8007 127.259
-12.6499 179.981
-12.7656 140.142
-12.7593 142.68
-12.8728 103.589
-12.814 124.353
-13.3923 -76.1989
-13.0413 46.1148
-12.7857 135.248
-12.9907 64.3704
-13.28 -35.7693
-13.8416 -230.523
-13.5235 -119.661
-13.322 -49.3152
-12.675 175.769
-13.0318 52.1769
-12.7907 136.288
-12.4938 239.783
-12.593 205.652
-12.913 94.8442
-13.1389 16.7121
-13.1415 16.142
-12.9178 94.2014
-13.1253 22.48
-13.3995 -72.4195
-13.3482 -54.2534
-13.3126 -41.5629
-13.1076 30.0245
-12.9214 95.0588
-12.9827 74.0822
-13.009 65.3146
-13.0559 49.3706
-12.542 228.231
-12.7449 158.098
-12.6315 197.833
-13.2589 -19.7494
-12.9509 87.5929
-12.8115 136.348
-12.9436 90.8048
-13.1279 27.1165
-12.8171 135.458
-13.2324 -8.46036
-13.1377 24.782
-13.0112 69.0592
-12.7636 155.434
-13.309 -33.706
-13.255 -14.5885
-13.4885 -95.3483
-13.0709 50.0711
-12.5563 229.173
-12.8469 128.559
-12.9194 103.746
-12.9945 77.9897
-12.8586 125.559
-12.9407 97.3692
-13.3818 -55.5152
-12.8324 135.675
-12.7743 156.213
-13.265 -13.909
-13.3933 -58.1209
-13.5495 -112.049
-13.3946 -57.8693
-13.208 7.29969
-13.1497 27.8908
-13.7477 -179.501
-13.7477 -179.166
-13.7261 -171.292
-13.5479 -109.03
-13.6357 -139.218
-13.9056 -232.62
-13.9065 -232.566
-13.49 -87.5372
-13.3807 -49.24
-13.0254 74.5515
-13.2233 6.15659
-13.1343 37.4315
-12.7347 176.567
-13.0089 81.6897
-12.8278 144.916
-12.7495 172.487
-12.8458 139.38
-13.0186 79.7009
-13.3317 -28.7198
-12.8929 124.07
-12.507 258.473
-12.7425 176.999
-13.0143 82.9321
-13.1679 29.9016
-13.5532 -103.583
-13.8692 -213.036
-13.5976 -118.307
-13.2398 6.31206
-13.6586 -138.82
-13.7358 -165.285
-13.4833 -77.2362
-13.3599 -34.0143
-13.4096 -50.9196
-13.5317 -92.9982
-13.7539 -169.84
-13.3115 -15.8111
-13.4431 -61.1657
-13.6454 -131.119
-13.7105 -153.382
-13.7215 -156.849
-13.837 -196.629
-13.4066 -46.7719
-13.3929 -41.6396
-13.5204 -85.6062
-13.3701 -33.0511
-13.1806 33.1476
-13.2987 -7.5304
-13.5082 -79.9746
-14.2795 -347.574
-14.0918 -282.004
-13.8023 -181.111
-13.9395 -228.404
-13.7532 -163.357
-13.7683 -168.23
-13.8634 -200.935
-14.0978 -282.026
-13.9791 -240.422
-13.2736 5.00668
-13.1639 43.4471
-13.2409 17.0534
-13.2364 18.9779
-13.3659 -25.6693
-13.5338 -83.639
-13.454 -55.5983
-13.1986 33.4807
-12.9273 128.087
-13.0423 88.4887
-13.2213 26.657
-13.1589 48.6612
-12.9786 111.665
-12.9101 135.801
-12.8665 151.289
-13.3892 -29.9334
-13.6375 -115.86
-13.324 -6.59281
-13.8055 -173.513
-13.47 -56.6111
-13.2119 33.3948
-13.1541 53.8199
-13.23 27.7962
-13.752 -153.207
-13.9052 -206.087
-13.8991 -203.599
-13.9553 -222.799
-13.5743 -90.064
-13.2349 28.1593
-12.9606 123.818
-12.8265 170.74
-13.0945 77.9773
-12.9737 120.311
-13.0522 93.3729
-13.0908 80.3209
-13.502 -62.1719
-13.4281 -36.1602
-13.1718 53.2327
-12.9269 138.65
-12.8506 165.483
-13.0156 108.531
-12.8399 169.914
-12.7898 187.654
-12.8774 157.589
-13.3174 5.05742
-13.1287 70.9647
-13.467 -46.2142
-13.2985 12.6762
-13.2279 37.5547
-13.9674 -219.006
-14.1199 -271.64
-13.6157 -96.1383
-13.2818 20.2025
-13.0809 90.3443
-13.2706 24.7942
-13.0758 92.8077
-12.4807 299.895
-13.25 33.0052
-13.5619 -75.0078
-13.5064 -55.3698
-13.3715 -8.14798
-12.6165 254.451
-12.6111 256.697
-13.1284 77.3396
-13.6237 -94.3919
-14.2408 -308.429
-13.8898 -186.119
-13.119 81.983
-13.4671 -38.5972
-13.8051 -155.684
-13.6517 -102.039
-13.2697 31.0188
-13.2051 53.8083
-13.0147 120.315
-13.3052 19.7193
-13.6623 -103.99
-13.3513 4.40997
-13.34 8.69842
-13.389 -7.99609
-13.559 -66.7028
-13.6135 -85.2882
-13.5357 -57.8996
-13.3773 -2.54711
-12.7361 220.546
-12.5901 271.614
-13.267 36.8291
-13.8249 -156.626
-13.9211 -189.703
-13.503 -44.1037
-12.7551 216.042
-13.0403 117.327
-13.6321 -87.9352
-13.9224 -188.411
-13.3441 12.803
-12.9409 153.236
-13.3335 17.1833
-13.7427 -124.601
-13.9295 -189.17
-13.5875 -69.9921
-13.2357 52.5649
-13.2583 45.0716
-13.3145 25.8678
-13.7119 -111.813
-13.5698 -62.0984
-12.9262 161.805
-13.078 109.422
-12.9693 147.549
-12.8569 186.946
-12.8351 194.851
-13.0268 128.597
-13.1817 75.1308
-13.336 21.8928
-13.4536 -18.6262
-13.7354 -116.166
-13.6073 -71.328
-13.0943 107.252
-12.8872 179.543
-13.0069 138.281
-12.9927 143.585
-13.0729 116.058
-13.3942 4.78941
-13.6637 -88.4856
-13.4838 -25.6209
-12.9116 173.476
-13.8128 -139.234
-13.5125 -34.555
-12.8741 187.57
-12.8812 185.447
-12.9866 149.156
-13.4586 -14.4511
-13.7511 -115.724
-13.3554 22.1079
-12.8402 201.428
-13.4914 -24.4506
-14.1604 -256.505
-14.2401 -283.844
-13.7463 -111.969
-13.5827 -54.7873
-13.4966 -24.5399
-13.0922 116.317
-13.048 131.993
-13.2368 66.7579
-13.659 -79.5557
-13.9529 -181.296
-14.1199 -238.958
-13.8717 -152.41
-13.8056 -129.085
-13.7076 -94.7099
-13.6711 -81.6691
-13.7452 -107.064
-13.9659 -183.404
-13.8453 -141.153
-13.5328 -32.227
-13.1496 101.218
-13.1635 96.7444
-13.2547 65.3987
-13.846 -139.648
-13.6445 -69.3025
-13.3153 45.3995
-12.7469 243.222
-13.3339 39.6477
-13.698 -86.505
-13.5522 -35.4905
-13.495 -15.274
-12.9372 178.848
-13.1849 93.1398
-13.6095 -54.01
-13.7822 -113.663
-13.5063 -17.4566
-13.2248 80.6616
-13.3842 25.6428
-13.8975 -152.329
-13.47 -3.46468
-13.3157 50.491
-13.5254 -22.0143
-13.1311 115.286
-12.9113 192.006
-13.1978 92.8166
-13.0356 149.511
-12.7833 237.529
-12.9989 162.969
-13.5967 -44.3512
-13.9427 -164.205
-13.5011 -10.4627
-13.4573 5.09803
-13.6775 -71.0561
-13.1526 111.646
-13.0133 160.376
-13.3431 46.1738
-13.5197 -14.8194
-13.5083 -10.519
-13.5039 -8.64325
-13.4175 21.7277
-13.2279 87.9282
-12.8569 217.14
-12.8149 232.106
-13.1805 105.441
-13.1483 116.977
-12.7769 246.353
-12.6774 281.259
-13.0587 149.146
-13.6925 -70.6782
-13.5745 -29.3645
-13.5946 -35.9812
-13.0303 160.405
-12.8316 229.752
-12.3639 392.59
-12.4989 346.056
-12.6674 287.85
-12.6973 277.818
-12.664 289.731
-12.8743 217.03
-13.0832 144.788
-13.4611 13.8755
-13.5982 -33.4077
-13.683 -62.5328
-13.4392 22.5237
-13.6789 -60.4282
-13.2355 93.954
-12.9242 202.448
-12.8268 236.651
-12.6486 298.9
-13.2217 100.155
-13.418 32.2974
-13.6467 -46.7846
-13.5273 -4.96417
-13.5416 -9.59873
-13.1238 135.9
-13.5133 0.940096
-13.5832 -22.9923
-13.0908 148.395
-12.5225 346.171
-13.113 141.392
-13.7558 -81.5856
-13.8341 -108.433
-13.5308 -2.69486
-13.5983 -25.8225
-13.2128 108.454
-13.2937 80.6901
-13.3259 69.853
-13.3691 55.2048
-13.2358 101.862
-12.7832 259.429
-12.7385 275.325
-13.1854 120.394
-13.0201 178.164
-12.9325 208.964
-13.0454 170.081
-13.1541 132.677
-13.1619 130.313
-13.0181 180.622
-12.9225 214.171
-13.177 126.098
-13.3376 70.6721
-13.6476 -36.7015
-13.7278 -64.2012
-13.051 171.252
-12.6285 318.376
-12.8365 246.472
-13.1532 136.795
-13.6728 -43.3675
-13.6472 -34.1101
-13.3448 71.2848
-13.0155 186.042
-13.7291 -61.5368
-13.9114 -124.502
-13.4398 39.67
-12.5748 340.503
-12.6819 303.652
-12.4625 380.233
-12.7785 270.783
-12.7684 274.654
-12.7568 279.041
-13.0158 189.41
-13.0434 180.143
-13.0364 182.943
-13.376 65.3268
-13.8193 -88.3266
-13.8092 -84.4974
-13.3165 87.0182
-12.9934 199.62
-13.4399 44.8497
-13.1614 141.931
-13.0586 177.999
-13.5278 15.3578
-13.9739 -139.262
-13.5962 -7.70873
-13.7383 -56.7341
-13.5653 3.72131
-13.7029 -43.7371
-13.2847 101.876
-13.0378 188.021
-13.5472 11.4094
-13.6859 -36.4407
-13.4108 59.4651
-13.2297 122.75
-13.5184 22.7934
-13.5518 11.5289
-13.566 6.9609
-13.4777 37.9826
-13.555 11.4634
-12.9737 213.75
-12.6934 311.49
-13.0392 191.682
-12.7796 282.215
-13.1629 149.406
-13.1834 142.638
-13.3219 94.8689
-13.5895 2.27041
-13.4628 46.6315
-13.1387 159.549
-13.0209 200.838
-13.4391 55.8814
-13.2852 109.724
-13.8955 -101.971
-13.6578 -19.0333
-13.3871 75.3528
-13.4537 52.5656
-13.6758 -24.2625
-13.8208 -74.2843
-13.7521 -50.0706
-13.4356 60.2362
-13.278 115.333
-13.6078 1.11483
-13.4047 72.0182
-13.4021 73.2732
-13.7291 -39.9794
-13.262 122.635
-13.1043 177.747
-13.4951 42.3432
-14.2484 -218.99
-13.9111 -101.481
-13.1779 153.567
-13.1943 148.218
-13.2258 137.643
-13.6699 -16.3062
-13.3206 105.402
-13.2124 143.329
-13.5202 36.7698
-13.6444 -6.03813
-13.7794 -52.5905
-13.4689 55.6054
-13.0435 203.752
-13.5549 26.4278
-13.9041 -94.53
-13.8496 -75.2488
-13.9176 -98.5158
-13.6136 7.4426
-13.669 -11.4732
-13.3328 105.687
-12.8037 289.848
-13.2338 140.758
-13.4065 81.1074
-12.9099 253.985
-13.4979 50.0678
-13.702 -20.5093
-13.5888 19.1663
-13.1448 173.754
-13.173 164.326
-13.2432 140.268
-13.3102 117.348
-13.8917 -84.3156
-13.7102 -20.9187
-13.3988 87.6261
-13.47 63.2419
-13.5665 30.0586
-13.3881 92.3835
-13.0333 215.993
-12.9577 242.584
-12.8059 295.678
-12.9329 251.901
-13.1186 187.746
-13.4274 80.8043
-13.1128 190.451
-13.3766 99.14
-13.5699 32.3384
-13.6615 0.864886
-13.8806 -74.8912
-13.7897 -42.9659
-13.4478 76.1439
-12.8428 286.668
-12.851 284.167
-13.1378 184.893
-12.8903 271.199
-12.9277 258.559
-12.8081 300.463
-12.9566 249.225
-13.4187 89.0365
-13.5487 44.2101
-13.4212 88.8658
-13.7515 -25.5465
-13.6672 4.11046
-12.8903 274.341
-13.475 71.5748
-13.6313 17.6099
-13.3131 128.518
-13.0605 216.589
-13.2029 167.465
-13.3529 115.711
-13.2477 152.611
-13.2772 142.701
-13.7945 -36.6555
-13.9876 -103.396
-13.5966 32.8083
-13.4799 73.6854
-13.279 143.806
-13.3479 120.223
-13.1797 179.024
-13.0202 234.783
-13.4326 91.8646
-13.3402 124.315
-13.2783 146.147
-13.2413 159.353
-13.5087 66.8106
-13.9947 -101.689
-13.1937 176.94
-13.4258 96.6371
-13.5635 49.1405
-13.3944 108.241
-13.9448 -82.6276
-13.9422 -81.3513
-13.9189 -72.909
-13.9596 -86.7046
-13.6426 23.7703
-12.9994 247.558
-13.56 53.1351
-13.5411 60.0621
-13.8427 -44.3731
-13.6366 27.5862
-13.9123 -67.8521
-13.9152 -68.5108
-14.1036 -133.591
-14.2139 -171.565
-14.1288 -141.657
-14.3901 -232.09
-14.1876 -161.39
-14.0048 -97.5577
-14.4409 -248.717
-14.3478 -216.013
-14.4631 -255.702
-13.9427 -74.5891
-13.7376 -2.97126
-13.9772 -85.8871
-13.9667 -81.8644
-14.0124 -97.4179
-13.752 -6.60515
-13.9224 -65.44
-13.7638 -10.0131
-13.7003 12.3967
-13.7282 3.05736
-13.8772 -48.3692
-13.964 -78.1684
-14.1566 -144.737
-14.212 -163.627
-14.0296 -99.9259
-13.6388 36.209
-13.6519 32.0083
-13.5935 52.6255
-13.1898 193.205
-13.604 49.6604
-14.4297 -236.831
-14.3188 -197.951
-13.3999 121.62
-13.2167 185.628
-13.6675 29.3437
-14.4673 -248.142
-14.5517 -277.134
-13.9496 -67.5994
-13.7907 -12.0373
-13.9152 -54.943
-14.1594 -139.432
-14.1572 -138.322
-13.7501 3.44856
-13.6439 40.6779
-13.9443 -63.3473
-13.9884 -78.2907
-14.1877 -147.177
-14.2152 -156.405
-14.1172 -122.017
-13.7904 -8.14046
-13.9798 -73.5839
-13.9688 -69.4107
-14.0648 -102.423
-13.443 113.953
-13.8182 -16.0535
-13.8692 -33.4303
-14.0045 -80.0761
-14.0691 -102.162
-13.7632 4.45553
-13.4714 106.177
-13.3731 140.657
-13.1443 220.504
-13.3418 152.214
-13.9177 -47.4935
-13.8655 -29.0122
-13.7579 8.7344
-13.8747 -31.4947
-14.178 -136.526
-14.1454 -124.867
-14.1503 -126.212
-14.0241 -82.0177
-13.7518 12.9192
-13.7884 0.557747
-13.6924 34.2453
-13.2607 184.573
-13.2108 202.264
-13.4728 111.583
-13.4608 116.087
-13.5374 89.8532
-13.6918 36.5452
-13.578 76.4142
-13.806 -2.42416
-13.5235 96.0391
-13.9561 -53.8731
-13.9201 -41.0401
-13.8922 -30.9951
-13.7825 7.47257
-13.9717 -57.9052
-13.2925 178.388
-12.9927 282.882
-13.2638 189.067
-13.7286 27.9347
-13.7771 11.4409
-14.2635 -157.203
-13.6209 66.3972
-13.4569 123.705
-13.3095 175.257
-13.522 101.782
-13.8242 -2.8581
-14.2264 -142.238
-14.0934 -95.6631
-13.933 -39.6105
-13.7302 31.1792
-13.1312 239.639
-13.0893 254.52
-13.3054 179.818
-13.5396 98.8082
-13.5993 78.4034
-13.6704 54.0532
-13.7767 17.4812
-13.9156 -30.4384
-13.9854 -54.3449
-13.988 -54.9015
-13.5845 85.6259
-13.2522 201.417
-13.2904 188.498
-13.7592 25.9761
-14.3486 -178.417
-14.256 -145.909
-14.2527 -144.405
-13.6817 54.3107
-13.6563 63.4783
-13.4059 150.816
-13.2151 217.436
-13.7868 19.19
-14.3146 -163.817
-14.3044 -159.95
-14.0579 -73.973
-13.8686 -7.84283
-14.094 -85.7912
-13.8928 -15.5513
-13.4156 150.561
-13.5266 112.349
-13.9561 -36.5168
-14.5044 -226.634
-14.1916 -117.64
-14.0036 -51.9654
-13.805 17.3659
-14.1008 -85.052
-14.2251 -127.868
-14.1978 -118.034
-13.9795 -41.847
-14.0458 -64.5366
-14.1525 -101.254
-13.2693 205.906
-12.983 305.701
-12.8419 355.077
-13.0678 276.939
-13.5157 121.702
-13.3997 162.34
-13.4178 156.39
-13.1541 248.359
-13.5593 107.922
-13.7776 32.4326
-14.0785 -71.7472
-13.6726 69.6259
-13.3149 194.234
-13.6881 64.9218
-13.4622 143.746
-13.3598 179.67
-13.0564 285.414
-12.8344 362.876
-13.0068 303.355
-13.1309 260.595
-13.5611 111.474
-13.6297 87.9883
-13.8758 2.86289
-13.585 104.227
-14.0719 -64.5679
-13.9869 -34.6914
-14.1897 -104.804
-14.0741 -64.3167
-13.7856 36.2795
-14.0765 -64.4262
-14.2356 -119.363
-14.2636 -128.738
-14.1316 -82.5349
-14.565 -232.77
-14.4546 -194.049
-14.4502 -192.182
-14.3184 -146.06
-13.6546 84.9103
-13.6313 93.348
-13.8633 13.1031
-13.7087 67.1526
-13.8119 31.6623
-13.9226 -6.44685
-13.7352 58.976
-14.0219 -40.2636
-13.6579 86.5521
-13.9824 -25.8597
-13.9242 -5.29438
-13.8704 13.7521
-13.8286 28.6188
-14.1679 -88.8823
-13.6609 87.5699
-13.7872 44.0337
-13.6113 105.513
-13.7381 61.7999
-13.4927 147.386
-13.3736 189.128
-13.6597 90.0744
-13.9001 6.9035
-13.5589 125.794
-13.3734 190.567
-13.585 117.426
-14.3442 -145.96
-14.8647 -326.458
-14.5381 -212.633
-13.8524 25.9118
-13.7014 78.7173
-13.9197 3.21964
-13.7651 57.2897
-13.9111 6.89954
-13.683 86.4992
-13.2444 239.232
-13.4624 163.837
-13.2304 244.76
-13.0352 312.924
-13.5035 150.613
-13.8409 33.722
-13.9386 0.153316
-13.7142 78.4534
-13.6971 84.7274
-14.0702 -44.5444
-14.155 -73.6354
-14.1427 -69.0235
-14.0656 -41.8928
-14.4324 -168.966
-14.6202 -233.87
-14.3784 -149.519
-13.9696 -7.16819
-13.8623 30.4645
-13.7822 58.6331
-13.6342 110.415
-13.3928 194.603
-13.3606 206.154
-13.4771 166.007
-13.2447 247.095
-13.3734 202.743
-13.2392 249.703
-13.4996 159.609
-13.9517 2.87661
-14.2911 -114.677
-14.6852 -251.241
-14.6359 -233.756
-14.3957 -149.978
-13.9487 5.64883
-13.996 -10.4245
-14.2657 -103.782
-14.0196 -17.9119
-13.4554 178.41
-13.3478 216.144
-13.8447 43.886
-13.8248 51.1225
-13.9715 0.528323
-13.9855 -3.98452
-13.6911 98.6154
-13.4913 168.383
-13.1788 277.288
-13.5099 162.615
-13.7479 80.2891
-13.7553 78.0722
-14.0344 -18.5627
-13.5179 161.209
-13.468 178.92
-13.9091 26.0149
-14.1215 -47.4326
-14.3474 -125.553
-14.6117 -217.002
-14.6317 -223.617
-14.6152 -217.539
-14.5488 -194.109
-14.3659 -130.223
-14.03 -13.1854
-13.8689 43.1224
-14.1081 -39.632
-14.313 -110.486
-14.2113 -74.7943
-14.1517 -53.7348
-13.9099 30.6042
-13.4603 187.144
-13.3268 233.858
-13.8068 67.4482
-14.3237 -111.771
-14.4949 -170.869
-13.8734 45.373
-13.5123 171.15
-13.8192 64.8873
-14.0785 -24.8367
-13.7091 103.846
-13.9902 6.53897
-13.8857 43.1788
-13.8698 49.0388
-13.6476 126.586
-13.4973 179.155
-13.544 163.274
-13.7165 103.704
-13.8775 48.1126
-14.1424 -43.5776
-14.3714 -122.784
-14.2272 -72.3356
-13.8746 50.4946
-13.9872 11.7429
-14.1729 -52.4097
-14.2398 -75.316
-14.3233 -103.962
-14.4851 -159.851
-13.7696 89.0817
-13.209 284.168
-13.247 271.319
-13.6427 134.186
-13.8288 69.8818
-13.5264 175.287
-13.4892 188.583
-13.7129 111.2
-13.7736 90.4748
-13.6713 126.334
-13.7234 108.59
-13.5052 184.746
-13.4388 208.151
-13.7109 113.972
-13.9834 19.6466
-13.6947 120.309
-13.4632 201.06
-13.4685 199.57
-13.5227 181.097
-14.1844 -48.4112
-14.4692 -147.025
-14.4789 -150.035
-14.184 -47.2458
-13.9526 33.4887
-14.0798 -10.3426
-13.8958 53.9303
-14.1263 -25.8009
-14.0193 11.7171
-13.9022 52.751
-14.2653 -73.0568
-14.4239 -127.821
-14.2825 -78.3322
-14.1822 -43.1475
-14.1217 -21.7919
-13.8264 81.1421
-14.0253 12.4042
-14.1868 -43.3377
-14.0621 0.299133
-13.6587 140.791
-13.7089 123.724
-13.9212 50.2986
-13.9304 47.4517
-14.0825 -5.02879
-14.2282 -55.3056
-14.0346 12.3071
-14.428 -124.009
-14.169 -33.7035
-14.0038 24.0267
-14.0472 9.30658
-14.332 -89.2859
-13.942 46.5522
-13.7117 126.914
-13.9502 44.4073
-13.9233 54.1043
-14.1666 -30.0872
-14.0986 -6.12436
-14.1273 -15.7385
-14.1708 -30.51
-14.1101 -9.07278
-13.9157 58.8055
-14.0327 18.5238
-14.4396 -122.474
-14.3268 -82.9709
-13.5582 184.386
-13.8896 69.624
-14.5173 -148.101
-14.7638 -233.373
-14.3926 -104.088
-13.8075 99.5434
-13.6523 153.798
-14.0271 23.9189
-14.4604 -126.227
-13.874 77.8254
-14.326 -78.8586
-14.4644 -126.59
-14.464 -126.101
-14.205 -35.783
-14.2196 -40.4948
-14.0255 27.2873
-13.7679 117.097
-13.8384 92.9561
-13.5017 210.281
-14.2668 -55.1597
-14.7183 -211.667
-14.9564 -294.022
-14.5729 -160.446
-14.2003 -30.6751
-14.2169 -36.1085
-14.1197 -1.98289
-14.0249 31.2948
-13.9583 54.7697
-14.1421 -8.72414
-14.0324 29.7397
-13.7984 111.361
-14.0147 36.5933
-14.4901 -128.223
-14.3729 -87.1586
-14.359 -81.968
-14.4534 -114.425
-14.3715 -85.6476
-14.4543 -114.051
-14.3205 -67.2348
-14.2017 -25.6198
-14.226 -33.7051
-14.2105 -27.9674
-14.6876 -193.358
-14.4492 -110.19
-14.3712 -82.7571
-14.4494 -109.558
-14.1214 4.71251
-14.1003 12.4032
-13.7838 122.705
-13.3658 268.241
-13.5524 203.769
-13.9929 51.0864
-13.9392 70.1114
-13.4998 223.098
-13.8674 95.7261
-14.3832 -83.0929
-14.6847 -187.488
-14.8005 -227.38
-14.3326 -64.4899
-14.1211 9.35129
-14.0942 19.0426
-14.0596 31.3989
-14.1238 9.44586
-14.7444 -205.781
-14.4724 -110.958
-14.2411 -30.2528
-14.01 50.3873
-14.1532 0.962485
-13.9109 85.4893
-14.0164 49.1842
-14.0761 28.7829
-14.1406 6.7386
-14.2386 -26.9436
-14.3019 -48.6089
-14.2577 -32.8911
-13.8275 116.916
-13.7107 157.829
-13.8102 123.599
-14.1376 10.2061
-14.2881 -41.7118
-13.9273 83.9798
-13.6881 167.425
-13.9445 78.6678
-14.3558 -63.8452
-14.4132 -83.4277
-14.0399 46.5985
-14.0739 35.1357
-14.0614 39.8028
-13.9188 89.7098
-14.1462 11.0387
-14.3954 -75.1922
-14.3002 -41.7456
-13.8541 113.557
-14.1488 11.5189
-14.2731 -31.3059
-14.357 -60.1093
-14.1736 3.9636
-13.8901 102.807
-14.2799 -32.2749
-14.8046 -214.203
-14.8555 -231.522
-14.7197 -184.025
-14.3165 -43.6044
-14.3266 -46.754
-14.4476 -88.4432
-14.0716 42.5319
-13.7093 168.747
-13.8896 106.458
-14.6564 -159.588
-14.526 -113.957
-14.9221 -251.209
-14.7038 -175.016
-13.9253 95.7652
-14.0735 44.652
-14.3107 -37.426
-14.8528 -225.39
-14.8023 -207.509
-14.6596 -157.594
-14.1064 34.9604
-14.2078 0.072937
-14.4702 -90.7536
-14.8409 -219.189
-14.5732 -125.816
-14.4893 -96.3395
-14.2544 -14.3693
-14.4052 -66.4125
-14.5173 -105.014
-14.1592 19.7341
-14.165 18.0673
-14.5633 -119.971
-14.5216 -105.116
-14.3134 -32.4332
-14.3821 -55.9762
-14.1523 24.2221
-14.0824 48.8526
-13.9515 94.6492
-14.516 -101.082
-14.8534 -217.955
-14.8437 -214.249
-14.4171 -65.6782
-14.5098 -97.5539
-14.6017 -129.139
-14.6565 -147.804
-14.5678 -116.65
-14.5531 -111.209
-14.3036 -24.1802
-13.9642 94.0678
-13.9237 108.481
-14.49 -87.9043
-13.8567 132.45
-14.2201 6.58186
-14.3117 -24.9063
-14.0627 61.9548
-14.3395 -33.8548
-14.6959 -157.326
-14.47 -78.5025
-14.2755 -10.5879
-14.5745 -114.135
-14.4309 -63.8882
-14.6007 -122.524
-14.1546 32.7799
-14.3664 -40.4262
-14.529 -96.5931
-15.0289 -269.898
-14.3794 -43.925
-14.158 33.3671
-14.492 -82.3227
-14.2917 -12.4132
-14.4967 -83.2566
-14.3566 -34.261
-14.5243 -92.1574
-14.1978 21.5943
-14.4552 -67.4605
-14.7791 -179.652
-14.3018 -13.4819
-14.1424 42.2381
-14.3465 -28.3168
-14.112 53.4851
-13.9809 99.3995
-14.0188 86.5645
-14.329 -20.8265
-14.2467 8.10294
-13.8987 129.321
-14.4555 -63.748
-14.8818 -211.497
-14.91 -220.927
-14.3666 -31.8111
-14.2344 14.4518
-14.2988 -7.58276
-14.4069 -44.7719
-14.5247 -85.3394
-14.4144 -46.7002
-13.9014 131.879
-13.6884 206.22
-14.4944 -73.4466
-14.953 -232.412
-15.0058 -250.408
-14.5162 -79.9632
-14.4495 -56.4574
-14.678 -135.499
-14.6983 -142.177
-14.4655 -60.9558
-14.3727 -28.3936
-14.4837 -66.5798
-14.5337 -83.6072
-14.5928 -103.793
-14.4133 -41.0866
-14.3484 -18.1943
-14.5823 -99.1047
-14.5758 -96.5159
-14.9781 -235.9
-14.8037 -174.987
-14.5322 -80.3042
-14.1152 64.9012
-14.0885 74.5179
-14.1756 44.6084
-14.6752 -128.597
-14.908 -209.121
-14.9565 -225.627
-15.0017 -240.976
-14.2709 13.2292
-14.2556 18.8936
-14.6187 -106.891
-14.531 -76.0883
-14.1328 62.5899
-14.0945 76.2392
-14.6708 -123.591
-14.2801 12.4735
-13.9585 124.535
-14.0472 94.0648
-14.1246 67.5205
-14.2259 32.6988
-14.6959 -130.224
-14.3516 -10.2705
-14.6414 -110.625
-14.3964 -25.1364
-14.0598 92.1339
-14.0926 81.076
-14.3549 -9.70081
-14.3596 -10.9725
-14.4766 -51.2791
-14.3933 -22.0002
-14.0831 86.1284
-13.9326 138.743
-13.83 174.742
-14.7548 -146.179
-14.5613 -78.6323
-13.9118 147.368
-14.2809 19.4965
-14.316 7.63517
-14.2744 22.4571
-14.4814 -49.1316
-14.3115 10.2554
-14.1348 71.9667
-14.2191 43.0544
-14.3237 7.04375
-14.5294 -64.0574
-14.4999 -53.4691
-14.5742 -78.9134
-14.6088 -90.6173
-14.3737 -8.57768
-14.5803 -80.0033
-14.1978 53.2104
-14.2643 30.4643
-14.5236 -59.2821
-14.5689 -74.6705
-14.846 -170.567
-14.6006 -84.9862
-14.6271 -93.8163
-14.25 37.5095
-14.0434 109.635
-14.1624 68.6442
-14.6206 -90.1734
-14.4857 -42.9715
-14.5604 -68.5857
-14.1682 68.016
-14.4507 -29.7774
-14.707 -118.466
-14.5741 -71.9586
-14.3491 6.57341
-13.8422 183.021
-14.1961 60.4139
-14.3062 22.5118
-14.4971 -43.4662
-14.2497 42.8277
-14.1271 85.7753
-14.1095 92.2392
-14.1658 73.0363
-14.2656 38.7005
-14.5512 -60.1668
-14.6233 -84.8812
-14.4109 -10.7241
-14.1016 97.0581
-13.8991 167.769
-14.0074 130.475
-14.0909 101.816
-14.5483 -56.7446
-14.8964 -177.314
-14.7446 -124.238
-14.5864 -68.913
-14.3564 11.341
-14.0961 102.116
-13.9461 154.57
-13.9054 169.049
-13.8652 183.346
-13.8776 179.396
-13.7299 231.036
-14.5879 -66.6493
-14.3781 6.57959
-14.2297 58.4649
-13.8712 183.357
-14.0586 118.615
-14.309 31.9478
-14.54 -47.9526
-14.3781 8.63906
-14.0505 122.817
-14.1483 89.183
-13.8394 196.846
-13.9527 157.815
-14.3872 7.24312
-14.5798 -59.3416
-14.4639 -18.7137
-14.4962 -29.6026
-14.7261 -109.105
-15.0862 -233.852
-15.1807 -266.358
-14.9894 -199.53
-14.3345 28.3254
-13.6112 279.926
-13.7825 220.768
-13.9253 171.502
-14.2367 63.6932
-14.2637 54.6497
-14.1434 96.7778
-14.1824 83.576
-14.0561 127.798
-14.0371 134.761
-13.995 149.712
-14.5722 -50.4315
-14.3555 25.1915
-14.0767 122.376
-14.2367 67.144
-14.4229 2.82853
-14.5238 -31.8833
-14.3581 26.034
-14.2778 54.2716
-13.9547 166.858
-14.1293 106.539
-14.2444 66.9042
-14.2377 69.5742
-14.2997 48.4014
-14.7176 -96.4365
-14.5027 -21.4185
-14.9003 -159.194
-14.6884 -85.2537
-14.4181 8.98032
-13.9906 157.856
-13.7685 235.357
-13.9215 182.542
-14.1974 87.0544
-14.4983 -17.127
-14.997 -190.04
-15.4803 -357.562
-15.6134 -403.456
-15.2911 -291.155
-14.4059 16.7021
-13.6988 262.713
-13.9002 193.072
-14.5235 -23.0992
-14.9797 -181.226
-14.8155 -123.846
-14.3378 42.4365
-14.2644 68.2816
-14.3436 41.1459
-14.5115 -16.8315
-14.415 17.0256
-14.6545 -65.8469
-14.7588 -101.7
-14.8829 -144.491
-14.1456 112.003
-14.0002 162.85
-14.3031 57.9702
-14.6433 -59.8551
-14.9917 -180.528
-15.0132 -187.651
-14.6823 -72.3619
-14.3452 45.0864
-14.3265 51.9282
-14.2878 65.7233
-14.4019 26.4478
-14.6756 -68.292
-14.9746 -171.817
-15.1311 -225.856
-14.7199 -82.6464
-15.1922 -246.376
-14.9338 -156.258
-14.5633 -27.1856
-14.1049 132.385
-14.0102 165.624
-14.5122 -8.39752
-14.6735 -64.1032
-14.6246 -46.7497
-14.2733 75.6397
-13.781 246.992
-13.8103 237.172
-14.6456 -52.6726
-15.1242 -218.573
-15.3 -279.311
-14.9729 -165.341
-14.4302 23.5553
-14.2513 86.0331
-14.009 170.561
-14.2672 81.2164
-14.8463 -119.616
-14.9468 -154.187
-14.7019 -68.7527
-14.6434 -48.0936
-14.4432 21.7992
-14.6375 -45.3313
-14.1655 118.978
-14.5184 -3.26444
-14.5738 -22.173
-14.3514 55.4451
-14.0987 143.59
-13.8833 218.763
-14.7218 -72.1859
-14.8301 -109.471
-14.7907 -95.4287
-14.7214 -71.0098
-14.2704 86.0004
-14.4086 38.3373
-14.2945 78.3257
-14.766 -85.1056
-15.2573 -255.435
-14.6776 -53.7238
-14.1973 113.497
-14.4273 33.9535
-14.4959 10.4528
-14.6787 -52.7087
-14.3903 47.8494
-14.3142 74.6126
-14.0354 171.827
-14.0773 157.62
-14.4233 37.7733
-13.7519 271.363
-13.8212 247.62
-14.7925 -89.4696
-15.3764 -291.954
-14.6571 -41.7382
-14.1569 132.404
-13.9252 213.232
-14.0321 176.459
-14.5191 7.61563
-14.772 -79.9028
-14.2004 119.001
-14.3585 64.4393
-14.5242 7.24128
-14.4196 43.9251
-14.3229 77.8341
-14.5373 3.72519
-14.7024 -53.274
-14.8627 -108.646
-14.8034 -87.6992
-14.6841 -45.8737
-14.3653 65.2098
-14.3736 62.6607
-14.5069 16.6944
-14.7701 -74.3811
-14.5178 13.624
-14.2928 92.1382
-14.1359 146.992
-14.1734 134.287
-14.1526 141.877
-14.352 72.9511
-14.2429 111.191
-14.643 -27.4446
-14.8418 -96.145
-14.5395 9.20203
-14.3581 72.5682
-14.2222 120.114
-14.0852 168.084
-14.3755 67.5816
-14.5465 8.52659
-14.6417 -24.2297
-14.3635 72.7936
-14.1002 164.598
-14.4447 45.2674
-14.6703 -32.7716
-14.366 73.312
-14.494 29.1837
-14.036 188.619
-13.937 223.375
-13.976 210.158
-14.2324 121.439
-14.3869 68.1275
-14.7872 -70.599
-14.6861 -35.1087
-14.9172 -115.068
-14.7737 -64.844
-14.7691 -62.9171
-14.9658 -130.915
-14.6934 -35.9329
-14.593 -0.698651
-14.4432 51.7057
-14.8588 -92.3486
-15.1345 -187.772
-15.111 -179.253
-15.0153 -145.653
-14.8466 -86.7189
-14.687 -30.9308
-14.7117 -39.1625
-14.6347 -12.0558
-14.5951 2.05262
-14.7149 -39.218
-14.7779 -60.759
-14.8942 -100.798
-14.5305 25.8973
-14.3379 93.1423
-14.605 0.703288
-15.0131 -140.727
-15.0167 -141.65
-14.973 -126.101
-14.5131 34.0263
-14.9502 -117.478
-14.6217 -3.02156
-14.6407 -9.27547
-14.338 96.2361
-14.1695 155.11
-14.4485 58.521
-14.9738 -123.598
-15.0381 -145.585
-14.7778 -54.822
-14.5058 40.0224
-14.4748 51.1341
-14.7709 -51.3844
-14.6038 7.02036
-14.4029 77.1693
-14.3066 110.97
-14.5104 40.5026
-14.6773 -17.1258
-14.9887 -124.942
-14.848 -75.7361
-14.2826 121.043
-14.2269 140.715
-14.4046 79.3313
-14.851 -75.3725
-15.0659 -149.68
-14.8072 -59.4568
-15.0503 -143.589
-14.9 -91.0243
-14.631 2.78748
-14.5289 38.5842
-14.6628 -7.57498
-14.3552 99.631
-14.4331 72.9194
-14.5206 42.8745
-14.6724 -9.5016
-14.7624 -40.4342
-14.7692 -42.4351
-14.5333 39.8524
-14.482 58.0007
-15.0041 -123.021
-15.4545 -279.115
-14.6142 13.1444
-14.0945 194.022
-14.2738 132.081
-14.9948 -118.062
-15.4663 -281.511
-14.9164 -90.1213
-14.2468 142.836
-14.7044 -15.7596
-15.5996 -326.424
-15.9246 -438.965
-15.6689 -349.789
-15.3893 -252.326
-15.15 -168.841
-14.8711 -71.6148
-14.891 -78.1508
-14.7504 -28.9811
-14.5702 33.9756
-14.3049 126.48
-14.5014 58.5591
-15.1683 -172.764
-15.0825 -142.603
-14.8154 -49.4858
-14.8979 -77.7845
-14.9605 -99.1975
-14.4355 83.5628
-14.1283 190.632
-14.753 -26.0406
-15.4019 -251.147
-15.2425 -195.395
-14.8318 -52.3909
-14.4584 77.661
-14.768 -29.5331
-14.7871 -35.8222
-14.7675 -28.6458
-14.5596 43.9046
-14.4712 74.9723
-14.6271 21.1587
-14.2184 163.469
-14.0463 223.618
-14.5714 41.5522
-14.8801 -65.3356
-15.2723 -201.25
-15.1497 -158.298
-14.9781 -98.3465
-14.7419 -15.9518
-14.7751 -27.1356
-14.914 -75.0452
-15.5089 -281.343
-15.3962 -241.86
-15.7948 -379.991
-15.7102 -350.23
-15.3783 -234.581
-14.8369 -46.1524
-14.9142 -72.6577
-15.2633 -193.606
-15.0367 -114.531
-15.1909 -167.756
-15.0097 -104.463
-14.8098 -34.6725
-15.4334 -250.943
-15.7315 -354.184
-15.2863 -199.175
-14.4907 77.5834
-14.0625 226.692
-14.1459 198.058
-14.859 -49.3376
-15.5557 -291.029
-15.4361 -249.126
-14.8056 -29.7242
-14.6594 21.3888
-15.4128 -239.968
-15.3448 -216.022
-15.1035 -131.833
-15.1475 -146.788
-15.1162 -135.558
-15.1628 -151.403
-14.5865 49.1571
-14.5356 67.1774
-14.383 120.557
-14.325 141.057
-14.2639 162.628
-14.2012 184.73
-14.3806 122.76
-14.5001 81.617
-14.5703 57.5613
-14.7152 7.5667
-14.7436 -1.92936
-14.7608 -7.56223
-14.6203 41.5771
-14.5393 70.0708
-14.7256 5.71417
-15.1106 -127.685
-15.3607 -214.248
-15.0063 -90.7915
-14.4931 87.8638
-14.038 246.317
-13.8994 294.811
-14.3653 133.306
-15.0133 -91.482
-15.0976 -120.42
-14.9888 -82.2465
-14.626 44.1079
-14.7246 10.2299
-14.4243 114.875
-14.4189 117.106
-14.5801 61.464
-14.6091 51.7416
-14.9612 -70.2553
-15.0925 -115.506
-14.7604 0.217571
-14.977 -74.6734
-15.2742 -177.598
-14.9395 -60.9845
-14.6434 42.2593
-14.8484 -28.6151
-15.3518 -203.158
-14.9904 -77.2755
-14.6174 52.6565
-14.9919 -77.0909
-15.1801 -142.113
-15.207 -151.126
-14.925 -52.7945
-14.5044 93.6646
-14.3543 146.166
-14.7031 25.3242
-14.1621 213.62
-14.1673 212.143
-14.4708 107.051
-14.6052 60.7312
-14.9851 -70.9067
-15.2557 -164.545
-14.5508 80.6693
-14.7688 5.29702
-15.0816 -103.023
-15.4174 -219.356
-15.4571 -232.803
-15.4317 -223.633
-15.5454 -262.767
-15.8148 -355.995
-15.9063 -387.445
-14.9738 -63.1718
-15.1535 -125.223
-15.2557 -160.389
-16.001 -418.967
-15.4747 -235.784
-15.4282 -219.286
-15.435 -221.274
-15.5833 -272.465
-15.1119 -108.361
-15.0647 -91.603
-15.448 -224.425
-15.1994 -137.709
-15.0456 -83.9304
-14.8712 -22.9929
-15.0363 -80.0131
-15.197 -135.475
-15.182 -129.926
-15.4138 -210.12
-15.153 -119.174
-14.9354 -43.216
-14.8874 -26.2021
-14.9164 -35.9286
-15.3844 -198.149
-15.237 -146.597
-15.2429 -148.293
-14.9842 -58.0908
-14.813 1.75037
-14.9861 -58.0489
-14.8283 -2.8667
-15.3183 -172.767
-15.2481 -148.008
-14.8644 -14.3656
-14.7916 11.2456
-15.1869 -125.715
-15.0186 -66.8966
-14.7961 10.7251
-14.7764 17.9198
-14.6851 49.988
-15.0179 -65.2684
-15.1563 -113.019
-14.808 8.32641
-14.6023 80.135
-14.6028 80.3088
-14.8584 -8.12156
-14.8058 10.4851
-15.0391 -70.2011
-15.0772 -83.0849
-14.7523 30.1233
-14.5952 85.0556
-14.9683 -44.2374
-15.0221 -62.5681
-14.7246 41.1289
-14.5816 91.1531
-15.2233 -131.423
-15.1505 -105.796
-14.7892 20.0902
-14.5327 109.54
-14.7778 24.7231
-15.2414 -135.956
-15.0573 -71.6728
-14.5699 98.0093
-14.938 -29.514
-15.1108 -89.2165
-15.1716 -109.973
-14.9605 -36.2877
-14.6108 85.5437
-14.6063 87.4314
-14.536 112.193
-14.3866 164.454
-14.6367 77.9162
-15.0962 -81.3488
-15.3472 -168.196
-15.3339 -163.243
-15.2722 -141.474
-15.2792 -143.527
-14.965 -34.0393
-15.388 -180.628
-15.4269 -193.807
-15.2249 -123.285
-14.9288 -20.0862
-14.9717 -34.6232
-15.3167 -154.155
-15.6124 -256.522
-15.6491 -268.927
-14.9901 -39.6233
-14.3114 196.496
-14.6475 80.0919
-15.1382 -90.0404
-15.5474 -231.861
-15.251 -128.545
-14.7016 62.657
-14.5519 115.013
-14.943 -20.4815
-15.5418 -228.167
-15.6886 -278.818
-15.4573 -198.13
-14.5867 104.654
-14.3477 188.034
-14.8292 21.109
-15.1479 -89.2626
-15.0498 -54.8297
-14.8185 25.8728
-14.7887 36.5857
-15.16 -92.0699
-15.1692 -94.8922
-14.8139 28.8819
-14.4562 153.463
-14.4538 154.649
-15.1129 -73.9722
-15.6354 -255.129
-15.6544 -261.387
-15.1707 -93.0005
-14.6849 76.1204
-14.3461 194.154
-14.4984 141.582
-15.0696 -56.4731
-15.1169 -72.5741
-14.8698 13.6321
-14.7849 43.4702
-14.9637 -18.3122
-14.815 33.6911
-14.6706 84.1931
-14.7154 68.9943
-14.7511 56.929
-15.235 -110.834
-15.3158 -138.548
-14.7389 62.2175
-14.468 156.678
-14.3765 188.819
-14.7294 66.5736
-15.2426 -111.385
-15.1204 -68.5637
-15.0938 -58.974
-15.1286 -70.7289
-14.6892 82.2602
-14.3097 214.456
-14.485 153.898
-15.1611 -80.6215
-15.2859 -123.64
-15.1846 -88.0921
-14.863 23.9593
-14.3849 190.413
-14.0586 304.106
-14.3354 208.312
-14.9068 10.13
-15.1203 -63.6931
-15.2506 -108.589
-15.2034 -91.8345
-14.779 55.9233
-14.3897 191.518
-14.5897 122.393
-14.8415 35.2554
-15.2383 -102.251
-15.1991 -88.2759
-14.8522 32.5692
-14.5118 151.187
-14.5786 128.335
-15.2088 -90.2695
-15.5351 -203.249
-15.2297 -96.805
-14.993 -14.2461
-15.0132 -20.9087
-15.3716 -145.086
-15.2343 -97.0138
-15.2898 -115.953
-15.3493 -136.271
-15.451 -171.28
-15.5933 -220.357
-15.1162 -54.2567
-15.1185 -54.7233
-15.271 -107.348
-15.061 -34.0456
-15.0249 -21.1622
-14.5352 149.305
-14.2721 241.049
-14.6166 121.719
-15.0271 -20.5162
-15.2432 -95.2649
-15.1624 -66.8555
-15.563 -205.653
-15.8496 -304.874
-15.2792 -106.386
-14.9094 22.438
-15.1581 -63.6066
-15.721 -258.8
-16.1273 -399.613
-15.8311 -296.364
-14.9207 20.2524
-14.1721 280.67
-14.3546 217.611
-15.1172 -46.9764
-15.6127 -218.759
-15.2767 -101.688
-14.9744 3.69668
-15.0462 -20.9122
-15.2266 -83.2293
-15.0896 -35.2968
-15.1938 -71.1342
-15.1941 -70.9195
-15.207 -75.0416
-15.1133 -42.1252
-15.1357 -49.5856
-14.9792 5.12449
-15.288 -101.778
-15.2935 -103.341
-15.1186 -42.2288
-15.3419 -119.476
-15.3469 -120.867
-15.8389 -291.447
-15.961 -333.497
-15.3397 -117.323
-14.9542 16.9482
-14.5474 158.625
-15.0663 -21.2843
-15.5336 -183.28
-15.5323 -182.475
-15.5073 -173.454
-15.45 -153.206
-15.3007 -100.989
-15.0777 -23.1745
-15.1311 -41.3718
-14.9631 17.3503
-14.8525 56.099
-14.9694 15.844
-15.5916 -199.967
-15.1458 -44.7546
-14.9684 17.236
-15.1027 -29.074
-14.8336 64.7439
-15.0605 -13.7105
-15.1291 -37.2057
-15.1794 -54.3425
-15.3258 -104.834
-15.3149 -100.702
-15.3646 -117.62
-14.8532 60.3913
-14.775 87.8956
-15.0499 -7.25379
-15.3674 -117.213
-15.4153 -133.519
-15.8562 -286.32
-15.6351 -209.174
-15.9078 -303.554
-16.0527 -353.532
-15.6668 -219.145
-15.3417 -105.837
-14.9056 45.9934
-15.1513 -39.005
-15.3054 -92.1921
-15.1415 -34.9209
-15.6988 -228.182
-15.7754 -254.44
-15.6017 -193.729
-15.6219 -200.412
-15.0582 -4.24822
-15.6676 -215.605
-15.2898 -84.0001
-14.7323 110.031
-15.172 -42.3943
-15.5251 -164.717
-15.5847 -185.074
-15.2841 -80.2897
-14.7937 90.4366
-14.8134 83.9414
-14.7855 93.9603
-15.0665 -3.28896
-15.1388 -28.0857
-15.2029 -49.9934
-15.0708 -3.73472
-15.0233 13.0819
-15.09 -9.71522
-15.2257 -56.507
-15.5243 -159.914
-15.6358 -198.307
-15.6048 -187.188
-15.2384 -59.5375
-15.0118 19.5329
-14.8782 66.2667
-15.0817 -4.06513
-15.1466 -26.2528
-15.1605 -30.7336
-15.4674 -137
-15.2459 -59.732
-15.6403 -196.384
-15.6569 -201.807
-15.3255 -86.342
-15.3421 -91.7352
-15.2901 -73.3182
-15.2571 -61.5118
-15.3818 -104.492
-15.1927 -38.4458
-15.1876 -36.3273
-15.4262 -118.87
-14.946 48.278
-14.8615 77.9872
-15.1203 -11.5665
-15.0894 -0.4774
-15.2043 -40.0575
-15.8636 -268.741
-15.7948 -244.493
-15.2113 -41.4536
-15.059 11.7998
-15.1552 -21.2451
-15.437 -118.806
-15.5176 -146.47
-15.5231 -148.015
-15.54 -153.559
-15.2278 -44.758
-15.1036 -1.23831
-14.736 126.793
-14.8315 93.9808
-14.6496 157.505
-14.8778 78.5784
-15.1623 -19.8952
-14.9903 40.1927
-14.8708 82.0634
-15.1983 -31.3589
-15.6686 -194.406
-15.715 -210.184
-15.0243 30.1254
-14.893 76.0866
-15.1181 -1.77117
-15.1168 -0.976915
-15.0222 32.2499
-14.9034 73.8443
-15.2556 -48.1505
-15.4242 -106.376
-15.083 12.5076
-14.9443 61.0501
-14.962 55.2304
-15.4074 -99.1516
-15.5883 -161.645
-14.5893 185.765
-14.1925 323.934
-14.0308 380.479
-14.1268 347.466
-14.9782 52.0282
-15.5729 -154.2
-15.807 -235.171
-15.6356 -175.303
-15.4931 -125.45
-15.3799 -85.7865
-15.0746 20.627
-14.8056 114.448
-14.886 86.8511
-14.9097 78.9631
-15.1257 4.26606
-15.2552 -40.3549
-15.0779 21.5838
-14.8307 107.798
-15.1363 1.97509
-15.128 5.19716
-14.8891 88.5417
-15.2555 -38.3828
-15.1888 -14.8624
-15.4103 -91.4786
-15.8301 -236.97
-15.6014 -157.151
-14.9564 67.2451
-15.0861 22.5294
-15.2315 -27.6318
-15.3728 -76.343
-15.662 -176.463
-15.2872 -45.9419
-14.9897 57.7774
-14.7766 132.147
-15.0415 40.4687
-15.4184 -90.1198
-15.4641 -105.65
-15.1069 18.7958
-15.2209 -20.4538
-14.9204 84.2914
-14.7629 139.334
-14.4981 231.686
-14.4703 241.675
-14.8428 112.622
-15.0006 58.1577
-15.2357 -23.1655
-15.8657 -241.688
-15.6632 -170.974
-15.1283 15.1715
-14.7618 142.838
-14.9355 82.8437
-14.5575 214.517
-15.2185 -14.7484
-15.2498 -25.2774
-15.2188 -14.1751
-14.9814 68.6363
-14.8996 97.4092
-14.9361 85.0605
-14.9652 75.3106
-14.8507 115.453
-15.1848 -0.283677
-14.9711 74.3134
-15.2956 -38.059
-15.7555 -197.499
-15.5042 -109.847
-15.4865 -103.338
-15.114 26.3874
-14.4583 254.527
-14.2185 338.181
-14.6543 187.155
-14.9145 97.0836
-14.9465 86.3149
-15.1975 -0.527024
-14.7967 139.059
-15.0574 48.8596
-15.3256 -43.975
-14.8976 105.058
-14.7538 155.36
-15.1262 26.3238
-14.9954 72.1203
-14.6211 202.492
-14.918 99.7149
-15.2789 -25.3376
-15.5269 -111.148
-15.5632 -123.388
-15.1979 3.86717
-14.7712 152.453
-14.8155 137.379
-15.0014 73.1522
-14.5693 223.614
-14.6326 201.981
-14.7192 172.227
-15.0564 55.4286
-15.5123 -102.582
-15.0993 41.2384
-15.0269 66.7285
-14.9874 80.8033
-15.0014 76.2941
-15.1185 35.9585
-15.3653 -49.4402
-15.1096 39.7331
-15.151 25.6986
-14.9756 86.9782
-14.9816 85.2593
-15.6258 -138.204
-14.9557 94.9573
-14.8639 127.191
-15.1181 39.2216
-15.2113 7.18843
-14.7682 161.465
-14.7971 151.772
-14.6864 190.585
-14.9828 87.9546
-14.8047 150.164
-15.1864 17.9246
-15.171 23.618
-14.9524 99.9215
-14.6326 211.372
-14.9566 99.1416
-15.3697 -44.0102
-14.968 95.8952
-14.6483 207.279
-14.5146 254.07
-14.6151 219.508
-15.0601 65.2674
-15.1244 43.2767
-14.8709 131.699
-15.2916 -14.0872
-15.2866 -12.0363
-15.3441 -31.6323
-15.6457 -136.085
-15.4384 -63.7198
-14.7832 164.248
-14.6465 212.079
-15.1144 49.8875
-15.105 53.5127
-15.4 -48.6465
-14.9876 94.9816
-14.8576 140.47
-15.0957 58.1167
-14.9379 113.297
-15.1788 29.9451
-15.4878 -77.0678
-15.6967 -149.272
-15.8444 -200.253
-15.9388 -232.675
-15.8765 -210.702
-15.6403 -128.301
-15.0458 78.582
-14.8647 141.837
-14.5143 263.907
-15.1011 60.4006
-14.9573 110.731
-15.6735 -137.733
-15.4708 -66.9858
-15.3106 -10.9876
-15.1455 46.726
-15.3418 -21.1374
-15.482 -69.4941
-15.4025 -41.4974
-15.4846 -69.694
-15.6236 -117.632
-15.6863 -139.057
-15.3115 -8.52002
-15.044 84.7553
-14.9588 114.702
-15.244 15.9866
-15.3782 -30.2802
-15.1927 34.5039
-14.8105 167.608
-14.8633 149.612
-15.1528 49.3907
-15.0187 96.3254
-14.764 185.147
-14.8444 157.584
-14.6426 228.028
-14.8674 150.285
-15.1224 62.0394
-15.4966 -67.5874
-14.9052 138.181
-14.5127 274.887
-14.949 123.68
-15.5901 -98.7099
-15.9047 -207.629
-15.7886 -166.962
-15.6464 -117.215
-15.4198 -38.1321
-15.3239 -4.49699
-15.1864 43.6169
-15.2833 10.3247
-15.2407 25.474
-15.4554 -48.7848
-15.7808 -161.457
-15.4738 -54.4761
-15.199 41.3227
-15.4333 -39.6959
-15.19 45.1654
-15.3928 -24.9459
-15.2822 13.8251
-14.8845 152.323
-15.1075 75.2078
-15.6583 -115.775
-15.8768 -191.333
-15.3317 -1.63268
-14.693 220.581
-14.7036 217.262
-14.8661 161.157
-15.1377 67.1383
-14.8615 163.459
-14.8089 182.06
-14.5794 262.129
-14.8155 180.456
-15.1886 51.1984
-15.0432 102.056
-14.4913 294.126
-15.0523 99.6139
-15.1023 82.5866
-15.0459 102.525
-15.0319 107.726
-14.9717 128.971
-14.9877 123.761
-14.7863 194.091
-14.4912 296.968
-14.5763 267.753
-14.7848 195.657
-14.8555 171.428
-14.6108 256.778
-14.865 168.839
-14.8357 179.372
-14.9666 134.228
-14.921 150.425
-15.2285 43.9566
-15.6468 -101.038
-16.0865 -253.418
-15.6454 -99.8376
-15.2891 24.2809
-15.0834 96.0901
-15.1773 63.8272
-15.5335 -59.5665
-15.4948 -45.7771
-15.8465 -167.631
-15.5165 -52.6163
-14.9818 133.462
-14.7232 223.642
-15.3736 -1.9348
-15.6313 -91.1188
-15.6848 -109.35
-15.2821 30.891
-15.2775 32.8117
-15.1233 86.7611
-15.5488 -60.7314
-15.321 18.7505
-15.2508 43.4969
-15.1319 85.1381
-15.1515 78.6893
-15.1166 91.1559
-15.0661 109.031
-15.1155 92.2259
-14.8673 178.819
-14.5551 287.596
-14.8068 200.531
-15.2098 60.8595
-15.5934 -72.0656
-15.196 66.3644
-15.4482 -20.9216
-15.1807 72.3685
-15.0217 127.959
-15.646 -88.5752
-15.9689 -200.426
-15.2815 38.718
-15.015 131.651
-15.3081 30.2036
-15.3353 21.0981
-15.298 34.3804
-15.0354 125.95
-15.1871 73.6159
-15.5227 -42.6414
-15.3384 21.7485
-15.0439 124.406
-15.1641 83.002
-14.8544 190.916
-15.5036 -34.2608
-15.7131 -106.684
-15.698 -101.104
-15.3798 9.80256
-15.4658 -19.743
-15.6349 -78.1363
-15.5897 -62.0684
-15.4441 -11.151
-15.468 -19.1074
-15.2778 47.3234
-15.1637 87.2904
-15.5459 -45.1315
-15.8243 -141.477
-15.5536 -47.1034
-15.3986 7.09764
-15.4952 -26.1373
-15.3964 8.53119
-15.3021 41.6683
-15.4419 -6.5515
-15.3703 18.6707
-15.2473 61.7453
-15.0183 141.635
-15.1223 105.864
-14.888 187.582
-14.97 159.457
-15.4129 5.92896
-15.4532 -7.71801
-15.2997 45.9541
-15.0343 138.512
-15.0322 139.599
-15.1417 101.895
-14.9105 182.57
-15.197 83.3791
-15.1852 87.8095
-15.9875 -190.529
-15.9668 -182.994
-15.2232 75.6696
-14.8178 216.841
-14.7403 244.099
-15.2892 53.7628
-16.0542 -211.648
-15.9858 -187.521
-15.2606 64.7435
-15.3596 30.7249
-15.4119 12.8988
-15.5982 -51.4795
-15.5829 -45.8133
-15.9063 -157.835
-15.833 -131.995
-16.2264 -268.33
-15.896 -153.209
-15.2271 79.5078
-15.1403 110.022
-15.5207 -21.7922
-16.0428 -202.823
-15.7759 -109.757
-15.5041 -14.9836
-15.5592 -33.7781
-15.4437 6.69364
-15.5303 -23.0249
-15.5867 -42.263
-16.0826 -214.205
-16.1113 -223.826
-15.7835 -109.614
-15.31 55.2272
-15.0198 156.411
-15.3512 41.6211
-15.8257 -122.859
-15.9199 -155.26
-15.4198 18.818
-14.8105 230.853
-15.0857 135.574
-15.0335 154.063
-15.5572 -27.5093
-16.0746 -206.898
-16.044 -195.948
-15.7866 -106.159
-15.6119 -45.138
-15.5332 -17.4263
-15.2894 67.6175
-15.5303 -15.7222
-15.5764 -31.4001
-15.4656 7.43172
-15.285 70.5111
-15.1019 134.471
-15.2009 100.417
-15.3918 34.4615
-15.5798 -30.4974
-15.2783 74.599
-14.7947 242.938
-15.1133 132.585
-15.733 -82.3279
-15.641 -50.0277
-15.6285 -45.3252
-15.4311 23.5807
-15.4773 7.90271
-15.6133 -39.0282
-15.464 13.203
-15.588 -29.5163
-15.7532 -86.5869
-15.5994 -32.7864
-15.536 -10.4088
-15.4793 9.61382
-15.5724 -22.3666
-15.5957 -30.1234
-15.6992 -65.7354
-15.4403 24.571
-15.1238 134.867
-15.6184 -36.5985
-15.3792 46.8419
-15.9049 -135.438
-15.8794 -126.242
-16.0588 -188.222
-16.09 -198.721
-15.4916 9.52126
-15.5198 0.0700838
-15.5997 -27.3564
-15.5571 -12.1799
-15.7162 -67.1242
-15.6257 -35.3184
-15.7532 -79.2599
-15.9724 -155.082
-15.4629 22.2828
-15.7356 -72.1199
-15.8457 -110.022
-15.6137 -29.0795
-16.0002 -162.99
-15.6331 -35.1283
-15.9902 -158.833
-15.9091 -130.297
-16.118 -202.526
-16.1748 -221.911
-15.7904 -88.0302
-15.6875 -51.929
-15.549 -3.45671
-15.6677 -44.3781
-15.656 -39.9589
-15.7313 -65.763
-15.871 -113.959
-15.8343 -100.833
-15.6204 -26.2081
-15.8134 -92.8994
-16.0013 -157.822
-15.9179 -128.501
-16.0125 -161.009
-15.9175 -127.663
-16.1716 -215.604
-15.6997 -51.2986
-15.4392 39.5448
-15.5685 -5.05025
-15.8402 -99.074
-16.1023 -189.765
-16.2264 -232.559
-15.9407 -132.94
-15.683 -43.0693
-15.7491 -65.6867
-15.75 -65.6731
-15.8242 -91.096
-15.6511 -30.5945
-16.079 -178.902
-16.1071 -188.34
-15.7964 -80.0261
-15.9328 -127.075
-15.8087 -83.6311
-15.7705 -70.0011
-15.7723 -70.2944
-15.8213 -86.9677
-16.165 -206.002
-15.9648 -136.124
-15.6893 -40.0573
-15.6777 -35.6698
-15.4015 60.6312
-16.085 -176.483
-15.7499 -59.7242
-15.8124 -81.0904
-15.2937 99.4546
-15.2928 100.113
-15.1637 145.316
-15.6253 -14.7046
-15.7291 -50.39
-15.8945 -107.523
-15.9658 -131.929
-15.5796 2.55833
-15.6908 -35.7227
-16.1563 -197.071
-15.3885 69.9944
-15.3898 69.9089
-15.4398 52.8892
-15.5982 -1.81355
-15.8204 -78.6387
-16.1165 -181.172
-15.5218 25.7862
-15.5627 11.9101
-16.0101 -143.153
-16.1461 -190.071
-16.425 -286.592
-16.0061 -140.717
-15.5812 7.21284
-15.4215 63.0663
-15.7184 -39.7421
-15.9966 -136.047
-16.4624 -297.511
-15.8435 -82.1589
-15.3946 74.1295
-15.6649 -19.4194
-15.2257 133.52
-15.7592 -51.4821
-15.9479 -116.683
-16.2805 -231.879
-15.7391 -43.4519
-15.3891 78.4904
-15.0618 192.525
-15.181 151.476
-15.1498 162.659
-15.7096 -31.4828
-15.5698 17.4526
-15.7797 -55.1164
-15.5308 31.671
-15.3914 80.4521
-14.9264 242.354
-14.9952 218.804
-15.386 83.3632
-15.7589 -45.8156
-16.1403 -177.979
-15.6818 -18.3318
-15.4465 63.7541
-15.624 2.43826
-15.7555 -42.9155
-16.0759 -153.849
-15.9781 -119.552
-15.3681 92.7366
-15.1002 186.124
-15.229 141.722
-15.6395 -0.534089
-15.9407 -104.792
-15.8129 -60.0782
-15.3131 113.904
-15.3644 96.4253
-15.4735 58.8818
-15.7813 -47.7133
-15.7523 -37.2779
-15.6666 -7.16254
-15.698 -17.7344
-15.7235 -26.2138
-15.7986 -51.9533
-15.8642 -74.4037
-15.9407 -100.652
-15.9406 -100.268
-15.8756 -77.3319
-15.9486 -102.349
-15.5585 33.5284
-15.9269 -94.0956
-15.6511 2.03589
-16.1252 -162.292
-15.665 -2.09206
-15.7719 -38.8893
-15.9029 -84.0478
-16.0786 -144.738
-15.8325 -58.8708
-15.4905 60.2668
-15.5809 29.2278
-15.9453 -97.0444
-16.6127 -328.544
-16.1227 -157.948
-15.516 53.1387
-15.4001 93.7751
-15.8182 -51.1498
-16.1038 -150.002
-16.0889 -144.481
-16.0307 -123.924
-16.1534 -166.181
-15.8486 -59.9557
-16.0586 -132.552
-15.9921 -109.116
-15.8677 -65.5576
-15.8575 -61.6529
-15.9751 -102.185
-16.1329 -156.637
-15.8759 -67.018
-15.5451 48.2415
-15.4932 66.6372
-15.0692 214.262
-14.9998 238.73
-15.691 -1.04647
-15.8939 -71.1975
-15.9364 -85.6047
-16.4336 -257.985
-16.152 -159.784
-15.8573 -57.0598
-15.986 -101.425
-16.17 -165.008
-16.2793 -202.62
-16.0745 -131.139
-15.5351 56.6073
-15.1811 179.923
-15.8521 -52.85
-16.5084 -280.5
-15.9508 -86.4358
-15.1778 182.463
-14.9375 266.279
-14.9832 250.749
-15.6731 11.4363
-15.1041 209.452
-15.2461 160.475
-15.5929 40.3356
-15.8593 -51.863
-15.6816 10.1988
-15.6398 25.0968
-15.0471 231.32
-15.4404 95.0363
-15.9352 -76.5091
-16.2033 -169.294
-15.9845 -92.9245
-15.6082 38.1557
-15.8679 -51.7346
-15.799 -27.4429
-14.7818 326.267
-14.9179 279.355
-15.5046 75.8639
-15.725 -0.353847
-15.6276 33.8276
-15.4572 93.3939
-15.7918 -22.5283
-15.8261 -34.0888
-15.8175 -30.7291
-15.7447 -5.09067
-15.3859 119.877
-15.8292 -33.7738
-16.0826 -121.463
-15.9361 -70.2036
-16.0678 -115.602
-15.8978 -56.218
-16.0425 -106.137
-15.9426 -71.0939
-16.3283 -204.707
-16.0985 -124.548
-15.931 -65.997
-15.7756 -11.6663
-15.9915 -86.3317
-15.6744 24.1663
-15.6297 40.0377
-15.7755 -10.2315
-15.4191 113.905
-15.2561 170.877
-15.3708 131.372
-15.8611 -38.6039
-16.094 -119.141
-16.341 -204.601
-15.7267 9.14875
-15.6846 24.1001
-15.7597 -1.62196
-15.9964 -83.526
-15.9979 -83.6775
-15.7395 6.41754
-15.7788 -6.87391
-15.9983 -82.7749
-15.6159 50.4138
-16.0707 -107.227
-15.9473 -64.0234
-15.4638 104.285
-15.7951 -10.4473
-16.1338 -127.774
-15.8743 -37.2921
-15.7585 3.30029
-15.9336 -57.1804
-16.0842 -109.159
-16.4222 -226.231
-15.9116 -48.5034
-16.0456 -94.6868
-15.3329 153.252
-14.9663 280.937
-15.7516 8.47339
-15.9841 -71.9429
-15.9437 -57.5678
-16.4022 -216.48
-15.8992 -41.3934
-15.4879 101.829
-14.8237 332.895
-15.357 147.998
-15.553 80.2629
-15.0935 240.234
-15.1468 222.071
-15.5324 88.4501
-15.5462 84.008
-15.503 99.3693
-15.232 193.834
-15.0266 265.539
-15.2977 171.702
-16.0539 -90.6205
-16.3125 -180.13
-15.6725 42.5603
-15.5356 90.447
-15.3941 139.979
-15.5994 68.9896
-15.662 47.604
-15.8985 -34.2276
-16.1147 -108.976
-15.5927 72.7147
-15.7078 33.0808
-16.1958 -136.093
-16.2928 -169.454
-15.842 -12.5222
-16.0829 -95.85
-16.5558 -259.776
-16.6543 -293.639
-16.1863 -130.724
-15.818 -2.4392
-15.8018 3.53517
-16.0564 -84.5596
-16.438 -216.769
-16.0379 -77.4485
-15.8233 -2.52177
-15.6421 60.7678
-15.6461 59.7202
-15.8174 0.539943
-16.0483 -79.3088
-15.838 -5.91853
-15.7092 39.1935
-15.7937 10.1855
-15.7479 26.4495
-15.9448 -41.6332
-15.7029 42.7537
-15.8376 -3.67793
-16.015 -64.9702
-16.1466 -110.333
-15.9061 -26.4261
-15.6941 47.5443
-15.4162 144.436
-15.0059 287.315
-14.9696 300.286
-15.1889 224.451
-15.3367 173.448
-15.7478 30.9728
-15.8641 -9.06974
-15.9124 -25.509
-15.9632 -42.8082
-15.6302 73.2416
-15.4728 128.262
-15.5296 108.88
-15.556 100.035
-16.0494 -71.0105
-15.9776 -45.7213
-15.7265 41.8731
-15.2901 193.82
-15.7168 45.9327
-15.5062 119.45
-15.3996 156.826
-15.5285 112.391
-16.009 -54.1906
-16.264 -142.449
-16.0122 -54.6271
-15.8254 10.6302
-15.8355 7.45329
-16.2634 -140.82
-16.0439 -64.2194
-15.8587 0.452486
-15.8918 -10.7143
-15.8184 15.1467
-15.9526 -31.1353
-16.154 -100.738
-16.0533 -65.4309
-15.6173 86.4112
-15.2572 211.833
-15.5438 112.624
-16.0249 -54.1655
-16.3202 -156.405
-16.1971 -113.274
-15.9609 -30.8957
-15.8257 16.4315
-15.9732 -34.4447
-16.4329 -193.818
-15.9553 -27.5478
-16.1293 -87.6323
-16.0294 -52.5856
-15.7207 54.9802
-15.5993 97.5165
-15.5192 125.682
-15.3422 187.516
-16.1519 -93.4109
-15.6725 73.4854
-15.4399 154.633
-15.6054 97.4884
-15.8126 25.8493
-15.7525 47.0678
-15.6025 99.527
-15.3153 199.656
-15.4777 143.581
-15.8098 28.5634
-15.7922 35.023
-15.9146 -7.14266
-16.1938 -103.801
-16.3844 -169.658
-16.454 -193.508
-16.2919 -136.848
-16.065 -57.6545
-15.9198 -6.86288
-16.0138 -39.1864
-15.9087 -2.33882
-15.9087 -1.96373
-15.9939 -31.2196
-15.9485 -15.1146
-15.7413 57.2
-15.7647 49.4412
-15.8388 24.0321
-15.7311 61.8094
-15.5223 134.69
-15.7901 41.9966
-16.217 -105.955
-16.3563 -153.994
-16.156 -84.0538
-16.164 -86.5002
-15.9004 5.40577
-15.883 11.8046
-15.5715 120.359
-15.6965 77.3006
-16.3255 -140.855
-15.9501 -10.1229
-15.6927 79.6612
-15.6372 99.2852
-15.6535 93.9865
-15.7969 44.5025
-15.9631 -12.876
-16.0719 -50.3327
-15.5651 126.076
-15.5112 145.141
-15.3064 216.627
-15.3057 217.231
-15.7846 51.208
-16.3973 -161.278
-16.478 -188.986
-15.9006 11.9522
-15.4332 174.659
-15.5105 148.178
-16.1105 -59.9309
-16.2982 -124.781
-15.8032 47.5239
-15.2773 230.552
-15.4457 172.404
-14.7992 397.365
-14.7235 424.008
-15.0878 297.787
-15.6648 97.6806
-15.7 85.8076
-16.0725 -43.2427
-16.6673 -249.521
-15.9224 9.60543
-15.5576 136.665
-15.25 243.865
-15.5687 133.518
-16.0482 -32.7177
-16.0694 -39.7574
-16.1337 -61.7449
-15.9847 -9.62537
-15.6731 98.9772
-15.9222 12.7884
-16.2091 -86.5451
-16.38 -145.574
-16.1545 -66.8904
-15.9037 20.6004
-15.428 186.203
-15.2068 263.412
-15.3318 220.319
-15.7884 62.0385
-15.811 54.5399
-15.5331 151.417
-16.0888 -41.2806
-15.7889 63.2558
-15.3083 230.569
-15.2438 253.332
-15.5409 150.472
-15.4771 172.979
-15.8967 27.5449
-16.3216 -119.727
-16.0224 -15.4375
-15.5707 141.837
-15.8624 40.841
-16.1601 -62.2041
-16.1619 -62.5104
-15.6392 119.443
-15.6684 109.626
-15.9723 4.41894
-15.8732 39.1707
-16.2804 -101.94
-16.2158 -79.1538
-15.9452 15.2276
-15.5275 160.668
-15.9647 9.13509
-16.242 -86.8514
-16.1077 -39.8612
-16.028 -11.8084
-15.8528 49.3941
-16.2662 -93.849
-16.6216 -216.992
-16.7704 -268.329
-16.0674 -23.7773
-15.5826 145.019
-16.3173 -109.868
-16.3069 -105.935
-16.5161 -178.246
-16.1261 -42.412
-16.3622 -124.098
-16.0677 -21.4303
-16.5576 -191.273
-16.3466 -117.616
-16.1095 -34.9124
-16.511 -174.051
-16.379 -127.827
-15.8897 42.4707
-15.8932 41.6203
-16.2293 -74.7887
-16.0446 -10.297
-16.0244 -2.91523
-16.5227 -175.684
-16.2756 -89.4874
-16.0413 -7.73308
-15.7955 77.9923
-16.6081 -203.959
-16.4409 -145.54
-16.3812 -124.445
-16.4557 -149.965
-16.3968 -129.173
-16.6283 -209.227
-16.3904 -126.259
-16.1711 -49.7194
-16.066 -12.8412
-15.9446 29.6698
-15.8867 50.1154
-16.2504 -75.8671
-16.2358 -70.4608
-16.0347 -0.230415
-15.9863 16.9159
-15.5002 186.142
-16.0394 -0.84072
-16.3504 -108.526
-16.0726 -11.6822
-15.3866 226.974
-15.5606 166.877
-15.7009 118.487
-16.072 -10.0705
-16.0115 11.2914
-15.5955 156.163
-15.7776 93.2403
-15.4798 197.051
-15.796 87.5479
-15.8737 60.9096
-15.6853 126.692
-15.4294 215.954
-15.471 201.833
-15.6415 142.949
-15.7712 98.228
-15.8402 74.619
-15.6449 142.808
-15.5887 162.699
-15.8874 59.2707
-16.0499 3.16718
-16.1342 -25.7744
-16.3374 -96.0315
-16.1674 -36.6265
-15.653 142.442
-15.6075 158.593
-15.7718 101.842
-15.9893 26.6404
-16.0206 16.1357
-16.023 15.6389
-16.0017 23.3916
-15.8346 81.7815
-15.5757 172.071
-15.811 90.6547
-15.946 44.1043
-15.9201 53.4737
-16.0803 -1.83187
-16.076 -0.0161079
-15.9087 58.4675
-15.6397 152.251
-15.2489 288.386
-14.8561 425.161
-14.6216 506.976
-15.399 237.267
-16.2391 -54.241
-16.4578 -129.845
-16.6618 -200.372
-16.6989 -212.93
-16.7186 -219.409
-16.3345 -85.625
-15.9476 49.1111
-15.8132 96.1606
-16.1575 -23.1184
-16.3959 -105.581
-17.0553 -334.312
-16.369 -95.5275
-15.6762 145.487
-15.7641 115.313
-16.2497 -53.0369
-16.0178 27.8672
-16.0694 10.2753
-15.7516 121.026
-16.2854 -64.0581
-16.305 -70.5355
-16.2906 -65.1819
-16.0419 21.5611
-15.8388 92.4735
-16.0633 14.8511
-16.0634 15.1352
-16.1671 -20.5432
-16.2233 -39.708
-16.1898 -27.7145
-16.3081 -68.4823
-16.2206 -37.7214
-15.9941 41.2917
-15.9595 53.6772
-15.8735 83.886
-15.5062 211.828
-15.2865 288.5
-15.8525 92.2481
-16.3909 -94.4543
-16.4153 -102.574
-16.445 -112.559
-16.4999 -131.268
-16.1869 -22.2086
-15.9017 77.2346
-16.1245 0.172834
-16.175 -17.0128
-16.364 -82.3231
-16.4725 -119.684
-16.4074 -96.7292
-16.2069 -26.6985
-16.2424 -38.7088
-16.3722 -83.4278
-16.2229 -31.2363
-16.1472 -4.59855
-16.0849 17.4031
-16.1666 -10.6389
-15.858 96.908
-16.3936 -88.8074
-16.5509 -143.092
-16.1614 -7.44247
-16.0698 24.7511
-16.0413 34.9768
-16.1887 -15.861
-16.0173 43.9987
-16.4889 -119.483
-16.3056 -55.4438
-16.258 -38.5612
-15.9463 70.0562
-15.63 180.292
-15.8889 90.7097
-16.348 -68.4514
-16.2821 -45.1986
-16.3101 -54.5733
-16.1195 11.993
-16.097 20.1418
-16.2196 -22.0855
-16.0191 47.8937
-15.8096 121.016
-16.1359 8.03951
-16.4724 -108.513
-16.4636 -105.116
-16.3386 -61.3456
-16.1199 14.9772
-16.3153 -52.5511
-16.4307 -92.3167
-16.1209 15.6604
-15.8991 93.0624
-15.8489 110.863
-16.1727 -1.27404
-16.3367 -57.9017
-16.4495 -96.7545
-16.1632 3.05294
-16.054 41.3477
-15.8957 96.6858
-16.283 -37.5124
-16.1828 -2.35609
-16.0639 39.2952
-15.9651 73.9527
-15.94 83.0282
-16.2816 -35.2791
-16.2006 -6.80889
-16.3659 -63.8908
-16.3134 -45.3034
-16.7131 -183.792
-16.4366 -87.3986
-15.8152 128.82
-15.9669 76.4527
-16.3347 -50.9623
-16.7602 -198.441
-16.6107 -146.142
-16.4334 -84.1957
-16.4122 -76.5056
-16.5151 -111.892
-16.4255 -80.412
-16.693 -172.993
-16.3622 -57.7451
-16.5131 -109.806
-16.4383 -83.4862
-16.5152 -109.849
-16.3123 -39.0177
-16.676 -165.027
-16.6338 -150.001
-16.6821 -166.427
-16.6996 -172.185
-16.7441 -187.287
-16.4118 -71.4776
-16.5617 -123.227
-16.5556 -120.747
-16.4702 -90.7464
-16.3236 -39.4801
-16.5135 -105.086
-16.2802 -23.6756
-15.9413 94.3803
-16.6932 -166.472
-16.4615 -85.6334
-16.3294 -39.409
-16.7164 -173.482
-16.4381 -76.4563
-15.9092 107.619
-16.3403 -41.8058
-16.746 -182.374
-16.7651 -188.655
-16.3151 -32.0022
-16.0737 52.2236
-15.8568 127.916
-16.0554 59.273
-16.5872 -125.131
-16.9915 -265.226
-16.8377 -211.463
-16.429 -69.1274
-16.3819 -52.4098
-16.4365 -71.0279
-16.4569 -77.7775
-16.01 77.8146
-16.3814 -50.8583
-16.684 -155.621
-16.9316 -241.293
-16.767 -183.789
-16.1593 27.6906
-15.822 145.224
-16.149 31.947
-16.5357 -102.021
-16.7925 -190.897
-16.5798 -116.667
-16.0815 56.7894
-16.0517 67.4848
-16.322 -26.0685
-16.2837 -12.3908
-16.5225 -95.0103
-16.6351 -133.784
-16.0599 66.3859
-16.1055 50.8817
-16.0762 61.435
-16.1018 52.8662
-16.5199 -92.0323
-16.8182 -195.291
-16.8611 -209.861
-16.4991 -83.7708
-16.9303 -233.22
-17.1589 -312.27
-16.5824 -111.67
-16.3363 -25.7952
-16.2918 -10.014
-16.364 -34.7291
-16.4676 -70.3948
-16.3186 -18.2562
-16.1396 44.264
-16.4188 -52.3822
-16.9207 -226.389
-17.242 -337.675
-16.9453 -234.263
-16.5334 -90.8054
-16.6465 -129.737
-17.1447 -302.478
-17.0512 -269.635
-16.6614 -133.883
-16.8844 -210.991
-16.4481 -59.0943
-15.9075 129.053
-16.3035 -8.16687
-16.996 -248.378
-16.9394 -228.391
-16.2836 -0.223392
-16.0405 84.5849
-16.105 62.5251
-16.2791 2.40366
-16.4165 -44.979
-16.1075 62.7221
-16.1951 32.6054
-16.5825 -101.603
-16.9423 -226.246
-16.9082 -214.053
-16.5921 -103.897
-16.3217 -9.61876
-16.5136 -75.9248
-16.9649 -232.378
-16.4287 -45.768
-16.1698 44.539
-16.0745 78.0008
-16.8555 -192.978
-16.4357 -46.8003
-16.1657 47.3411
-16.2546 16.82
-16.4011 -33.7347
-16.3429 -13.1735
-16.0447 90.7621
-16.1819 43.4758
-16.3394 -10.9234
-16.6167 -106.888
-16.8775 -197.14
-16.5386 -79.0814
-16.9266 -213.525
-16.8496 -186.402
-16.6638 -121.504
-16.4623 -51.1824
-15.8764 152.7
-15.9382 131.598
-15.9426 130.399
-16.0022 110.049
-16.3248 -1.66452
-16.5308 -72.8989
-16.4657 -49.9099
-16.5415 -75.9152
-16.3698 -15.8978
-15.9443 132.266
-16.3974 -24.8175
-16.5281 -69.8661
-16.3354 -2.5857
-16.7564 -148.472
-16.8183 -169.636
-16.6552 -112.627
-16.371 -13.5573
-16.4187 -29.7595
-16.531 -68.4337
-16.6282 -101.84
-16.4608 -43.3563
-16.212 43.4302
-16.4341 -33.3735
-16.2767 21.6371
-16.3692 -10.1303
-16.5386 -68.6623
-16.6095 -92.9193
-16.2413 35.3179
-15.7817 195.325
-16.281 22.2477
-16.9492 -209.564
-16.5081 -55.9516
-16.0329 109.47
-15.9266 146.746
-15.898 157.035
-16.0362 109.355
-16.6501 -103.562
-16.7141 -125.448
-16.3246 10.2109
-16.0617 101.89
-16.498 -49.3158
-16.7392 -132.791
-16.6086 -87.0635
-16.3998 -14.1783
-16.228 45.8659
-16.155 71.5471
-16.0728 100.479
-16.1442 76.0195
-16.3661 -0.714641
-16.418 -18.4116
-16.323 14.9363
-16.3268 13.9808
-16.4338 -22.8486
-16.6891 -111.2
-16.6668 -103.105
-16.6457 -95.4174
-16.6222 -86.9333
-16.6616 -100.275
-16.3064 23.4909
-15.9469 148.716
-16.1219 88.2642
-16.3996 -7.8378
-15.7704 211.087
-15.8791 173.673
-16.4919 -38.8839
-16.4599 -27.4054
-16.4472 -22.6566
-16.219 56.979
-15.9998 133.465
-16.4047 -6.83403
-16.7639 -131.267
-16.6603 -94.9315
-16.3309 19.8479
-16.3361 18.3739
-16.3765 4.6907
-16.0475 119.327
-15.9086 167.93
-16.4453 -18.1666
-16.6693 -95.6256
-16.2355 55.4093
-16.3354 21.0411
-16.3814 5.43068
-16.0767 111.626
-16.2244 60.6411
-16.7255 -113.071
-16.5922 -66.4359
-16.3133 30.8191
-16.2949 37.5704
-16.1519 87.5878
-15.7736 219.346
-16.1095 102.996
-16.1162 101.03
-16.3693 13.4351
-16.4105 -0.532591
-16.2575 52.967
-16.1535 89.4421
-16.399 4.50561
-16.6777 -91.957
-16.3541 20.821
-16.1601 88.5524
-16.0956 111.293
-16.6134 -68.2375
-16.6243 -71.6713
-16.6774 -89.7689
-16.5048 -29.4522
-16.5133 -32.0701
-16.6174 -67.8899
-16.3742 16.9619
-16.2275 68.2473
-16.2798 50.4363
-16.2348 66.407
-16.5236 -33.5566
-16.5982 -59.1171
-16.5694 -48.7586
-16.1192 107.979
-16.1602 94.0823
-16.6517 -76.3115
-17.1055 -233.631
-16.5581 -43.0975
-15.9619 164.336
-15.9162 180.571
-16.4445 -2.59427
-16.6626 -78.0144
-16.3141 43.3783
-15.9195 180.828
-15.7244 248.955
-16.3005 49.1414
-16.4404 0.908296
-16.4693 -8.79281
-16.2282 75.3236
-16.1402 106.237
-16.0807 127.252
-16.1777 93.9108
-16.079 128.535
-16.346 36.125
-16.7153 -91.8258
-16.6826 -80.0942
-16.2713 63.1155
-16.0411 143.455
-16.323 45.8563
-16.5236 -23.4737
-16.4095 16.4895
-16.3825 26.241
-16.4882 -10.1593
-16.5949 -46.8605
-16.4386 7.78063
-16.3946 23.3987
-16.3707 32.0702
-16.1337 114.751
-16.1797 99.1136
-16.3156 52.2394
-16.7024 -81.7773
-16.5669 -34.3671
-16.2713 68.6626
-16.0636 141.175
-16.138 115.675
-15.7538 249.512
-15.9796 171.418
-16.4349 13.5827
-16.5694 -32.8074
-16.2366 83.1522
-16.2688 72.3206
-15.8662 212.541
-16.2833 67.9956
-16.5871 -37.1907
-16.3644 40.509
-16.5753 -32.4022
-16.7472 -91.7972
-16.5857 -35.3222
-16.4076 26.8915
-16.5894 -35.9185
-16.6877 -69.7365
-16.3294 55.0919
-16.3645 43.2446
-16.004 168.847
-16.1459 119.887
-16.1924 104.089
-16.1848 107.057
-16.3212 60.0315
-16.7243 -79.6482
-16.4992 -1.10827
-16.0692 148.63
-15.8648 219.98
-16.5845 -29.6983
-16.6245 -43.2626
-16.5251 -8.38782
-16.3068 67.8144
-16.0948 141.816
-16.3096 67.5454
-16.2839 76.7937
-16.7639 -89.5885
-17.0761 -197.698
-16.966 -159.105
-16.6805 -59.5865
-16.5592 -17.0821
-16.2936 75.5182
-16.651 -48.3042
-16.5654 -18.218
-16.6598 -50.6468
-16.5196 -1.58426
-16.7836 -92.9633
-16.959 -153.553
-17.044 -182.74
-16.7284 -72.7358
-16.5305 -3.65101
-16.6156 -32.8717
-16.6483 -43.8923
-17.3338 -281.67
-17.3635 -291.632
-17.1523 -217.933
-16.8752 -121.32
-16.716 -65.6415
-16.6229 -32.9647
-16.8365 -106.827
-16.6688 -48.2123
-16.6827 -52.7113
-16.6621 -45.1964
-16.6065 -25.5461
-16.6473 -39.3686
-16.4325 35.6249
-16.4116 43.2082
-16.3695 58.1889
-16.6978 -55.5138
-16.4997 13.6553
-16.5971 -19.8201
-16.6616 -41.8894
-16.7936 -87.4113
-16.787 -84.7547
-16.7101 -57.7035
-16.4437 35.2077
-16.371 60.8078
-16.4226 43.22
-16.5911 -14.9677
-16.6438 -32.9263
-16.6575 -37.3279
-16.5055 15.792
-16.6865 -46.7356
-16.8476 -102.348
-17.1265 -198.896
-17.0424 -169.31
-16.6186 -21.759
-16.6426 -29.73
-16.9151 -124.068
-16.7433 -64.0104
-16.8287 -93.3367
-16.8594 -103.65
-16.3881 60.4134
-16.6627 -34.6244
-16.5683 -1.50365
-16.5836 -6.44476
-16.7689 -70.4723
-16.7908 -77.7458
-16.7497 -63.126
-16.5707 -0.597701
-16.4312 48.2265
-16.7492 -61.8885
-16.851 -96.9331
-16.7676 -67.5972
-16.4345 48.4703
-16.0872 169.452
-16.1146 160.3
-16.0724 175.28
-16.3966 63.0324
-16.4099 58.7304
-16.3979 63.2742
-16.5859 -1.69582
-16.148 150.781
-16.2101 129.53
-16.3606 77.6156
-17.1278 -188.556
-17.3631 -269.975
-17.2319 -224.05
-16.7219 -46.5296
-16.0975 170.752
-16.2157 130.047
-16.3134 96.4428
-16.5518 13.9808
-17.1846 -205.521
-16.8155 -76.9319
-15.9522 223.293
-15.6634 323.994
-15.9216 234.628
-16.4432 53.7847
-16.4257 60.2017
-16.7386 -48.1401
-16.8797 -96.8275
-16.5529 17.0721
-15.9508 226.561
-15.721 306.762
-16.0189 203.601
-16.7782 -59.8303
-17.1601 -192.142
-16.6172 -3.20016
-16.3473 90.898
-16.6852 -26.1149
-16.2902 111.434
-16.4619 52.1293
-16.9692 -123.756
-16.066 190.367
-15.8993 248.644
-16.0088 210.923
-16.3854 80.4536
-16.7495 -45.6849
-16.4884 45.3671
-16.2127 141.488
-16.4028 75.7886
-16.8357 -74.2323
-16.9133 -100.843
-17.0944 -163.423
-16.8887 -91.5928
-16.565 21.1971
-16.592 12.1502
-16.6998 -24.9513
-16.7353 -36.9348
-16.69 -20.8583
-16.6589 -9.70362
-16.1429 169.921
-15.8238 281.117
-15.9013 254.546
-15.8578 270.001
-16.5188 40.7285
-16.6528 -5.47903
-16.3082 114.579
-15.8603 270.523
-15.7561 307.074
-15.9731 232.04
-16.416 78.5013
-16.5076 47.0299
-16.2487 137.329
-16.3166 114.069
-16.5575 30.7354
-16.3869 90.3523
-16.6138 11.8825
-16.404 85.0999
-16.3137 116.839
-16.0718 201.197
-16.274 131.316
-16.5054 51.2705
-16.2687 133.843
-16.1163 187.142
-16.1394 179.464
-16.6527 1.50536
-16.3118 120.282
-16.3607 103.645
-16.4464 74.1901
-16.2219 152.526
-16.2524 142.309
-16.4158 85.8788
-16.4964 58.2278
-16.0303 220.487
-16.288 131.318
-16.5099 54.5748
-16.1995 162.748
-16.0822 203.841
-16.4003 93.684
-16.8397 -58.6153
-16.6458 9.11782
-16.405 93.0957
-16.3388 116.446
-16.3284 120.399
-16.2763 138.856
-16.7791 -35.4591
-17.1416 -161.05
-16.7796 -34.9626
-16.5823 33.9409
-16.5016 62.3158
-16.6884 -2.20919
-16.5049 61.871
-16.5994 29.3858
-16.52 57.3156
-16.4561 79.8729
-16.5126 60.5761
-16.4505 82.5044
-16.5173 59.6474
-16.5065 63.7351
-16.6747 5.66534
-16.7597 -23.5058
-16.9162 -77.5553
-16.9983 -105.714
-16.8465 -52.6194
-16.1372 194.136
-16.3723 112.783
-16.9489 -87.1533
-17.1433 -154.355
-17.178 -166.063
-16.9126 -73.4998
-16.1863 179.146
-15.6255 374.326
-16.3002 140.263
-16.591 39.5871
-16.6954 3.66683
-16.7353 -9.82707
-16.7617 -18.6558
-16.5234 64.4727
-16.3789 115.005
-16.5212 65.9459
-16.6185 32.4737
-16.392 111.525
-16.196 179.954
-16.1528 195.309
-16.1837 184.932
-16.4567 90.4258
-16.2627 158.171
-16.9817 -91.2527
-17.3541 -220.294
-17.4384 -249.205
-16.6029 41.3646
-15.897 286.956
-15.8212 313.643
-15.8849 291.84
-16.0903 220.835
-16.4567 93.8969
-16.6087 41.4494
-17.0254 -102.984
-16.7327 -0.952432
-16.2868 154.305
-16.1624 197.89
-16.1199 212.983
-16.0573 235.068
-16.0165 249.612
-16.297 152.499
-16.9597 -77.3619
-17.2172 -166.456
-16.5664 59.9623
-15.8067 324.235
-15.7467 345.401
-16.4787 91.4607
-16.8339 -31.5806
-17.0061 -91.0457
-16.7972 -18.1448
-16.498 86.1579
-16.4389 107.044
-16.5724 60.9988
-16.9073 -54.9849
-16.9285 -61.9941
-16.7841 -11.514
-16.4731 96.8952
-16.5779 60.8213
-16.6207 46.2905
-16.7131 14.5609
-16.7028 18.4971
-16.7686 -4.01329
-16.9873 -79.6629
-17.263 -175.079
-17.4148 -227.477
-17.2675 -175.968
-16.8165 -18.9395
-16.8 -12.8671
-16.7475 5.7151
-17.2089 -154.201
-17.4668 -243.452
-16.9394 -59.8872
-16.8779 -38.1696
-16.9593 -66.1143
-17.1092 -117.82
-17.1014 -114.792
-17.1578 -134.033
-16.811 -13.2111
-16.3314 153.753
-16.2129 195.281
-16.2043 198.615
-16.2367 187.697
-16.1445 220.092
-16.3173 160.389
-16.7002 27.7294
-16.8447 -22.1157
-16.6159 57.6889
-16.053 253.59
-16.4036 132.155
-16.7562 9.99237
-16.506 97.2852
-16.463 112.561
-16.4905 103.356
-16.8577 -23.8656
-16.5987 66.4427
-16.5796 73.4371
-16.7188 25.4129
-16.2823 177.431
-16.4087 133.844
-16.7478 16.4116
-16.4588 117.136
-16.1859 212.306
-16.6446 53.2848
-17.1025 -105.447
-17.024 -77.816
-16.5423 89.8678
-16.3717 149.47
-16.542 90.687
-16.5178 99.4408
-16.1673 221.55
-16.2025 209.67
-16.6723 46.8029
-15.9942 282.698
-16.316 171.252
-16.5883 77.0324
-16.6462 57.2533
-16.7787 11.5742
-17.1189 -106.28
-17.3992 -203.305
-17.0669 -87.5039
-16.4152 139.222
-16.2046 212.747
-16.4355 132.867
-16.5807 82.7921
-16.9169 -33.6635
-16.9526 -45.734
-16.4672 123.259
-16.2159 210.901
-16.231 206.001
-16.4657 124.83
-17.2127 -134.345
-17.2702 -153.979
-17.2148 -134.376
-17.1227 -102.026
-16.4816 121.039
-16.5208 107.768
-16.2703 195.129
-16.7792 18.6768
-17.4071 -199.077
-17.3168 -167.387
-16.884 -16.6769
-16.9001 -21.9046
-16.4824 123.54
-16.7304 37.7319
-16.8309 3.15154
-16.7481 32.2689
-16.9822 -48.6959
-16.9125 -24.1563
-16.8443 -0.119484
-16.7426 35.5823
-16.4718 129.984
-16.5691 96.5557
-16.4574 135.703
-16.5206 114.069
-16.7497 34.8599
-16.5654 99.2327
-16.6922 55.51
-16.9886 -47.1024
-17.1894 -116.525
-17.4883 -220.008
-17.2605 -140.537
-16.7194 47.8031
-16.4595 138.452
-16.2894 197.873
-16.6703 65.8989
-16.8758 -5.12621
-16.9255 -22.0502
-16.571 101.455
-16.611 87.8911
-16.7858 27.5295
-16.3231 188.587
-16.9052 -13.2822
-16.7404 44.3159
-16.5052 126.374
-16.6556 74.4973
-16.9653 -32.7527
-17.2596 -134.655
-17.0029 -45.1274
-16.1399 255.032
-16.4646 142.563
-16.6773 69.0131
-16.6383 82.9114
-17.0236 -50.5825
-17.0762 -68.5042
-17.0094 -44.9622
-16.5704 107.906
-16.3254 193.376
-16.2892 206.296
-16.56 112.551
-16.6066 96.7165
-16.5253 125.299
-16.9594 -25.1504
-16.988 -34.7252
-16.6437 85.2104
-16.6274 91.2386
-16.6288 91.0729
-16.4385 157.556
-16.649 84.7563
-16.9021 -2.82216
-16.5675 113.77
-16.896 -0.00815685
-17.0623 -57.4365
-16.2978 208.509
-16.2323 231.597
-16.6132 99.6303
-17.0608 -55.5171
-17.0352 -46.2876
-16.7816 42.1828
-17.2006 -103.022
-17.3105 -140.864
-16.8704 12.3836
-16.7969 38.2501
-16.7296 61.9776
-16.8052 36.0554
-16.8344 26.2725
-16.5959 109.451
-16.9168 -1.67945
-16.8257 30.3251
-16.8826 10.9023
-16.6659 86.5319
-16.5628 122.685
-16.5117 140.79
-16.279 221.97
-16.6748 84.8212
-16.926 -2.08558
-16.9915 -24.4886
-16.829 32.3176
-16.6533 93.6791
-16.6026 111.645
-16.5453 131.914
-16.8672 20.4291
-16.6111 109.737
-16.5786 121.375
-17.0351 -36.8737
-16.7558 60.5329
-16.6818 86.5752
-16.4558 165.422
-16.7966 47.3677
-16.4505 167.961
-16.4757 159.546
-16.7403 67.9704
-17.0603 -42.8339
-17.0143 -26.519
-16.7386 69.6161
-16.8095 45.3434
-16.8074 46.3974
-17.0659 -43.0397
-17.1591 -75.076
-17.08 -47.2346
-17.1662 -76.8561
-17.3102 -126.517
-17.1083 -56.0244
-16.6664 97.8152
-16.6841 92.0179
-16.3299 215.425
-16.5894 125.612
-16.9553 -1.14583
-17.1298 -61.4036
-16.8904 22.0836
-17.0499 -32.9767
-17.5079 -191.719
-17.343 -134.097
-16.9891 -10.7964
-16.8085 52.2975
-17.1745 -74.5249
-17.1552 -67.4794
-16.6966 92.1996
-16.7892 60.394
-17.1476 -63.7863
-16.9389 9.05527
-16.8147 52.5644
-17.1108 -49.9714
-17.1864 -75.8852
-17.1606 -66.549
-17.1173 -51.1741
-17.1229 -52.7688
-16.781 66.3597
-16.7234 86.7202
-17.6533 -235.986
-18.0413 -370.441
-17.1191 -49.7175
-16.2981 235.839
-16.5514 148.215
-17.3558 -130.914
-17.6964 -248.866
-17.6844 -244.372
-17.3447 -126.003
-16.8766 36.9708
-16.7549 79.5884
-16.9475 13.0269
-17.3204 -116.154
-17.4471 -159.838
-16.9083 27.6724
-16.4292 194.487
-16.883 37.1781
-17.5218 -184.396
-17.8263 -289.84
-17.2328 -83.3154
-16.6467 120.665
-16.6849 107.734
-17.0711 -26.0743
-17.0913 -32.7603
-16.8217 61.2321
-16.6668 115.405
-17.3067 -106.538
-16.9576 15.0701
-16.8605 49.1537
-17.0971 -32.7065
-17.3546 -121.801
-17.8605 -297.189
-17.1996 -67.2708
-16.8402 57.9353
-17.0752 -23.3477
-16.8185 66.1678
-17.1503 -48.7442
-17.5541 -188.657
-16.9946 6.04864
-16.6288 133.476
-16.4622 191.697
-16.774 83.7367
-17.1503 -46.6641
-17.2477 -80.1516
-16.7074 107.897
-16.8037 74.8099
-17.3056 -99.2087
-17.4231 -139.704
-16.8671 53.828
-16.3975 217.278
-16.8826 49.1327
-16.9955 10.2326
-17.2966 -94.0175
-17.3212 -102.196
-17.0399 -4.13772
-17.3707 -118.697
-17.2085 -62.0246
-17.1828 -52.7254
-17.0933 -21.3032
-16.7882 85.0343
-17.3801 -120.248
-17.3355 -104.381
-17.1999 -56.9432
-17.1204 -28.9706
-17.1787 -48.8937
-17.3979 -124.673
-16.996 15.2746
-16.8755 57.4864
-16.9523 31.1723
-16.6522 135.746
-16.7543 100.641
-17.0946 -17.2411
-17.3177 -94.3905
-17.473 -147.995
-17.0681 -6.99847
-16.6088 152.938
-16.5029 190.05
-16.7579 101.833
-17.1262 -25.7663
-17.0941 -14.2825
-17.0921 -13.2358
-17.2142 -55.3202
-17.5883 -184.909
-17.3202 -91.4428
-16.7867 94.2402
-16.885 60.4541
-17.5101 -156.373
-17.7376 -235.049
-17.5255 -161.024
-17.006 19.7979
-16.9197 50.112
-17.5235 -159.292
-17.6491 -202.579
-17.1832 -40.3547
-16.7159 122.305
-17.0355 11.6246
-17.7377 -231.973
-17.9804 -315.928
-17.7172 -224.127
-17.0266 16.127
-16.8306 84.5404
-17.183 -37.5352
-17.2007 -43.3294
-17.33 -87.8854
-17.3544 -96.0287
-17.0668 4.2398
-17.1427 -21.7951
-17.0009 27.8294
-17.031 17.7226
-16.7469 116.77
-16.7771 106.6
-16.9293 54.0983
-17.0357 17.4585
-17.3132 -78.5713
-17.2539 -57.6156
-17.4526 -126.328
-17.3962 -106.385
-17.0918 -0.268862
-17.2549 -56.5982
-17.5115 -145.399
-16.9721 42.3366
-16.5826 177.992
-16.4919 209.85
-17.0685 9.9174
-17.202 -36.1289
-17.265 -57.673
-17.5464 -155.063
-17.3518 -87.1156
-17.0839 6.29992
-17.1427 -13.786
-17.426 -111.874
-17.6394 -185.657
-17.694 -204.271
-17.492 -133.743
-17.0658 14.6679
-16.8217 99.81
-16.6281 167.425
-17.2031 -31.9813
-17.858 -259.16
-17.9027 -274.328
-17.4887 -130.168
-16.8949 76.466
-16.7157 139.052
-17.159 -14.5876
-17.5668 -155.894
-17.6203 -174.158
-17.4534 -115.811
-17.1784 -19.9305
-17.2796 -54.7354
-17.3601 -82.3803
-17.4411 -110.142
-17.2555 -45.3406
-17.3921 -92.4426
-17.6723 -189.439
-17.6168 -169.79
-17.1596 -10.6249
-16.6865 154.086
-16.952 62.1881
-17.5389 -141.359
-17.6762 -188.702
-17.287 -53.1636
-16.7891 120.157
-16.7838 122.343
-17.2212 -29.2578
-17.3426 -71.0682
-16.9801 55.1947
-16.5939 189.724
-16.6071 185.474
-17.2062 -22.2998
-17.9053 -264.828
-17.7879 -223.682
-17.4547 -107.591
-17.1054 14.1049
-16.8 120.536
-16.8835 91.8773
-16.6552 171.534
-16.9105 83.2134
-16.98 59.4195
-16.9719 62.556
-16.9778 60.8803
-17.2088 -19.0381
-17.1944 -13.6976
-17.0565 34.5603
-16.7299 148.361
-17.0336 43.205
-17.2018 -14.861
-17.1646 -1.58571
-16.9967 57.0633
-16.8138 120.961
-16.7925 128.7
-17.255 -31.6078
-17.5921 -148.379
-17.7299 -195.904
-17.2921 -43.4725
-16.8778 100.821
-16.8577 108.127
-16.9852 64.2086
-17.5017 -114.886
-17.6569 -168.437
-17.1284 15.5048
-16.8827 101.209
-17.2317 -19.7098
-17.6457 -163.173
-17.3038 -44.0497
-17.1284 17.2475
-17.2865 -37.3493
-17.1734 2.28569
-17.0786 35.5805
-16.7996 132.836
-16.4542 253.193
-16.9046 97.0458
-17.6679 -167.752
-17.7359 -191.044
-17.4811 -102.185
-17.3136 -43.6352
-16.7715 145.03
-16.748 153.532
-17.2602 -24.0291
-17.6801 -169.578
-17.6399 -155.234
-17.2464 -18.2164
-16.7902 140.623
-16.8736 112.004
-16.9825 74.522
-17.2972 -34.458
-17.7397 -187.846
-17.5859 -134.075
-17.0595 49.1563
-17.3675 -57.5049
-17.4624 -90.1233
-17.3451 -49.0209
-17.0097 67.8501
-16.4258 271.024
-16.4607 259.256
-16.5739 220.283
-16.323 307.778
-16.9541 88.8898
-17.5924 -132.495
-18.0097 -277.127
-17.5867 -129.835
-17.1418 25.0681
-16.8221 136.474
-16.9451 94.0955
-17.0776 48.4308
-17.5931 -130.294
-17.2775 -20.3374
-17.5981 -131.341
-17.6819 -160.102
-17.2736 -17.9322
-17.0628 55.6559
-17.0896 46.681
-17.2847 -20.733
-17.4556 -79.7541
-17.4782 -87.2631
-17.2785 -17.5329
-17.3996 -59.2583
-16.9078 111.927
-17.2055 8.8735
-17.5755 -119.341
-17.6061 -129.612
-17.7618 -183.365
-17.7369 -174.346
-17.4667 -80.1474
-17.5169 -97.228
-17.3953 -54.6539
-16.5983 222.586
-16.8354 140.543
-17.0834 54.74
-17.2346 2.57365
-17.1568 29.9606
-16.8449 138.636
-17.3105 -22.7529
-17.2351 3.79139
-17.3784 -45.6444
-17.1587 31.0261
-17.1547 32.7506
-17.2551 -1.76372
-17.276 -8.66774
-17.136 40.2902
-16.9765 96.0701
-17.2519 0.735669
-17.1125 49.5103
-17.5119 -88.8951
-17.5459 -100.356
-17.5798 -111.785
-17.3505 -31.7775
-17.3127 -18.2905
-17.2484 4.3775
-16.9783 98.5533
-16.9017 125.524
-17.5319 -93.0767
-17.4746 -72.8191
-17.1455 41.8561
-17.0447 77.2135
-17.1467 42.1348
-17.1388 45.2382
-17.2193 17.6258
-17.1741 33.6581
-17.3888 -40.5717
-17.7077 -151.015
-17.1479 43.8028
-17.1675 37.3393
-17.6529 -130.936
-17.5815 -105.775
-17.3135 -12.3229
-17.1509 44.4937
-17.5051 -78.2001
-17.6264 -119.995
-17.398 -40.2915
-17.5523 -93.5367
-17.6364 -122.428
-16.9871 103.502
-16.8678 145.271
-17.1778 37.9414
-17.5653 -96.3179
-17.3616 -25.2228
-17.1789 38.6068
-17.3069 -5.53276
-16.7505 188.124
-16.209 376.581
-16.821 164.322
-17.3048 -3.39594
-17.1428 53.2164
-16.8818 144.242
-16.9203 131.218
-17.6707 -129.112
-17.5677 -92.9875
-17.2982 0.983599
-17.1228 62.2607
-17.1451 54.8626
-17.0983 71.4596
-17.1974 37.396
-17.2554 17.568
-17.2916 5.36461
-16.9454 125.955
-17.0712 82.6138
-17.3117 -0.595867
-17.1446 57.8202
-17.0729 83.0519
-17.0313 97.869
-17.0647 86.6176
-16.9503 126.685
-17.1414 60.6718
-17.2862 10.6971
-17.4362 -41.0544
-17.5633 -84.8728
-17.1021 75.704
-16.8167 175.182
-17.0896 80.7239
-17.3319 -3.07779
-17.2746 17.1583
-17.2474 26.9609
-17.0986 79.0111
-16.9928 116.114
-17.2979 10.4653
-17.5582 -79.629
-17.3712 -14.3204
-17.402 -24.6813
-16.933 138.614
-17.2883 15.5176
-17.5545 -76.5911
-17.2572 27.0191
-17.3407 -1.64048
-17.255 28.503
-17.454 -40.2873
-17.235 36.1174
-17.2028 47.6768
-17.0194 111.719
-17.1098 80.6618
-16.9332 142.35
-17.1048 83.087
-17.4761 -45.5568
-17.8882 -188.357
-17.8236 -165.552
-17.3415 2.25529
-17.2623 30.1076
-17.1679 63.2691
-17.5059 -53.8038
-17.7416 -135.333
-17.5217 -58.6067
-17.3896 -12.3623
-17.1442 73.2461
-17.1706 64.4124
-17.2512 36.7489
-17.3507 2.54531
-17.2442 39.8779
-17.1968 56.6994
-17.0945 92.5753
-17.502 -48.6237
-17.7896 -148.201
-17.51 -50.7141
-16.9859 131.713
-17.1169 86.5323
-17.4562 -30.9703
-17.575 -71.9191
-16.9901 131.621
-17.3709 -0.316459
-17.3292 14.5126
-17.1981 60.4247
-17.018 123.31
-17.3774 -1.16961
-17.3841 -3.14602
-17.8315 -158.233
-17.5112 -46.6112
-16.9771 139.256
-17.307 25.0218
-17.3182 21.4759
-18.0073 -217.587
-17.5041 -42.4078
-17.864 -167.091
-18.0961 -247.393
-17.8185 -150.592
-17.5206 -46.7549
-17.4369 -17.349
-17.6541 -92.4529
-17.7282 -117.826
-17.5036 -39.4678
-17.1439 85.8338
-17.2826 37.9984
-17.5941 -69.8485
-17.2068 65.0249
-16.9206 164.817
-17.0168 131.731
-17.0127 133.52
-17.1837 74.4403
-17.2175 63.037
-17.2167 63.6671
-17.2659 46.9426
-17.2005 70.0157
-17.292 38.5474
-17.1484 88.778
-17.12 98.9993
-17.3103 33.2471
-17.0334 129.789
-16.8927 179.022
-17.2058 70.6069
-17.3167 32.3981
-17.2516 55.3638
-17.1721 83.3493
-17.1197 101.905
-17.307 37.1835
-17.2005 74.5303
-17.3497 23.0486
-17.1752 83.9847
-17.2181 69.4361
-17.3257 32.4049
-16.9623 159.002
-17.4168 1.46499
-17.6483 -78.6175
-17.4708 -16.6054
-17.4038 7.02447
-17.3998 8.73898
-17.4625 -12.6779
-17.1356 101.226
-17.2228 71.2866
-17.5978 -58.6451
-17.724 -102.146
-17.154 96.2284
-16.7878 223.776
-17.2514 63.0753
-17.8131 -131.68
-17.4796 -15.5004
-16.931 175.451
-16.8998 186.626
-17.4481 -3.49754
-17.4492 -3.53623
-17.636 -68.0838
-17.5196 -27.3075
-17.773 -114.995
-17.8434 -139.091
-17.6642 -76.4841
-17.4561 -3.86439
-17.3049 49.034
-17.6536 -71.7836
-18.0262 -200.856
-17.1216 113.738
-17.1856 91.8528
-17.8987 -155.511
-18.0792 -217.889
-17.342 38.5706
-16.5071 328.95
-16.8347 215.495
-17.877 -146.246
-17.9115 -157.879
-17.7517 -102.02
-17.3385 41.8549
-16.8963 195.831
-16.9796 167.219
-17.3539 37.5496
-17.1207 118.922
-17.2267 82.4341
-17.3066 55.0188
-17.27 68.1053
-17.7107 -84.6585
-17.4124 19.3249
-17.1157 122.72
-16.7981 233.412
-17.3593 38.7964
-17.5383 -23.0394
-17.1271 120.181
-17.3193 53.744
-17.5729 -34.0265
-17.7314 -88.7151
-17.4234 18.6293
-17.3259 52.8397
-17.4781 0.314381
-16.9418 186.983
-17.0201 160.101
-17.49 -2.77539
-17.71 -78.8734
-17.2885 67.9153
-17.2309 88.2682
-17.3744 38.7697
-17.5456 -20.3589
-17.6583 -59.1622
-17.4582 10.7044
-17.2716 75.8596
-17.3215 58.8968
-17.7641 -94.527
-17.6983 -71.3366
-17.3466 51.2097
-17.2204 95.4043
-17.604 -37.5127
-17.5264 -10.1997
-17.1661 115.311
-17.1178 132.419
-17.45 17.3864
-18.2311 -253.637
-18.0785 -200.285
-17.1264 130.845
-17.0184 168.691
-17.47 12.1419
-17.6765 -59.2216
-17.4918 5.29077
-17.0356 164.117
-16.9208 204.337
-17.4817 9.81704
-17.2075 105.437
-17.1034 141.951
-17.3646 51.564
-17.7376 -77.6814
-17.8215 -106.469
-17.0805 151.297
-16.715 278.599
-17.2932 78.105
-17.7573 -82.7695
-17.4684 17.9355
-17.622 -35.0736
-17.5984 -26.5546
-17.2306 101.578
-17.3434 62.7317
-17.4883 12.7595
-17.4932 11.3782
-17.2775 86.6699
-17.3001 79.1697
-17.5934 -22.3835
-17.4141 40.2775
-17.7313 -69.5868
-18.0802 -190.434
-17.8371 -105.645
-17.1463 134.691
-16.8676 231.856
-17.2288 106.724
-17.1049 150.103
-17.49 16.6865
-17.9423 -140.094
-17.8571 -110.17
-17.3221 76.0402
-17.0288 178.267
-17.4802 21.8117
-17.6469 -35.7513
-17.3986 50.848
-17.3192 78.7847
-17.942 -137.237
-17.9712 -147.02
-17.332 75.4003
-16.9194 219.069
-17.3437 72.0261
-17.7126 -55.7963
-17.6238 -24.5837
-17.5647 -3.72946
-17.5662 -3.90148
-17.1078 155.713
-16.6183 326.1
-17.4849 25.3861
-17.2684 100.957
-17.3069 87.9163
-16.7746 273.202
-17.0871 164.977
-17.8917 -114.191
-17.6455 -28.3061
-17.3139 87.2248
-17.4534 39.1151
-17.2825 98.8241
-17.5371 10.7223
-17.4065 56.4489
-17.6919 -42.3406
-18.0313 -159.891
-17.7075 -47.0871
-17.6891 -40.348
-17.4321 49.2847
-17.3389 82.0113
-17.3755 69.6543
-17.9799 -139.956
-17.4968 28.2223
-17.0989 166.787
-17.2517 114.042
-17.2616 110.951
-17.8635 -97.786
-17.9074 -112.695
-17.8164 -80.7281
-17.3714 74.2127
-17.307 96.9399
-18.139 -191.749
-18.3666 -270.498
-17.7353 -50.8303
-17.4359 53.5448
-17.603 -4.17086
-17.4809 38.5976
-17.3942 69.0481
-17.9611 -127.514
-17.9835 -134.962
-17.6657 -24.2082
-17.5522 15.5554
-17.6647 -23.1771
-17.9066 -106.873
-17.7814 -63.0209
-17.7287 -44.3745
-17.3886 74.1275
-17.2591 119.469
-17.5334 24.5234
-17.3444 90.5461
-17.0288 200.529
-17.3646 84.2253
-17.0446 195.736
-17.3105 103.684
-17.7615 -52.6283
-17.702 -31.5978
-17.2908 111.567
-17.166 155.273
-17.5222 31.8865
-17.6696 -18.9625
-17.5473 23.8521
-17.1524 161.405
-17.0017 214.103
-16.9488 232.817
-17.513 37.1739
-17.8778 -89.2027
-17.3028 110.874
-16.9248 242.535
-17.0212 209.396
-17.1014 181.885
-17.5397 29.9816
-17.6161 3.78313
-17.5384 31.1393
-17.253 130.628
-17.5541 26.3719
-17.919 -100.044
-17.8871 -88.6241
-17.6984 -22.7301
-17.0772 193.426
-16.921 248.048
-17.4386 68.5921
-17.6326 1.53003
-17.4447 67.153
-17.7847 -50.6056
-18.1133 -164.414
-17.8988 -89.5596
-17.3479 102.182
-17.1616 167.248
-17.0728 198.433
-17.6672 -7.72682
-17.9436 -103.373
-17.9523 -106.055
-18.179 -184.469
-17.8909 -84.028
-17.6537 -1.26925
-17.2667 133.514
-17.1059 189.706
-17.4054 86.0208
-17.4271 78.8184
-17.7277 -25.2462
-17.8391 -63.6154
-17.7381 -28.1876
-17.2806 131.095
-17.1595 173.526
-17.3916 93.2377
-17.6193 14.4818
-17.6308 10.8347
-17.5273 47.1257
-17.8413 -61.5966
-17.7233 -20.2537
-17.4159 86.886
-17.6836 -5.77164
-17.8762 -72.338
-17.8089 -48.591
-17.8957 -78.4096
-17.6955 -8.51144
-17.176 172.323
-17.2057 162.326
-17.935 -90.6721
-18.156 -167.108
-17.1624 178.434
-17.0277 225.551
-17.2527 147.731
-17.3254 122.839
-17.598 28.4956
-17.4862 67.6757
-17.2613 146.132
-17.0772 210.438
-17.5927 31.7132
-18.0063 -111.62
-18.2196 -185.374
-17.5856 35.2211
-17.2992 135.05
-17.3683 111.394
-17.8786 -65.5087
-18.2838 -205.942
-18.0402 -120.949
-18.119 -147.988
-17.8611 -58.0427
-17.5257 58.8038
-17.6162 27.7206
-17.9126 -74.885
-18.1063 -141.83
-18.2735 -199.565
-17.6795 7.1074
-17.3116 135.291
-17.3709 115.018
-17.837 -46.5382
-18.2463 -188.397
-17.75 -15.6197
-17.083 216.43
-17.2656 153.332
-17.3478 125.13
-17.6635 15.8052
-17.5574 52.9993
-17.2431 162.535
-17.2964 144.392
-18.0319 -110.797
-18.2958 -202.128
-18.2829 -197.29
-17.6875 9.89084
-17.6352 28.4175
-17.8953 -61.606
-18.1737 -157.959
-18.1038 -133.324
-17.7032 6.19504
-17.593 44.8036
-17.886 -56.6184
-17.9888 -92.0041
-18.4386 -247.909
-18.2751 -190.739
-18.1825 -158.24
-17.9633 -81.7348
-17.3611 127.815
-17.5263 70.7521
-18.4586 -252.75
-18.4769 -258.759
-18.1288 -137.513
-17.8731 -48.3332
-17.9824 -85.9602
-18.0124 -96.0217
-17.464 94.8514
-17.6314 37.0361
-17.2805 159.265
-17.5564 63.7695
-17.6278 39.3194
-17.5676 60.5967
-17.2675 165.179
-17.4346 107.488
-17.6536 31.737
-17.8207 -25.9662
-17.6191 44.4277
-17.6611 30.1927
-17.5429 71.5939
-17.6186 45.6502
-17.7465 1.56034
-17.917 -57.3058
-17.8959 -49.6443
-17.7497 1.47955
-17.3785 130.802
-17.7166 13.6743
-18.0828 -113.188
-17.9686 -73.1599
-17.7281 10.7419
-17.514 85.4635
-17.7068 18.8441
-18.3808 -214.981
-18.2742 -177.586
-17.4631 104.541
-17.3456 145.689
-17.8611 -33.0272
-17.9257 -55.143
-18.0254 -89.4328
-18.0556 -99.5522
-17.7756 -1.93374
-17.528 84.4029
-17.7063 22.8213
-17.6517 42.1401
-17.8716 -33.916
-18.1228 -120.833
-17.5527 77.5854
-17.2844 171.143
-17.5958 63.2865
-17.8943 -40.0413
-17.7901 -3.5125
-17.7287 18.1602
-17.7404 14.4372
-18.0504 -92.9023
-17.8321 -16.7032
-17.8318 -16.2631
-17.687 34.4013
-17.7197 23.3801
-17.4982 100.681
-17.5929 68.1212
-17.6515 48.1183
-17.7424 16.8921
-17.7473 15.5338
-17.965 -59.7674
-17.9527 -55.1458
-18.0354 -83.5104
-18.029 -80.9408
-17.6761 42.0169
-17.3168 167.163
-17.2051 206.313
-17.6943 36.726
-17.7844 5.77798
-17.2531 190.699
-17.4104 136.389
-17.1636 222.464
-17.2387 196.725
-17.4655 118.291
-17.8799 -25.3184
-17.9821 -60.4961
-17.78 10.0584
-17.5588 87.2802
-17.7117 34.5113
-17.8331 -7.33063
-17.6 74.0054
-17.4371 130.922
-17.4865 114.111
-17.71 36.826
-17.742 26.0694
-17.6492 58.6353
-17.6032 74.9666
-17.5356 98.8057
-17.5454 95.7553
-17.6951 44.1009
-17.8881 -22.6152
-17.8001 8.31929
-17.5177 106.764
-17.7498 26.4778
-17.9523 -43.5356
-18.0386 -73.1667
-17.4568 129.302
-16.8749 331.813
-16.9516 305.489
-17.2496 202.322
-17.5639 93.4779
-17.7113 42.6199
-17.784 17.7182
-17.8978 -21.4802
-17.4872 121.515
-17.5313 106.541
-18.0713 -80.7091
-18.2083 -127.951
-17.8601 -6.64511
-17.9287 -30.1182
-18.1981 -123.367
-18.1256 -97.8335
-17.668 61.495
-17.0982 259.771
-17.6357 73.3892
-17.7597 30.6647
-17.8223 9.26093
-17.9462 -33.4288
-18.0972 -85.5447
-18.0486 -68.307
-17.7491 36.0813
-17.837 5.90948
-17.8249 10.4473
-17.6446 73.4467
-17.7918 22.656
-17.6517 71.6522
-17.732 44.1038
-17.7022 54.8186
-17.9523 -31.7134
-18.0834 -76.9288
-17.6977 57.4084
-17.496 127.834
-17.6914 60.3142
-18.3848 -180.239
-18.3534 -168.989
-17.9748 -37.1173
-17.3741 171.92
-17.3997 163.396
-17.5455 113.072
-17.8737 -0.578679
-18.206 -115.693
-18.4353 -194.995
-17.9552 -27.8493
-17.7281 51.3748
-17.7578 41.3925
-18.0718 -67.3139
-18.1849 -106.277
-18.0805 -69.6653
-17.7924 30.7723
-17.5845 103.352
-17.8742 3.07022
-17.7686 40.0822
-17.4278 158.828
-17.2298 227.949
-17.4528 150.851
-17.7148 60.162
-17.599 100.736
-17.7822 37.4473
-17.606 98.9904
-17.705 64.9715
-17.7906 35.5783
-17.7023 66.5963
-17.6593 81.8842
-17.8939 0.724053
-17.7906 36.9695
-17.9757 -26.9878
-18.0093 -38.3151
-18.0259 -43.749
-18.3848 -168.063
-18.0189 -40.6089
-17.1704 254.517
-17.1526 261.04
-17.5676 117.197
-17.8366 24.1095
-18.0476 -48.8269
-17.8989 3.16338
-17.8294 27.6396
-17.7129 68.4835
-17.6462 91.9805
-17.8881 8.29342
-18.0522 -48.365
-17.679 81.6288
-17.8412 25.6446
-18.0523 -47.3453
-18.2048 -99.9705
-17.7719 50.7624
-17.1157 279.055
-17.7174 70.3657
-18.4664 -189.457
-17.8907 10.8857
-17.4025 180.818
-17.5638 125.129
-18.5147 -204.86
-18.5369 -212.219
-18.0622 -46.9827
-17.8879 13.922
-17.9836 -18.9575
-18.0789 -51.7288
-17.9944 -22.0328
-17.9923 -20.9488
-18.2346 -104.761
-18.3097 -130.516
-18.431 -172.301
-18.5319 -207.01
-18.3082 -128.946
-17.9513 -4.61801
-18.066 -44.1364
-18.2534 -108.856
-18.3096 -128.037
-18.1713 -79.6419
-18.1882 -85.175
-17.9547 -3.71345
-17.9164 9.94764
-18.0988 -53.0888
-18.2072 -90.3805
-18.1374 -65.7963
-18.0768 -44.4101
-17.7543 68
-17.4955 158.235
-17.6706 97.7726
-17.9421 3.80165
-18.0131 -20.5426
-18.1761 -76.7987
-18.2296 -95.0534
-17.9788 -7.56583
-17.836 42.391
-18.0049 -15.9436
-17.3253 220.503
-17.4963 161.438
-18.0772 -40.0085
-18.0133 -17.478
-17.5084 158.268
-17.5146 156.476
-17.6829 98.3531
-18.0251 -20.192
-18.0443 -26.5101
-18.108 -48.2985
-18.248 -96.5685
-18.3727 -139.561
-18.2588 -99.631
-18.2049 -80.5566
-17.9084 22.806
-17.6647 107.795
-17.8899 29.9123
-18.068 -31.6167
-18.0148 -12.7777
-17.551 148.679
-17.433 190.033
-17.8042 61.4127
-17.8378 50.1103
-17.9473 12.3933
-18.1436 -55.4544
-17.6317 122.73
-17.5648 146.332
-18.0946 -37.3967
-18.4911 -174.76
-18.4469 -159.087
-18.0038 -4.79314
-17.5209 163.322
-17.3604 219.411
-17.6485 119.692
-18.1551 -55.9612
-18.6392 -223.783
-18.5677 -198.615
-18.121 -43.0727
-17.7663 80.478
-17.5346 161.339
-17.1864 282.65
-17.652 121.255
-17.9312 24.5911
-17.9941 3.08808
-18.1845 -62.6927
-18.3002 -102.535
-18.1032 -33.7637
-17.9081 34.374
-17.9012 37.0961
-18.041 -11.1073
-17.8896 41.8137
-17.6857 113.014
-17.6226 135.282
-17.4947 180.048
-17.4674 189.887
-17.6264 134.982
-17.9436 25.1366
-17.9654 17.9345
-17.5008 179.677
-17.2537 265.852
-17.0983 320.18
-17.5355 168.669
-17.4802 188.206
-17.449 199.395
-17.8122 73.5729
-18.1205 -33.1801
-18.3535 -113.779
-18.3538 -113.53
-18.0254 0.90642
-18.0125 5.73637
-18.1325 -35.5988
-18.2393 -72.3546
-18.2428 -73.2393
-17.8103 77.3739
-17.7353 103.752
-17.9088 43.8558
-18.0149 7.31951
-18.1732 -47.3264
-17.9409 33.7222
-17.6268 143.186
-17.8297 73.0453
-17.9252 40.2316
-18.2562 -74.4028
-18.0874 -15.4248
-17.9382 36.75
-17.8331 73.6131
-17.8694 61.3521
-18.2461 -69.1727
-18.383 -116.394
-18.534 -168.479
-18.1698 -41.6047
-17.2761 269.202
-17.2975 262.093
-17.654 138.597
-17.8674 64.8199
-18.0284 9.23202
-17.4336 216.228
-17.4918 196.334
-18.0196 13.3271
-18.0697 -3.73128
-17.8173 84.3179
-17.5136 190.162
-17.5691 171.239
-17.5925 163.451
-17.865 69.1263
-17.1394 321.551
-17.3183 259.753
-17.5698 172.717
-17.8192 86.4463
-18.0394 10.2753
-17.9323 47.8432
-17.7606 107.827
-17.5341 186.879
-17.478 206.685
-17.655 145.549
-18.3603 -99.1094
-18.1078 -11.0617
-17.5236 192.246
-17.7366 118.588
-17.9584 41.885
-17.9411 48.2433
-18.189 -37.5124
-18.44 -124.368
-17.6959 134.484
-17.4351 225.439
-17.3932 240.343
-18.0109 26.0934
-17.9361 52.4136
-17.1853 313.576
-17.2511 291.086
-17.4927 207.5
-17.4968 206.435
-17.7083 133.28
-18.1768 -29.0949
-17.793 104.57
-17.5206 199.557
-18.1011 -1.76041
-18.2168 -41.6057
-17.1884 315.989
-17.4151 237.579
-18.0856 4.99227
-17.946 53.8304
-18.201 -34.3827
-17.7592 119.424
-17.3445 263.857
-17.6377 162.333
-18.0187 30.3371
-17.8104 103.042
-18.3275 -76.262
-17.8987 73.0606
-17.5032 210.801
-17.8532 89.5542
-17.9499 56.3189
-18.2166 -35.9928
-18.3165 -70.339
-17.688 148.327
-17.8759 83.4234
-18.1513 -11.904
-18.2831 -57.366
-18.381 -91.0044
-18.7276 -211.085
-18.5893 -162.702
-18.492 -128.533
-18.3358 -73.9229
-18.105 6.59629
-18.3186 -67.2438
-18.6723 -189.798
-18.4012 -95.2694
-18.2807 -53.0472
-18.5131 -133.427
-18.0107 41.4375
-17.6801 156.658
-17.9862 50.6368
-18.5042 -128.956
-18.179 -15.6252
-18.1019 11.4937
-18.1205 5.38361
-18.0655 24.8375
-18.1463 -2.88487
-18.3606 -76.9875
-18.5094 -128.317
-17.9381 70.4859
-17.776 127.134
-18.1713 -9.84797
-17.9503 67.299
-17.7815 126.268
-18.3212 -60.8727
-18.5358 -135.079
-17.7909 124.049
-17.7888 125.121
-18.2962 -50.7844
-18.3454 -67.5412
-18.4391 -99.7226
-18.3022 -51.8252
-17.6247 183.874
-17.6523 174.643
-18.4013 -85.2203
-18.2801 -42.762
-17.7072 156.597
-17.6525 175.953
-18.2365 -26.5585
-18.5901 -149.069
-18.3367 -60.6796
-17.9471 75.01
-18.2519 -30.5294
-18.5864 -146.396
-18.7876 -215.924
-18.6575 -170.406
-17.8723 102.726
-17.746 146.965
-17.7515 145.371
-17.5021 232.358
-17.7654 141.25
-18.0381 46.8623
-18.4153 -83.8375
-18.0923 28.7171
-18.3404 -57.1074
-18.5192 -118.889
-18.4668 -100.34
-18.2473 -23.7433
-18.283 -35.7923
-18.2333 -18.1536
-17.9192 91.3052
-17.9092 95.1172
-17.9434 83.5662
-17.8955 100.565
-18.2079 -7.61328
-18.4286 -83.9267
-18.1139 25.7266
-18.0886 34.8832
-18.2636 -25.5754
-18.5504 -124.854
-18.1997 -2.66957
-18.2121 -6.63425
-17.9428 87.2494
-18.3178 -42.648
-18.7772 -201.909
-19.1681 -337.348
-18.7829 -203.188
-18.1969 0.724583
-17.7571 153.862
-17.5455 227.72
-18.0855 40.4787
-18.4216 -75.9578
-18.1951 3.08314
-17.907 103.533
-17.7792 148.257
-18.1968 3.54684
-18.4767 -93.3328
-18.2581 -17.0503
-18.2601 -17.3929
-18.1177 32.4183
-17.4981 248.008
-17.7266 168.958
-17.7876 148.128
-17.4594 262.475
-17.7837 150.18
-18.7162 -173.431
-18.6772 -159.517
-18.4428 -77.7588
-17.7851 151.098
-17.6497 198.454
-18.2883 -23.0375
-18.3818 -55.1593
-18.6439 -145.874
-18.2273 -0.783872
-17.5863 222.214
-17.9529 95.2344
-18.1571 24.6204
-17.912 110.134
-17.6033 217.701
-18.1064 43.2743
-18.3655 -46.3879
-18.2761 -14.9794
-18.035 69.1366
-18.104 45.5212
-18.4843 -86.2525
-18.646 -142.09
-18.4069 -58.671
-18.16 27.4331
-18.3905 -52.2993
-18.0666 60.5857
-17.9633 96.803
-17.9133 114.524
-17.7067 186.66
-18.0747 59.1601
-18.5006 -88.4333
-18.8463 -208.197
-18.3796 -45.7083
-18.3226 -25.5596
-17.9144 116.603
-17.9212 114.571
-18.137 39.9398
-18.272 -6.60034
-18.5963 -118.929
-18.5959 -118.41
-18.5856 -114.492
-17.936 111.527
-17.5828 234.56
-17.9342 112.849
-18.0963 56.8715
-18.1986 21.6719
-18.0893 59.999
-17.4892 268.822
-17.7396 182.163
-18.1141 52.4236
-18.2048 21.2692
-18.242 8.6708
-18.419 -52.4722
-18.3853 -40.3901
-18.0543 74.9215
-17.9909 97.3006
-18.2135 20.3345
-18.5736 -104.436
-18.6762 -139.705
-18.2847 -3.36217
-17.6691 210.824
-17.8894 134.652
-18.2419 12.5456
-17.9209 124.418
-18.0729 71.9356
-18.1318 51.8424
-18.1473 46.7827
-18.25 11.4676
-17.5847 242.935
-18.072 73.9855
-18.0463 83.2773
-18.2126 25.8387
-18.0979 66.0397
-18.0713 75.6196
-17.9247 126.89
-18.0617 79.6471
-18.3659 -25.6876
-18.2282 22.4962
-18.1877 36.9296
-18.1983 33.6003
-18.2838 4.22903
-18.1623 46.7844
-17.9695 114.119
-17.8992 138.875
-18.1861 39.5768
-18.1202 62.8229
-17.9152 134.39
-17.9907 108.476
-18.3207 -5.79806
-18.039 92.3939
-18.3 2.07252
-17.9632 119.425
-17.9373 128.769
-18.1986 38.3391
-17.9532 123.96
-16.9399 476.313
-17.542 267.479
-18.101 73.6624
-18.3271 -4.53624
-17.5612 261.874
-17.5269 274.124
-17.8922 147.557
-17.9535 126.613
-18.1931 43.7342
-18.187 46.2131
-18.1713 52.0009
-17.9379 133.44
-18.0454 96.4337
-18.1371 64.9151
-18.3529 -9.70677
-18.161 57.3145
-17.7693 193.751
-17.9097 145.308
-18.2308 34.0995
-18.0671 91.3254
-17.8753 158.305
-18.2656 23.0498
-18.6183 -99.1077
-18.2272 37.1171
-18.0224 108.6
-17.9524 133.262
-17.4751 299.431
-17.8488 169.947
-18.1588 62.5925
-17.9543 133.977
-18.0018 117.848
-18.4033 -21.2956
-18.0147 114.059
-17.366 339.757
-18.0864 89.8246
-18.332 4.86208
-17.8861 160.131
-17.7996 190.496
-18.0887 90.4223
-18.0665 98.484
-18.1923 55.1162
-18.198 53.5162
-17.7951 193.801
-17.8344 180.496
-18.4647 -38.1213
-18.493 -47.5975
-18.1283 79.4632
-17.6592 242.769
-17.6202 256.64
-17.8484 177.73
-18.2378 42.806
-18.2268 46.9582
-17.8611 174.372
-17.5422 285.479
-17.5893 269.471
-17.6555 246.807
-18.196 59.4052
-18.4408 -25.278
-18.5961 -78.9075
-18.7646 -137.079
-18.6505 -97.108
-17.9969 130.297
-18.287 29.8644
-18.7198 -120.124
-19.0067 -219.45
-18.4652 -30.9748
-17.8519 182.42
-18.1618 75.1104
-18.6503 -94.2501
-18.4995 -41.5049
-18.5049 -43.0279
-18.6154 -81.0777
-18.5323 -51.856
-18.1108 94.9157
-17.921 161.179
-17.7606 217.264
-18.0315 123.51
-18.2522 47.1863
-18.2689 41.7177
-18.2668 42.7969
-18.3409 17.4151
-17.8456 189.817
-17.9871 141.015
-18.2206 60.2476
-18.1659 79.5925
-18.2393 54.4493
-18.3376 20.6246
-18.4354 -12.9986
-18.6884 -100.55
-18.8168 -144.803
-18.7885 -134.631
-18.7816 -131.882
-18.4326 -10.2973
-18.5469 -49.6371
-18.4612 -19.5186
-18.3419 22.2639
-18.4394 -11.2684
-18.5678 -55.5139
-18.6907 -97.86
-18.4746 -22.4352
-17.9053 175.675
-17.5276 307.221
-17.5507 299.563
-18.4034 3.67092
-18.7093 -102.234
-18.5725 -54.3511
-18.5204 -35.9374
-18.2995 41.1526
-18.3646 18.9023
-18.1914 79.4189
-18.2402 62.8194
-18.2637 55.0079
-18.8502 -148.39
-18.7446 -111.365
-18.4256 -0.209568
-18.6554 -79.6931
-18.7808 -122.909
-18.8666 -152.382
-18.4607 -10.9985
-18.0965 115.845
-18.077 122.975
-17.7388 240.812
-17.7971 220.896
-18.478 -15.2699
-18.9521 -179.639
-18.7527 -110.01
-18.8043 -127.585
-18.5209 -28.8022
-18.2156 77.6036
-17.7625 235.367
-17.9926 155.766
-18.2612 62.7948
-18.5857 -49.5698
-18.336 37.5143
-17.8708 199.478
-17.9685 165.892
-17.8742 199.005
-17.9273 180.895
-17.6908 263.411
-18.0394 142.65
-18.2123 82.9225
-18.215 82.3493
-18.4473 1.98278
-18.406 16.6639
-18.3728 28.5485
-18.1863 93.684
-18.1718 99.074
-18.2885 58.8797
-18.2207 82.7688
-18.3436 40.4346
-18.4651 -1.41974
-18.5876 -43.62
-18.5331 -24.3588
-18.3129 52.4948
-18.2091 88.8871
-18.0289 151.853
-18.3427 43.1743
-18.1991 93.4017
-18.0213 155.53
-18.0116 159.252
-18.2464 78.0084
-18.4032 23.8961
-18.2931 62.4847
-17.8845 204.782
-17.8089 231.391
-17.9802 172.231
-18.2851 66.6767
-18.0522 147.907
-17.6177 299.226
-17.4609 354.021
-17.7211 263.992
-18.366 40.3067
-18.475 2.76738
-18.2482 81.9066
-17.8443 222.573
-17.5437 327.366
-17.9521 185.833
-18.5681 -27.8133
-18.5792 -31.3393
-18.3513 48.1695
-17.9128 200.854
-17.7082 272.277
-18.1433 121.479
-18.5775 -29.0133
-18.4568 13.2751
-18.2332 91.2874
-18.0513 154.824
-17.8588 222.064
-17.9127 203.672
-18.4301 24.2886
-19.0222 -181.078
-18.9856 -168.012
-18.8334 -114.791
-18.4864 6.13071
-18.3415 56.7874
-18.5237 -6.14602
-18.4866 7.08435
-17.9933 178.807
-17.9782 184.413
-18.3597 52.2148
-18.1766 116.178
-18.3605 52.6295
-18.2452 93.046
-18.672 -54.8763
-19.3001 -272.731
-19.1971 -236.627
-18.4765 14.0797
-18.0961 146.56
-18.087 150.091
-18.2043 109.666
-18.4044 40.5052
-18.3849 47.6268
-18.5668 -15.2166
-18.4063 40.876
-18.1822 119.087
-18.2426 98.4578
-18.1305 137.734
-18.3365 66.538
-18.5866 -20.0197
-19.0289 -173.299
-18.8732 -118.881
-18.3033 79.4414
-18.3149 75.7733
-18.4796 18.8943
-18.6568 -42.3242
-18.704 -58.3732
-18.7264 -65.791
-18.401 47.5846
-18.3844 53.7142
-18.7809 -83.6897
-18.9788 -152.103
-19.2493 -245.706
-19.1308 -204.186
-18.7499 -71.5172
-19.0821 -186.582
-19.3358 -274.374
-19.0927 -189.563
-19.1165 -197.496
-19.3031 -261.969
-19.1879 -221.613
-18.9727 -146.503
-18.7427 -66.2524
-18.6818 -44.7364
-19.0168 -160.764
-18.9588 -140.265
-18.8136 -89.503
-18.9304 -129.734
-18.8201 -91.0434
-18.2573 104.821
-18.45 38.2088
-18.452 37.8725
-18.7824 -76.582
-19.0003 -151.908
-19.0062 -153.609
-19.0165 -156.849
-19.125 -194.2
-18.982 -144.164
-19.0085 -153.04
-18.5977 -9.97133
-18.7189 -51.7268
-18.5914 -7.08967
-18.3029 93.4926
-18.6748 -35.349
-18.3818 66.7631
-17.6015 338.186
-18.1412 151.035
-18.4874 31.1289
-18.5086 24.0968
-18.6093 -10.509
-18.88 -104.217
-18.9122 -115.041
-19.0165 -150.936
-19.0572 -164.719
-18.8082 -77.8926
-18.8465 -90.8473
-18.8939 -106.961
-18.9787 -136.081
-18.7968 -72.5269
-18.5395 17.2067
-18.2597 114.755
-18.4607 45.2517
-18.5188 25.4323
-17.8808 247.418
-18.2052 135.058
-18.1597 151.224
-18.7864 -66.1473
-18.9418 -119.768
-18.6777 -27.6807
-18.2651 115.995
-18.0627 186.644
-18.242 124.727
-17.6857 318.307
-18.0194 202.746
-18.1739 149.422
-18.8961 -101.114
-18.8009 -67.6975
-18.8115 -71.0524
-18.8256 -75.601
-18.8674 -89.7534
-18.8665 -89.1215
-18.8635 -87.7262
-18.8506 -82.8874
-18.8733 -90.429
-18.4211 67.0253
-18.5099 36.5003
-19.0325 -144.699
-18.9664 -121.391
-18.826 -72.2743
-18.8526 -81.1356
-18.8091 -65.6941
-18.9745 -122.817
-18.6568 -12.0946
-19.0623 -152.607
-19.2429 -215.014
-18.8934 -93.2249
-18.7328 -37.0927
-18.9263 -103.992
-19.1237 -172.191
-19.1003 -163.731
-18.5728 19.8543
-18.1929 152.187
-18.1596 164.109
-18.8691 -82.0271
-18.907 -94.8545
-18.9445 -107.523
-19.0257 -135.37
-18.8752 -82.7463
-18.7363 -34.1414
-18.9767 -117.303
-18.8797 -83.2532
-18.9392 -103.579
-18.9715 -114.45
-18.8945 -87.3598
-18.8743 -79.9974
-18.5358 37.9191
-18.5318 39.6831
-18.7317 -29.4167
-18.3729 95.5737
-18.5488 34.8154
-18.6465 1.21418
-18.9861 -116.397
-18.909 -89.2927
-18.7212 -23.6834
-19.1355 -167.271
-19.2619 -210.827
-19.2008 -189.261
-18.8972 -83.445
-18.704 -15.9664
-18.4752 63.8347
-18.8261 -57.699
-18.5658 33.0762
-18.3856 96.0099
-18.1222 187.86
-18.3555 107.17
-18.7551 -31.2925
-18.7438 -27.0361
-18.4615 71.381
-18.3473 111.404
-18.0565 212.797
-18.3381 115.315
-18.4575 74.1537
-18.1261 189.654
-18.013 229.295
-18.1999 164.701
-18.5237 52.5501
-18.8651 -65.683
-18.7993 -42.4777
-18.5415 47.418
-18.413 92.3916
-18.4666 74.147
-18.5725 37.6857
-18.69 -2.78577
-18.6354 16.5253
-18.8307 -50.9752
-19.148 -160.853
-18.9141 -79.2355
-18.699 -4.15845
-18.606 28.5003
-18.3398 121.295
-18.6143 26.3104
-18.7337 -14.8192
-18.8386 -50.9441
-18.9559 -91.3157
-18.7692 -26.1392
-18.0458 225.543
-18.1688 183.154
-18.0815 213.832
-18.1776 180.791
-18.4382 90.5954
-18.316 133.417
-18.3589 118.834
-18.0084 240.957
-18.6719 10.8071
-18.568 47.2368
-18.127 200.78
-19.1688 -160.766
-19.3894 -237.047
-19.059 -121.924
-18.6622 16.2681
-18.6107 34.5041
-18.2421 162.881
-17.9873 251.745
-18.4965 75.2002
-18.8003 -29.9761
-19.0168 -104.857
-18.6059 38.2647
-18.433 98.6575
-18.3788 117.83
-18.9477 -79.4639
-19.0946 -130.134
-18.8187 -33.9363
-18.6574 22.4427
-18.753 -10.4286
-18.9181 -67.4238
-18.8854 -55.7238
-18.6554 24.5301
-18.4591 93.078
-18.1403 204.151
-18.2458 167.853
-18.7802 -17.4461
-18.9043 -60.216
-19.1006 -128.05
-19.283 -191.058
-19.3384 -209.966
-19.5428 -280.638
-19.1745 -152.339
-19.152 -144.18
-19.0418 -105.536
-19.1752 -151.517
-19.3567 -214.248
-19.0328 -101.354
-18.5986 49.8145
-18.1762 196.889
-18.5455 68.9412
-18.7899 -15.604
-19.2073 -160.263
-19.3196 -198.904
-18.8694 -42.157
-18.589 55.5877
-18.7994 -17.1612
-18.7593 -2.89743
-18.7964 -15.4371
-18.6477 36.5829
-18.5977 54.3
-18.5357 76.181
-18.5431 73.9689
-18.6832 25.6447
-18.7875 -10.2585
-18.3887 128.652
-17.7574 348.307
-18.4418 110.881
-18.5771 64.2272
-18.3135 156.168
-18.531 80.9295
-18.0175 259.675
-18.2666 173.498
-18.5197 85.9263
-18.9574 -65.802
-18.7306 13.3516
-18.8283 -20.2416
-18.288 167.809
-18.5183 88.1174
-18.5004 94.7024
-18.7372 12.789
-19.2167 -153.457
-18.9633 -65.0649
-18.741 12.5087
-18.6773 34.9836
-18.6062 60.0204
-18.14 222.334
-18.5194 90.8635
-18.9613 -62.2912
-18.9857 -70.4291
-18.8927 -37.7652
-18.8425 -19.9736
-18.7631 7.96384
-18.9361 -51.8115
-18.9008 -39.1868
-18.6392 52.0233
-18.3329 158.787
-17.8747 318.317
-18.1962 206.966
-18.5141 96.8796
-18.6732 41.9513
-18.7572 13.1214
-18.7492 16.269
-18.6405 54.3669
-18.8169 -6.57274
-18.7361 21.868
-18.776 8.34735
-18.8032 -0.757071
-18.4421 125.036
-18.3904 143.337
-18.9428 -48.2317
-19.0277 -77.3613
-18.8754 -24.1061
-18.9253 -41.0949
-18.9528 -50.3033
-18.7991 3.43965
-18.501 107.359
-18.6096 69.9688
-19.0271 -74.716
-19.0168 -70.8139
-18.7218 32.045
-18.5727 84.1709
-19.0126 -68.2829
-19.1555 -117.604
-18.9115 -32.4875
-18.7766 14.7171
-19.3496 -183.982
-19.2182 -138.002
-19.0708 -86.4413
-18.7954 9.57395
-18.3917 150.174
-18.6359 65.697
-18.4654 125.284
-18.1651 229.925
-18.4813 120.426
-18.3318 172.74
-18.3298 173.755
-18.5831 86.1364
-18.4099 146.627
-18.6184 74.5394
-18.9236 -31.1223
-18.8136 7.42267
-18.6438 66.7835
-18.528 107.348
-18.8486 -3.6947
-18.6367 70.2798
-18.5826 89.4317
-18.6633 61.7384
-18.8455 -1.20715
-18.616 78.8613
-18.5387 106.069
-18.6075 82.5039
-18.0584 273.605
-18.1083 256.624
-18.8033 15.5311
-18.2925 193.322
-18.342 176.49
-18.8141 12.8222
-18.5165 116.552
-18.1967 228.01
-18.6292 78.1028
-18.4144 153.051
-18.3942 160.442
-18.6061 87.1726
-18.6699 65.3474
-18.8012 20.0956
-18.6515 72.4168
-18.5531 106.973
-18.7261 47.221
-18.8186 15.4283
-18.7804 29.052
-18.6156 86.654
-19.0317 -57.577
-18.902 -12.1499
-18.9003 -11.2281
-18.541 113.931
-17.9923 304.908
-17.9754 311.118
-18.2093 230.216
-18.644 79.5401
-18.9042 -10.5066
-18.9149 -13.859
-18.3441 184.781
-18.4868 135.54
-19.0157 -47.8364
-19.11 -80.2484
-18.8182 21.4785
-18.6836 68.5783
-18.8942 -4.23858
-18.5785 105.791
-18.6007 98.4161
-19.1087 -77.7041
-19.4895 -209.667
-19.1156 -79.4074
-18.7009 64.9913
-18.8364 18.275
-19.0866 -68.3024
-19.36 -162.926
-19.5219 -218.837
-19.4162 -181.743
-18.8281 22.8796
-18.6891 71.5326
-18.5506 119.995
-19.2235 -113.437
-19.2105 -108.57
-19.5566 -228.461
-19.2176 -110.32
-19.4713 -198.106
-19.3399 -152.141
-19.5529 -225.767
-19.0318 -44.3861
-18.9591 -18.7951
-19.1311 -78.1889
-18.8668 13.9766
-18.8479 20.8616
-19.0587 -52.0182
-19.4272 -179.658
-19.9059 -345.622
-19.7101 -277.26
-18.8467 23.0409
-18.1948 249.841
-18.7381 61.4595
-19.2562 -118.188
-19.3927 -165.241
-19.2604 -118.953
-19.1793 -90.433
-19.2297 -107.597
-19.2849 -126.42
-19.5181 -207.074
-19.5032 -201.547
-19.3539 -149.351
-19.203 -96.5708
-18.7165 72.789
-18.3989 183.447
-18.9274 0.198252
-19.5291 -208.481
-18.9771 -16.3584
-18.4572 164.584
-18.4766 158.216
-18.6618 94.2278
-18.8477 29.9818
-18.8455 31.0766
-19.1047 -58.5932
-18.8721 22.546
-18.5685 128.351
-18.5328 141.113
-18.9109 10.1197
-19.2424 -104.71
-19.3752 -150.504
-19.4706 -183.293
-19.0854 -49.1371
-18.8 50.38
-18.6246 111.638
-18.9061 14.2202
-18.7861 56.2363
-18.8038 50.456
-19.3089 -124.667
-19.1336 -63.4475
-19.2737 -111.76
-19.1817 -79.4494
-19.2613 -106.763
-19.0479 -32.2727
-18.9632 -2.49311
-18.8215 47.0585
-19.1141 -54.2337
-19.3337 -130.153
-19.0226 -21.7397
-18.476 168.479
-18.4594 174.587
-19.0529 -31.2149
-19.3749 -142.762
-19.5156 -191.29
-19.0476 -28.3628
-18.2545 247.535
-18.9561 4.12196
-19.1051 -47.2864
-18.7185 87.3546
-19.323 -122.267
-19.1573 -64.3742
-19.036 -21.8831
-18.6207 122.734
-18.533 153.559
-18.8815 32.8181
-19.169 -66.6916
-18.85 44.4591
-18.8013 61.7262
-18.6831 103.136
-18.6387 118.907
-18.2961 238.274
-18.3056 235.315
-18.4374 189.892
-18.5119 164.342
-19.0268 -14.1603
-18.8919 33.0421
-18.6649 112.245
-18.8107 61.9332
-18.5788 142.839
-18.8146 61.2975
-19.0493 -19.8934
-19.2369 -84.7275
-19.2455 -87.3685
-19.656 -229.621
-19.6109 -213.606
-18.722 95.5299
-18.5225 165.192
-18.8775 42.2036
-18.8128 65.015
-19.2554 -88.3799
-19.0005 0.50911
-18.4717 184.581
-18.2159 273.783
-18.5872 145.152
-19.142 -47.2517
-19.417 -142.419
-19.2781 -93.8345
-19.2833 -95.2912
-18.8383 59.6582
-18.9255 29.6852
-19.3274 -109.562
-19.0557 -14.8435
-18.8965 40.8122
-19.1701 -53.8641
-19.4499 -150.744
-18.8035 74.1549
-18.9244 32.5246
-18.7579 90.7193
-18.7117 107.105
-19.0882 -23.3536
-18.971 17.7175
-19.1787 -54.0962
-19.2329 -72.5679
-18.9582 23.2045
-19.1022 -26.4851
-19.326 -103.873
-18.7145 108.904
-19.2448 -74.9633
-19.8503 -284.974
-19.0388 -2.70824
-18.3562 234.783
-18.3099 251.216
-18.6092 147.57
-18.7098 112.978
-18.5372 173.291
-18.1096 322.169
-18.6528 133.821
-19.0203 6.49494
-18.8492 66.2829
-18.9931 16.6496
-19.2211 -62.2319
-19.01 11.4674
-18.8932 52.3994
-18.7997 85.2065
-18.3509 241.484
-18.6041 153.846
-18.384 230.687
-18.4469 209.183
-18.5943 158.317
-18.4732 200.714
-18.7295 112.044
-18.7882 91.9894
-18.5086 189.474
-18.4631 205.61
-18.4848 198.426
-18.6423 144.065
-18.7543 105.514
-19.1761 -40.6919
-18.7766 98.4385
-18.4216 222.117
-18.8256 82.1253
-18.1895 303.434
-18.6238 152.906
-18.6374 148.544
-18.8534 73.8422
-19.1787 -38.8212
-19.1663 -34.1596
-18.8452 77.7605
-18.2182 295.912
-18.5948 165.44
-18.8734 69.0029
-18.6309 153.585
-18.2878 273.122
-18.5224 191.979
-18.7797 102.918
-19.0701 2.38631
-19.0044 25.5511
-19.0466 11.2662
-18.9492 45.4482
-18.9147 57.761
-18.8744 72.1221
-18.9219 55.9737
-18.8972 64.8815
-18.9314 53.3739
-18.7503 116.629
-19.0602 9.2952
-18.6269 160.198
-18.7744 109.287
-18.2885 278.425
-18.4821 211.53
-18.7323 124.972
-19.1892 -33.4052
-19.6124 -180.106
-19.6385 -188.804
-19.2533 -54.6381
-18.9859 38.5868
-18.4586 222.115
-18.6252 164.59
-19.1292 -10.1285
-19.0005 34.9155
-18.9802 42.3013
-19.3484 -85.2545
-19.2269 -42.7079
-18.882 77.4668
-18.4996 210.671
-18.51 207.397
-18.769 117.777
-18.9849 43.0986
-19.1516 -14.4346
-18.8536 89.4118
-18.9166 67.8968
-19.1893 -26.5127
-19.1404 -9.16547
-18.7124 139.854
-18.8102 106.238
-18.8738 84.4709
-19.4216 -105.482
-18.855 91.7099
-19.004 40.2922
-18.8689 87.5841
-18.5841 186.879
-18.7726 121.716
-18.897 78.8493
-19.31 -64.2769
-19.4827 -123.93
-19.3262 -69.1979
-18.897 80.2528
-19.2087 -27.6864
-19.297 -58.0295
-18.8548 95.9399
-18.8821 86.7984
-18.9578 60.8475
-18.9852 51.6937
-18.4814 227.045
-18.5888 190.09
-18.4467 239.81
-18.4363 243.77
-18.9811 54.8541
-19.1716 -10.9757
-19.2226 -28.3419
-19.1155 9.21029
-18.9681 60.7457
-18.9847 55.3534
-19.0565 30.7603
-19.3221 -61.1692
-19.221 -25.7202
-19.1657 -6.14174
-19.0144 46.7515
-18.8606 100.551
-19.1005 17.5372
-19.0402 38.8321
-18.7301 146.922
-19.0325 42.1998
-18.8084 120.413
-18.786 128.541
-19.2083 -17.8217
-19.2838 -43.7108
-19.3807 -77.0019
-19.3417 -63.1299
-19.2044 -15.0903
-19.3199 -54.8448
-19.3657 -70.4064
-19.1367 9.4998
-19.3669 -70.1377
-19.604 -152.148
-19.2161 -17.0445
-19.4021 -81.3354
-19.6914 -181.48
-19.5159 -120.179
-19.1623 3.02916
-19.1185 18.5895
-19.3759 -70.4851
-19.4673 -101.886
-19.5799 -140.65
-19.7108 -185.787
-20.0743 -311.713
-19.6509 -164.283
-19.0394 48.4992
-19.0807 34.5084
-19.706 -182.399
-19.7193 -186.648
-19.9773 -275.932
-19.9605 -269.737
-19.372 -64.9532
-19.2963 -38.3043
-19.1336 18.5392
-19.6536 -161.761
-19.7567 -197.219
-20.1117 -320.211
-19.8382 -224.817
-19.4942 -104.97
-19.6895 -172.49
-19.9094 -248.53
-19.6683 -164.415
-19.2194 -8.11401
-19.2229 -9.00311
-19.1699 9.76338
-19.2368 -13.1259
-19.2623 -21.6431
-19.4387 -82.59
-19.7289 -183.038
-19.6459 -153.862
-19.2924 -30.6938
-19.4255 -76.6002
-19.6121 -141.086
-19.4297 -77.3582
-19.0547 53.256
-18.887 111.853
-18.9884 76.977
-19.0811 45.1144
-19.0074 71.0598
-18.7185 171.779
-18.8872 113.536
-19.309 -32.6488
-19.6311 -144.216
-19.5918 -130.216
-19.7827 -196.158
-19.5957 -130.879
-19.3133 -32.3946
-19.1069 39.6509
-19.2511 -10.1256
-19.0485 60.6218
-19.3826 -55.1015
-19.3253 -34.8285
-18.8782 120.834
-19.0191 72.2138
-18.9006 113.754
-18.7435 168.647
-18.3979 289.073
-18.533 242.484
-19.0295 70.3499
-19.1269 36.8431
-19.1572 26.6912
-19.1424 32.1753
-19.2547 -6.49374
-19.1367 34.8607
-19.2382 -0.0667515
-19.2984 -20.6358
-18.8833 123.933
-19.0509 66.0406
-19.0535 65.4697
-19.424 -62.8847
-19.0877 54.2919
-19.0521 67.0288
-19.2698 -8.28231
-19.276 -10.0755
-19.1199 44.5049
-18.764 168.471
-19.2307 6.69311
-19.2559 -1.70155
-18.9827 93.5629
-19.1418 38.6196
-18.889 126.785
-19.1719 28.8527
-19.233 7.99485
-19.1432 39.5254
-18.86 138.247
-18.8461 143.436
-19.0124 86.0034
-19.5793 -110.582
-19.2464 5.41979
-18.8926 128.683
-19.3538 -31.2103
-19.5798 -109.356
-19.3394 -25.4823
-19.3064 -13.6991
-19.571 -105.257
-19.3874 -41.117
-18.9093 125.289
-18.7157 192.91
-18.7033 197.565
-18.6436 218.634
-18.9607 108.856
-19.2263 16.9149
-19.2378 13.2565
-19.5618 -98.9537
-19.6862 -141.799
-19.8542 -199.823
-19.5389 -89.9261
-19.3361 -19.1434
-19.2281 18.7158
-18.9562 113.525
-19.0633 76.662
-19.1591 43.7408
-19.1691 40.6273
-19.3583 -24.7643
-19.1291 55.2094
-19.2508 13.264
-19.2914 -0.500808
-19.5572 -92.4683
-19.1799 38.9522
-19.1118 62.9632
-19.0757 75.8445
-18.9974 103.397
-18.4558 291.865
-18.3508 328.715
-18.6035 241.249
-18.7159 202.575
-18.7916 176.605
-19.112 65.6441
-19.474 -59.7652
-19.5492 -85.5225
-19.3985 -32.8135
-19.8162 -177.575
-19.5625 -89.106
-19.2481 20.4768
-19.7456 -152.032
-19.6784 -128.338
-19.6475 -117.256
-19.8169 -175.752
-20.0732 -264.43
-19.6674 -123.115
-19.2955 6.43943
-19.2573 20.0595
-19.5166 -69.6954
-19.9273 -212.003
-19.5923 -95.3046
-18.8863 150.31
-18.8584 160.356
-19.3666 -15.8433
-19.2854 12.7096
-19.323 -0.0102503
-19.7619 -152.114
-19.4749 -52.0639
-19.5344 -72.3934
-19.2066 41.8231
-18.9918 116.779
-19.1814 51.2622
-19.335 -1.72206
-19.1901 48.9483
-19.3329 -0.314878
-19.7489 -144.467
-19.5216 -65.1718
-19.1745 55.7499
-19.5136 -61.6979
-19.0293 106.881
-19.5988 -90.6123
-19.5717 -80.8263
-19.052 100.042
-19.2261 39.9271
-19.0908 87.2787
-19.615 -94.4828
-19.6682 -112.621
-19.34 1.72796
-19.3624 -5.7104
-19.8255 -166.234
-19.3 16.6666
-19.2556 32.4595
-19.3619 -4.135
-19.7126 -125.624
-19.8163 -161.309
-19.5456 -66.9068
-19.3131 14.1979
-19.2749 27.8145
-19.4457 -31.1631
-19.382 -8.68391
-19.3498 2.8322
-20.0625 -244.389
-19.7701 -142.451
-18.9585 139.842
-19.2857 26.5174
-19.4332 -24.3746
-19.4861 -42.4
-19.0801 98.9871
-19.1118 88.3199
-19.4965 -45.0011
-19.8685 -173.866
-19.5416 -59.9501
-19.1405 79.7106
-19.1701 69.7784
-19.6224 -86.9909
-19.8753 -174.489
-20.1765 -278.791
-19.8729 -172.971
-19.3949 -6.57687
-19.6555 -96.7415
-19.5775 -69.2889
-19.568 -65.6569
-19.4841 -36.1791
-19.4058 -8.63261
-19.7012 -110.885
-20.0156 -219.766
-19.6921 -107.024
-19.3658 6.68333
-18.8526 185.285
-19.4375 -17.5507
-19.9274 -187.398
-20.1913 -278.71
-19.7718 -132.629
-19.5791 -65.3539
-19.1529 83.0611
-19.2055 65.128
-18.9022 170.833
-19.015 132.025
-19.286 38.2271
-19.2702 44.0636
-19.2893 37.7707
-19.0478 121.995
-19.2679 45.908
-19.0823 110.727
-18.9406 160.278
-18.9504 157.242
-19.1567 85.9217
-19.4418 -12.7873
-19.5982 -66.783
-19.3938 4.60126
-19.0634 119.719
-19.1888 76.48
-19.2317 61.9474
-19.2476 56.7559
-19.5185 -36.9805
-19.4922 -27.5005
-19.0999 109.13
-18.7014 247.91
-19.0142 139.578
-19.354 21.8701
-19.6122 -67.4692
-19.3196 34.5316
-19.0008 145.618
-19.042 131.68
-19.2337 65.4291
-19.4223 0.231159
-19.4716 -16.519
-19.5164 -31.7444
-19.428 -0.70997
-19.187 83.3769
-19.0423 133.974
-18.8793 190.946
-19.0331 137.874
-19.307 43.0661
-19.4294 0.911281
-19.3267 36.9307
-19.1676 92.5513
-19.2208 74.4035
-19.0203 144.401
-18.9011 186.172
-18.9229 178.945
-19.3531 29.8526
-19.2894 52.3107
-18.9706 163.413
-19.1047 117.179
-19.4407 0.784971
-19.2631 62.8591
-19.171 95.1948
-18.8195 217.656
-18.9503 172.539
-19.3037 50.1163
-19.422 9.39693
-19.301 51.759
-19.339 38.8968
-18.9227 183.88
-19.1806 94.6284
-19.2771 61.4575
-19.1379 110.162
-19.3453 38.4461
-19.8046 -120.749
-19.7115 -88.0716
-19.4325 9.19676
-19.4369 8.02158
-19.4855 -8.49645
-19.344 41.005
-19.0724 135.692
-19.2793 64.1481
-19.4654 -0.126184
-19.7367 -94.0339
-19.5908 -43.022
-19.4274 14.095
-19.4885 -6.7711
-19.4715 -0.534429
-18.9501 180.97
-18.9732 173.263
-19.2571 74.9882
-19.3834 31.4723
-19.5066 -10.9609
-19.401 26.0413
-19.2828 67.4627
-19.3152 56.547
-19.2607 75.8523
-19.1752 105.884
-19.0478 150.478
-18.9827 173.466
-19.5041 -7.31349
-19.6163 -45.9616
-19.3778 37.2443
-19.3709 39.9944
-18.8706 214.118
-18.7388 260.283
-18.8554 220.115
-19.0415 155.819
-19.4775 4.69243
-19.6933 -69.9415
-19.7829 -100.714
-20.0167 -181.59
-19.8461 -121.967
-19.4153 28.0516
-18.9898 176.193
-19.0474 156.534
-19.8392 -118.168
-19.7279 -79.1819
-19.2123 100.278
-19.5418 -13.8152
-19.6765 -60.2799
-19.6148 -38.4846
-19.5349 -10.399
-19.6305 -43.2554
-19.8305 -112.366
-19.8163 -107.105
-19.2784 80.1162
-19.2593 87.0942
-19.3142 68.3779
-19.5732 -21.2542
-19.7176 -71.065
-19.483 10.7605
-19.5965 -28.3195
-19.9425 -148.154
-19.7496 -80.817
-19.7964 -96.7094
-19.7382 -76.1443
-19.6678 -51.3299
-19.0334 169.379
-19.2471 95.4968
-19.4914 10.9932
-19.5914 -23.4005
-19.7018 -61.4067
-19.4965 10.2627
-19.4231 36.0946
-19.4749 18.4596
-19.5833 -18.8808
-19.3934 47.4378
-19.3307 69.5856
-19.2051 113.564
-19.4665 23.1185
-19.9765 -153.728
-20.0784 -188.774
-19.9302 -136.958
-20.0249 -169.481
-19.5272 3.75742
-19.6874 -51.557
-19.678 -47.9408
-19.2919 86.5461
-19.5731 -10.7962
-19.9119 -128.14
-19.6346 -31.4888
-19.7447 -69.3633
-19.8406 -102.342
-19.4607 29.9939
-19.392 54.208
-19.5414 2.6459
-19.577 -9.38522
-19.274 96.2441
-19.5685 -5.71694
-19.404 51.75
-19.5347 6.71272
-19.8587 -105.506
-19.6559 -34.7134
-19.501 19.4472
-19.8215 -91.5534
-19.4666 32.1057
-18.9477 212.707
-18.6737 308.249
-18.7405 285.371
-19.2914 94.3533
-19.127 151.806
-19.2413 112.467
-19.3624 70.7231
-19.3943 59.9878
-19.0463 181.248
-19.5334 12.3747
-19.2881 97.9399
-19.1092 160.442
-19.2702 104.828
-19.5613 4.05839
-19.462 38.8927
-19.3839 66.3955
-18.9262 225.738
-18.9264 226.032
-19.3165 90.8374
-19.6236 -15.4859
-19.7796 -69.3362
-19.5694 4.01963
-19.5779 1.41961
-19.4919 31.6486
-19.6425 -20.3277
-19.4508 46.6276
-19.2071 131.632
-19.2511 116.676
-19.2835 105.77
-19.1301 159.414
-19.1648 147.727
-18.9266 230.818
-18.9101 236.874
-19.4276 57.464
-19.2334 125.26
-19.4832 38.8486
-19.517 27.4516
-19.4638 46.2631
-19.4874 38.4073
-19.2607 117.531
-19.3459 88.2719
-19.4523 51.6559
-19.5529 17.0725
-19.4837 41.4583
-19.3217 98.0637
-19.4034 70.0385
-19.4273 62.0732
-19.5533 18.6694
-19.2245 133.23
-19.6421 -11.4905
-19.7236 -39.4587
-20.0745 -161.033
-19.3582 88.1802
-19.5821 10.721
-19.3521 90.9956
-19.2518 126.177
-19.3942 77.0468
-20.3044 -238.805
-20.4046 -273.262
-20.4886 -302.089
-19.8066 -64.8086
-19.7646 -49.8766
-20.1631 -187.971
-20.1581 -185.898
-20.2678 -223.667
-20.2709 -224.39
-20.5127 -308.034
-19.9696 -119.031
-19.8829 -88.5454
-19.2005 148.858
-19.4725 54.7071
-19.3829 86.1796
-19.6184 4.727
-20.0266 -136.719
-19.8397 -71.4754
-19.4644 59.2582
-19.8096 -60.3167
-19.3009 116.754
-19.5662 24.934
-20.359 -250.118
-20.0828 -153.818
-19.9093 -93.1912
-19.4544 65.167
-19.6391 1.36624
-19.5975 16.1396
-20.0143 -128.302
-19.9989 -122.612
-19.9896 -119.029
-19.8356 -65.1626
-19.17 166.419
-18.792 298.07
-19.7338 -28.7523
-20.1721 -180.679
-20.0536 -139.178
-19.9007 -85.7061
-19.9606 -106.181
-19.6563 -0.0963164
-19.6953 -13.3205
-19.9544 -102.959
-19.8656 -71.7876
-19.745 -29.526
-20.059 -138.27
-19.7992 -47.6454
-19.5856 26.8867
-19.2743 135.382
-19.4627 70.2793
-19.8256 -55.4589
-19.9696 -105.132
-19.5677 34.8366
-19.8027 -46.4617
-20.0991 -149.069
-20.0778 -141.305
-20.0265 -123.151
-19.8047 -45.7555
-19.4457 79.3054
-19.7531 -27.1444
-20.0133 -117.175
-19.9312 -88.3131
-19.7874 -38.018
-19.9755 -103.015
-20.2017 -181.234
-20.03 -121.239
-20.0283 -120.314
-20.0833 -139.05
-20.0559 -129.188
-19.8382 -53.2187
-19.6806 1.86954
-19.8987 -73.5539
-19.687 0.364369
-19.8066 -40.8687
-20.5845 -310.733
-20.2736 -202.389
-20.1826 -170.448
-19.6 32.2952
-19.3198 130.009
-19.7183 -8.09495
-20.2773 -201.944
-20.5157 -284.41
-19.7942 -33.4038
-20.0241 -112.94
-20.4529 -261.567
-20.1236 -146.816
-19.5567 50.4794
-19.8189 -40.2573
-19.9591 -88.6265
-19.6658 13.608
-19.5438 56.3477
-19.0198 238.716
-19.6261 28.4386
-20.2825 -199.235
-20.3275 -214.509
-20.02 -107.337
-19.5642 51.3438
-19.497 75.0205
-19.6579 19.4791
-19.7077 2.53487
-19.7407 -8.59486
-19.4182 103.817
-19.7002 6.18325
-19.9374 -75.8682
-20.4509 -253.902
-20.0577 -116.962
-19.9601 -82.7113
-19.8925 -58.8733
-19.4513 94.7282
-19.3702 123.257
-19.3472 131.602
-19.7294 -0.846775
-20.2299 -174.35
-19.5223 71.8162
-19.1407 204.726
-19.6844 16.1825
-20.0212 -100.455
-19.7349 -0.645048
-19.5307 70.6298
-19.392 119.16
-19.5889 51.1085
-19.9403 -70.6276
-19.9936 -88.8022
-19.9784 -83.1492
-20.093 -122.643
-19.6671 25.6776
-19.814 -25.0133
-19.9757 -80.852
-19.7625 -6.44006
-19.9796 -81.4831
-19.9514 -71.3515
-19.48 92.7385
-19.2566 170.711
-19.6205 44.6441
-20.3199 -197.992
-20.49 -256.722
-20.2848 -185.097
-20.4472 -241.168
-20.1568 -139.945
-19.8486 -32.5179
-19.6957 20.933
-19.7377 6.7211
-19.959 -69.8283
-20.0854 -113.38
-19.9267 -57.8979
-19.7566 1.5332
-19.6509 38.6042
-19.4879 95.5661
-19.8452 -28.2255
-20.0463 -97.7063
-20.0803 -109.198
-20.3493 -202.28
-20.1327 -126.711
-19.6437 43.5422
-19.4604 107.543
-19.2709 173.73
-19.8712 -34.4699
-19.9889 -75.007
-20.2744 -173.839
-19.8281 -18.4309
-19.9118 -47.1617
-19.1622 213.577
-19.4413 116.975
-20.4768 -242.422
-20.438 -228.581
-20.0069 -78.4648
-19.575 71.8966
-19.8311 -16.7115
-20.5507 -266.341
-20.3506 -196.495
-19.7886 -0.915674
-19.8319 -15.5909
-20.0522 -91.7673
-19.7467 14.69
-19.9224 -46.0039
-20.5394 -259.999
-19.9897 -68.6701
-19.7851 2.73082
-20.4385 -223.907
-20.6424 -294.369
-20.3833 -204.016
-19.8862 -30.9718
-20.2841 -168.864
-20.3331 -185.561
-20.408 -211.227
-20.0173 -75.152
-19.7587 15.0264
-19.6805 42.5577
-19.6794 43.2999
-19.8989 -32.6194
-19.7103 33.2452
-19.6715 47.0632
-19.8814 -25.5115
-19.1701 221.947
-19.248 195.231
-19.8725 -21.377
-19.931 -41.325
-19.2625 191.252
-19.0995 248.209
-19.5889 78.53
-19.9191 -35.8221
-20.3021 -168.507
-20.1477 -114.533
-19.7519 23.3142
-19.774 15.9795
-19.7807 13.9856
-19.5662 88.8502
-19.6265 68.2531
-19.676 51.4247
-20.0367 -73.5476
-19.8511 -8.72594
-19.8495 -7.80437
-19.8884 -20.9958
-19.8417 -4.41638
-19.9167 -30.1192
-20.2841 -157.416
-20.273 -153.195
-19.7937 13.6357
-19.7625 24.8366
-19.3149 180.664
-19.3766 159.603
-19.6608 61.2057
-19.9508 -39.1711
-19.8957 -19.699
-20.1836 -119.375
-20.0356 -67.6005
-19.8813 -13.6668
-19.863 -6.95689
-19.8259 6.28313
-19.5386 106.435
-19.5707 95.6446
-20.1283 -97.7201
-20.3656 -179.821
-19.9351 -29.8959
-20.339 -169.89
-20.3884 -186.679
-20.4 -190.356
-20.1529 -104.167
-20.0448 -66.2898
-19.9719 -40.5939
-19.955 -34.4047
-20.5158 -228.865
-20.524 -231.35
-20.0825 -77.6502
-19.7868 25.4264
-20.077 -75.0422
-19.9509 -30.8967
-19.7477 40.0655
-19.5528 108.127
-19.6764 65.5324
-19.7337 45.972
-19.4343 150.334
-19.3309 186.569
-19.223 224.413
-19.8124 20.0164
-19.8649 2.12269
-19.9831 -38.6065
-20.2943 -146.358
-20.0187 -50.2748
-19.9464 -24.8206
-19.9321 -19.475
-19.8088 23.6806
-19.9924 -39.7503
-19.9656 -30.097
-19.3467 185.252
-19.0492 288.978
-19.4348 155.346
-19.8306 18.1997
-19.9049 -7.27161
-19.9407 -19.3662
-19.9476 -21.4158
-20.0933 -71.6619
-20.2876 -138.809
-20.2037 -109.323
-20.1111 -76.7933
-20.0558 -57.2585
-19.5935 103.687
-19.6226 93.9436
-20.0203 -43.883
-19.7218 60.1751
-19.9243 -9.84554
-20.329 -150.068
-20.7821 -307.123
-20.8388 -326.492
-20.5453 -224.179
-20.3816 -166.963
-19.8221 27.7635
-19.8853 6.16029
-20.3522 -155.71
-20.1338 -79.4979
-20.3301 -147.345
-20.4064 -173.493
-19.8441 22.1969
-19.6725 82.1431
-19.9893 -27.5401
-20.2605 -121.409
-20.0177 -36.7229
-19.9086 1.54399
-20.0529 -48.2535
-20.6506 -255.543
-20.925 -350.527
-20.4032 -168.891
-19.5982 111.08
-19.5619 124.057
-20.18 -90.3117
-20.8256 -314.26
-20.6962 -268.939
-20.2787 -123.552
-19.8021 42.3379
-19.94 -5.22305
-20.1222 -68.1733
-19.8888 13.2599
-19.4716 158.564
-19.6132 109.712
-19.8051 43.4045
-20.3199 -135.089
-19.8099 42.4038
-19.9456 -4.37956
-19.9056 9.86241
-20.1642 -79.6313
-20.3545 -145.369
-20.0252 -30.641
-19.9868 -16.9672
-19.7183 76.6801
-19.877 21.8698
-19.7823 55.1403
-19.6882 88.1593
-19.8187 43.1678
-20.4371 -171.285
-20.2025 -89.4412
-19.9654 -6.7312
-20.0278 -28.0651
-20.2093 -90.7596
-19.5278 146.328
-19.7777 59.8477
-20.2661 -109.458
-20.5453 -206.107
-20.392 -152.519
-20.3704 -144.657
-20.4415 -169.018
-20.0094 -18.5601
-20.0026 -15.8372
-20.6779 -250.095
-20.1935 -81.4731
-19.6544 106.179
-19.8399 42.0711
-20.5343 -198.818
-20.3675 -140.521
-19.7931 59.3742
-19.7889 61.1906
-20.3217 -123.567
-20.5151 -190.397
-20.3433 -130.367
-20.3648 -137.497
-20.0845 -39.7767
-20.0487 -27
-20.1001 -44.4917
-20.4196 -155.154
-19.8617 39.0286
-20.2604 -99.1516
-20.4238 -155.566
-20.4523 -165.116
-20.2535 -95.71
-19.8671 38.8869
-20.246 -92.4032
-20.5726 -205.522
-20.1162 -46.6155
-20.0469 -22.1912
-20.1172 -46.2892
-19.9071 27.0453
-19.9305 19.2937
-19.7983 65.564
-19.8721 40.2708
-19.9225 23.1049
-19.72 93.78
-19.6297 125.506
-19.8579 46.6027
-20.1648 -59.6724
-19.8928 35.1661
-20.4108 -144.452
-20.409 -143.472
-20.3435 -120.368
-19.9652 11.4056
-19.8557 49.779
-20.1704 -59.188
-19.772 79.5695
-20.0127 -3.70275
-20.2778 -95.4749
-20.4125 -141.915
-20.4427 -152.057
-20.1083 -35.5454
-20.2852 -96.6365
-20.214 -71.5607
-20.208 -69.1215
-20.2477 -82.571
-19.8556 53.9783
-19.9494 21.742
-19.9242 30.8373
-20.443 -149.024
-20.5664 -191.538
-20.1497 -46.4501
-19.7308 99.4339
-20.1572 -48.3717
-20.7703 -261.006
-20.2096 -65.8548
-20.0922 -24.7445
-20.4136 -136.033
-20.0289 -2.04167
-20.2897 -92.3119
-20.1731 -51.4432
-19.8491 61.4506
-19.8722 53.7634
-20.1997 -59.6613
-20.361 -115.324
-20.306 -95.8859
-20.2101 -62.2301
-20.1363 -36.2315
-20.2151 -63.2628
-20.4576 -147.15
-19.992 14.9489
-19.9331 35.7307
-19.9521 29.4873
-19.61 148.672
-20.0123 9.27967
-20.3383 -103.618
-20.1608 -41.6155
-19.8284 74.1937
-19.8748 58.4414
-19.5816 160.628
-19.7197 113.015
-20.346 -104.206
-19.7719 95.5629
-19.538 177.177
-19.7751 95.1345
-19.6585 136.018
-19.5657 168.588
-19.7888 91.4305
-20.2369 -63.8794
-20.6994 -224.216
-20.9095 -296.847
-20.6442 -204.345
-20.3575 -104.388
-19.7958 91.0985
-19.3941 230.989
-19.5109 190.763
-19.7898 94.2059
-19.4333 218.404
-19.4872 200.035
-20.1431 -27.4751
-19.7817 98.4256
-19.4925 199.226
-19.8147 87.6418
-20.2324 -57.1273
-20.1486 -27.6534
-19.9055 57.1399
-19.3791 240.346
-19.7451 113.566
-19.861 73.6605
-20.1458 -24.9487
-20.2067 -45.7635
-20.1548 -27.3718
-20.208 -45.4915
-19.737 118.445
-19.9252 53.4451
-20.6661 -203.619
-20.6738 -205.943
-19.9718 38.266
-19.4954 204.128
-19.9285 54.033
-19.9258 55.2951
-19.934 52.8101
-20.1159 -10.0279
-20.1349 -16.2959
-19.7952 102.076
-19.7098 132.066
-19.7979 101.818
-20.3336 -83.9393
-20.0731 6.91879
-20.1107 -5.78946
-20.1846 -31.1437
-19.9129 63.5952
-20.1055 -2.94088
-20.3345 -82.1595
-20.3674 -93.2465
-20.2778 -61.7549
-20.2588 -54.808
-19.8338 93.1608
-19.8316 94.297
-19.4928 212.336
-20.2041 -34.4125
-20.2672 -56.0093
-19.9246 63.3626
-20.1582 -17.4477
-20.0936 5.35361
-19.7771 115.659
-19.3924 249.646
-19.6968 144.237
-20.1741 -21.2401
-20.3811 -92.7742
-20.5332 -145.267
-20.4866 -128.762
-20.0701 16.2851
-20.3078 -65.9401
-20.8609 -257.743
-20.5222 -139.723
-20.4972 -130.675
-19.8603 90.9159
-19.6908 150.155
-19.3928 254.03
-20.0726 18.2021
-20.0742 17.9793
-20.2043 -26.8514
-20.014 39.5932
-20.7958 -231.647
-19.8792 87.1312
-19.9803 52.3478
-19.8292 105.176
-20.2423 -37.9788
-20.2416 -37.3725
-20.4206 -99.2258
-20.326 -66.0031
-20.6279 -170.553
-20.205 -23.2664
-19.7951 119.463
-19.8018 117.494
-20.2968 -54.1401
-20.8406 -242.698
-20.5252 -132.79
-20.3183 -60.5535
-19.7084 151.675
-19.4095 255.848
-19.8945 87.7235
-20.929 -271.302
-21.0653 -318.315
-20.19 -13.8816
-19.7126 152.286
-20.2669 -39.9011
-20.2292 -26.4855
-20.0442 38.1451
-19.6892 161.829
-20.125 10.7551
-20.1048 18.1218
-20.1497 2.87875
-20.2634 -36.2653
-19.6686 170.701
-20.0264 46.7765
-20.114 16.6712
-20.4742 -108.103
-20.2029 -13.5054
-19.9504 74.5652
-20.1103 19.3432
-20.474 -106.65
-20.7902 -216.143
-20.2007 -11.0168
-19.9312 82.963
-20.0185 52.967
-20.287 -39.9378
-20.6377 -161.425
-20.4231 -86.5333
-20.1742 0.288795
-20.455 -96.9299
-20.6339 -158.735
-20.7325 -192.619
-20.5239 -119.803
-20.1941 -4.88392
-20.048 46.2023
-20.5184 -116.863
-20.659 -165.369
-20.428 -84.7659
-20.0406 50.1786
-19.5548 219.293
-19.6728 178.646
-19.7731 144.145
-20.3143 -43.5179
-20.4111 -76.8194
-20.8088 -214.619
-20.6649 -164.297
-20.6257 -150.334
-20.5444 -121.724
-20.7117 -179.495
-20.3134 -40.797
-20.2755 -27.2631
-19.9042 102.073
-20.1108 30.6508
-20.1316 23.7462
-20.2129 -4.12226
-20.7072 -175.52
-20.8799 -235.163
-20.2647 -21.073
-20.4019 -68.396
-20.2901 -29.2309
-20.3941 -64.9929
-19.6074 208.64
-19.4874 250.686
-20.2485 -13.389
-20.3749 -56.9306
-20.3723 -55.6799
-20.3525 -48.4533
-20.9126 -242.676
-20.6516 -151.669
-20.1526 22.0344
-20.1392 27.0403
-19.9098 107.055
-20.2756 -19.6718
-20.492 -94.5031
-20.1142 37.0998
-19.2602 334.116
-19.307 318.228
-19.4608 265.145
-19.905 111.163
-20.0374 65.5104
-20.7361 -176.865
-20.5199 -101.409
-20.1278 35.145
-20.2998 -24.2632
-20.162 23.9742
-19.835 137.909
-20.0782 53.7685
-20.2257 2.87684
-20.8231 -204.288
-20.6159 -131.959
-20.3572 -41.7668
-20.348 -38.1979
-20.4847 -85.3611
-20.1095 45.3412
-19.8901 121.906
-20.2253 5.78624
-20.4761 -80.9879
-20.8608 -214.268
-20.7994 -192.604
-20.7312 -168.565
-20.6855 -152.331
-20.2975 -17.2117
-20.2706 -7.49757
-20.3715 -42.2158
-20.1739 26.768
-20.4742 -77.1838
-20.7872 -185.578
-20.5918 -117.355
-20.0195 81.7947
-20.0792 61.4117
-20.2817 -8.56623
-20.5073 -86.6029
-20.5424 -98.4541
-20.3555 -33.1886
-20.2039 19.8248
-19.8395 146.76
-19.5827 236.344
-19.9036 125.191
-20.2474 6.11309
-20.6491 -133.097
-20.6145 -120.734
-20.9064 -221.766
-20.7706 -174.255
-20.5322 -91.0872
-20.8295 -194.019
-20.4123 -48.7378
-20.241 11.1071
-20.3305 -19.6292
-20.4801 -71.2371
-20.2603 5.43791
-20.0527 77.9214
-20.5225 -84.9359
-20.5459 -92.7306
-20.9408 -229.565
-20.6615 -132.178
-20.5114 -79.6857
-19.9415 118.641
-20.3776 -32.5156
-20.2261 20.4598
-20.1466 48.4204
-19.9364 121.805
-19.7717 179.368
-19.9859 105.281
-20.526 -81.9995
-20.4377 -50.9459
-20.7092 -144.939
-21.0727 -270.87
-20.8909 -207.364
-20.6887 -136.781
-19.8806 144.325
-19.7315 196.465
-20.1817 40.4108
-20.6009 -104.875
-20.8092 -176.876
-20.7563 -158.168
-20.6166 -109.276
-20.7886 -168.698
-20.6706 -127.361
-20.3184 -4.64918
-20.0997 71.6719
-20.1331 60.4041
-20.6396 -115.206
-20.7176 -141.958
-19.6247 238.056
-19.3588 330.801
-19.8062 175.695
-20.2413 24.9022
-20.78 -161.881
-20.6616 -120.422
-20.6535 -117.239
-20.4597 -49.584
-20.2794 13.422
-19.8045 178.721
-19.5554 265.615
-19.6354 238.186
-19.8008 181.078
-20.0866 82.1155
-19.9856 117.549
-20.2426 28.6261
-20.2362 31.1952
-20.2837 15.0518
-20.075 87.8944
-20.0356 101.941
-19.8289 174.069
-19.6185 247.512
-19.8469 168.521
-20.2411 31.9429
-20.3668 -11.4051
-20.2397 33.1146
-20.1197 75.1367
-19.9211 144.468
-20.1871 52.4242
-20.4874 -51.5625
-20.2548 29.5978
-19.6041 255.999
-20.1465 67.9248
-20.3475 -1.58041
-20.6115 -92.9343
-20.9399 -206.653
-20.7212 -130.333
-20.7328 -134.028
-20.4814 -46.3567
-20.4222 -25.4395
-20.1147 81.7293
-19.9723 131.549
-19.9182 150.711
-20.0154 117.296
-19.905 155.964
-20.1194 81.838
-19.9099 154.965
-20.1034 88.1099
-19.7927 196.379
-19.4633 311.15
-20.1574 70.368
-20.4902 -44.8854
-20.4164 -18.8929
-20.1214 83.9396
-19.9008 160.918
-20.2052 55.5056
-19.9343 149.955
-20.0836 98.4565
-20.1769 66.3895
-20.2628 36.8876
-20.2829 30.2745
-20.0708 104.286
-19.8992 164.239
-20.3618 3.88607
-20.2637 38.3192
-19.9151 159.773
-20.2737 35.5389
-19.9847 136.278
-19.8485 183.958
-20.2628 40.3722
-19.9162 161.115
-19.8211 194.513
-19.5878 275.899
-19.9468 151.546
-20.5136 -45.0379
-20.3746 3.62171
-20.3007 29.6285
-20.2306 54.3466
-20.2833 36.3848
-20.0319 124.068
-20.507 -40.6584
-20.4364 -15.7646
-19.9937 138.355
-20.091 104.903
-20.087 106.641
-20.3481 16.3054
-20.2743 42.2894
-20.3211 26.3825
-20.2894 37.7239
-20.3952 1.30634
-20.1748 78.2179
-20.007 136.876
-19.795 210.866
-20.0926 107.842
-20.6865 -98.132
-20.7119 -106.63
-20.382 8.33917
-20.3374 24.1774
-20.3943 4.76643
-20.7552 -120.272
-20.579 -58.7191
-20.3166 32.7903
-20.4405 -9.89425
-20.4308 -6.18848
-20.6334 -76.2303
-20.6244 -72.7346
-20.2809 46.9266
-20.3151 35.4076
-20.0649 122.671
-20.3695 17.2047
-20.4014 6.44542
-20.4162 1.67607
-20.0784 119.381
-20.0668 123.737
-20.2689 53.8831
-20.1358 100.451
-20.1947 80.3573
-20.3687 20.2397
-20.2204 72.1068
-20.667 -82.686
-20.5676 -47.7888
-20.8027 -129.11
-20.5058 -25.6409
-19.8111 216.051
-19.4741 333.456
-19.5614 303.487
-20.5736 -47.817
-21.0531 -214.03
-20.6913 -87.9784
-20.1102 114.218
-19.9817 159.214
-20.0729 127.885
-20.515 -25.3525
-20.4826 -13.7454
-20.127 110.126
-20.3131 45.8186
-20.2956 52.2655
-20.3606 30.023
-20.5744 -43.9201
-20.9065 -158.92
-20.6164 -57.7943
-20.3339 40.6797
-20.105 120.555
-20.4657 -4.40206
-20.369 29.5214
-20.36 32.9853
-20.3423 39.5141
-20.5171 -20.8643
-20.5678 -38.1313
-20.8682 -142.16
-20.7552 -102.536
-20.35 38.5628
-20.5411 -27.4818
-20.7556 -101.658
-20.8345 -128.713
-20.8621 -137.957
-20.652 -64.6108
-20.5798 -39.2029
-20.6487 -62.7765
-20.7138 -85.0577
-20.4546 5.35076
-20.5523 -28.226
-20.8135 -118.632
-20.7992 -113.313
-20.9606 -169.048
-20.9791 -175.126
-20.6218 -50.6562
-20.5686 -31.8203
-20.3655 39.0662
-19.9434 186.073
-20.3519 44.4864
-20.6881 -71.9441
-20.7301 -86.191
-20.8515 -128.025
-20.8974 -143.597
-20.84 -123.342
-20.509 -7.98382
-20.5353 -16.7792
-20.3488 48.3699
-19.6475 292.338
-19.7425 259.664
-20.2579 80.9613
-20.7907 -103.753
-21.4868 -345.234
-21.5844 -378.803
-20.3665 44.636
-19.9051 205.284
-20.4185 27.2811
-21.0591 -194.936
-20.7182 -76.156
-20.6855 -64.4298
-20.8288 -113.875
-20.2176 98.7996
-20.4479 19.1372
-20.6791 -60.8256
-20.4834 7.49671
-20.2192 99.6224
-20.3261 62.8545
-20.2198 100.119
-20.623 -39.6079
-20.639 -44.8264
-20.416 32.9917
-20.501 3.8379
-20.5782 -22.6468
-20.4456 23.7693
-20.2043 107.945
-20.2772 82.9583
-20.4391 27.0767
-20.5831 -22.6285
-21.085 -196.642
-21.1226 -209.326
-20.8065 -99.1946
-20.7981 -95.9012
-20.4243 34.2993
-20.1928 115.069
-19.5492 339.005
-19.8932 219.82
-20.3371 65.9602
-20.2678 90.4047
-20.2692 90.2431
-20.2344 102.706
-20.6123 -28.245
-20.2711 90.6396
-20.3116 76.9253
-20.6855 -52.6294
-20.7825 -85.9752
-20.0156 180.779
-19.7308 280.054
-20.2687 93.5365
-20.8545 -109.619
-21.2135 -233.965
-20.5802 -13.6147
-19.8418 243.237
-20.3209 77.1634
-20.6338 -31.2018
-21.2307 -238.205
-21.243 -242.118
-21.4711 -321.02
-20.7071 -55.2561
-20.3174 80.4463
-20.8404 -100.899
-21.274 -251.174
-21.4069 -296.98
-21.3709 -284.151
-20.7124 -55.0303
-20.6819 -44.0902
-20.4306 43.554
-20.1755 132.534
-20.0847 164.431
-20.5377 7.39504
-20.3182 84.0112
-20.8475 -99.5173
-21.3586 -276.724
-21.2815 -249.602
-21.0429 -166.361
-20.6221 -19.8517
-21.0099 -154.198
-21.3215 -262.123
-21.1879 -215.347
-21.2093 -222.422
-20.8936 -112.423
-20.7517 -62.7909
-20.9356 -126.307
-21.1235 -191.239
-21.2283 -227.313
-21.1594 -203.017
-21.7068 -392.826
-21.8081 -427.664
-21.3615 -272.174
-20.7455 -57.8514
-20.5302 17.299
-20.787 -71.5551
-21.6052 -355.465
-21.4537 -302.483
-20.9178 -115.961
-20.9752 -135.559
-20.8565 -93.986
-20.8689 -97.9343
-21.2792 -240.103
-21.0446 -158.266
-20.5554 12.0075
-20.4391 52.7547
-20.6449 -18.3921
-20.6417 -16.9035
-20.5006 32.4426
-20.8222 -78.9437
-20.9579 -125.71
-20.5409 19.4915
-20.4298 58.4322
-20.6515 -18.2551
-20.754 -53.4869
-20.7015 -34.8959
-20.6544 -18.2034
-20.1783 147.549
-20.287 110.132
-20.5407 22.3291
-20.448 54.875
-20.7568 -52.0555
-20.7584 -52.265
-20.6287 -6.83446
-20.4231 64.9248
-20.5547 19.56
-21.0244 -143.278
-20.9428 -114.586
-20.5584 19.3148
-20.7891 -60.4958
-21.0884 -164.113
-20.7884 -59.5457
-20.4851 46.1835
-20.6617 -14.8354
-20.9653 -119.948
-20.9289 -106.953
-20.6385 -5.71839
-20.666 -14.9525
-20.9332 -107.422
-20.9895 -126.636
-20.697 -24.6558
-20.6274 -0.139851
-21.1807 -192.015
-21.1947 -196.521
-21.0555 -147.824
-21.0456 -144.043
-21.2844 -226.65
-21.5019 -301.858
-21.573 -326.215
-21.1297 -171.866
-20.6997 -22.1419
-21.1013 -161.284
-20.8499 -73.617
-20.9003 -90.7864
-20.6989 -20.476
-20.762 -42.0517
-20.8072 -57.3967
-20.7913 -51.5034
-20.8638 -76.35
-20.2881 123.99
-20.3542 101.358
-20.7895 -49.5129
-20.9118 -91.6288
-20.9805 -115.152
-20.7949 -50.3302
-20.5456 36.6306
-20.4262 78.4427
-20.3776 95.6626
-21.2983 -223.829
-21.487 -289.037
-21.5405 -307.269
-20.7221 -22.612
-20.7629 -36.4389
-21.1869 -183.39
-21.0213 -125.497
-20.5632 33.9891
-21.0046 -119.028
-21.1822 -180.362
-20.7249 -21.1439
-20.314 121.936
-20.4049 90.7109
-20.2804 134.298
-21.0434 -130.429
-21.332 -230.32
-21.5835 -317.33
-21.0475 -130.807
-20.4174 88.4498
-20.4435 79.7388
-20.7995 -43.6044
-21.3177 -223.262
-21.3248 -225.389
-20.8342 -54.6206
-20.6904 -4.31497
-20.4452 81.2171
-20.6183 21.4272
-20.9928 -108.335
-20.8252 -49.7475
-20.6366 16.1229
-20.5335 52.2779
-21.1142 -149.104
-21.2124 -182.863
-21.4634 -269.734
-21.4954 -280.472
-21.2213 -184.928
-21.0841 -136.895
-20.984 -101.78
-20.8477 -54.1053
-21.002 -107.356
-20.7322 -13.2535
-20.8123 -40.748
-21.1949 -173.319
-20.7899 -32.2811
-20.5724 43.6494
-20.4402 89.9032
-20.4347 92.1691
-20.6067 32.752
-20.5383 56.8576
-20.6609 14.6115
-20.8886 -64.1126
-20.8104 -36.6048
-20.6075 34.2289
-20.4079 103.895
-20.8535 -50.5374
-21.0689 -125.038
-20.2829 148.373
-20.3486 125.901
-20.8792 -58.0906
-21.0104 -103.299
-20.7681 -18.7945
-20.5623 53.0621
-20.7913 -26.1482
-21.0084 -101.221
-21.272 -192.466
-21.4203 -243.631
-21.2515 -184.63
-20.812 -31.6013
-20.9696 -86.0228
-21.9161 -414.468
-21.3344 -212.04
-21.7873 -369.051
-21.4752 -260.275
-21.3428 -213.925
-21.4942 -266.168
-21.6233 -310.671
-21.7048 -338.653
-21.3991 -232.078
-21.4467 -248.272
-21.0519 -110.771
-21.1209 -134.42
-21.3081 -199.093
-21.4207 -237.865
-21.0657 -114.198
-20.9317 -67.2994
-20.759 -6.93991
-21.2542 -178.638
-21.4766 -255.543
-20.7347 2.5286
-20.6818 21.2612
-21.4969 -261.555
-21.4758 -253.875
-20.2513 171.861
-20.0637 237.361
-21.2499 -174.344
-21.6605 -316.645
-20.873 -42.7464
-20.2658 168.564
-20.6912 21.1071
-21.3653 -212.705
-21.0571 -105.288
-20.967 -73.6595
-21.1341 -131.364
-20.6637 32.4229
-21.0158 -89.5725
-21.3503 -205.409
-21.1669 -141.367
-21.4022 -222.739
-21.0662 -105.66
-21.6298 -301.127
-21.898 -393.932
-21.7357 -337.221
-21.5802 -282.856
-20.7154 17.9427
-21.5987 -288.565
-21.1422 -129.649
-20.8633 -32.3998
-20.5076 91.5101
-20.5989 60.1414
-21.0625 -100.568
-20.8394 -22.7179
-20.7104 22.4562
-20.657 41.3394
-20.8278 -17.6462
-21.194 -144.526
-21.1119 -115.659
-20.5776 70.3235
-20.7548 9.10907
-21.1105 -114.113
-20.6585 43.249
-20.705 27.439
-20.6722 39.2021
-20.718 23.621
-21.2001 -143.501
-20.689 34.3819
-20.7181 24.6235
-20.8348 -15.5659
-21.2648 -164.586
-21.3832 -205.397
-20.8855 -32.1355
-20.8568 -21.8162
-20.7003 32.8883
-21.0207 -78.0604
-20.4104 134.297
-20.7145 29.0214
-20.7529 16.0041
-20.5473 87.7923
-20.8378 -12.799
-21.0416 -83.2192
-20.9932 -66.0791
-21.2156 -143.004
-20.5924 73.8464
-20.5008 106.041
-20.879 -25.01
-21.1192 -108.104
-21.4236 -213.519
-20.9193 -37.9658
-20.5289 98.0066
-20.5081 105.574
-21.0861 -94.8572
-21.3073 -171.362
-21.438 -216.425
-21.3526 -186.401
-20.9386 -42.2266
-20.7289 30.9545
-20.6901 44.7869
-21.0618 -83.9954
-21.1981 -130.996
-21.1806 -124.589
-21.0228 -69.4077
-21.067 -84.4203
-21.0113 -64.7255
-20.8804 -18.9055
-21.0229 -68.0391
-21.0976 -93.6685
-21.4067 -200.685
-21.0446 -74.5588
-21.104 -94.8261
-21.1793 -120.657
-21.4888 -227.832
-21.1477 -108.966
-21.1308 -102.743
-21.239 -139.995
-21.4732 -221.005
-21.657 -284.526
-21.4689 -218.84
-20.9469 -37.1536
-20.6692 59.6664
-20.9034 -21.3447
-21.008 -57.3255
-21.3974 -192.243
-21.3347 -170.13
-21.2025 -123.856
-21.1906 -119.353
-21.0808 -80.8628
-20.9846 -47.1076
-20.7624 30.4386
-21.428 -200.443
-21.9067 -366.387
-21.4734 -215.541
-21.4569 -209.457
-21.5564 -243.664
-21.737 -306.063
-21.5026 -224.292
-21.1623 -105.7
-21.5463 -238.767
-21.4625 -209.294
-21.9276 -370.53
-21.4021 -187.638
-21.1006 -82.5261
-21.3009 -151.76
-21.6114 -259.279
-21.3641 -173.042
-21.409 -188.301
-21.1415 -95.0167
-21.1424 -94.9858
-21.3894 -180.424
-21.4865 -213.829
-20.874 -0.68286
-20.8965 -8.16231
-21.3286 -157.935
-21.3231 -155.674
-21.1157 -83.2615
-21.2225 -120.009
-21.5193 -222.767
-21.7344 -297.176
-21.2236 -119.351
-21.0227 -49.2229
-20.9672 -29.5883
-21.0452 -56.339
-21.0762 -66.7593
-21.1178 -80.8799
-20.6619 77.8686
-21.0824 -67.8907
-21.1124 -77.9707
-20.8533 12.4176
-21.19 -104.217
-20.8234 23.4871
-21.1509 -89.9249
-20.8996 -2.29788
-20.6832 73.2259
-21.015 -41.6736
-21.2523 -123.767
-21.2298 -115.624
-21.2414 -119.302
-20.8579 14.2663
-20.8926 2.56589
-20.8792 7.5868
-20.4703 149.968
-20.7027 69.5977
-21.1562 -87.6106
-21.4438 -187.177
-21.4185 -178.057
-20.8817 8.801
-20.8948 4.57068
-21.5575 -225.302
-21.2158 -106.246
-20.9503 -13.6633
-21.037 -43.4171
-21.0345 -42.2009
-20.9517 -13.0961
-21.0288 -39.5498
-21.0581 -49.354
-21.2993 -132.821
-21.1701 -87.5775
-21.5315 -212.778
-20.8925 9.55874
-21.2752 -123.044
-20.8272 32.9452
-21.2105 -99.8854
-21.2508 -113.534
-20.9184 2.28019
-20.6586 92.9021
-20.9114 5.43206
-20.9311 -1.08959
-21.4178 -169.798
-21.0884 -55.0371
-20.8658 22.6528
-20.6695 91.1875
-20.7653 58.2447
-20.95 -5.56137
-20.6741 90.6527
-20.5654 128.74
-20.8313 36.7118
-21.1248 -64.9026
-21.2841 -119.895
-21.2234 -98.4586
-21.2625 -111.672
-21.0031 -21.2365
-20.6123 114.882
-21.0091 -22.6136
-20.8672 27.012
-21.1566 -73.1768
-21.1759 -79.5194
-20.8179 45.1809
-21.2479 -103.851
-21.2543 -105.697
-20.9859 -12.1165
-20.8741 27.0777
-20.7528 69.558
-21.1914 -82.4575
-21.8875 -323.96
-21.814 -298.079
-21.6086 -226.379
-21.4135 -158.245
-20.9727 -4.76388
-21.2216 -90.8624
-21.4289 -162.534
-21.4001 -152.192
-21.2157 -87.7776
-20.9722 -2.84269
-21.4853 -180.743
-20.9919 -9.00968
-20.8133 53.4089
-21.346 -131.299
-20.8899 27.49
-20.9577 4.26041
-21.0293 -20.2649
-21.2067 -81.5508
-21.2029 -79.8492
-21.1627 -65.5602
-21.6025 -217.98
-21.251 -95.5219
-20.616 125.393
-20.6392 117.704
-21.0561 -26.7758
-20.9831 -1.06401
-21.3839 -139.98
-21.0391 -19.8453
-21.0044 -7.45141
-20.9301 18.7329
-21.0662 -28.1967
-21.0776 -31.8317
-21.2708 -98.6028
-21.105 -40.643
-21.0616 -25.2366
-21.1032 -39.3233
-21.1754 -64.05
-21.5573 -196.398
-21.4122 -145.626
-21.4665 -164.142
-21.3017 -106.557
-21.422 -148.003
-21.2743 -96.3267
-21.2715 -95.0271
-21.5108 -177.799
-21.4373 -151.928
-20.9329 23.6666
-21.1184 -40.4457
-21.5217 -180.186
-21.5345 -184.295
-21.4587 -157.607
-21.0133 -2.54857
-20.5433 161.079
-21.0907 -28.732
-21.3163 -106.76
-21.4297 -145.804
-21.4324 -146.377
-21.5101 -173.043
-21.1678 -53.7711
-21.0834 -24.1234
-21.1871 -59.7832
-21.6654 -225.583
-21.4901 -164.355
-21.0246 -2.30612
-21.2391 -76.4662
-21.0131 2.38751
-21.0644 -15.0768
-21.2679 -85.4308
-21.4243 -139.415
-21.4717 -155.523
-21.3406 -109.632
-21.8501 -286.293
-21.5584 -184.602
-20.8885 48.4618
-20.6149 143.854
-21.0661 -12.5446
-21.2042 -60.1712
-20.9446 30.3533
-20.979 18.7475
-21.5831 -190.739
-21.3826 -120.767
-21.3304 -102.277
-21.0092 9.66021
-21.2142 -61.2193
-21.6015 -195.405
-21.5309 -170.551
-21.1122 -24.7273
-21.4807 -152.401
-21.37 -113.587
-21.3159 -94.4496
-21.298 -87.8866
-20.9277 41.101
-20.47 200.442
-20.9376 38.3687
-21.108 -20.4803
-21.2801 -79.929
-21.5816 -184.34
-21.5598 -176.415
-21.3392 -99.4132
-21.3475 -101.947
-21.5124 -158.904
-21.4043 -120.983
-21.3341 -96.2697
-21.2372 -62.2697
-21.4299 -128.863
-20.9497 38.3241
-21.1998 -48.2275
-21.4391 -131.004
-21.3755 -108.559
-21.2315 -58.1828
-21.5425 -165.885
-21.1521 -29.9251
-20.9772 31.1866
-20.9636 36.2528
-21.2788 -72.8662
-21.1938 -43.007
-21.0046 23.0613
-21.0856 -4.72466
-21.2767 -70.7591
-21.2035 -44.9935
-21.242 -58.0061
-21.263 -64.9753
-20.7788 103.608
-21.1496 -24.8766
-21.5494 -163.412
-21.5935 -178.392
-21.5123 -149.814
-20.9931 30.8907
-20.9896 32.4313
-21.3473 -91.4833
-21.3021 -75.4081
-21.418 -115.324
-21.5029 -144.477
-21.1714 -28.957
-20.8598 79.6264
-20.7929 103.21
-21.2791 -65.3348
-21.756 -230.68
-21.8663 -268.627
-21.7157 -215.968
-21.5637 -162.825
-21.3846 -100.272
-20.8966 69.6114
-21.2824 -64.0759
-21.5029 -140.305
-21.604 -175.091
-21.3533 -87.6513
-20.8853 75.2946
-20.5318 198.434
-20.9629 49.0348
-20.8091 102.804
-21.0945 3.98477
-20.8349 94.5291
-20.7849 112.229
-20.5626 189.83
-20.4498 229.342
-20.5876 181.814
-20.6882 147.229
-21.0609 18.0925
-21.62 -175.775
-22.0043 -308.934
-21.6187 -174.652
-21.3084 -66.5001
-20.7039 143.854
-20.333 273.059
-20.948 59.7621
-20.7728 120.963
-20.5913 184.364
-20.9833 48.5143
-20.9601 56.9472
-20.7296 137.374
-20.5246 208.911
-20.5883 187.143
-20.7442 133.335
-21.0109 41.0158
-21.0315 34.2337
-20.8288 104.976
-20.7372 137.135
-21.0254 37.3834
-21.1069 9.43059
-20.8768 89.7038
-20.7878 120.965
-20.5763 194.797
-20.5477 205.053
-20.1688 337.043
-20.485 227.553
-21.0301 38.5397
-20.7442 138.209
-20.4385 244.739
-20.4249 249.824
-20.3492 276.472
-20.6622 168.082
-21.1878 -14.1657
-20.9122 81.9221
-20.7624 134.307
-21.1597 -3.37917
-20.5112 222.246
-20.3993 261.501
-20.7145 152.32
-20.5085 224.228
-20.7039 156.711
-20.9193 82.218
-20.6081 190.674
-20.8029 123.374
-21.2609 -35.3847
-21.0541 36.7738
-21.0294 45.7308
-20.9984 56.8391
-20.924 83.0334
-20.738 148.001
-21.0463 41.236
-20.6625 174.918
-20.348 284.508
-21.0495 41.1736
-20.9463 77.3645
-20.6753 171.85
-20.6274 188.856
-20.8177 123.077
-20.719 157.721
-20.5478 217.534
-20.8615 108.921
-21.0121 56.9505
-20.9528 77.8959
-21.0536 43.21
-20.9475 80.4373
-20.638 188.3
-20.6767 175.206
-20.8356 120.329
-21.4293 -85.5682
-21.6008 -144.788
-21.5842 -138.663
-21.1709 5.2587
-21.3542 -58.0988
-21.6095 -146.419
-22.0317 -292.736
-21.0235 57.8457
-21.0057 64.3791
-21.2884 -33.4881
-21.6267 -150.668
-21.896 -243.863
-22.0699 -303.949
-21.4618 -92.3337
-21.4693 -94.5935
-21.3956 -68.6357
-21.4389 -83.3304
-21.1841 5.53064
-21.3542 -53.2342
-21.3792 -61.5496
-21.2484 -15.7578
-21.0205 63.7623
-21.325 -41.6751
-21.2668 -21.1211
-21.3059 -34.3696
-21.3025 -32.8367
-21.1959 4.53449
-21.1532 19.7385
-20.9053 106.182
-20.8905 111.671
-21.4644 -87.3432
-21.7892 -199.833
-21.4457 -80.1385
-21.1117 36.223
-20.8915 113.087
-21.3028 -29.4537
-21.7117 -171.173
-21.2649 -15.606
-20.9633 89.5292
-21.2062 5.488
-22.0136 -274.658
-21.7353 -177.608
-21.2379 -4.46691
-21.3262 -34.8158
-21.8519 -217.073
-22.1252 -311.673
-21.8404 -212.403
-21.4096 -62.3792
-21.3646 -46.4267
-21.6468 -144.099
-21.6165 -133.237
-21.6689 -151.096
-21.2118 8.05938
-21.7222 -168.894
-22.137 -312.67
-21.4118 -60.3908
-21.4658 -78.7847
-21.4732 -81.0265
-21.8016 -194.743
-21.4553 -74.0887
-21.4793 -82.1027
-21.2683 -8.4314
-21.6811 -151.494
-21.6998 -157.647
-21.9407 -240.977
-21.6177 -128.432
-21.3522 -35.8474
-21.0286 76.9229
-20.924 113.609
-21.2456 2.20749
-21.2584 -1.86375
-21.6501 -137.593
-21.6967 -153.434
-21.69 -150.767
-21.8703 -213.041
-22.072 -282.765
-21.5339 -95.5007
-21.1406 41.4751
-21.0605 69.6507
-21.7149 -157.345
-21.8174 -192.581
-21.8561 -205.709
-21.8769 -212.555
-21.5361 -93.8207
-21.0905 61.3035
-21.2303 13.109
-21.3852 -40.3616
-21.2588 3.88671
-21.1038 58.0755
-21.6695 -138.081
-21.7773 -175.207
-21.7502 -165.415
-21.6171 -118.835
-21.6748 -138.546
-21.5948 -110.385
-21.3943 -40.3959
-21.2576 7.44377
-20.8579 146.636
-21.1192 56.2171
-21.3012 -6.65835
-21.8831 -208.47
-21.9081 -216.81
-21.7276 -153.745
-21.4165 -45.3522
-21.3304 -15.061
-21.8428 -192.721
-21.5133 -77.9196
-21.5002 -73.0291
-21.6635 -129.399
-21.4448 -53.0748
-21.4618 -58.6347
-21.4761 -63.2739
-21.382 -30.2209
-21.22 26.4061
-21.3426 -15.8451
-21.632 -116.036
-22.0943 -276.274
-21.9375 -221.48
-21.6059 -105.928
-21.9532 -226.214
-21.8821 -201.188
-21.4164 -39.0355
-21.2852 6.88606
-21.3007 1.82545
-21.5271 -76.453
-21.9236 -213.853
-21.9707 -229.859
-21.3434 -11.5936
-21.3074 1.24175
-21.6299 -110.421
-21.6286 -109.623
-21.4681 -53.5324
-21.1279 64.9833
-20.9383 131.221
-21.4208 -36.0594
-21.5578 -83.3083
-21.6883 -128.295
-21.3271 -2.45249
-21.2451 26.3775
-21.5076 -64.4801
-21.7019 -131.638
-21.2817 14.711
-21.0311 102.109
-21.278 16.6846
-21.3743 -16.4314
-21.4468 -41.2866
-21.8225 -171.451
-21.3782 -16.7318
-21.1726 55.0131
-21.5929 -90.6313
-21.6735 -118.293
-21.495 -55.9362
-21.7949 -159.763
-22.0748 -256.645
-21.3943 -19.9071
-21.2642 25.632
-21.0653 95.0885
-21.5098 -58.9941
-21.7313 -135.582
-21.5447 -70.4326
-21.4907 -51.3205
-21.3362 2.71779
-21.2428 35.5056
-21.3794 -11.6117
-21.607 -90.3115
-21.2645 29.0099
-21.1469 70.2156
-21.293 19.817
-21.1354 74.8918
-21.2547 33.7925
-21.4425 -31.0762
-21.5663 -73.763
-21.2403 39.8567
-21.1142 83.9853
-21.223 46.5588
-21.3002 20.093
-21.2122 51.0081
-21.0591 104.528
-21.5253 -57.0696
-21.9899 -218.136
-21.9837 -215.64
-21.811 -155.303
-21.2246 48.7789
-21.3111 19.0849
-21.5047 -47.8246
-21.7451 -130.99
-21.9512 -202.262
-21.5637 -67.2756
-21.3031 23.5803
-21.0358 116.799
-21.6266 -88.1093
-21.9246 -191.282
-21.1634 73.4996
-20.8485 183.256
-21.0386 117.551
-21.4238 -15.9161
-21.2684 38.4115
-21.2459 46.574
-21.2734 37.3664
-20.9688 143.551
-21.3199 21.9049
-21.9705 -203.738
-21.5932 -72.3384
-21.9178 -184.746
-21.8117 -147.538
-21.6212 -81.0055
-21.9065 -179.762
-21.6588 -93.3908
-21.5791 -65.3352
-21.0341 124.34
-21.1039 100.434
-21.5397 -50.6324
-21.5599 -57.2986
-21.4964 -34.8927
-21.3556 14.3655
-21.0815 109.949
-21.3818 5.96546
-21.3219 27.1319
-21.5849 -63.8989
-21.3344 23.4956
-21.3678 12.2416
-21.2251 62.1454
-21.0735 115.16
-21.0346 129.009
-21.3573 17.2758
-21.1931 74.6546
-21.1757 81.0432
-21.1519 89.6457
-21.4361 -8.70742
-21.8745 -160.68
-21.0866 113.39
-20.505 315.784
-20.9312 168.086
-21.2528 56.679
-21.4095 2.60365
-21.4749 -19.7672
-21.1068 108.456
-21.1327 99.8024
-20.6715 260.381
-20.7058 248.791
-21.3197 35.869
-21.2532 59.3212
-20.9705 157.9
-21.0348 135.884
-21.1188 107.081
-20.9846 154.037
-21.4669 -13.1831
-21.6808 -87.1213
-21.6325 -69.989
-21.7414 -107.474
-21.55 -40.6464
-21.358 26.3881
-21.4456 -3.67074
-21.6687 -80.8248
-21.3195 40.8082
-21.5691 -45.5451
-21.3875 17.881
-21.3669 25.3855
-21.1835 89.4609
-21.5654 -42.8519
-21.4093 11.7127
-21.1777 92.5017
-21.43 5.22162
-20.8682 200.73
-21.276 59.409
-20.8353 212.852
-21.2128 82.0609
-21.4934 -15.0648
-21.4323 6.50278
-21.7519 -104.173
-21.4249 9.74856
-21.13 112.548
-21.5536 -34.2361
-21.3394 40.5119
-20.96 172.669
-21.537 -27.4532
-21.3021 54.489
-21.6603 -69.5793
-21.9879 -183.033
-21.6419 -62.5098
-21.3934 24.1704
-20.923 187.94
-21.2953 58.9373
-21.5317 -22.8114
-21.5525 -29.6935
-21.4693 -0.435564
-21.6622 -67.1292
-21.6434 -60.2275
-21.3745 33.5288
-21.3793 32.1969
-21.6122 -48.3715
-21.0908 133.12
-21.0946 132.163
-21.3027 60.2084
-21.6486 -59.6141
-21.4677 3.59444
-21.0454 150.621
-21.3053 60.692
-21.1371 119.461
-21.1744 106.868
-21.482 0.361352
-21.378 36.8301
-20.8464 221.838
-21.4219 22.2687
-21.2829 70.8879
-21.2933 67.6453
-21.6223 -46.3155
-21.3335 54.3759
-21.3938 33.762
-21.2753 75.2756
-21.5544 -21.3168
-22.2048 -246.911
-21.7446 -86.6936
-21.858 -125.755
-21.9446 -155.51
-21.8849 -134.416
-21.4243 25.9465
-21.1988 104.651
-21.6356 -46.7682
-21.8339 -115.292
-21.8463 -119.273
-21.9154 -142.92
-21.9041 -138.629
-21.6132 -37.2363
-21.5182 -3.88263
-21.5943 -29.987
-21.3297 62.2953
-21.3378 59.8134
-22.0625 -191.586
-22.0636 -191.632
-21.8279 -109.397
-21.4476 23.0647
-21.5932 -27.1714
-21.7875 -94.3032
-21.8271 -107.71
-22.0558 -186.813
-21.4054 39.4568
-20.9621 193.803
-21.1199 139.329
-21.921 -138.624
-21.6542 -45.5653
-21.354 59.0555
-21.2273 103.409
-21.3597 57.7604
-21.1664 125.283
-21.7199 -66.6554
-21.3344 67.6115
-21.4902 13.8098
-21.7378 -71.8499
-21.3341 68.7521
-21.5145 6.43941
-21.8363 -105.021
-21.7117 -61.3908
-21.5764 -14.0498
-21.3281 72.5605
-21.3132 78.1029
-21.0869 157.071
-21.3218 75.797
-21.3746 57.8109
-21.2879 88.259
-21.2296 108.87
-21.5841 -13.9251
-21.321 77.8225
-21.2365 107.524
-21.5241 7.96953
-21.3978 52.1685
-21.3345 74.5275
-21.585 -12.1625
-22.1298 -201.076
-21.8536 -104.776
-21.5918 -13.4794
-21.5867 -11.344
-21.7469 -66.657
-22.1229 -196.938
-22.1398 -202.463
-21.8807 -112.099
-22.0871 -183.471
-21.6556 -33.2124
-21.83 -93.4335
-21.8794 -110.278
-21.5411 7.60958
-21.3984 57.5156
-21.9663 -139.404
-21.823 -89.2718
-21.6709 -36.0863
-21.6884 -41.8382
-22.1653 -207.166
-21.6559 -29.8557
-22.0381 -162.276
-22.1825 -212.1
-21.9518 -131.61
-22.1736 -208.307
-22.0642 -169.941
-22.1777 -209.037
-22.117 -187.586
-22.1265 -190.556
-22.0969 -179.916
-21.4653 39.8518
-21.4601 42.0056
-21.5073 25.9386
-21.4015 63.0446
-21.3961 65.2653
-21.1717 143.579
-21.7113 -43.5258
-21.7601 -60.1205
-21.7674 -62.3231
-21.6634 -25.8464
-21.788 -68.779
-22.126 -185.854
-22.0181 -148.012
-22.3822 -274.176
-22.3162 -250.887
-22.1309 -186.158
-21.7885 -66.8602
-21.5006 33.4795
-21.4848 39.3165
-21.7025 -35.9464
-21.8613 -90.7645
-21.7636 -56.4893
-21.936 -116.018
-22.0065 -140.173
-22.072 -162.573
-21.9181 -108.786
-22.0369 -149.691
-22.0203 -143.564
-22.0131 -140.729
-21.9774 -127.979
-22.0923 -167.546
-22.3649 -261.904
-21.9012 -100.481
-21.6929 -27.7439
-21.8671 -87.9245
-21.6241 -3.17357
-21.6667 -17.617
-21.6603 -15.027
-21.5748 15
-21.5655 18.5883
-21.578 14.5989
-22.0758 -157.988
-22.0269 -140.676
-21.5248 34.1033
-21.3037 111.267
-21.5046 41.8179
-22.0747 -155.878
-22.0165 -135.312
-21.824 -68.0986
-21.5347 32.7684
-21.5828 16.3867
-21.5201 38.5104
-21.2399 136.202
-21.5665 23.1066
-21.8297 -67.9705
-21.629 2.07133
-21.6427 -2.31997
-21.4358 69.8949
-21.4765 56.1106
-21.1701 162.896
-21.0038 221.023
-21.3656 95.6803
-21.9867 -119.744
-21.937 -102.142
-21.065 201.157
-20.7037 327.011
-21.0784 197.184
-21.353 102.125
-21.9866 -117.643
-22.0993 -156.447
-21.9286 -96.7868
-22.0593 -141.841
-21.7065 -18.9487
-21.4552 68.7178
-21.8411 -65.0131
-21.7621 -37.2102
-21.1999 158.464
-21.5921 22.5542
-21.5429 39.9939
-22.1976 -187.095
-22.2935 -220.057
-21.7572 -33.4323
-21.8459 -63.8852
-21.5502 39.1954
-21.593 24.6764
-21.4711 67.3557
-21.6157 17.4593
-21.6268 13.9742
-21.5587 37.9834
-21.4754 67.2473
-21.2996 128.686
-21.492 62.1749
-22.0816 -142.289
-22.2873 -213.418
-22.0586 -133.604
-21.7848 -38.1584
-21.5416 46.6878
-21.5937 28.949
-21.684 -2.09414
-21.7833 -36.2491
-21.6439 12.5514
-21.6375 15.1046
-21.5046 61.6127
-21.3538 114.348
-21.6743 3.35369
-22.1277 -153.799
-22.1927 -176.036
-21.7955 -37.6956
-21.9961 -107.028
-22.1404 -156.798
-21.8293 -48.3934
-21.6859 1.76619
-21.7918 -34.672
-21.9125 -76.247
-21.9579 -91.6877
-21.5718 42.7953
-21.9204 -77.9395
-22.1029 -141.005
-21.5681 45.1244
-21.6135 29.6876
-21.6629 12.8722
-21.5719 44.8424
-21.7137 -4.06494
-21.5417 56.025
-21.4596 84.8905
-21.653 18.0638
-21.4476 89.7669
-21.5391 58.3391
-21.2115 172.497
-21.4006 107.142
-21.6657 15.3891
-21.2894 146.454
-21.1093 209.377
-21.058 227.53
-21.5575 54.3553
-21.733 -6.25764
-21.9932 -96.3125
-21.6692 16.6028
-21.5299 65.3566
-20.9863 254.519
-21.1537 196.729
-21.115 210.507
-21.3028 145.615
-21.614 37.8572
-21.7294 -1.87361
-21.3254 138.806
-21.0923 220.13
-21.7702 -15.0098
-21.8881 -55.6026
-21.558 59.4127
-21.6395 31.4291
-21.3856 119.994
-21.1917 187.699
-21.3403 136.42
-21.682 18.0578
-21.5698 57.4056
-22.0981 -125.796
-21.7035 11.6287
-21.7378 0.0623172
-22.0204 -97.7415
-22.086 -120.182
-21.7519 -3.80037
-21.4839 89.6518
-21.4771 92.3673
-21.1158 218.25
-21.4596 99.1537
-21.3711 130.249
-21.4814 92.2764
-21.4917 89.025
-21.5919 54.5681
-21.1198 218.941
-21.5989 52.8266
-21.8784 -43.9098
-21.5474 71.4393
-21.3532 139.25
-21.4661 100.351
-21.3683 134.671
-21.4532 105.54
-21.8189 -21.1451
-21.889 -45.1548
-22.1207 -125.314
-21.9202 -55.3142
-21.6158 50.7835
-21.4506 108.518
-21.7083 19.3552
-21.8219 -19.7689
-22.1655 -138.772
-21.7529 4.89597
-21.8623 -32.7762
-21.8179 -16.9782
-21.5407 79.6621
-21.5865 64.1072
-21.9603 -65.422
-22.1337 -125.288
-22.3232 -190.777
-22.0579 -98.2698
-21.5736 70.3249
-21.4638 108.793
-21.8513 -25.4539
-21.6061 60.0596
-22.0718 -101.381
-21.8075 -9.21021
-22.0015 -76.2654
-21.7952 -4.24026
-21.9464 -56.4139
-22.2199 -151.085
-22.332 -189.664
-21.8009 -4.81848
-21.9128 -43.3493
-21.7422 16.2574
-21.6145 60.9564
-21.5528 82.7349
-22.0084 -75.1821
-21.9571 -56.9923
-21.6475 50.8847
-22.0388 -84.7092
-21.909 -39.2531
-21.7931 1.36653
-21.7554 14.8073
-22.0404 -83.8784
-22.2444 -154.366
-21.6985 35.6
-21.8492 -16.4092
-22.2328 -149.297
-22.0782 -95.2449
-21.9669 -56.2271
-21.9749 -58.6746
-21.8002 2.35954
-21.7377 24.4158
-21.5357 94.9487
-21.7091 35.0469
-21.4853 113.148
-21.814 -0.701525
-22.1003 -99.7977
-21.5351 96.9003
-21.3996 144.293
-21.7294 30.0858
-22.0422 -78.2407
-21.8778 -20.7852
-22.115 -102.827
-21.6977 42.4964
-21.8273 -2.19057
-21.8969 -26.026
-21.6268 68.1615
-21.6328 66.4285
-22.1881 -126.141
-21.5453 97.5135
-21.2466 201.633
-21.8436 -5.41243
-22.1264 -103.323
-21.4754 123.192
-21.605 78.4974
-22.2863 -157.82
-22.1021 -93.4685
-22.0507 -75.2729
-22.2573 -146.72
-22.2258 -135.42
-22.1399 -105.212
-22.5034 -231.147
-22.1046 -92.2662
-21.8123 9.61408
-22.1466 -106.149
-22.1293 -99.7917
-22.0687 -78.3939
-22.1067 -91.2623
-22.0972 -87.6063
-21.8684 -7.78729
-22.2589 -143.095
-21.7268 42.1066
-21.9575 -37.6771
-21.8052 15.5497
-21.6934 54.7668
-21.7996 18.1977
-21.7964 19.6515
-21.7035 52.2872
-21.8442 3.75248
-21.8338 7.69511
-22.5318 -234.412
-21.9965 -48.0989
-21.7457 39.3624
-22.0916 -80.4576
-21.8334 9.59991
-21.941 -27.4418
-22.0361 -60.1195
-21.6709 67.0872
-21.7229 49.3701
-21.6942 59.6732
-22.1882 -111.572
-22.4173 -190.837
-22.042 -60.0933
-22.2975 -148.522
-22.0883 -75.4903
-22.2807 -141.982
-21.8188 18.8324
-21.7891 29.5068
-21.948 -25.3466
-21.9798 -36.0581
-21.8373 13.7767
-21.8365 14.4136
-21.9706 -31.807
-21.8485 10.9579
-21.6943 64.8556
-21.8674 5.07842
-21.7413 49.2279
-21.5631 111.488
-21.7883 33.6044
-21.4067 166.502
-21.3681 180.257
-21.9367 -16.9337
-22.0305 -49.1645
-22.1149 -78.1164
-22.5636 -233.671
-22.1811 -100.448
-21.9842 -31.6749
-21.9531 -20.5453
-21.8698 8.75835
-21.8482 16.598
-22.2325 -116.567
-22.2476 -121.451
-22.1485 -86.6826
-22.1325 -80.7598
-21.6241 96.1999
-22.1022 -69.5394
-21.8456 19.9301
-22.1281 -77.8415
-22.0785 -60.26
-22.0234 -40.7979
-21.7241 63.5353
-21.6708 82.3982
-21.7068 70.2595
-21.659 87.1948
-21.6804 80.1159
-21.9372 -8.74117
-21.5399 129.624
-21.4371 165.662
-21.3963 180.196
-21.9117 1.50822
-22.0186 -35.3063
-21.9869 -23.9209
-21.9255 -2.25477
-21.935 -5.20451
-22.0798 -55.1518
-21.9606 -13.4085
-22.0088 -29.8022
-21.71 74.3441
-22.0062 -28.2174
-21.9932 -23.3458
-21.8173 38.0938
-22.1704 -84.2047
-22.1242 -67.8218
-22.2926 -125.967
-21.7821 51.7336
-21.8949 12.8979
-21.7173 74.9164
-22.233 -103.875
-22.1304 -67.885
-21.9933 -19.9226
-21.9699 -11.4374
-21.7475 66.1667
-21.8699 24.0207
-22.1107 -59.29
-21.8839 19.8288
-21.6736 93.2534
-21.804 48.297
-21.7746 58.8424
-22.072 -44.1126
-22.1345 -65.4808
-22.1874 -83.5308
-21.9653 -6.02539
-21.9706 -7.50747
-21.6039 120.218
-21.6648 99.4324
-21.9758 -8.25996
-22.1792 -78.5915
-21.8938 20.907
-21.9015 18.5828
-22.2277 -94.3727
-22.1137 -54.434
-22.2076 -86.7226
-22.3477 -135.027
-22.0358 -26.3352
-21.7352 78.4371
-22.1725 -73.1183
-21.6836 97.0636
-21.8142 52.0344
-22.1583 -67.1436
-22.4104 -154.378
-22.0436 -26.6223
-21.9709 -0.999679
-21.4086 194.667
-21.2967 233.901
-21.9855 -5.05318
-22.3854 -143.606
-21.8041 58.6915
-21.5762 138.184
-21.4885 168.992
-21.9357 14.0091
-22.038 -21.1766
-21.7838 67.472
-21.4096 197.81
-21.4544 182.606
-21.9306 17.4926
-21.8995 28.6727
-21.6447 117.525
-21.6096 130.078
-21.7894 67.9391
-22.1439 -54.8459
-22.0278 -14.1835
-21.8573 45.3992
-21.7194 93.6733
-22.034 -15.2955
-22.1306 -48.4865
-21.9358 19.5129
-22.0924 -34.5294
-22.0537 -20.7558
-22.1059 -38.51
-22.265 -93.4638
-21.9152 28.4234
-22.1537 -54.0737
-21.8563 49.5901
-21.7318 93.1865
-22.2427 -83.9791
-21.9853 5.80721
-21.7456 89.4136
-21.8247 62.2753
-22.2056 -69.7042
-22.2823 -95.9689
-22.0085 -0.50662
-22.0293 -7.4088
-22.3122 -105.314
-21.9102 34.6677
-21.9063 36.3889
-22.0895 -26.9229
-22.578 -196.29
-22.4771 -160.886
-22.1891 -60.4768
-21.8677 51.5319
-21.9183 34.2969
-22.192 -60.4387
-22.3876 -128.05
-22.0565 -12.6799
-22.0171 1.36528
-22.3014 -97.0553
-22.3281 -105.99
-21.7763 86.0581
-21.9178 37.2577
-21.8763 51.9978
-21.8562 59.3478
-22.127 -34.3855
-22.2407 -73.5598
-22.163 -46.1926
-22.2523 -76.8822
-22.1858 -53.4422
-21.9192 39.5347
-22.457 -146.937
-22.4542 -145.645
-21.725 108.03
-21.8027 81.3832
-21.9825 19.2904
-22.1257 -30.1316
-22.0704 -10.5581
-22.1354 -32.7788
-22.388 -120.196
-22.0712 -9.78951
-21.745 103.857
-21.765 97.2686
-22.0102 12.4309
-22.1937 -50.9606
-21.7169 115.033
-21.5753 164.554
-21.8143 81.8832
-22.0857 -12.0613
-21.7955 89.0913
-22.0335 6.76944
-22.1215 -23.4468
-22.052 1.058
-21.7922 91.6432
-22.1371 -27.8321
-21.9644 32.5251
-21.7252 115.97
-21.8448 74.7767
-22.3097 -86.399
-22.1478 -29.8125
-22.077 -4.8593
-22.2703 -71.6739
-22.3025 -82.5213
-22.3159 -86.8211
-22.4652 -138.316
-21.6189 155.998
-21.5693 173.589
-21.9052 57.2448
-21.742 114.298
-21.9641 37.4701
-22.0872 -4.92044
-22.6309 -193.469
-22.6876 -212.813
-22.6712 -206.754
-22.4977 -146.145
-22.3885 -107.858
-22.3094 -80.0534
-22.1302 -17.4464
-22.6604 -201.273
-22.631 -190.73
-22.3672 -98.7293
-22.2387 -53.7408
-22.3072 -77.2054
-22.0403 15.8878
-21.8434 84.6303
-22.1202 -11.1945
-21.7371 122.251
-22.1907 -34.9876
-22.3767 -99.2455
-21.981 38.5742
-21.9187 60.5397
-21.6981 137.534
-21.5551 187.543
-21.8555 83.5396
-22.2021 -36.523
-22.3788 -97.5499
-22.0017 33.8009
-21.9499 52.1555
-21.9585 49.5176
-22.2067 -36.3819
-21.9556 51.2193
-22.0445 20.655
-21.9859 41.3589
-22.0308 26.1246
-22.097 3.48039
-22.2452 -47.6619
-22.6042 -172.045
-22.6756 -196.49
-22.4051 -102.159
-22.3633 -87.2996
-22.4746 -125.634
-22.016 34.0296
-21.9482 57.9608
-21.8402 95.8027
-22.1925 -26.2197
-22.1364 -6.38114
-22.4147 -102.733
-22.7063 -203.676
-22.5862 -161.621
-22.0758 16.0423
-22.0973 8.92803
-22.2276 -35.9929
-22.5048 -131.936
-22.1495 -8.15511
-22.2716 -50.2363
-22.1863 -20.2411
-22.2345 -36.6368
-22.1686 -13.406
-22.1631 -11.1466
-22.0626 24.0959
-21.8029 114.686
-22.2012 -23.3413
-21.8127 111.953
-21.9521 63.8777
-22.2248 -30.5161
-22.2033 -22.6955
-22.2615 -42.5676
-22.2508 -38.4766
-22.2564 -40.0762
-21.6092 185.107
-22.1083 12.0425
-21.6644 166.594
-21.9755 58.8966
-22.4165 -93.9577
-22.304 -54.5253
-21.9942 53.4259
-22.4278 -96.8709
-22.3218 -59.6723
-21.8703 97.5129
-21.7978 123.033
-22.1268 9.1092
-22.5066 -122.491
-22.4561 -104.611
-22.539 -133.058
-22.4463 -100.492
-22.5967 -152.388
-22.2329 -25.6813
-22.2169 -19.7643
-22.1733 -4.25697
-22.1851 -8.0166
-22.4054 -84.1993
-22.4497 -99.2556
-21.8686 102.956
-21.8528 108.795
-22.6863 -180.395
-22.6011 -150.457
-22.1379 10.7961
-21.9282 84.0057
-22.3285 -54.7264
-22.3369 -57.2891
-22.1386 11.9625
-22.2391 -22.6118
-22.2128 -13.1426
-22.0028 60.1623
-22.6132 -151.55
-22.5048 -113.539
-22.5134 -116.175
-22.5742 -136.95
-22.5821 -139.337
-22.9206 -256.581
-22.9774 -275.979
-22.2901 -36.8533
-21.9487 82.0826
-22.1706 5.36439
-22.5852 -138.337
-22.3153 -44.22
-22.0973 31.8415
-22.0725 40.8058
-22.0905 34.907
-22.3059 -39.5749
-22.0693 42.989
-22.2145 -7.13799
-22.186 3.12077
-22.2516 -19.3324
-22.0549 49.351
-21.9519 85.4886
-22.4953 -102.94
-22.5457 -120.112
-22.4583 -89.3822
-22.4788 -96.1596
-22.3505 -51.2399
-22.4513 -85.9222
-22.465 -90.3251
-21.8351 128.847
-22.1608 16.0484
-22.0938 39.6674
-22.1377 24.7717
-22.1159 32.6975
-22.5983 -134.529
-22.0499 56.3041
-21.9307 98.0869
-22.1516 21.6751
-22.7624 -190.156
-22.5711 -123.346
-21.9514 92.252
-22.0744 49.886
-22.3384 -41.4723
-22.0812 48.2245
-22.2407 -6.84152
-22.0529 58.7598
-22.2274 -1.52628
-22.0879 47.291
-22.4973 -94.5904
-22.1668 20.5549
-21.9599 92.787
-21.9117 109.888
-21.6272 209.066
-22.3539 -43.0595
-22.4873 -89.0502
-22.1468 29.5912
-22.2501 -5.93773
-22.07 56.9627
-21.6493 203.453
-21.4922 258.4
-21.84 137.916
-22.2683 -10.5369
-21.8379 139.341
-22.0319 72.2931
-22.5271 -99.3896
-22.66 -145.214
-22.2925 -17.1849
-22.2712 -9.4341
-22.6427 -138.169
-22.5214 -95.6698
-22.1475 34.5774
-22.2278 7.00133
-22.5917 -119.067
-22.9269 -235.157
-22.7509 -173.656
-22.4876 -81.84
-22.0538 69.2144
-21.9653 100.277
-22.1919 21.9085
-22.3297 -25.5976
-22.3834 -43.9279
-22.4439 -64.5803
-22.3816 -42.5967
-22.0666 67.1882
-22.1461 39.9164
-21.9901 94.466
-22.0634 69.3535
-22.1049 55.2684
-22.2615 1.2166
-22.1904 26.275
-21.9599 106.7
-21.9823 99.2449
-22.2762 -2.51269
-22.01 90.3311
-22.0572 74.2663
-22.105 58.0198
-21.9659 106.7
-21.898 130.61
-21.9188 123.735
-22.024 87.5348
-22.0656 73.4238
-22.3578 -27.7186
-22.2376 14.3769
-22.4627 -63.4601
-22.3374 -19.5925
-21.8828 138.678
-21.809 164.658
-22.1521 45.8098
-22.2689 5.58231
-22.2557 10.5354
-22.0892 68.7001
-22.139 51.7775
-21.8398 156.046
-22.0615 79.3641
-21.9734 110.322
-22.1381 53.4605
-22.1762 40.5811
-22.2236 24.4641
-22.3065 -3.99832
-22.4779 -63.1925
-22.2522 15.5599
-22.224 25.6993
-22.1005 68.9447
-22.0714 79.4065
-22.3502 -17.102
-22.1689 46.2336
-22.2711 11.0809
-22.332 -9.72369
-22.512 -71.8999
-22.5212 -74.7621
-22.3152 -2.8563
-22.3361 -9.74538
-22.3659 -19.766
-22.3816 -24.8873
-22.31 0.33475
-22.315 -1.0261
-21.9109 139.674
-21.9137 139.071
-22.146 58.709
-21.9231 136.483
-21.9209 137.607
-21.9122 140.977
-22.2831 12.4577
-22.0356 98.787
-22.1764 50.2425
-22.0617 90.4311
-22.3104 4.37381
-22.107 75.3968
-22.1859 48.318
-22.0904 81.8335
-21.7833 188.876
-21.5424 272.921
-21.8879 153.227
-22.1618 58.4233
-22.1138 75.4448
-21.9375 137.058
-22.3057 9.48909
-22.4948 -55.8709
-22.1884 50.918
-22.4353 -34.5019
-22.4593 -42.4691
-22.5168 -62.1102
-22.2608 27.1791
-22.3234 5.78392
-22.1767 57.0666
-22.3797 -13.0981
-22.3661 -8.02465
-22.6504 -106.441
-22.5328 -65.2552
-22.1126 81.0768
-22.1984 51.6256
-22.6571 -107.367
-22.5229 -60.4003
-22.5472 -68.4965
-22.0621 100.357
-22.2857 23.0254
-22.2655 30.3982
-22.0746 97.0489
-22.2876 23.4311
-22.2661 31.2349
-21.9895 127.661
-22.179 62.1844
-22.5463 -65.0551
-22.5763 -75.1282
-22.0695 101.281
-21.7531 211.543
-21.8825 166.928
-22.6545 -100.918
-22.9235 -194.012
-23.3372 -337.384
-22.903 -186.219
-22.4444 -26.5435
-22.4203 -17.8282
-22.5101 -48.6823
-22.2724 34.2393
-21.9765 137.384
-22.1724 69.7013
-21.9638 142.491
-22.3734 0.572036
-22.2868 30.9869
-22.2766 34.888
-22.0499 113.976
-22.2995 27.6304
-22.9394 -194.339
-22.5471 -57.6931
-22.6502 -93.1686
-22.6913 -107.091
-22.2432 48.9197
-22.0892 102.768
-22.2797 36.9301
-22.4948 -37.4656
-22.4521 -22.258
-22.0182 128.807
-22.3416 16.7979
-22.4258 -12.0957
-22.1801 73.6194
-22.155 82.6637
-22.0726 111.66
-22.5856 -66.2238
-22.4595 -22.0707
-21.9918 140.776
-21.789 211.56
-21.9253 164.571
-21.9574 153.751
-21.9771 147.257
-22.1402 90.9372
-22.1113 101.334
-21.836 197.33
-21.5312 303.553
-21.9887 144.97
-22.3896 6.03916
-22.3501 20.1109
-22.3163 32.2159
-22.5717 -56.1699
-22.149 91.0266
-21.7484 230.524
-22.2441 58.6903
-22.3698 15.3462
-22.4143 0.227291
-22.6447 -79.4473
-22.5923 -60.9135
-22.3288 30.9899
-21.9637 158.182
-22.355 22.5684
-22.3413 27.6762
-22.2866 47.0403
-22.1943 79.4481
-22.4856 -21.4141
-22.8453 -146.017
-22.8856 -159.651
-22.7964 -128.314
-22.4331 -1.76052
-21.8189 211.962
-21.683 259.498
-22.1939 82.3637
-22.5173 -29.6399
-22.0946 117.561
-21.5393 310.799
-22.0235 142.959
-22.4729 -12.8345
-22.9043 -162.325
-22.5044 -23.0754
-22.1051 116.008
-22.2385 70.0135
-22.0675 129.763
-22.3547 30.3165
-22.4883 -15.7311
-22.4075 12.6689
-22.5181 -25.398
-22.3085 47.7547
-22.2399 71.939
-22.4339 4.90322
-22.7298 -97.5519
-22.8518 -139.574
-22.6852 -81.3668
-22.7032 -87.2606
-22.5767 -42.9873
-22.623 -58.7011
-22.8851 -149.408
-22.6045 -51.5979
-22.4549 0.714249
-22.3097 51.5074
-22.5325 -25.5381
-22.8507 -135.71
-22.7016 -83.578
-22.4579 1.43038
-22.5426 -27.6498
-22.441 8.0055
-22.8935 -148.859
-22.8157 -121.478
-22.796 -114.307
-22.8542 -134.159
-22.5331 -22.2851
-22.328 49.3273
-22.3824 30.7671
-22.3956 26.5429
-22.3709 35.4589
-22.6831 -72.6275
-22.8178 -119.102
-22.578 -35.4439
-22.8135 -116.894
-22.5781 -34.761
-22.6049 -43.7375
-22.878 -138.266
-22.6665 -64.4246
-22.8504 -127.992
-23.1874 -244.708
-22.9455 -160.321
-22.5628 -27.0244
-22.7884 -105.062
-22.8942 -141.46
-23.3501 -299.498
-22.6578 -58.6415
-22.4377 18.1663
-22.8438 -122.573
-23.0239 -184.764
-22.9489 -158.382
-22.9639 -163.243
-22.7442 -86.5708
-22.5774 -28.277
-22.6287 -45.7455
-22.4429 19.153
-22.582 -28.8343
-22.7145 -74.5044
-23.0165 -179.087
-22.5857 -29.0614
-22.6275 -43.2652
-22.4154 30.7927
-22.3235 63.0378
-22.2124 101.995
-22.5672 -20.9183
-22.5066 0.501867
-22.6885 -62.3488
-22.8518 -118.742
-22.4818 10.153
-22.6505 -48.1118
-22.5455 -11.2808
-22.1013 143.375
-22.1262 135.066
-22.0144 174.244
-22.4768 13.9572
-22.628 -38.2043
-22.3048 74.406
-22.1821 117.38
-22.0069 178.602
-22.1758 120.272
-22.1932 114.585
-22.2519 94.5094
-22.578 -18.4193
-22.3545 59.5717
-22.2628 91.7875
-22.0338 171.669
-22.0536 165.157
-21.7156 282.926
-21.9553 199.988
-22.3212 73.2398
-22.3943 48.1713
-22.6043 -24.4198
-22.7726 -82.5438
-22.5636 -9.58575
-22.6924 -53.9896
-22.4296 37.6576
-22.4556 28.9878
-22.3712 58.6403
-22.1711 128.504
-22.4215 41.8461
-22.6284 -29.6591
-22.7357 -66.5822
-22.7958 -87.1318
-22.5996 -18.6257
-22.4838 21.9524
-22.6204 -25.1507
-22.6155 -23.0865
-22.7317 -63.1182
-22.9506 -138.836
-22.688 -47.2298
-22.3035 86.6735
-22.2501 105.565
-22.6028 -16.6146
-22.7563 -69.5878
-22.4 54.5576
-22.5602 -0.778588
-22.4983 21.0837
-22.2864 95.0323
-22.4902 24.5851
-22.6521 -31.2916
-22.5954 -11.2613
-22.38 63.9121
-22.4611 36.084
-22.5437 7.76339
-22.2879 96.9663
-22.5549 4.56656
-22.5403 9.98212
-22.58 -3.48589
-23.0238 -157.301
-22.6089 -12.8247
-22.5657 2.52258
-22.4323 49.2201
-22.5105 22.4168
-22.4489 44.1643
-22.1694 141.603
-22.4715 36.992
-22.4099 58.7354
-22.1219 159.141
-21.9378 223.446
-22.3303 87.4405
-22.7094 -43.9104
-22.8571 -94.8709
-22.5263 20.4072
-22.9537 -127.736
-22.6538 -23.2004
-22.3584 79.7636
-22.632 -14.9487
-22.4511 48.2461
-22.5977 -2.33656
-22.4682 42.9913
-22.108 168.488
-22.4657 44.5575
-22.5832 4.09937
-22.5578 13.2838
-23.0267 -149.28
-23.0381 -152.877
-22.3943 71.1005
-22.6326 -11.3349
-22.5757 8.79446
-22.2968 106.009
-22.4392 56.9127
-22.3009 105.292
-22.229 130.609
-22.5064 34.5927
-22.5091 34.0014
-22.1984 142.303
-22.4378 59.4819
-22.6407 -10.6727
-22.3486 91.1711
-22.3833 79.46
-22.4862 44.0402
-22.2971 110.097
-22.3804 81.494
-22.6875 -24.8335
-22.854 -82.3154
-22.3781 83.3275
-22.6002 6.52076
-22.6538 -11.7332
-22.1443 165.612
-22.0482 199.323
-22.5795 15.095
-22.6322 -2.86457
-22.3734 87.4112
-22.223 140.006
-22.464 56.6352
-22.4404 65.1716
-22.7689 -48.5987
-22.6355 -1.92338
-22.3283 105.143
-22.5199 38.9291
-22.32 108.748
-22.3789 88.6144
-22.3552 97.2123
-22.3453 101.004
-22.071 196.612
-22.0498 204.352
-22.3574 97.822
-22.6463 -2.20268
-22.3735 92.9302
-22.6112 10.708
-22.8597 -75.294
-22.2655 131.491
-21.9386 245.411
-22.3112 116.318
-22.2492 138.186
-22.1854 160.702
-22.1865 160.663
-22.4204 79.7603
-22.9943 -119.251
-22.6973 -15.732
-22.579 25.7167
-22.9454 -101.221
-23.0243 -128.302
-23.0034 -120.673
-23.0045 -120.737
-22.7387 -28.0316
-22.575 29.1682
-22.5069 53.1875
-22.6897 -9.96815
-23.0311 -128.215
-23.0082 -119.907
-22.5708 32.3884
-22.6129 18.1094
-23.0732 -141.463
-22.5837 28.9289
-22.3648 105.347
-22.4872 63.1417
-22.6098 20.9281
-22.6739 -1.02285
-22.7673 -33.0964
-22.9222 -86.574
-22.9598 -99.296
-22.7148 -13.8291
-22.4843 66.6037
-22.4767 69.5936
-22.6521 8.98688
-22.7278 -16.958
-22.6191 21.1725
-22.6498 10.8309
-22.8521 -59.1006
-22.5586 43.2326
-22.4432 83.6508
-22.8986 -74.1908
-22.8335 -51.2452
-22.7175 -10.5842
-22.7594 -24.7908
-22.7993 -38.3166
-22.7529 -21.8399
-22.9572 -92.4763
-23.2193 -183.186
-22.7104 -6.02889
-22.5504 49.9013
-22.6994 -1.54277
-22.6113 29.4349
-22.6273 24.2283
-22.8129 -39.9131
-23.0274 -114.093
-22.8068 -37.0936
-22.321 132.008
-21.8759 286.972
-22.2977 140.806
-22.9935 -100.585
-22.9168 -73.5838
-22.8182 -38.9684
-23.1352 -148.765
-22.9237 -74.9439
-22.885 -61.1351
-22.9019 -66.6651
-23.0818 -128.827
-23.1742 -160.573
-22.5289 63.9585
-22.7295 -5.36873
-22.8553 -48.7376
-22.6019 39.6271
-22.7427 -8.93179
-22.9371 -76.1185
-22.807 -30.5585
-22.8878 -58.2981
-22.8722 -52.5258
-22.7533 -10.8848
-22.3431 131.988
-22.9247 -69.7261
-23.1902 -161.601
-23.3836 -228.446
-23.4265 -242.989
-23.0041 -95.9012
-22.8202 -31.6972
-22.2553 164.916
-22.4515 97.1022
-22.6196 39.0578
-22.4641 93.4209
-22.5638 59.1111
-22.4323 105.146
-22.1434 205.856
-22.7611 -8.36234
-22.2924 154.789
-22.6704 23.8149
-22.5596 62.6765
-22.646 33.0046
-23.1916 -156.203
-23.06 -110.135
-22.8963 -52.904
-22.9007 -54.0887
-22.7236 7.77893
-22.9872 -83.4493
-22.8798 -45.7818
-23.0145 -92.2385
-22.8147 -22.4831
-22.9353 -64.0241
-22.9137 -56.1878
-22.6021 52.4151
-22.5266 78.9854
-22.7025 18.2319
-22.9534 -68.5809
-23.0474 -100.899
-22.8317 -25.5866
-22.7987 -13.8039
-22.726 11.8128
-23.0694 -107.122
-23.45 -239.004
-23.2163 -157.459
-23.2458 -167.38
-23.3393 -199.522
-23.1528 -134.384
-22.7006 23.0784
-22.8532 -29.5892
-23.2627 -171.509
-23.3334 -195.719
-23.3384 -197.119
-23.1874 -144.295
-22.9398 -57.9457
-22.8174 -15.0741
-23.3497 -199.658
-23.1629 -134.395
-22.7913 -4.96025
-22.6223 54.1023
-22.693 29.8822
-22.9852 -71.2978
-22.9334 -52.9465
-22.5856 68.2343
-22.6687 39.7079
-22.9464 -56.4137
-23.1466 -125.618
-22.7005 29.6916
-22.7755 4.0098
-22.7785 3.30426
-23.0066 -75.5833
-23.3403 -191.186
-22.7411 17.3413
-22.5925 69.2965
-22.6176 60.9377
-23.0166 -77.3144
-23.0125 -75.5719
-22.8942 -34.1086
-22.5423 88.4873
-22.5859 73.6689
-22.8529 -18.7098
-23.0167 -75.2925
-22.9223 -42.1259
-22.8334 -10.8963
-22.6923 38.4542
-22.7182 29.7974
-23.0291 -77.8392
-22.7601 15.9474
-23.1076 -104.432
-23.0553 -85.9255
-22.6231 64.5875
-22.6895 41.8451
-22.6024 72.4706
-22.6829 44.8643
-23.1979 -133.698
-23.2969 -167.759
-23.246 -149.719
-23.1688 -122.563
-22.876 -20.4927
-22.6404 61.7022
-22.4985 111.345
-22.2915 183.609
-22.5034 110.315
-22.6087 74.0853
-22.7671 19.4128
-22.7262 33.9655
-22.7148 38.2746
-22.5385 99.8684
-22.604 77.4731
-22.4426 133.887
-22.2383 205.205
-22.495 116.365
-22.4191 143.093
-22.4755 123.86
-22.3991 150.742
-22.4281 141.01
-22.5511 98.6319
-22.5332 105.203
-22.8134 8.19229
-22.4638 130.011
-22.6748 57.0349
-22.5261 109.051
-22.6377 70.6209
-22.7142 44.391
-22.6643 62.0744
-22.6142 79.8425
-22.3199 182.414
-22.7566 31.057
-22.6787 58.4558
-22.8713 -8.10114
-22.8452 1.33368
-22.6491 69.7887
-22.6501 69.7744
-22.7453 37.0741
-22.7744 27.3044
-22.869 -5.19619
-22.7762 27.3765
-23.0746 -75.9294
-22.8122 15.5694
-22.643 74.6934
-22.8924 -11.606
-22.5056 123.109
-23.0349 -60.4098
-22.882 -6.95127
-22.9316 -23.8235
-23.2049 -118.44
-23.261 -137.561
-22.487 131.672
-22.5595 106.831
-22.8486 6.73032
-22.9073 -13.298
-23.0142 -50.0786
-22.8326 13.3352
-22.7139 54.9378
-22.7892 29.1091
-22.7785 33.1768
-22.587 100.04
-22.4819 136.898
-22.6008 95.952
-22.4649 143.501
-22.5788 104.284
-22.9295 -17.1956
-23.0948 -74.2689
-23.3597 -165.963
-23.2052 -111.921
-22.852 11.1005
-22.7068 61.912
-22.8399 16.0138
-22.5957 101.206
-22.6154 94.6966
-22.4847 140.44
-22.3887 174.144
-22.687 70.8555
-23.0952 -70.5838
-22.7473 50.6127
-22.5529 118.504
-23.0948 -69.4194
-23.4107 -178.81
-23.1887 -101.346
-22.4973 139.192
-22.4708 148.751
-23.0085 -37.7057
-23.6523 -260.986
-23.3318 -149.327
-22.5242 131.594
-22.5394 126.66
-22.7062 69.0716
-22.8931 4.46929
-23.1903 -98.4283
-23.272 -126.449
-22.9945 -29.6881
-22.901 3.11999
-23.3044 -136.652
-23.7148 -278.887
-23.409 -172.323
-22.6099 105.643
-22.5412 129.868
-22.8574 20.356
-23.396 -166.392
-23.4424 -182.158
-23.0335 -39.7706
-23.1974 -96.37
-23.3161 -137.244
-23.1057 -63.8183
-23.0619 -48.2557
-23.1001 -61.1639
-23.2094 -98.8145
-23.186 -90.3212
-22.9582 -10.8389
-22.6629 92.106
-23.3479 -145.507
-22.6914 82.9044
-22.2364 241.301
-22.4734 159.327
-23.2289 -102.808
-23.4767 -188.52
-23.3309 -137.538
-22.7332 70.4549
-23.0664 -44.9593
-22.9966 -20.3534
-22.829 38.2021
-23.1747 -81.542
-23.2355 -102.296
-22.9243 6.14986
-22.6661 96.1766
-23.2734 -114.42
-23.2727 -113.844
-23.1799 -81.2406
-22.9519 -1.68843
-23.0485 -34.9246
-22.8096 48.4289
-22.7176 80.7205
-23.2293 -96.6948
-23.1821 -79.9273
-23.113 -55.5994
-23.0185 -22.3908
-23.2722 -110.176
-23.6208 -230.949
-23.6267 -232.636
-23.6114 -226.998
-23.8796 -319.822
-23.5011 -187.97
-22.8997 21.2848
-22.9013 21.1026
-23.0531 -31.2937
-23.3509 -134.398
-23.3495 -133.583
-23.0788 -39.1716
-23.2552 -100.125
-22.9927 -8.58157
-22.4575 177.694
-22.4721 172.96
-23.0278 -19.7402
-23.081 -37.8667
-23.3109 -117.383
-22.8197 53.6093
-22.8292 50.6365
-22.6645 108.228
-22.2351 257.739
-22.2113 266.358
-22.9012 27.0353
-23.0334 -18.5438
-23.3049 -112.525
-23.4376 -158.263
-23.2295 -85.6459
-22.9812 0.973836
-22.7256 90.0977
-22.4815 175.261
-22.9731 4.82852
-23.0387 -17.5956
-23.0599 -24.6463
-22.986 1.37554
-23.1648 -60.3646
-22.9447 16.4451
-22.9899 1.09269
-22.7754 75.9505
-22.8277 58.1223
-22.8238 59.8251
-22.6625 116.191
-22.8323 57.552
-22.9623 12.7511
-23.1053 -36.5684
-23.2589 -89.5903
-22.9975 1.5785
-22.6295 129.769
-22.8034 69.6748
-23.11 -36.4928
-23.3333 -113.712
-23.0206 -4.71946
-22.662 120.199
-22.6073 139.564
-23.0235 -4.702
-23.0539 -14.9174
-23.2671 -88.6042
-23.051 -13.2151
-23.1823 -58.479
-23.248 -80.9445
-23.2135 -68.6198
-22.8358 62.9506
-23.0011 5.87536
-23.3152 -102.885
-22.8513 58.6024
-22.8666 53.6414
-23.5413 -180.388
-23.178 -53.861
-22.5048 180.371
-22.6057 145.646
-23.2248 -69.0594
-22.7049 111.909
-22.9435 29.364
-23.2112 -63.3019
-23.0815 -17.8844
-22.9151 40.2598
-22.8086 77.6216
-22.5345 173.188
-22.7969 82.3804
-22.6863 121.151
-22.5842 156.938
-22.9515 29.689
-23.4637 -147.902
-23.3088 -93.732
-22.545 171.955
-22.7013 118.007
-23.1998 -54.8308
-23.4359 -136.478
-23.4794 -151.245
-23.7197 -234.38
-23.7502 -244.621
-23.1416 -32.8547
-22.7528 102.543
-22.6022 155.228
-22.6145 151.274
-22.7522 103.788
-22.6742 131.235
-22.5682 168.414
-22.6937 125.154
-22.472 202.545
-22.7776 96.6995
-22.9379 41.3862
-22.6274 149.582
-22.6046 157.866
-23.033 9.36706
-23.0918 -10.6875
-22.673 135.136
-22.5848 166.13
-23.0355 9.90587
-22.8119 87.9208
-22.8662 69.4011
-22.9189 51.4434
-22.6789 135.162
-22.9266 49.4526
-23.1922 -42.4672
-22.9845 30.0381
-22.5024 197.876
-22.6612 143.062
-22.7509 112.228
-23.0167 20.2403
-22.9985 26.9178
-22.7364 118.32
-22.7746 105.409
-22.913 57.6799
-22.9808 34.4673
-22.8351 85.4371
-22.6102 163.907
-22.8456 82.4691
-23.2864 -70.3041
-23.1755 -31.4509
-22.9294 54.4063
-22.9053 63.1225
-23.0369 17.7405
-23.2903 -69.9294
-23.0051 29.4912
-23.0321 20.4658
-23.3885 -103.012
-23.5754 -167.593
-23.6508 -193.444
-23.9339 -291.424
-22.7973 103.772
-22.2229 303.675
-22.8899 72.3047
-23.4948 -137.503
-23.4115 -108.219
-23.1019 -0.317458
-23.2437 -49.2406
-23.298 -67.7361
-23.1859 -28.435
-22.8413 91.6143
-22.4819 216.804
-22.6521 158.013
-22.8251 98.2667
-22.8545 88.4262
-22.748 125.762
-22.9072 70.8132
-22.7758 116.785
-22.767 120.208
-22.9797 46.6383
-23.2498 -46.835
-23.249 -46.2064
-23.125 -2.76667
-22.774 119.501
-22.5851 185.463
-22.8285 101.263
-22.7066 143.975
-23.1709 -16.9813
-23.4839 -125.389
-22.9497 60.5522
-23.1334 -2.91845
-23.232 -36.8278
-23.4218 -102.422
-22.7462 132.638
-22.7856 119.297
-23.202 -24.9991
-23.3126 -63.0917
-22.868 91.7078
-22.7091 147.263
-22.7403 136.756
-23.044 31.6041
-23.0266 38.0123
-23.0244 39.1155
-23.0898 16.7531
-23.0048 46.6125
-22.804 116.724
-22.4751 231.336
-22.8446 103.306
-22.9222 76.7077
-22.8817 91.1122
-22.9582 64.9053
-22.297 294.923
-22.8566 100.888
-23.1823 -11.9208
-22.8959 87.9372
-23.2403 -31.3635
-23.3191 -58.3871
-23.1821 -10.46
-23.322 -58.7031
-22.9215 80.7762
-22.6068 190.438
-22.8795 96.0445
-23.8367 -236.112
-23.9348 -269.87
-22.8823 96.1077
-22.6314 183.641
-22.5047 228.008
-22.5021 229.261
-23.0585 36.2985
-24.0476 -306.965
-24.4341 -440.87
-23.8492 -237.329
-22.7363 149.613
-22.7799 134.816
-22.8556 108.861
-23.255 -29.5191
-23.2227 -17.9535
-23.1795 -2.60352
-23.2214 -16.8311
-23.422 -86.1554
-23.4641 -100.422
-23.5541 -131.354
-23.535 -124.371
-23.7037 -182.64
-23.7809 -209.093
-23.4008 -76.714
-22.8555 113.065
-22.8657 109.894
-22.8257 124.129
-22.9215 91.1946
-23.3139 -44.7948
-23.2312 -15.6947
-23.3601 -60.1288
-23.3188 -45.4371
-23.5514 -125.889
-23.0773 39.1456
-22.8371 122.94
-22.6923 173.585
-22.6071 203.55
-22.7068 169.237
-23.139 19.457
-22.9354 90.5343
-22.7042 171.2
-22.9071 101.046
-23.1952 1.32338
-22.8816 110.603
-23.1743 9.2872
-23.1753 9.28761
-23.0635 48.4565
-22.7822 146.526
-22.842 126.114
-23.094 38.9119
-22.6871 180.601
-23.1875 7.12724
-22.5754 220.104
-22.8043 140.924
-22.6989 177.914
-22.5802 219.491
-22.5156 242.291
-22.6494 196.153
-22.7627 157.114
-22.8008 144.248
-22.9164 104.424
-23.0038 74.4233
-23.285 -22.9198
-23.4314 -73.4533
-22.7017 180.391
-22.5651 228.211
-22.9374 99.2059
-23.1563 23.5067
-22.6454 201.353
-22.8864 117.99
-23.5548 -113.86
-23.7975 -197.829
-23.1504 27.3013
-22.627 209.469
-22.8233 141.64
-23.4536 -76.9954
-23.4 -58.0131
-23.2485 -5.04285
-23.2141 7.25678
-22.9337 105.025
-22.6851 191.738
-22.8202 145.139
-23.1983 14.1448
-23.5328 -101.713
-23.4217 -62.7799
-23.1027 48.39
-23.1064 47.4465
-23.1456 34.1722
-23.192 18.4097
-23.5976 -122.145
-23.5813 -116.134
-23.4432 -67.8203
-23.0982 52.3959
-23.1913 20.3968
-23.5383 -99.818
-23.3908 -48.233
-23.2767 -8.24153
-23.3239 -24.2819
-23.4819 -78.8278
-23.2503 1.96419
-22.7583 173.25
-22.8172 153.118
-22.8772 132.648
-22.6846 199.876
-23.0105 87.0387
-23.0611 69.7803
-23.1854 26.9521
-23.5796 -109.636
-23.5189 -88.2027
-23.1233 49.5886
-22.7795 169.35
-23.0092 89.9045
-23.2424 9.25666
-23.4734 -70.643
-23.7244 -157.505
-23.9054 -220.031
-23.9819 -246.265
-23.526 -87.5494
-23.4531 -61.8724
-23.3382 -21.6041
-23.4752 -68.8495
-23.5124 -81.4438
-23.4596 -62.7371
-23.3478 -23.5509
-23.2706 3.629
-23.1104 59.614
-23.3659 -28.7925
-23.3356 -17.9311
-23.8194 -185.634
-23.5177 -80.5064
-22.9324 123.189
-23.1643 42.973
-23.619 -114.625
-23.6712 -132.436
-23.3896 -34.2435
-23.2624 10.2881
-23.263 10.4271
-23.043 87.1976
-23.0039 101.143
-23.1943 35.3373
-23.0106 99.4902
-23.2826 5.3529
-23.0681 80.2157
-22.6685 219.393
-23.0421 89.932
-23.3447 -14.8176
-23.3529 -17.3341
-22.4895 282.94
-22.5918 247.775
-22.81 172.291
-23.5587 -87.4327
-23.5837 -95.7754
-23.8823 -199.174
-23.6666 -123.873
-23.1452 57.6005
-22.6126 242.983
-23.1125 69.6675
-23.2066 37.3231
-22.9601 123.285
-23.1139 70.1943
-23.4557 -48.1933
-23.191 44.1271
-23.1828 47.298
-23.6919 -129.187
-23.6809 -125.016
-23.5805 -89.7886
-23.7261 -140.044
-23.0635 90.5057
-22.5934 254.171
-22.6736 226.642
-23.2717 19.2225
-23.7254 -138.054
-24.0836 -262.154
-23.3568 -9.29303
-22.6546 234.972
-22.5306 278.409
-22.7628 198.08
-23.0252 107.259
-23.385 -17.3869
-23.7629 -148.293
-24.0918 -262.23
-23.1243 74.2273
-22.8499 169.925
-23.1782 56.1913
-23.1365 71.0535
-23.2864 19.3297
-23.2716 24.7945
-23.1221 77.0937
-22.9896 123.464
-22.7637 202.3
-23.0068 118.172
-23.1959 52.844
-23.3494 -0.145835
-23.2108 48.3482
-23.4215 -24.4834
-23.4785 -43.9496
-23.1483 71.0972
-23.2345 41.5162
-22.7975 193.677
-22.4961 298.731
-22.5968 264.084
-22.8642 171.554
-22.7337 217.228
-23.1361 77.7767
-23.3103 17.5964
-23.628 -92.4081
-23.5321 -58.7487
-22.6478 248.818
-22.434 323.408
-22.7294 221.157
-23.074 101.802
-22.8557 177.98
-22.6475 250.641
-22.6617 246.062
-22.6231 259.803
-22.6385 254.829
-22.5502 285.851
-22.7794 206.569
-23.0064 128.038
-22.3432 358.795
-22.4218 331.849
-22.5638 282.841
-22.918 160.159
-22.7258 227.251
-22.6596 250.626
-22.6074 269.109
-22.7731 211.89
-22.7304 227.067
-22.7043 236.467
-22.8694 179.456
-22.8626 182.157
-22.774 213.318
-22.8508 186.98
-22.4761 317.471
-22.5686 285.688
-22.6556 255.826
-22.6788 248.126
-22.4018 344.702
-22.1461 433.847
-22.4472 329.62
-22.5956 278.408
-22.8836 178.698
-22.5282 302.523
-22.7712 218.438
-23.0236 131.117
-23.1511 87.1475
-23.0643 117.65
-22.5703 289.633
-22.4494 331.976
-22.854 191.759
-22.3305 373.957
-22.9742 150.691
-22.719 239.699
-23.0776 115.458
-22.6921 249.747
-22.7805 219.363
-23.1859 78.9087
-22.7722 222.97
-22.7338 236.644
-22.5657 295.379
-22.5885 287.834
-22.704 248.057
-22.8837 185.963
-22.8275 205.828
-22.5592 299.379
-22.8546 197.126
-22.8221 208.763
-22.6789 258.853
-22.7207 244.678
-22.9923 150.663
-23.214 74.012
-22.9509 165.754
-22.8425 203.742
-22.581 294.94
-22.1807 434.337
-22.5622 302.156
-23.1142 110.746
-22.9638 163.358
-22.7759 228.959
-22.9522 168.058
-23.346 31.6281
-23.3332 36.3926
-22.8778 194.963
-23.0012 152.435
-23.2022 82.973
-23.1457 102.95
-22.8339 211.597
-22.5984 293.764
-22.9861 159.418
-22.7656 236.355
-22.8354 212.455
-22.6961 261.208
-22.9749 164.692
-22.9818 162.635
-23.1587 101.55
-23.6399 -65.2682
-23.1686 98.7825
-22.7606 240.88
-22.6343 285.119
-22.5944 299.299
-23.1954 90.8854
-23.2755 63.3873
-23.2173 83.9599
-23.2506 72.7376
-23.0943 127.396
-22.7862 234.761
-23.0225 153.039
-22.9919 164.016
-23.1434 111.716
-23.0847 132.475
-22.798 232.404
-23.0939 129.958
-23.3043 57.2322
-23.3879 28.511
-23.438 11.4522
-23.4509 7.33441
-23.4089 22.2778
-23.4402 11.7301
-23.3328 49.4121
-23.2648 73.383
-23.4893 -4.25916
-23.3356 49.4611
-23.1594 111.019
-23.2699 72.9982
-23.7201 -83.0622
-23.46 7.63286
-23.5969 -39.552
-23.8169 -115.66
-23.7776 -101.654
-23.8718 -134.037
-23.7888 -104.855
-23.4278 20.9012
-23.7818 -101.71
-23.9201 -149.404
-23.8665 -130.451
-24.0214 -183.926
-23.7526 -90.1935
-23.3641 45.1095
-23.8896 -137.099
-23.9948 -173.282
-23.6748 -61.773
-23.9008 -139.928
-23.9603 -160.269
-23.3733 44.0228
-23.1454 123.518
-23.1593 119.035
-23.4744 9.93111
-23.5782 -25.7648
-23.3932 38.846
-23.4772 10.0081
-23.3027 70.9763
-23.765 -89.2686
-23.8026 -102.003
-23.7756 -92.2682
-23.7429 -80.5673
-23.7 -65.2956
-23.3772 47.1882
-23.2279 99.3825
-23.4867 9.83155
-23.6113 -33.1023
-23.457 20.8435
-23.2022 109.709
-23.2623 89.1672
-23.3063 74.2528
-23.1923 114.204
-22.8406 236.712
-23.0874 151.32
-22.9009 216.467
-23.2293 102.74
-23.7289 -70.4879
-23.326 69.8245
-23.3648 56.6893
-23.1457 133.156
-23.0029 183.112
-23.2989 80.634
-23.3522 62.453
-23.5305 0.867223
-23.7754 -83.8647
-23.9821 -155.324
-24.0516 -179.1
-23.65 -39.2577
-23.5108 9.45108
-23.6506 -38.7752
-23.5059 11.8429
-23.5955 -18.9315
-23.4216 41.8144
-23.4056 47.718
-23.5421 0.661852
-23.7655 -76.5858
-23.5281 6.20271
-23.2991 86.1363
-23.5577 -3.37681
-22.9439 210.205
-22.8818 232.112
-22.9576 206.13
-23.1388 143.529
-22.9085 223.897
-23.42 46.5524
-23.6823 -44.2358
-23.3903 57.571
-23.4834 25.5777
-23.5778 -6.87635
-23.349 72.9384
-22.8934 231.58
-22.8329 252.94
-22.951 212.274
-23.1715 136.002
-23.1533 142.666
-23.4081 54.522
-23.0026 195.736
-22.8139 261.634
-22.8189 260.241
-23.1461 146.918
-23.349 76.7815
-23.1576 143.605
-23.2726 103.996
-23.7801 -71.9545
-23.6334 -20.6498
-23.0969 166.091
-23.2017 130.039
-23.3878 65.7301
-23.5222 19.4001
-23.3598 76.1575
-23.0848 172.023
-23.51 24.6818
-23.5122 24.2584
-23.385 68.7916
-23.6597 -26.3075
-23.196 135.132
-23.6316 -15.8458
-23.2724 109.28
-23.0811 176.092
-23.6319 -14.9035
-23.5383 17.9443
-23.4863 36.3653
-23.2232 128.129
-23.7592 -57.7525
-23.485 37.8519
-22.9145 236.415
-23.3601 81.9426
-23.3857 73.408
-22.9868 212.311
-23.1769 146.631
-23.3732 78.7973
-23.3152 99.2817
-23.3477 88.3479
-22.826 269.921
-22.7692 290.019
-23.2828 111.917
-23.0341 198.66
-23.1756 149.881
-22.9012 245.547
-23.049 194.529
-23.0614 190.571
-23.0546 193.276
-22.9437 232.163
-23.02 206.004
-23.2953 110.713
-23.0905 182.204
-22.9775 221.822
-22.9315 238.147
-23.1061 177.829
-23.3303 100.296
-22.8995 250.286
-22.74 306.044
-23.1968 147.717
-22.9452 235.468
-22.7795 293.379
-23.2664 124.564
-23.3136 108.524
-22.9279 242.848
-22.8026 286.752
-22.9864 223.243
-22.8699 264.07
-22.7289 313.394
-22.9701 229.927
-22.6105 355.221
-22.7684 300.699
-22.8333 278.507
-22.9514 237.826
-23.1218 178.975
-23.1605 165.877
-23.2421 137.869
-23.2133 148.239
-23.2605 132.196
-23.0709 198.412
-22.946 242.138
-22.8269 283.853
-23.2531 136.157
-23.1491 172.608
-23.2802 127.418
-23.1281 180.604
-22.7869 299.476
-23.0804 197.873
-23.3619 100.428
-23.2827 128.307
-23.0628 205.025
-23.1988 158.128
-23.2624 136.393
-23.2453 142.69
-23.4969 55.611
-23.3507 106.761
-23.7569 -34.0112
-23.9298 -93.7139
-23.7603 -34.4903
-23.3373 112.807
-23.2816 132.5
-23.1823 167.35
-23.3723 101.689
-23.6782 -4.24295
-23.7089 -14.5452
-23.4778 66.0853
-23.78 -38.5538
-23.7189 -16.971
-24.0336 -125.973
-23.6727 -0.234462
-23.4302 84.3531
-23.8462 -59.8086
-23.9598 -98.9548
-23.9804 -105.759
-23.8399 -56.5782
-23.327 121.928
-22.8789 277.956
-23.1281 191.719
-23.7418 -21.1213
-23.8599 -61.8136
-23.8624 -62.3162
-23.5434 48.8382
-23.6567 9.84346
-23.3841 104.868
-23.3549 115.354
-23.6846 1.18364
-23.6575 10.9512
-23.8011 -38.6034
-23.7972 -36.9066
-23.9015 -72.7966
-23.8935 -69.6384
-24.1511 -158.79
-24.439 -258.447
-24.1636 -162.456
-23.7856 -30.7896
-23.5883 38.1116
-24.1614 -160.642
-24.2528 -192.043
-24.1746 -164.525
-24.0456 -119.381
-23.7858 -28.7586
-24.1745 -163.436
-23.9618 -89.2132
-24.2757 -197.904
-23.8835 -61.3198
-23.7097 -0.587211
-23.7439 -12.1337
-23.7422 -11.194
-23.7377 -9.28243
-23.4574 88.4532
-24.0283 -109.543
-24.2262 -177.945
-24.1043 -135.247
-23.9632 -85.8874
-23.795 -27.0997
-23.3229 137.271
-23.4247 102.246
-23.8533 -46.3041
-23.5883 46.1054
-23.6015 41.8706
-24.0039 -97.5934
-23.9397 -74.9436
-23.4436 97.7595
-23.6586 23.4078
-24.0478 -111.449
-23.8229 -32.9617
-23.5016 79.0097
-23.7846 -18.9529
-24.304 -199.054
-24.0745 -118.973
-23.8888 -54.1383
-23.8896 -54.0491
-23.8356 -34.9316
-23.8712 -46.9513
-23.8448 -37.4333
-23.5129 78.2048
-23.3705 128.005
-23.3389 139.339
-23.6629 27.1407
-23.8583 -40.3958
-23.9636 -76.6324
-23.5491 67.7191
-23.4178 113.661
-23.776 -10.4243
-23.5881 55.1997
-23.4608 99.7546
-23.4507 103.639
-23.3758 129.992
-23.2341 179.578
-23.512 83.3856
-23.3859 127.517
-23.4949 89.9955
-23.7656 -3.66722
-23.4867 93.5539
-23.7593 -0.794552
-23.8677 -38.0944
-23.5338 78.2395
-23.2648 172.032
-23.3556 140.847
-23.4974 91.9081
-23.8997 -47.5021
-24.1331 -128.216
-23.8173 -18.1515
-23.7372 9.9979
-23.7962 -10.137
-23.7634 1.61326
-23.6053 56.8613
-23.8921 -42.4261
-23.9366 -57.5159
-24.2079 -151.415
-24.0336 -90.5283
-23.605 58.7167
-23.9742 -69.1972
-24.2766 -173.893
-24.0608 -98.5983
-23.9775 -69.3009
-23.8985 -41.5142
-23.8939 -39.5758
-23.9294 -51.5586
-23.5507 80.3528
-23.1764 210.713
-23.2761 176.427
-23.5339 87.2311
-23.3286 158.898
-23.6544 46.0588
-23.5188 93.5247
-23.5864 70.3978
-23.59 69.4651
-23.5887 70.2664
-23.9953 -70.6115
-23.8794 -30.0286
-23.7931 0.321404
-23.2933 174.276
-22.8413 331.642
-23.0413 262.517
-22.9923 279.907
-22.7747 355.828
-23.1857 213.392
-23.3817 145.669
-23.8763 -25.7966
-23.4837 110.92
-23.6965 37.3497
-23.6905 39.788
-23.5625 84.604
-23.6181 65.6366
-23.6832 43.3452
-23.616 67.0584
-23.4992 107.953
-23.5138 103.26
-23.8723 -20.9504
-23.1969 214.039
-23.2627 191.51
-23.2545 194.711
-23.0617 262.038
-23.2096 211.013
-23.0774 257.267
-23.5228 102.908
-23.457 126.09
-23.381 152.86
-23.0773 258.713
-23.2074 213.851
-23.3527 163.713
-23.6044 76.6363
-23.752 25.7118
-23.4158 142.859
-23.2503 200.69
-23.0992 253.524
-23.261 197.679
-23.7433 30.4575
-23.8392 -2.48641
-23.9768 -49.9479
-23.8201 4.83525
-23.8457 -3.73413
-23.4673 128.081
-23.505 115.341
-23.6613 61.3757
-23.9519 -39.2104
-23.84 0.0155454
-23.4241 144.841
-23.4996 118.963
-23.655 65.2936
-23.5192 112.82
-23.8335 3.98359
-23.9244 -27.2489
-23.9298 -28.7785
-23.6902 54.8188
-23.653 68.0756
-23.9043 -18.873
-23.6905 55.7603
-23.8787 -9.2647
-23.6878 57.4031
-23.9013 -16.4319
-24.0345 -62.3721
-23.5032 122.557
-23.445 143.139
-23.8459 4.19871
-23.7172 49.2744
-23.4573 139.907
-23.329 184.812
-23.672 65.9907
-23.5832 97.1905
-23.8606 1.18129
-24.1075 -84.2388
-23.9934 -44.2527
-24.0476 -62.7522
-23.9826 -39.8078
-23.6759 67.071
-23.7395 45.3453
-23.8426 9.85979
-23.7224 51.9654
-23.9226 -17.2139
-23.9936 -41.5643
-23.8358 13.6096
-23.3697 175.881
-23.6654 73.4984
-23.8108 23.357
-24.1442 -92.1219
-24.0225 -49.5027
-23.8449 12.5331
-23.8872 -1.81493
-24.3223 -152.607
-24.7819 -311.933
-24.4966 -212.462
-24.5743 -239.103
-24.8511 -334.921
-24.3083 -146.019
-24.6942 -279.731
-25.2907 -486.584
-24.7722 -306.119
-24.387 -171.964
-24.295 -139.651
-24.7875 -310.406
-24.6359 -257.369
-24.4407 -189.232
-24.3615 -161.357
-24.2527 -123.221
-24.0639 -57.2973
-23.8772 7.93435
-23.9866 -29.7416
-24.8299 -322.364
-24.7853 -306.507
-24.3619 -159.066
-24.0409 -47.2056
-23.9984 -32.0906
-24.0134 -36.963
-24.0695 -56.0924
-24.151 -84.084
-24.376 -161.871
-24.0504 -48.414
-23.9019 3.5046
-24.1773 -91.7996
-24.0945 -62.7163
-24.137 -77.1108
-24.3822 -161.949
-24.5427 -217.374
-24.2677 -121.471
-24.1835 -91.8807
-23.7135 71.7412
-23.8747 16.0994
-24.0471 -43.4641
-23.9115 3.984
-24.3004 -130.771
-24.3562 -149.806
-24.1018 -61.0657
-25.0138 -377.564
-25.0114 -376.356
-24.7218 -275.407
-24.3828 -157.287
-24.2968 -127.092
-24.1411 -72.6394
-23.9928 -20.791
-24.2105 -96.0627
-24.5576 -216.281
-24.4134 -165.83
-24.2559 -110.786
-24.6432 -244.98
-24.6448 -245.183
-24.3256 -133.969
-24.5089 -197.303
-24.6492 -245.684
-24.5985 -227.734
-24.0192 -26.1387
-23.8965 16.8449
-24.3663 -146.003
-24.2097 -91.2554
-24.0556 -37.3625
-23.7681 62.8368
-23.8177 45.9529
-24.0002 -17.0977
-23.8108 49.0387
-23.9275 8.84342
-23.9137 13.9952
-23.7662 65.5763
-23.9028 18.482
-23.9068 17.4532
-23.8786 27.5777
-24.5026 -188.838
-24.4627 -174.632
-23.8906 24.4546
-24.3487 -134.331
-24.3014 -117.565
-23.9407 8.08522
-23.7749 66.0569
-24.0865 -41.8514
-23.9092 20.0967
-23.6325 116.548
-23.8929 26.4419
-23.8796 31.4164
-23.4601 177.473
-23.6534 110.696
-24.0484 -26.2022
-23.9148 20.5664
-24.0519 -26.6977
-23.8335 49.5042
-23.6356 118.602
-23.7021 95.8298
-24.3576 -131.526
-24.7367 -262.857
-24.8814 -312.791
-24.3949 -143.436
-24.1782 -67.8225
-23.9898 -2.02489
-23.802 63.5595
-24.1348 -51.6755
-24.2326 -85.3274
-23.7021 99.3302
-23.9229 22.9491
-24.4862 -172.38
-24.3586 -127.686
-23.6057 134.211
-23.8643 44.7154
-24.1366 -49.525
-24.4091 -143.87
-24.0638 -23.5494
-24.0456 -16.8783
-24.1655 -58.2031
-24.184 -64.2588
-23.9266 25.4869
-23.9366 22.3594
-24.1819 -62.4862
-24.0902 -30.2773
-23.8427 56.0374
-23.874 45.5194
-24.0671 -21.2253
-23.9247 28.6039
-23.7622 85.3969
-23.6886 111.317
-23.715 102.482
-23.535 165.36
-23.8398 59.8059
-23.9137 34.5081
-23.6194 137.082
-23.9604 18.9752
-23.8333 63.4849
-23.5476 163.073
-23.9017 40.4085
-23.8281 66.3323
-23.9004 41.5353
-23.7223 103.756
-23.2112 281.682
-23.4504 198.913
-23.7511 94.8012
-23.8277 68.5455
-23.875 52.4709
-23.5312 172.223
-23.402 217.469
-23.3163 247.589
-23.4378 205.725
-23.8254 71.4403
-24.0879 -19.4051
-24.2207 -65.2087
-23.8436 66.1445
-23.7004 116.227
-24.1035 -23.4532
-24.378 -118.461
-23.7677 93.8938
-23.8895 51.9503
-24.9145 -303.809
-24.9101 -301.938
-24.302 -90.3058
-24.0943 -17.8239
-24.1051 -21.2204
-24.2229 -61.7867
-24.0142 11.0613
-23.3832 230.615
-24.0633 -5.30618
-23.648 139.292
-24.0696 -6.82119
-23.9653 29.7891
-23.7851 92.7237
-23.9387 39.7122
-24.1995 -50.5562
-23.6796 130.425
-23.6071 155.93
-23.8774 62.4071
-23.9543 36.0082
-23.8165 84.2522
-23.4787 201.937
-23.2616 277.721
-23.269 275.476
-23.3545 246.142
-23.7158 120.978
-23.8666 68.9113
-23.7145 122.123
-23.6232 154.163
-23.2153 296.212
-23.2609 280.73
-23.5649 175.468
-23.9724 34.256
-23.8902 63.1637
-23.3405 254.475
-23.7667 106.749
-23.9521 42.694
-23.3038 268.267
-23.1344 327.462
-22.8988 409.635
-22.9493 392.441
-23.1748 314.473
-23.4133 231.961
-23.3734 246.177
-23.5404 188.496
-23.913 59.3942
-23.9752 38.1448
-24.1017 -5.44534
-23.8069 97.3047
-24.2826 -67.6044
-24.1207 -11.0164
-23.8199 93.8308
-23.652 152.523
-23.8819 72.9994
-23.8835 72.7965
-23.9956 34.188
-23.8851 72.9051
-23.7713 112.791
-23.7379 124.761
-24.0767 7.41261
-23.7581 118.433
-23.4634 221.159
-24.0448 19.5385
-23.5483 192.356
-23.2954 280.554
-23.694 142.433
-23.8338 94.2231
-23.8049 104.588
-23.8186 100.18
-23.7865 111.693
-24.2453 -47.357
-23.9252 64.2103
-23.8501 90.6192
-23.8848 78.9317
-24.1622 -17.0898
-24.0321 28.4445
-23.8776 82.4611
-23.9408 60.8498
-24.0604 19.6752
-24.0525 22.751
-24.13 -3.83464
-24.2648 -50.3167
-24.3208 -69.3991
-24.0198 35.4983
-23.9383 64.1468
-24.1946 -24.5229
-23.879 85.4755
-24.1216 1.51584
-24.4043 -96.3247
-24.4561 -113.976
-24.3968 -93.0401
-24.0715 20.324
-24.2949 -56.9536
-24.3 -58.3736
-24.3268 -67.3252
-24.2986 -57.1684
-24.3866 -87.4218
-24.3044 -58.5025
-24.4526 -109.638
-24.4518 -109.023
-24.065 25.7042
-23.991 51.7656
-23.9124 79.4049
-24.1595 -6.08837
-24.0599 28.872
-24.2844 -48.774
-24.4289 -98.6272
-24.4099 -91.6658
-23.9939 53.175
-24.0176 45.3143
-24.0797 24.0691
-24.4605 -107.86
-24.4802 -114.358
-24.3399 -65.2876
-24.2671 -39.6298
-24.0093 50.2518
-24.0204 46.772
-24.0032 53.0969
-24.0515 36.6551
-24.2279 -24.2947
-24.4638 -105.898
-24.4546 -102.337
-24.3524 -66.4902
-24.3067 -50.2507
-23.9686 67.5185
-23.7824 132.581
-24.0169 51.4417
-23.9417 77.9298
-23.7091 159.07
-23.9425 78.3223
-24.3336 -57.179
-23.8002 128.473
-24.1875 -5.73435
-24.3849 -73.9516
-24.1836 -3.69332
-24.587 -143.469
-24.443 -93.1141
-24.426 -86.8654
-24.1216 19.2458
-23.9253 87.7994
-24.1933 -4.95714
-23.9278 87.6175
-23.6429 186.935
-23.5823 208.329
-23.6603 181.571
-23.2642 319.531
-23.2469 325.897
-23.4798 245.314
-23.2043 341.395
-23.3264 299.324
-23.4838 244.991
-23.32 302.221
-23.7702 146.187
-23.9902 70.1206
-24.5822 -135.192
-24.6479 -157.668
-24.3207 -43.6695
-24.2558 -20.7701
-23.9634 81.1587
-23.7188 166.477
-23.5725 217.634
-23.1641 359.858
-23.2957 314.507
-23.2168 342.243
-23.1508 365.546
-23.5528 226.233
-23.5467 228.697
-23.5117 241.202
-23.9401 92.7214
-24.2464 -13.3507
-24.2187 -3.37612
-24.2733 -21.9737
-24.3538 -49.5982
-24.4789 -92.7096
-24.5946 -132.57
-24.368 -53.4842
-24.1491 22.884
-24.2415 -8.84265
-24.842 -217.114
-24.7507 -185.05
-24.5442 -112.982
-24.1747 15.7518
-24.3042 -28.9019
-24.523 -104.568
-24.2013 7.54797
-24.1359 30.6113
-24.1809 15.3044
-24.0794 50.9418
-23.9359 101.126
-24.131 33.7038
-24.3531 -43.1195
-24.3621 -45.8907
-24.3276 -33.5705
-24.61 -131.319
-24.304 -24.6571
-24.4267 -66.9378
-24.1469 30.6145
-24.5851 -121.285
-24.7075 -163.437
-24.155 28.83
-23.9334 106.158
-24.3053 -22.6908
-24.6159 -130.252
-23.9393 105.16
-23.7002 188.554
-24.1007 49.7678
-24.5919 -120.526
-24.6767 -149.619
-24.3465 -34.5764
-24.7201 -164.002
-24.4058 -54.4752
-24.5894 -117.912
-24.4413 -66.1059
-24.2987 -16.2107
-24.6222 -128.262
-24.3425 -30.7577
-24.2938 -13.4908
-24.6398 -133.327
-24.2235 11.6532
-24.5595 -104.732
-24.1671 31.941
-24.5758 -109.723
-24.3988 -47.8795
-24.403 -48.9913
-24.33 -23.2607
-24.2215 14.7725
-24.1578 37.2398
-24.0505 74.8531
-24.2677 -0.249614
-24.4384 -59.1887
-24.4549 -64.5942
-24.6406 -128.734
-24.7557 -168.367
-24.2142 20.0649
-24.1938 27.501
-24.6043 -114.73
-24.3266 -17.9137
-24.7018 -147.932
-24.1817 33.1186
-24.4752 -68.5039
-24.0507 79.3212
-24.1121 58.3182
-23.861 145.903
-24.371 -30.9108
-24.3508 -23.5414
-24.5688 -98.9383
-24.5482 -91.4499
-24.3691 -28.8567
-24.4844 -68.561
-24.3789 -31.5923
-24.1098 62.2445
-24.2667 8.09154
-24.4923 -69.9232
-24.3769 -29.4827
-24.4025 -38.0368
-24.5131 -76.1302
-24.6051 -107.721
-24.7927 -172.56
-24.4607 -56.878
-24.2045 32.4784
-24.0482 87.1339
-23.7083 205.556
-23.8985 139.842
-24.3698 -23.5413
-24.8274 -182.159
-24.5291 -78.2159
-24.5734 -93.2437
-24.3392 -11.5391
-24.6539 -120.503
-24.8262 -180.022
-24.3384 -10.2021
-24.2401 24.2943
-24.208 35.7724
-24.1463 57.548
-24.5377 -78.0525
-24.5251 -73.3273
-24.578 -91.3693
-24.4305 -39.7624
-24.3999 -28.7938
-23.9376 132.163
-24.2085 38.3868
-24.4274 -37.3088
-24.7174 -137.701
-24.5947 -94.7515
-24.3127 3.57061
-24.3267 -0.921671
-24.7909 -161.848
-24.9723 -224.518
-24.4852 -54.9681
-24.1567 59.5104
-24.2681 21.1579
-24.9035 -199.231
-24.3592 -9.79333
-24.3882 -19.5356
-24.6999 -127.471
-24.9359 -209.09
-24.7637 -148.945
-24.6077 -94.3721
-24.5033 -57.7708
-24.4088 -24.5796
-24.7572 -145.292
-24.6343 -102.228
-24.7447 -140.254
-24.6624 -111.31
-24.8745 -184.628
-24.619 -95.5207
-24.7752 -149.46
-24.8734 -183.227
-24.9534 -210.656
-24.8785 -184.304
-24.4012 -18.1495
-24.1969 53.1946
-24.2502 35.0076
-24.0835 93.26
-24.3571 -1.41004
-24.2209 46.2422
-24.3473 2.66501
-24.4449 -30.8773
-24.7473 -135.596
-24.5916 -81.1395
-24.2465 39.0972
-24.3043 19.339
-24.432 -24.6731
-24.372 -3.45742
-24.2914 24.8716
-24.5254 -56.0714
-24.5254 -55.7157
-24.4947 -44.7186
-24.8673 -173.792
-24.4461 -27.1362
-24.07 103.884
-24.1096 90.4748
-24.1836 65.1164
-24.4914 -41.4643
-24.7272 -123.035
-24.3073 23.158
-23.8112 195.862
-24.3385 13.0344
-24.0111 127.107
-23.8819 172.352
-24.1068 94.5626
-24.076 105.617
-24.233 51.4137
-24.264 40.9917
-24.201 63.24
-24.084 104.203
-23.9905 137.037
-23.8097 200.187
-23.8851 174.352
-23.7175 232.915
-24.168 76.7808
-23.8511 187.194
-23.9967 136.972
-23.9464 154.795
-23.8677 182.487
-23.8264 197.188
-24.155 83.3587
-24.146 86.8453
-24.1017 102.603
-23.7144 237.489
-24.2765 42.5668
-24.4769 -26.7025
-24.299 35.4258
-24.3304 24.8575
-24.3365 23.1143
-24.7386 -116.234
-24.6806 -95.7361
-24.3951 3.77987
-24.1753 80.4916
-24.3363 24.9204
-24.2746 46.6949
-24.2995 38.3917
-24.2346 61.2807
-24.5014 -31.0596
-24.4412 -9.7858
-24.5134 -34.5158
-24.7461 -115.04
-24.5109 -32.9796
-24.4522 -12.238
-24.4544 -12.6625
-24.3325 30.0551
-24.4782 -20.2081
-24.0881 115.665
-24.0755 120.361
-24.096 113.605
-23.9187 175.534
-23.9924 150.282
-24.2906 47.0451
-24.1271 104.184
-24.4384 -3.61923
-24.4779 -16.9811
-24.3892 14.1854
-24.3181 39.2325
-24.6829 -87.1784
-24.8923 -159.57
-24.6117 -61.7468
-24.2372 68.6979
-24.2994 47.4688
-24.6058 -58.6234
-24.2753 56.5383
-24.3573 28.3884
-24.4287 3.94059
-24.3828 20.2308
-24.1988 84.4972
-24.415 9.72481
-24.4144 10.2983
-24.4326 4.29423
-24.7162 -93.8536
-24.403 15.2789
-24.6647 -75.2757
-24.7856 -116.95
-24.7537 -105.516
-24.7499 -103.832
-24.7652 -108.813
-24.7923 -117.888
-24.4265 9.5611
-24.7921 -117.108
-24.682 -78.4976
-24.3804 26.6069
-24.7581 -104.261
-24.5074 -16.8127
-24.762 -104.907
-24.5146 -18.6072
-24.9921 -184.158
-25.0059 -188.597
-24.398 22.9443
-24.8053 -118.219
-24.159 106.64
-24.2389 79.2266
-24.5923 -43.1757
-24.7362 -92.8257
-24.9052 -151.183
-25.0465 -199.942
-25.0055 -185.329
-24.5892 -40.3757
-24.4814 -2.56368
-24.8271 -122.319
-24.555 -27.4495
-24.851 -129.926
-24.7016 -77.6882
-25.0392 -194.608
-24.705 -78.1591
-24.4533 9.61287
-24.7565 -95.3607
-24.702 -76.094
-24.7841 -104.256
-25.2774 -275.261
-24.8011 -109.453
-24.9761 -169.906
-24.9359 -155.585
-25.0472 -193.92
-24.9643 -164.756
-25.2382 -259.582
-25.043 -191.401
-24.9625 -163.085
-24.8559 -125.739
-24.7484 -88.0199
-24.8817 -133.973
-25.1387 -222.914
-25.0093 -177.618
-24.5779 -27.3938
-24.6996 -69.3432
-25.1605 -229.092
-24.6918 -65.9292
-24.9665 -161.031
-24.8549 -121.897
-24.9257 -146.14
-24.9908 -168.433
-24.5156 -2.99676
-24.9193 -142.87
-24.5483 -13.6545
-25.0153 -175.544
-24.867 -123.68
-24.9707 -159.364
-25.2668 -261.876
-25.292 -270.286
-24.9466 -149.94
-25.1471 -219.246
-25.0418 -182.307
-24.7754 -89.405
-24.9689 -156.31
-24.8013 -97.7228
-24.4585 21.7225
-24.8058 -98.591
-24.8461 -112.227
-24.5756 -17.9242
-24.5724 -16.4644
-24.7458 -76.3453
-24.209 110.466
-24.4807 16.4471
-24.6909 -56.2382
-24.3773 53.0535
-24.629 -34.0357
-24.677 -50.3694
-24.527 2.07788
-24.6278 -32.5943
-24.4321 35.7457
-24.6484 -39.0524
-24.6226 -29.7409
-25.0103 -164.064
-24.6501 -38.583
-24.6996 -55.4551
-24.6406 -34.5969
-24.7131 -59.4467
-25.0435 -173.859
-25.086 -188.274
-25.1971 -226.549
-25.0449 -173.308
-24.8598 -108.662
-24.9488 -139.241
-24.1593 135.363
-24.6125 -21.7146
-24.9249 -129.875
-24.6235 -24.8479
-24.7166 -56.8186
-24.7298 -61.0794
-24.8725 -110.304
-24.9352 -131.736
-25.5347 -339.644
-24.9835 -147.8
-24.6809 -42.3329
-25.0959 -186.178
-24.9407 -131.917
-24.9128 -121.874
-24.9912 -148.765
-24.9073 -119.269
-25.0841 -180.33
-24.7369 -59.3731
-25.0409 -164.642
-25.0615 -171.425
-24.8953 -113.352
-24.8053 -81.7512
-24.9881 -144.894
-24.6782 -36.9
-25.1872 -213.381
-24.6474 -25.488
-24.7951 -76.4707
-25.1209 -189.303
-25.065 -169.525
-24.9366 -124.566
-25.0765 -172.825
-24.6122 -11.1968
-24.8624 -97.7654
-25.202 -215.388
-24.7326 -51.9605
-24.5751 3.07901
-24.6477 -21.775
-24.5202 22.8646
-24.8642 -96.2974
-24.9012 -108.797
-24.378 73.2911
-24.4223 58.2592
-24.2079 133.086
-24.4647 44.2358
-24.6563 -21.992
-24.556 13.2156
-24.4623 46.0915
-24.5501 15.9289
-24.4811 40.2463
-24.7552 -54.6245
-24.6058 -2.36831
-24.9581 -124.419
-24.5868 4.94417
-24.5741 9.69581
-24.1856 144.99
-24.7145 -38.386
-24.6718 -23.1933
-24.2596 120.343
-24.5182 30.8382
-24.573 12.1456
-24.8999 -101.068
-24.3745 81.8111
-24.5223 30.798
-24.4744 47.8153
-24.6924 -27.5677
-24.5222 31.8785
-24.6135 0.530164
-24.5725 15.1061
-24.3943 77.3702
-24.0731 189.299
-24.4611 54.8621
-24.222 138.279
-24.4285 66.8868
-24.509 39.242
-24.5061 40.6011
-24.3388 99.0699
-24.4695 54.0265
-24.5739 18.1034
-24.4903 47.4989
-24.22 141.746
-24.0038 217.19
-24.2901 118.073
-24.5165 39.7921
-24.458 60.447
-24.6312 0.624908
-24.2324 139.509
-24.2527 132.819
-24.4882 51.3546
-24.0193 214.59
-24.3757 91.1143
-24.6404 -0.481041
-24.6623 -7.76212
-24.6899 -17.0034
-24.418 77.8263
-24.3519 101.134
-24.4787 57.4365
-24.5143 45.4082
-24.4501 68.057
-24.3305 109.946
-24.1624 168.682
-24.3471 104.885
-24.5941 19.4049
-24.4934 54.7625
-24.4533 69.0131
-24.2468 141.127
-24.314 118.11
-24.1487 175.9
-24.3809 95.5584
-24.2969 125.093
-24.5755 28.6539
-24.3217 117.174
-24.6815 -7.47252
-24.6474 4.71951
-24.8591 -68.4732
-24.6376 8.83167
-24.4481 74.9927
-24.4882 61.4043
-24.6191 16.2808
-24.7585 -31.7748
-24.5642 36.0702
-24.511 54.9003
-24.1811 169.858
-24.103 197.337
-24.6753 -1.14751
-24.2454 148.559
-24.4783 67.9775
-24.2653 142.333
-24.6449 10.793
-24.2631 143.79
-23.8426 290.209
-24.4359 84.4585
-24.0242 227.818
-24.4098 94.2034
-23.9477 255.101
-24.2427 152.967
-24.37 109.082
-24.7315 -16.1479
-24.6496 12.6616
-24.3521 116.357
-24.6797 2.87768
-24.6815 2.61973
-24.187 174.746
-24.3976 101.921
-24.2902 139.597
-24.2574 151.31
-24.2212 164.264
-24.3241 128.838
-24.7525 -19.6115
-24.6399 19.835
-24.4359 91.0466
-24.2895 142.272
-24.596 36.1223
-24.6793 7.54247
-24.4108 101.15
-24.419 98.6638
-24.3786 113.031
-24.4882 75.3294
-24.3917 109.188
-24.2959 142.803
-24.1102 207.684
-24.7207 -4.07851
-24.7599 -17.3391
-24.3675 119.344
-24.287 147.64
-24.6424 24.5294
-24.234 166.758
-24.8241 -37.8932
-24.4849 80.2736
-24.7791 -21.5572
-24.6223 33.2413
-24.1956 181.843
-23.9629 263.013
-24.1722 190.667
-24.3279 136.907
-24.1256 207.545
-24.1383 203.46
-23.9524 268.39
-24.2538 164.023
-24.3612 127.066
-23.9267 278.38
-24.4118 110.178
-24.5835 50.8941
-24.5094 76.9924
-24.6711 21.1565
-24.5857 51.1714
-24.6465 30.3906
-24.9558 -76.6953
-24.7019 11.8396
-24.5411 68.0672
-25.0908 -122.557
-24.5018 82.39
-24.4637 95.996
-24.5411 69.4561
-24.3518 135.554
-24.5204 77.3349
-24.4624 97.8426
-24.3446 139.102
-24.7228 8.04619
-24.8417 -32.8835
-24.4756 94.634
-24.7072 14.5222
-24.8484 -34.1768
-24.2935 158.947
-24.9922 -83.4576
-25.0576 -105.817
-24.1863 197.224
-24.524 80.2363
-24.655 35.0723
-24.5147 84.1687
-24.4531 105.907
-24.5765 63.3889
-24.6789 28.1619
-24.7027 20.2412
-24.2052 193.437
-24.3498 143.544
-24.5195 84.9497
-24.8094 -15.407
-24.7792 -4.59135
-24.9642 -68.4959
-24.6708 33.7747
-24.4893 97.1732
-25.1152 -119.914
-25.0171 -85.4986
-24.4688 105.342
-24.5729 69.5211
-24.6211 53.1072
-24.5013 95.0963
-24.6212 53.7622
-24.4789 103.541
-24.4058 129.315
-24.8686 -31.1364
-24.7396 14.0306
-24.3392 153.478
-24.1593 216.32
-24.5551 79.164
-24.3605 147.139
-23.8447 326.646
-23.9039 306.44
-24.2162 198.28
-24.1896 207.896
-24.1311 228.536
-24.2061 202.83
-24.5608 79.9872
-24.5645 79.0363
-24.3925 139.145
-24.4732 111.438
-24.5907 70.9704
-24.8765 -27.9717
-25.1104 -108.858
-24.94 -49.3429
-24.7262 25.2927
-24.7327 23.3781
-24.5688 80.6629
-24.5144 99.9181
-24.7434 20.721
-24.861 -19.8105
-24.9118 -37.1018
-25.2496 -154.105
-24.8567 -17.2572
-24.7164 31.8299
-24.8235 -5.02894
-24.979 -58.7164
-25.1779 -127.456
-24.6028 72.6655
-24.8251 -4.21293
-24.4944 111.043
-24.6218 67.1256
-24.5928 77.5477
-24.5295 99.8882
-24.5926 78.3029
-24.63 65.6644
-24.9274 -37.326
-24.646 60.8033
-25.0471 -78.2045
-25.0625 -83.2112
-25.0079 -63.8805
-24.9058 -28.0728
-24.5236 105.069
-24.3776 156.114
-24.4049 146.996
-24.2608 197.404
-24.4888 118.545
-24.7504 28.0152
-24.8345 -0.852652
-24.6633 58.9412
-24.9921 -54.9184
-24.9819 -51.0243
-25.2409 -140.647
-24.796 14.2476
-25.1652 -113.67
-24.7644 25.9108
-25.3209 -167.055
-25.0198 -62.1259
-25.4919 -225.785
-24.7469 33.3795
-24.9598 -40.2151
-24.934 -30.9143
-25.0317 -64.5267
-24.4432 140.263
-24.9571 -37.907
-25.1955 -120.357
-25.2808 -149.656
-25.0466 -67.9478
-24.5719 97.3206
-24.5317 111.604
-24.8925 -13.3663
-25.3295 -164.825
-25.1332 -96.2829
-24.8546 0.848915
-24.8178 13.9786
-25.2301 -128.915
-25.2341 -129.961
-25.1048 -84.7015
-24.76 35.4295
-24.9091 -16.0006
-24.8311 11.4291
-25.0653 -69.5738
-25.0523 -64.7258
-24.8452 7.58651
-24.641 78.8693
-24.8097 20.6092
-24.8363 11.6988
-24.8689 0.730744
-24.9081 -12.5243
-24.788 29.538
-24.8589 5.24116
-25.0827 -72.1638
-24.9475 -24.8229
-25.2217 -119.747
-24.9398 -21.4818
-25.0815 -70.3509
-24.9928 -39.1827
-25.3367 -158.302
-25.1957 -108.972
-25.3751 -170.947
-25.2483 -126.562
-25.2021 -110.174
-25.2559 -128.487
-24.8593 9.64
-24.8715 5.72191
-25.2139 -112.876
-25.0837 -67.2948
-24.6654 78.3781
-24.7123 62.4224
-25.1472 -88.3127
-25.2168 -112.127
-25.2962 -139.361
-25.0241 -44.5135
-25.1018 -71.1337
-24.9638 -22.8552
-25.0835 -64.1064
-24.7982 35.3477
-24.8945 2.25965
-25.1471 -85.133
-24.9521 -17.0658
-25.1129 -72.5548
-25.3167 -143.014
-25.1214 -74.844
-25.0359 -44.7916
-24.7074 69.6989
-24.9231 -4.90204
-25.3298 -145.827
-24.8929 6.28462
-25.036 -43.0728
-24.9443 -10.8777
-25.2975 -133.224
-24.8648 17.4555
-24.9591 -14.9641
-25.0907 -60.3432
-25.1518 -81.2343
-25.2084 -100.552
-24.8728 16.3996
-25.1272 -71.6207
-24.6726 86.657
-24.905 6.27
-25.2019 -96.5375
-24.9607 -12.4044
-25.193 -92.7685
-25.0237 -33.5797
-24.9761 -16.7141
-24.8788 17.4512
-24.868 21.5367
-25.0906 -55.4557
-25.0523 -41.7959
-25.1088 -61.0647
-24.9793 -15.7279
-24.8733 21.4503
-25.0934 -54.6944
-25.0467 -38.0969
-25.1197 -63.1326
-24.8121 44.0919
-24.9342 2.01732
-25.1044 -56.7758
-25.0029 -21.1577
-24.7117 80.3505
-25.0087 -22.4627
-24.7432 70.108
-24.8925 18.5847
-25.3562 -142.169
-24.6754 94.6934
-24.5111 152.138
-24.6491 104.525
-25.1554 -71.0193
-25.1279 -61.1092
-24.97 -5.89486
-24.5188 151.201
-24.1538 278.322
-24.543 143.481
-24.828 44.8226
-24.7114 85.6671
-24.7851 60.4198
-24.9649 -1.68682
-25.0648 -36.0726
-24.9725 -3.64963
-24.793 59.0569
-24.571 136.515
-24.8143 52.3409
-24.3734 205.861
-24.6653 104.802
-24.5581 142.402
-24.5954 129.783
-24.4524 179.819
-24.7663 71.1056
-24.4605 177.691
-24.596 130.971
-24.4174 193.352
-24.4544 180.861
-24.1935 271.832
-24.3689 211.263
-24.4928 168.541
-24.095 307.113
-24.5259 157.754
-24.528 157.375
-24.6953 99.5908
-24.6998 98.3782
-24.5643 145.802
-24.7015 98.4868
-24.161 286.607
-24.3142 233.716
-24.3633 217.001
-24.3479 222.7
-24.389 208.797
-24.7305 90.4918
-24.8368 53.9268
-24.5587 150.869
-24.4553 187.15
-24.7442 87.1228
-24.0375 332.994
-24.5327 161.31
-24.4636 185.655
-25.1698 -59.3365
-24.8787 42.1281
-24.7556 85.2542
-24.5665 151.291
-24.6772 113.197
-24.2883 248.632
-25.0077 -0.937825
-24.261 258.818
-25.0375 -10.5962
-24.5999 141.787
-25.0112 -0.75403
-25.0021 2.72753
-24.7016 107.473
-24.6406 129.006
-24.8399 60.1234
-24.6908 112.281
-24.6822 115.613
-24.5617 157.807
-24.7379 96.9556
-24.7231 102.451
-24.9777 14.3409
-24.4913 183.668
-24.7044 110.003
-24.8092 73.9275
-24.6952 113.884
-24.795 79.5533
-24.8039 76.7936
-24.7781 86.1132
-24.8136 74.1369
-24.5139 178.593
-24.4933 186.093
-24.7809 86.5488
-25.0046 9.15551
-25.0897 -20.0551
-24.9673 22.8159
-24.9126 42.1669
-24.5812 157.659
-24.5298 175.844
-24.6351 139.634
-24.5229 178.937
-24.8158 77.5365
-24.7827 89.3818
-25.1747 -46.4536
-25.19 -51.3998
-25.3314 -100.199
-25.1569 -39.2366
-25.1635 -41.1523
-24.8244 76.996
-25.036 3.82723
-25.0495 -0.504689
-24.9429 36.8604
-24.8229 78.8934
-24.9405 38.4041
-25.1083 -19.5481
-24.9395 39.4142
-25.067 -4.52368
-25.2422 -65.0164
-25.2378 -63.1441
-25.4092 -122.35
-25.3478 -100.682
-25.4446 -133.956
-25.1655 -36.6576
-24.8867 60.5399
-25.1488 -30.1502
-25.3161 -87.9326
-25.4824 -145.343
-25.5034 -152.284
-25.4635 -138.073
-25.231 -56.9752
-24.9511 40.6272
-25.1008 -11.0509
-24.9779 32.0088
-25.1268 -19.3787
-24.7749 103.202
-24.7892 98.5861
-24.9493 43.3172
-25.0369 13.2418
-24.5598 179.322
-24.723 122.989
-24.6165 160.312
-24.836 84.419
-25.2313 -52.5744
-25.2749 -67.368
-24.8938 65.3917
-24.5872 172.255
-25.1247 -14.122
-24.9088 61.2018
-24.941 50.3838
-25.0316 19.253
-24.8523 81.8914
-24.822 92.7475
-25.0186 24.803
-24.9193 59.6519
-24.7564 116.592
-24.9831 38.1898
-24.622 163.984
-24.8069 100.099
-25.0011 32.961
-25.5353 -152.277
-25.511 -143.49
-25.1015 -0.863442
-25.06 13.8786
-25.2528 -52.7239
-25.2498 -51.3392
-24.8085 102.306
-25.1135 -3.28925
-25.2825 -61.6487
-24.5219 202.928
-24.8089 103.571
-24.7226 133.891
-25.0097 34.4922
-25.3408 -80.1871
-25.4946 -133.251
-25.1635 -17.8879
-24.94 60.0972
-25.0256 30.6929
-24.6455 163.115
-24.7721 119.469
-25.4149 -103.483
-25.2163 -34.1371
-24.8273 101.319
-24.6979 146.629
-25.0846 12.645
-25.037 29.543
-25.1326 -3.32841
-24.7985 113.069
-24.566 194.185
-25.0602 22.8498
-25.0034 42.945
-25.3397 -73.5406
-25.1014 9.57812
-25.1504 -7.09323
-24.9285 70.3413
-25.0391 32.2894
-24.6396 171.407
-24.6437 170.32
-24.8143 111.411
-24.5843 191.663
-24.8631 95.1555
-25.08 20.1612
-25.0798 20.5606
-25.0758 22.3003
-25.1189 7.66817
-24.9549 65.0102
-25.0861 19.7541
-25.3337 -65.9022
-25.5405 -137.393
-25.2654 -41.4863
-25.0633 29.0789
-24.7042 154.179
-24.7152 150.709
-24.6467 174.849
-25.0166 46.6776
-24.7505 139.467
-24.8323 111.42
-25.0955 20.3264
-24.522 219.898
-24.8671 100.379
-24.8173 117.994
-24.8059 122.326
-24.6106 190.498
-24.8117 120.989
-25.4824 -111.662
-25.2468 -29.4699
-24.916 85.7958
-24.5531 212.216
-24.7826 132.838
-24.3991 266.405
-25.0461 41.9875
-24.7406 148.46
-24.8621 106.608
-25.2115 -14.4307
-24.9245 85.6259
-25.415 -84.4328
-24.7521 146.23
-24.4017 268.301
-24.8679 106.695
-25.1353 14.129
-25.0093 58.2517
-24.5856 205.813
-24.4949 237.659
-24.7711 142.067
-24.868 108.743
-24.9479 81.3355
-24.5307 226.62
-24.5622 216.019
-24.919 92.3909
-25.0893 33.6101
-24.828 124.722
-25.0288 55.2987
-24.6413 190.261
-24.4632 252.503
-24.6953 172.192
-24.99 70.1638
-24.5712 216.024
-24.8072 134.37
-24.8411 122.941
-25.0907 36.5838
-24.8129 133.441
-25.2804 -28.6149
-25.2666 -23.4685
-25.3549 -53.8103
-24.6908 177.247
-24.7751 148.292
-24.7866 144.672
-24.6175 203.764
-24.7857 145.649
-24.4832 251.08
-24.6473 194.441
-24.482 252.217
-24.7567 157.136
-25.0159 67.4282
-25.0407 59.1526
-25.1123 34.642
-24.8431 128.499
-25.1443 24.209
-25.2784 -22.0178
-24.9604 88.7835
-24.7991 145.16
-24.5173 243.426
-24.7028 179.311
-25.0036 75.1761
-25.0808 48.7037
-24.8018 145.971
-24.997 78.4955
-24.9495 95.3512
-25.0551 59.01
-24.8838 118.889
-24.7856 153.34
-25.0064 76.9819
-25.2033 8.92097
-25.0976 46.0103
-24.8425 134.972
-24.7803 156.918
-24.9387 102.245
-24.5105 251.333
-24.6846 191.221
-24.188 364.085
-24.5442 240.664
-24.6901 190.332
-24.9999 83.0579
-25.0289 73.3322
-25.0266 74.4939
-24.8834 124.567
-25.0165 78.6966
-25.0968 51.141
-24.7704 164.87
-25.2103 12.39
-24.9021 119.81
-24.9128 116.46
-25.141 37.5204
-25.2225 9.56189
-25.0661 64.22
-24.5941 228.568
-25.0024 87.0672
-24.8256 148.837
-24.7305 182.203
-25.0185 82.4894
-25.2784 -7.43414
-24.9903 92.9863
-25.0641 67.6995
-24.9189 118.488
-25.4271 -57.6915
-25.2645 -0.880065
-25.0222 83.647
-24.7617 174.51
-24.8805 133.574
-24.8057 159.922
-24.9875 97.0817
-24.7631 175.409
-25.2446 8.46146
-25.0114 89.8245
-24.9013 128.417
-24.9745 103.337
-24.8194 157.564
-24.5166 263.104
-24.7395 186.028
-24.9544 111.72
-25.0481 79.532
-25.1406 47.728
-25.1882 31.5593
-24.9648 109.491
-25.0954 64.4807
-25.2172 22.4983
-24.8928 135.541
-24.9668 110.208
-24.9862 103.791
-25.1247 56.0303
-25.4743 -65.0497
-25.3755 -30.4113
-25.1308 54.9604
-25.1713 41.2295
-25.2078 28.8915
-25.3092 -5.96547
-25.5598 -92.6866
-25.4777 -63.8268
-25.4943 -69.2379
-25.4901 -67.4125
-25.3569 -20.8123
-25.2587 13.6697
-25.3805 -28.3106
-25.0546 85.2615
-25.3071 -2.11421
-25.0012 104.479
-25.1873 40.2003
-25.5356 -80.4442
-25.272 11.4604
-25.1772 44.7511
-25.2709 12.5583
-25.2491 20.4482
-25.3088 0.0671656
-25.1123 68.6973
-25.0052 106.25
-25.1295 63.3906
-25.0081 105.917
-25.4357 -42.2905
-25.0415 95.0043
-25.1707 50.4894
-25.0056 108.187
-25.0385 97.1082
-24.9879 115.013
-25.7147 -137.104
-25.3879 -23.2546
-25.7715 -156.167
-25.3762 -18.4808
-25.3706 -16.1885
-25.2302 32.9171
-25.3793 -18.4995
-24.9395 134.612
-24.816 177.877
-24.8691 159.763
-24.9401 135.435
-25.2582 25.2918
-25.4641 -45.9016
-25.5274 -67.532
-25.3646 -10.6216
-25.3062 10.0186
-25.1883 51.3005
-24.9864 121.792
-25.3282 3.40132
-25.1421 68.41
-25.0252 109.344
-24.9737 127.611
-24.99 122.281
-24.9727 128.642
-25.1834 55.7935
-25.075 93.7909
-25.1937 52.9117
-25.3974 -17.4931
-25.5022 -53.5527
-25.2501 34.3672
-24.8629 169.221
-25.0374 108.936
-24.9534 138.464
-25.1614 66.5701
-24.9781 130.574
-24.9073 155.538
-25.1229 80.9827
-25.2173 48.529
-25.1974 55.7784
-24.5709 273.796
-25.1721 65.291
-25.1206 83.5145
-25.0129 121.278
-25.0541 107.323
-25.4908 -44.0607
-25.1034 90.8903
-25.2869 27.4878
-25.3017 22.6965
-25.1452 77.4013
-24.9743 137.122
-25.1563 74.2329
-25.3058 22.6554
-25.428 -19.4682
-25.2173 54.0829
-25.1658 72.319
-25.2436 45.6566
-25.2218 53.578
-25.433 -19.4541
-25.6262 -86.2143
-25.2476 45.6351
-25.6422 -91.0883
-25.4552 -25.7909
-25.6357 -88.1351
-25.5994 -75.1788
-25.2428 49.0405
-25.2031 63.1947
-25.0102 130.545
-25.3634 8.19375
-24.8827 175.523
-24.9821 141.351
-25.2479 49.3801
-25.3269 22.2579
-25.1811 73.2806
-24.7879 210.221
-25.0922 104.827
-25.2322 56.5497
-25.4011 -1.78605
-25.649 -87.5482
-25.5862 -65.3931
-25.2645 46.708
-24.9822 145.138
-25.1045 103.011
-24.9104 170.776
-25.3018 35.1625
-25.5672 -56.6947
-25.2854 41.5403
-25.5273 -42.1236
-25.1993 72.145
-25.19 75.7358
-25.3261 28.7961
-25.3286 28.2942
-25.1705 83.5567
-25.0124 138.82
-25.3049 37.5633
-25.5221 -37.5548
-25.3023 39.1357
-25.1053 107.925
-25.0681 121.206
-25.2426 60.9158
-25.7583 -117.858
-25.4095 3.64893
-25.0947 113.339
-25.5811 -55.2793
-25.4892 -23.0013
-25.4019 7.68002
-25.3353 31.1482
-25.3613 22.4602
-25.7294 -105.054
-25.4326 -1.58464
-25.3504 27.3072
-25.5633 -46.3031
-25.5311 -34.7628
-25.367 22.5658
-25.3012 45.7902
-25.1005 115.863
-25.2284 71.7609
-25.407 10.0594
-25.3182 41.2873
-25.3188 41.4054
-25.2691 59.0355
-25.6311 -66.3847
-25.2975 49.8607
-25.3488 32.3691
-25.4444 -0.503054
-25.4161 9.68599
-25.3929 18.1071
-25.6362 -66.0799
-25.5835 -47.4351
-25.4665 -6.41956
-25.3967 18.1585
-24.9256 182.164
-25.4351 5.50826
-25.4217 10.5215
-25.4302 7.90855
-25.4207 11.5773
-25.1192 116.642
-24.9155 187.751
-25.5053 -16.7847
-25.583 -43.4243
-25.2712 65.233
-25.2403 76.3077
-25.362 34.3756
-25.5167 -19.0149
-25.5267 -22.132
-25.5652 -35.1434
-25.4315 11.6296
-25.4997 -11.7174
-25.3933 25.5951
-25.382 29.8651
-24.7367 254.388
-24.9255 189.169
-25.1365 116.19
-25.2963 61.0542
-24.8571 213.976
-24.711 265.078
-25.0151 159.779
-25.0699 141.065
-24.811 231.376
-24.9073 198.243
-25.1317 120.64
-25.2767 70.613
-25.2786 70.3154
-25.1183 126.347
-25.1328 121.668
-24.7592 251.777
-25.118 127.504
-25.2953 66.2329
-25.3218 57.3725
-25.0395 155.806
-25.0894 138.809
-24.9748 178.972
-24.9868 175.159
-25.0896 139.777
-25.3098 63.6568
-25.5204 -9.16314
-25.6012 -36.8905
-25.6523 -54.3009
-25.4262 24.5916
-25.6766 -62.0488
-25.5101 -3.85215
-25.3237 61.2591
-25.2149 99.4051
-25.4294 25.2248
-24.6541 294.908
-24.6527 295.724
-24.9849 180.694
-25.1089 137.955
-24.8405 231.545
-25.3141 67.3598
-25.686 -61.4994
-25.4357 25.7984
-25.3183 66.9309
-25.4575 18.9375
-25.7101 -68.4698
-25.7879 -95.1531
-25.0472 162.522
-25.5763 -20.9428
-25.5721 -19.1567
-25.7181 -69.4974
-25.2563 91.2743
-25.1017 145.312
-25.251 93.7948
-25.301 76.7734
-25.2663 89.1787
-25.4937 10.5261
-25.5741 -17.0547
-25.3415 64.0839
-25.407 41.6815
-25.3624 57.5285
-25.5714 -14.734
-25.2465 98.4873
-25.0968 150.849
-25.3484 63.7743
-25.0234 177.034
-25.1362 138.2
-25.0872 155.558
-25.2303 106.211
-25.285 87.5447
-24.8487 239.47
-24.9641 199.719
-25.1558 133.453
-25.3628 61.9148
-24.9605 202.003
-25.5362 2.34847
-25.3736 59.1939
-24.8105 255.165
-25.039 176.115
-25.2833 91.6172
-24.873 234.497
-25.4463 35.6907
-25.6181 -23.6528
-25.0167 185.616
-25.2925 90.1565
-25.2469 106.347
-25.0736 166.872
-25.6357 -28.0499
-24.9148 222.761
-24.6603 311.506
-25.3226 81.7625
-24.912 224.764
-25.021 187.233
-25.1788 132.763
-25.1694 136.382
-25.4148 51.4911
-25.8031 -83.0741
-25.4902 25.9984
-25.3416 77.9504
-25.2888 96.6388
-25.3409 78.896
-25.6861 -40.6755
-25.2229 120.58
-25.6596 -30.7878
-24.6594 317.029
-25.0191 192.408
-25.0292 189.263
-25.4593 40.1779
-25.0604 179.105
-24.9923 203.109
-24.7986 270.764
-24.8361 258.072
-24.812 266.797
-25.0338 190.103
-24.8406 257.572
-25.0579 182.405
-24.7475 290.609
-25.178 141.394
-25.1549 149.752
-24.585 348.092
-24.724 300.165
-24.8102 270.542
-24.8049 272.735
-24.5732 353.581
-25.1131 166.376
-25.3168 95.9412
-25.4669 44.1454
-25.4951 34.7149
-25.3508 85.1762
-25.3218 95.606
-24.8873 246.899
-24.8123 273.281
-25.0872 178.154
-25.1401 160.108
-25.4325 58.868
-25.5871 5.53944
-25.0584 189.546
-24.6874 318.768
-25.4394 57.8749
-25.1932 143.745
-25.1033 175.317
-25.3063 105.172
-25.6718 -21.4651
-25.2102 139.23
-25.022 204.951
-25.139 164.675
-25.1137 173.818
-25.2359 131.709
-24.9836 219.706
-25.2281 135.093
-25.2696 121.049
-25.1211 172.985
-25.2063 143.714
-25.1987 146.719
-24.826 276.54
-25.3041 110.77
-25.4205 70.6896
-25.5164 37.7397
-25.0736 191.909
-25.3045 112.023
-25.2544 129.793
-25.6768 -16.5983
-25.5824 16.5339
-25.2788 122.365
-24.9565 234.676
-25.2609 129.262
-25.5586 26.2006
-25.5389 33.3925
-25.1129 181.73
-25.1514 168.706
-25.3153 112.111
-25.6019 12.8782
-25.3939 85.5038
-25.3736 92.8797
-25.036 210.519
-25.4072 81.9229
-25.2815 125.947
-25.0963 190.602
-25.2612 133.661
-25.2438 140.076
-25.295 122.63
-25.1111 186.881
-25.0516 207.892
-25.1876 160.992
-25.1231 183.753
-25.1895 161.01
-25.4649 65.7086
-25.519 47.2626
-25.3928 91.4503
-25.129 183.422
-25.2003 159.011
-25.4983 55.8163
-25.5314 44.6681
-24.9053 262.519
-25.3592 105.199
-24.9937 232.506
-25.1249 187.271
-25.4343 80.1373
-25.4359 79.9382
-25.212 158.057
-25.173 171.971
-25.3154 122.826
-25.7383 -23.7313
-25.1981 164.27
-25.2378 150.846
-25.4834 65.8505
-25.9581 -98.6987
-25.5658 37.9438
-25.4719 70.8907
-25.1528 182.102
-25.585 32.303
-25.1759 174.773
-25.1678 177.919
-25.0493 219.439
-25.3956 99.4892
-25.8596 -61.3329
-25.7362 -18.1403
-25.5389 50.7678
-25.2692 144.791
-25.1166 198.139
-25.2791 142.037
-25.2208 162.636
-24.8517 291.228
-25.1269 195.958
-25.5225 58.8672
-25.5392 53.44
-25.7758 -28.4026
-26.0097 -109.32
-25.6761 6.9126
-25.9152 -75.8142
-25.6847 4.62162
-25.465 81.3054
-25.8281 -44.5124
-25.279 146.59
-25.5143 65.2195
-26.1555 -157.197
-25.477 78.8656
-25.4026 105.063
-25.4187 99.8046
-25.7758 -23.9024
-25.5701 47.9145
-25.7278 -6.52692
-25.2782 150.007
-25.7684 -19.928
-25.6794 11.3158
-25.4037 107.446
-25.188 182.732
-25.2113 174.975
-25.1118 209.881
-25.1943 181.576
-25.0069 247.02
-25.2345 168.33
-25.0377 237.038
-25.4071 109.057
-25.3288 136.593
-25.3072 144.464
-25.5582 57.6142
-25.93 -71.2144
-24.9962 253.539
-25.0089 249.478
-25.143 203.24
-25.2681 160.106
-25.6301 34.714
-25.2621 162.886
-25.6497 28.6075
-25.571 56.281
-25.0848 225.533
-25.4839 87.2472
-25.191 189.336
-25.1357 208.88
-25.0847 226.938
-24.9716 266.602
-25.3545 133.918
-25.515 78.5213
-25.2756 162.022
-25.182 194.897
-25.3897 123.083
-25.5553 65.9079
-25.2506 172.091
-25.7895 -14.7494
-25.4939 88.2567
-25.3954 122.822
-25.5103 83.2826
-25.5365 74.5216
-25.5032 86.4178
-25.4061 120.504
-25.6455 37.6972
-25.6506 36.2811
-25.6066 51.9176
-25.7931 -12.5477
-25.92 -56.2692
-25.5473 73.5361
-25.63 45.1616
-25.6074 53.3557
-25.3357 148.083
-25.2778 168.564
-25.096 232.062
-25.2101 192.764
-24.9777 273.864
-25.5832 63.8623
-25.4732 102.428
-25.5233 85.3632
-25.4077 125.859
-25.3512 145.827
-25.5497 77.2323
-25.5067 92.5236
-25.549 78.1505
-25.8503 -26.1675
-25.5953 62.7862
-25.7609 5.5978
-25.7783 -0.110983
-25.6527 43.8753
-25.5541 78.4794
-25.8188 -13.1247
-25.2567 182.47
-25.385 138.278
-25.1452 221.922
-25.784 0.349654
-25.6202 57.6137
-25.7598 9.44972
-25.8618 -25.6494
-25.8406 -17.9279
-25.4043 133.996
-25.4016 135.26
-25.7651 9.33849
-25.6269 57.6971
-25.263 184.462
-25.715 27.7814
-25.7829 4.56151
-25.8091 -4.22074
-25.8253 -9.49266
-26.107 -107.007
-25.7792 7.23357
-25.8938 -32.2384
-25.5982 70.7901
-25.1277 234.613
-25.6655 48.1146
-25.3718 150.509
-25.6317 60.5412
-25.5079 103.905
-25.4466 125.542
-25.1797 218.599
-25.7706 13.6842
-25.9654 -53.6272
-25.3559 158.43
-25.634 62.182
-25.8731 -20.5397
-25.3575 158.926
-25.8722 -19.5255
-25.4214 137.424
-25.9502 -45.9383
-25.8642 -15.7089
-25.7159 36.1547
-25.4396 132.5
-25.3229 173.395
-25.2522 198.28
-25.7706 18.5594
-25.596 79.546
-25.602 77.8293
-25.798 10.0664
-25.3118 179.328
-25.8872 -20.2043
-25.6835 50.8911
-25.3834 155.492
-25.3649 162.266
-25.6747 54.9987
-25.6482 64.5314
-25.8201 5.18632
-25.8215 5.05341
-25.6515 64.4483
-25.3639 164.691
-25.7076 45.655
-25.6175 77.3101
-25.5983 84.3133
-25.5486 101.926
-25.4808 125.836
-25.621 77.4707
-25.2901 192.776
-25.3187 183.168
-25.0396 280.496
-25.373 165.027
-25.0957 261.694
-25.4253 147.543
-25.3482 174.665
-25.3913 160.05
-25.4814 129.08
-25.5371 110.088
-25.4894 127.004
-25.993 -47.6083
-26.3523 -172.079
-26.1065 -86.3378
-26.0133 -53.613
-26.074 -74.3465
-25.6713 65.9145
-25.7604 35.2945
-25.5952 93.0429
-25.9902 -43.8339
-25.8488 5.61151
-26.133 -92.7569
-25.6035 91.524
-25.5875 97.435
-25.66 72.5988
-25.0644 279.873
-25.756 39.9458
-25.338 185.525
-25.8486 8.48833
-25.7099 56.9902
-26.26 -133.763
-26.3649 -169.847
-26.159 -97.9772
-25.967 -30.9155
-25.864 5.21778
-26.0786 -68.9809
-26.2857 -140.589
-26.6357 -261.844
-26.1568 -95.1086
-25.4775 141.201
-25.6336 87.3215
-25.8799 2.12893
-25.3496 186.692
-25.527 125.423
-25.9491 -20.8675
-25.6606 79.6845
-25.7035 65.1199
-25.6958 68.1583
-25.8998 -2.3643
-25.7237 59.1508
-26.1353 -83.4843
-26.1843 -100.163
-25.631 92.4094
-25.3838 178.616
-25.39 176.814
-25.3184 202.038
-25.2919 211.594
-25.3765 182.563
-25.462 153.196
-25.6972 71.8355
-25.5966 107.145
-25.4485 158.95
-25.3416 196.411
-25.6266 97.7681
-25.5553 122.859
-25.7844 43.6456
-25.6827 79.323
-25.7064 71.4358
-26.2036 -100.968
-26.0197 -36.7294
-26.1205 -71.4004
-25.7776 48.0695
-25.6301 99.6759
-25.1677 260.663
-25.1691 260.512
-25.1243 276.437
-25.6392 97.909
-25.5418 132.097
-25.537 134.079
-25.4319 170.937
-25.7538 59.4844
-25.6356 100.873
-25.5165 142.597
-25.2168 247.06
-25.3357 206.118
-25.5989 115.006
-26.094 -56.6248
-25.6853 85.7103
-25.5273 140.924
-25.2481 238.266
-25.5788 123.749
-25.999 -21.8975
-25.4871 156.286
-25.7761 56.2283
-25.8919 16.3498
-25.6582 97.8904
-25.5377 140.088
-25.7231 76.058
-25.9921 -17.0716
-25.851 32.3221
-25.6725 94.6808
-26.0193 -25.4533
-26.0924 -50.5168
-25.6034 119.699
-25.9411 2.75544
-25.872 27.1072
-26.1366 -64.4739
-25.7092 84.3317
-25.9847 -10.9961
-26.0328 -27.3771
-25.9957 -14.1375
-25.7683 65.2001
-26.0861 -44.8416
-26.1693 -73.3877
-26.1149 -54.1546
-26.1217 -56.1617
-26.0025 -14.4207
-26.1665 -71.0274
-26.0978 -46.835
-25.8149 51.7954
-25.9768 -4.10569
-26.1308 -57.2453
-26.2903 -112.323
-26.2007 -80.8466
-25.7866 63.3487
-26.1531 -63.5963
-26.3652 -136.94
-26.1833 -73.3991
-25.8164 54.4149
-26.0675 -32.4806
-25.6371 117.376
-25.7201 88.9117
-25.9803 -1.1532
-25.9148 21.9509
-25.9057 25.4608
-26.0812 -35.1447
-25.8126 58.5113
-25.6334 121.111
-25.3674 213.847
-25.1725 281.919
-25.6303 123.217
-25.4298 193.237
-25.7627 77.9237
-25.7732 74.6336
-25.8405 51.5768
-26.198 -72.2442
-26.0324 -14.3822
-26.3 -107.014
-26.2677 -95.4403
-25.9373 19.7023
-25.8862 37.7973
-25.978 6.23713
-26.1655 -58.5304
-26.2273 -79.6451
-25.9868 4.23849
-25.9404 20.7014
-25.8822 41.2543
-25.6345 127.654
-26.013 -3.47903
-26.122 -40.9948
-26.336 -114.99
-26.0038 0.753504
-26.0918 -29.4732
-25.7911 75.3346
-25.929 27.8088
-25.9508 20.5629
-25.882 44.7996
-25.9658 16.0382
-26.0555 -14.7749
-25.9768 12.925
-25.8127 70.2662
-26.0486 -11.3237
-26.191 -60.4515
-26.0894 -24.8203
-26.0645 -15.792
-26.0903 -24.421
-26.0041 5.85566
-25.81 73.6307
-25.9374 29.7424
-25.6675 123.857
-26.0874 -21.6707
-25.8748 52.5301
-26.0404 -4.66113
-26.1093 -28.2359
-25.5222 176.076
-25.5955 150.953
-25.5035 183.239
-25.7045 113.77
-25.7394 102
-25.9381 33.3062
-26.1121 -26.7929
-26.1603 -43.1943
-25.896 48.9799
-26.1571 -41.3915
-26.3318 -101.714
-26.2574 -75.5072
-25.747 102.125
-25.9997 14.6896
-26.0254 6.12146
-25.9142 45.0834
-26.0203 8.56886
-25.9258 41.7489
-25.9012 50.6634
-25.7171 114.966
-25.9201 44.784
-26.0285 7.47248
-25.7657 99.1124
-26.0765 -8.50594
-25.8834 58.9326
-25.7026 122.083
-25.953 35.44
-26.0181 13.1829
-25.8728 63.9868
-25.8211 82.2941
-25.9043 53.7535
-25.4431 214.305
-25.6845 130.811
-26.2091 -51.1013
-25.929 46.5479
-26.1783 -39.7067
-25.6891 130.59
-25.9524 39.4777
-25.9093 54.7884
-25.5184 190.942
-25.5952 164.586
-25.8265 84.5765
-25.781 100.754
-25.8538 75.7937
-25.692 132.353
-25.3519 250.848
-25.8183 89.1759
-25.6597 144.616
-25.7333 119.413
-26.0646 4.66762
-25.7245 123.168
-25.9442 47.1707
-25.6507 149.492
-26.0127 24.0762
-26.2903 -72.0317
-26.0116 25.1631
-26.0757 3.22719
-26.0841 0.663231
-25.8268 90.409
-25.9773 38.4687
-26.1344 -15.7637
-26.2924 -70.2977
-26.2282 -47.6757
-25.8255 92.568
-25.7286 126.595
-25.8035 100.904
-25.6809 143.861
-25.6165 166.574
-25.688 142.098
-25.6635 150.954
-25.4739 217.164
-25.2549 293.593
-25.4569 223.755
-25.5117 205.067
-25.7203 132.94
-25.4404 230.522
-25.7612 119.445
-25.9663 48.5234
-26.1155 -2.96893
-25.8293 96.8285
-25.5423 196.861
-26.4238 -109.021
-26.2876 -61.3573
-25.8324 97.1342
-25.4568 227.974
-26.3059 -66.6756
-26.2781 -56.6772
-26.0295 30.0358
-26.3667 -86.7332
-25.9586 55.3756
-25.8297 100.517
-26.087 11.4636
-26.0039 40.6723
-25.7929 114.317
-25.5229 208.489
-25.2857 291.225
-25.8412 98.5747
-25.6321 171.564
-25.5529 199.455
-26.2876 -55.456
-25.9947 46.6611
-26.1997 -24.2131
-25.4722 228.848
-25.4721 229.229
-25.9262 71.84
-25.935 69.1146
-25.9438 66.4267
-26.0714 22.4396
-26.1404 -1.1671
-26.066 24.9974
-26.5293 -135.592
-26.474 -116.043
-26.0286 39.031
-26.2001 -20.1908
-26.0736 24.1213
-25.7641 131.97
-26.0932 17.999
-26.3221 -61.1765
-26.2883 -49.0873
-26.0008 51.131
-26.5186 -128.397
-26.3064 -54.3226
-26.3001 -51.7916
-26.0939 20.1857
-26.2423 -31.021
-26.0375 40.4794
-25.7796 130.424
-25.9557 69.5689
-26.0895 23.435
-26.1581 -0.034459
-26.0574 35.2891
-26.1218 13.2824
-26.2874 -43.8971
-26.3037 -49.212
-26.5799 -144.816
-26.6462 -167.514
-26.4672 -104.978
-26.0729 32.3318
-26.2571 -31.3087
-26.0799 30.5904
-25.7811 134.744
-26.2598 -31.2119
-26.1276 15.0891
-26.0733 34.2893
-26.0099 56.6684
-26.1185 19.2849
-26.1749 0.0276693
-26.3113 -46.9943
-26.0321 50.3363
-25.8096 127.978
-25.8849 102.172
-25.9609 76.0983
-26.0722 37.8127
-26.362 -62.5432
-26.1248 20.2072
-26.2454 -21.3195
-26.0322 53.0891
-26.2178 -11.0342
-26.4627 -95.7656
-26.0912 33.6399
-26.2985 -38.0375
-26.2494 -20.6192
-25.9448 85.5437
-26.3168 -43.3533
-26.235 -14.5831
-26.4829 -100.365
-26.4052 -73.0383
-26.5224 -113.403
-26.0199 61.5304
-26.1628 12.2187
-25.7904 141.949
-26.1312 23.8891
-25.9286 94.6358
-25.6206 201.992
-25.4826 250.261
-25.7501 157.681
-25.6897 178.999
-25.6949 177.539
-25.8598 120.608
-25.8256 132.837
-25.9289 97.2961
-25.8608 121.3
-25.6546 193.299
-26.0695 49.5013
-26.3531 -48.6586
-26.2801 -22.9455
-26.0728 49.392
-26.2438 -9.66739
-26.5053 -100.17
-26.2854 -23.4137
-26.2404 -7.41814
-25.9351 98.9633
-25.8344 134.299
-25.727 171.961
-25.2663 332.364
-25.5327 240.163
-25.7005 182.225
-26.2177 2.874
-26.3702 -49.7638
-26.2323 -1.48737
-25.7202 176.742
-26.1583 24.9204
-25.9936 82.4779
-26.2251 2.39745
-25.8694 126.305
-26.1576 26.5558
-25.82 144.18
-25.7893 155.167
-25.6085 218.351
-25.8493 135.042
-25.6884 191.259
-26.0117 79.2976
-26.3473 -36.9418
-25.7872 157.994
-26.1227 41.7834
-25.8733 128.771
-25.8232 146.515
-26.0889 54.591
-26.0704 61.3405
-26.3117 -22.1422
-26.7668 -179.892
-26.2259 8.38059
-26.2855 -11.9905
-26.45 -68.7672
-26.3904 -47.7465
-26.3893 -46.9946
-26.3328 -27.0314
-26.5775 -111.704
-26.1779 27.4789
-25.9982 90.2615
-26.0667 66.8187
-25.9724 99.9205
-26.0669 67.4262
-26.496 -81.2914
-26.5163 -87.9951
-26.6339 -128.5
-26.5802 -109.496
-26.5278 -90.9307
-26.6163 -121.338
-26.5231 -88.6081
-26.4569 -65.2894
-26.6836 -143.686
-27.0216 -260.748
-26.8596 -204.145
-26.4051 -45.8803
-27.1705 -311.448
-26.9999 -251.84
-26.5516 -95.7258
-26.6476 -128.729
-26.6372 -124.8
-26.3487 -24.2094
-26.4339 -53.4538
-26.1684 39.1228
-26.3424 -20.9696
-26.7929 -177.139
-26.3833 -34.5126
-26.7375 -157.2
-26.0241 90.9818
-25.8576 149.176
-26.2098 27.1556
-26.5436 -88.4344
-27.0485 -263.483
-27.1807 -309.083
-26.6097 -110.373
-26.4589 -57.6335
-26.3904 -33.4892
-26.6241 -114.315
-26.3321 -12.5558
-26.6608 -126.379
-26.4612 -56.6905
-26.4134 -39.7359
-26.407 -37.1883
-26.3868 -29.7998
-25.9086 136.648
-26.0515 87.3538
-26.2495 18.9397
-26.2977 2.53457
-26.2136 32.0841
-26.1293 61.7462
-26.0654 84.2868
-26.4435 -46.7101
-26.5094 -69.2662
-26.2039 37.1919
-26.5194 -72.036
-26.0607 87.6578
-26.486 -59.7374
-26.55 -81.6299
-26.1134 70.3756
-26.0555 90.8332
-25.9525 126.969
-26.1829 47.2901
-26.5395 -76.2631
-26.0864 81.5089
-26.2239 34.0823
-26.2196 35.9218
-26.2251 34.3459
-26.2699 19.1467
-26.7905 -161.359
-26.7085 -132.544
-26.3605 -11.3017
-26.5724 -84.5499
-26.4319 -35.386
-26.0691 90.992
-26.0043 113.83
-26.4699 -47.5536
-25.9892 119.774
-26.1238 73.354
-25.877 159.466
-26.135 70.159
-26.4257 -30.4805
-26.3103 9.96584
-26.0183 111.76
-26.4291 -30.5976
-26.3905 -16.833
-26.3768 -11.7427
-26.8615 -179.77
-26.914 -197.66
-26.6074 -90.8052
-26.1254 76.9739
-26.2205 44.283
-25.7813 197.214
-26.3175 11.279
-26.1508 69.5406
-26.1653 64.8484
-25.9728 132.067
-26.1964 54.7426
-26.1811 60.4284
-26.3607 -1.63334
-26.0716 99.1454
-25.8059 191.809
-25.8129 189.711
-26.0774 98.18
-26.6237 -91.2601
-26.4526 -31.4636
-26.5607 -68.6814
-26.27 32.6608
-26.2356 44.9567
-26.5214 -53.9683
-26.3603 2.33639
-26.5087 -48.8919
-25.9715 138.09
-25.9151 158.029
-25.5979 268.56
-25.8205 191.601
-25.5864 273.273
-25.674 243.192
-25.9514 147.173
-26.0927 98.4327
-26.1325 84.9452
-26.3712 2.35062
-25.9373 153.46
-26.2648 40.0143
-26.1375 84.575
-26.1928 65.7211
-26.5126 -45.03
-26.2553 44.7007
-26.3133 24.9198
-26.3962 -3.55523
-26.2344 53.003
-26.3139 25.7292
-26.2617 44.2298
-26.2266 56.7539
-26.1482 84.3506
-26.0428 121.312
-25.7881 210.146
-26.3728 7.36469
-25.8927 174.505
-25.7452 226.068
-26.1719 78.2114
-26.6534 -88.7272
-26.387 4.18464
-25.8141 203.554
-26.4206 -6.81235
-26.2023 69.3764
-26.842 -152.491
-26.11 102.123
-26.0915 108.909
-26.2127 67.15
-26.9136 -176.002
-26.7258 -110.414
-26.5275 -41.1587
-26.3208 30.9878
-26.7249 -109.041
-26.7102 -103.592
-26.8828 -163.218
-26.7349 -111.466
-26.876 -160.159
-26.4906 -25.9221
-27.082 -231.015
-26.8477 -149.285
-26.9494 -184.244
-26.7875 -127.674
-26.6413 -76.5447
-26.513 -31.6126
-26.8645 -153.391
-26.9625 -187.084
-26.5661 -49.002
-26.9777 -191.641
-27.2124 -272.853
-27.0503 -216.195
-26.6254 -68.2453
-26.7118 -97.8888
-26.3887 14.691
-26.8118 -131.938
-26.5554 -42.5158
-26.5853 -52.5595
-26.5067 -24.8914
-26.5255 -31.0771
-26.3545 28.6716
-25.7911 224.729
-26.1786 90.4666
-26.4317 2.88432
-26.5858 -50.3047
-26.1847 89.3845
-26.3711 24.9664
-26.6818 -82.604
-26.7563 -108.141
-26.7819 -116.698
-26.95 -174.729
-27.1214 -233.932
-27.1732 -251.58
-26.8468 -137.856
-26.9098 -159.4
-27.064 -212.6
-26.5108 -20.095
-26.4802 -9.10201
-26.8028 -120.813
-26.554 -34.0528
-26.2853 59.639
-26.6169 -55.2095
-26.8144 -123.45
-26.847 -134.444
-26.9589 -172.965
-26.7273 -92.1763
-26.5421 -27.4951
-26.8141 -121.63
-26.8515 -134.259
-26.7206 -88.449
-26.5845 -40.8351
-26.6131 -50.4234
-26.7354 -92.5578
-26.7316 -90.8814
-26.6911 -76.4454
-26.3759 33.3729
-26.4957 -7.89053
-26.6981 -77.8498
-26.6543 -62.282
-26.6951 -76.1041
-26.5383 -21.2869
-26.6368 -55.1589
-26.6643 -64.3831
-26.4588 7.36581
-26.1912 100.673
-25.9163 196.507
-25.8361 224.716
-26.5559 -24.9835
-26.68 -67.7545
-26.1754 107.904
-26.0876 138.763
-25.9342 192.372
-26.3556 46.3596
-26.8731 -133.082
-26.7517 -90.5562
-26.3679 43.0947
-26.0186 164.82
-25.8563 221.539
-25.9797 179.006
-26.9514 -158.216
-26.9673 -163.364
-26.9666 -162.794
-27.0264 -183.221
-26.8786 -131.514
-26.9103 -142.183
-26.3465 54.0159
-26.0881 144.136
-26.4394 22.4529
-26.5544 -17.1618
-26.479 9.36506
-26.1978 107.42
-26.3886 41.4949
-26.4448 22.3036
-26.4837 9.14524
-26.8919 -132.307
-26.8417 -114.539
-26.9537 -153.098
-26.9126 -138.488
-26.6186 -35.9998
-26.4782 13.1196
-26.5977 -28.0472
-26.9273 -142.185
-26.7331 -74.3723
-26.5709 -17.6921
-26.7006 -62.3943
-26.6738 -52.7255
-26.4658 19.8843
-26.4285 33.1756
-26.369 54.1982
-25.9073 214.925
-26.173 122.991
-26.4872 14.1754
-26.2968 80.6519
-26.3337 68.1927
-26.6306 -34.5976
-26.6554 -42.8621
-26.7545 -76.9549
-26.4783 19.3501
-26.2815 88.0583
-26.048 169.517
-25.8319 244.953
-25.9644 199.25
-26.6576 -41.1966
-26.601 -21.1907
-26.2592 97.8935
-26.3633 62.0935
-26.5917 -16.9345
-26.0536 170.375
-25.9346 212.038
-25.64 314.74
-25.1172 496.698
-26.0494 173.223
-25.9802 197.611
-26.0303 180.528
-26.2007 121.707
-26.1557 137.667
-25.9903 195.476
-25.7767 270.028
-26.128 148.354
-25.5586 346.476
-25.8324 251.717
-26.3885 58.8987
-26.6962 -47.6653
-26.7437 -63.8131
-26.1724 134.992
-25.7311 288.639
-25.8995 230.484
-26.4088 53.9008
-26.4943 24.5512
-26.2611 105.935
-26.1979 128.235
-26.1667 139.402
-26.3486 76.5588
-26.6532 -28.9065
-26.5447 9.13773
-26.3981 60.4138
-26.7113 -48.0534
-26.3742 69.3999
-26.2377 117.192
-26.4211 53.8107
-26.1119 161.58
-26.3833 67.6242
-26.0056 199.201
-25.879 243.536
-26.4912 31.1817
-26.7775 -67.9034
-26.6408 -20.0652
-26.5876 -1.23504
-26.4516 46.3262
-26.3185 92.9282
-26.6279 -14.2091
-26.6792 -31.6796
-26.1728 144.589
-26.0384 191.607
-26.1253 161.797
-26.0617 184.217
-26.1584 150.988
-26.4605 46.3794
-26.6086 -4.71842
-26.7906 -67.6014
-26.7971 -69.505
-26.1519 154.978
-25.9596 222.112
-26.2843 109.676
-26.684 -28.83
-27.0029 -139.281
-26.9041 -104.612
-26.1318 164.025
-26.1595 154.763
-26.3467 90.0651
-26.6676 -21.0588
-26.6898 -28.4214
-26.4025 71.7225
-26.5007 37.9815
-27.0204 -142.21
-26.9366 -112.757
-26.1805 150.258
-25.8576 262.779
-26.0527 195.348
-26.5855 10.5805
-26.9114 -102.269
-26.3465 94.3262
-26.2259 136.56
-26.2966 112.337
-26.398 77.4655
-26.4861 47.2149
-26.712 -30.9148
-26.2692 123.251
-26.1993 147.895
-26.2181 141.699
-26.3211 106.261
-26.4257 70.285
-26.7667 -47.828
-26.3638 92.4925
-26.09 187.927
-25.9002 254.217
-26.1016 184.613
-26.2391 137.187
-26.1969 152.21
-26.1203 179.161
-26.2405 137.758
-25.9715 231.554
-26.6409 -0.650603
-26.8235 -63.742
-26.4681 60.0697
-26.7597 -40.9014
-26.8569 -74.3145
-26.401 84.4228
-26.2571 134.763
-26.1111 185.804
-26.0137 219.995
-26.426 77.1172
-26.1147 185.624
-26.423 78.8482
-26.2761 130.233
-26.563 30.9085
-26.2676 133.893
-26.049 210.158
-26.0797 199.854
-26.2262 149.294
-26.6878 -10.6857
-26.7999 -49.2871
-26.2436 144.3
-25.9949 231.045
-26.5098 52.5349
-26.6005 21.3697
-26.3449 110.523
-26.1188 189.386
-25.9903 234.392
-25.9042 264.661
-26.1325 185.67
-26.6968 -10.0059
-26.1616 176.28
-26.2577 143.218
-26.6278 15.0216
-26.4478 77.8724
-26.606 23.2878
-26.7803 -36.9228
-26.6426 11.2623
-26.3163 124.945
-26.5092 58.2916
-26.7951 -40.6896
-26.2894 135.341
-26.0317 225.23
-25.8139 301.228
-26.6843 -0.810818
-26.3421 118.424
-26.7726 -30.7817
-26.9791 -102.173
-26.0819 209.876
-26.4043 98.1918
-26.3046 133.187
-26.0201 232.363
-26.3829 106.693
-26.799 -37.5177
-27.1435 -156.864
-26.7321 -13.5906
-26.6981 -1.43601
-26.3895 106.118
-26.6343 21.4218
-25.9209 269.61
-26.0555 223.218
-26.1725 182.898
-26.2895 142.61
-26.2596 153.349
-26.0356 231.51
-26.1553 190.277
-25.9954 246.148
-26.1512 192.397
-26.3967 107.442
-26.5443 56.5057
-25.9381 267.443
-26.1357 199.157
-26.0786 219.353
-26.27 153.195
-26.456 88.9295
-26.4884 78.0153
-26.6631 17.6757
-26.3841 114.939
-26.1754 187.798
-26.3863 114.891
-26.2173 173.945
-26.2927 148.084
-26.5152 71.1485
-26.0788 223.08
-26.3596 125.891
-26.0247 242.578
-26.286 152.167
-26.3817 119.278
-26.2816 154.369
-26.3415 133.908
-26.1688 194.272
-26.161 197.304
-26.2694 160.025
-26.0463 237.857
-26.1891 188.6
-26.1766 193.296
-26.0454 239.233
-26.4936 83.8704
-26.5855 52.285
-26.8099 -25.341
-26.5191 76.0306
-26.5066 80.724
-26.5662 60.3659
-26.501 83.36
-26.2988 153.964
-26.3304 143.334
-26.7006 15.0612
-26.2509 171.659
-26.2806 161.695
-26.1714 199.972
-26.0036 258.59
-25.9854 265.257
-26.2961 157.683
-26.0144 255.893
-26.3368 144.251
-26.0488 244.637
-26.3723 132.612
-26.3817 129.67
-26.1825 199.231
-26.3456 142.927
-26.1726 203.367
-26.6152 49.9724
-25.8218 325.93
-26.2375 181.86
-26.1243 221.527
-25.9882 269.159
-26.179 203.215
-26.179 203.574
-26.3898 130.69
-26.3964 128.758
-26.1049 230.37
-26.2189 191.115
-25.7883 341.036
-25.5084 438.632
-26.089 237.273
-25.7959 339.436
-25.9474 287.147
-25.5908 411.385
-25.743 358.845
-26.1146 230.129
-25.9358 292.569
-25.8279 330.421
-26.0856 241.228
-25.9631 284.133
-26.0787 244.307
-25.9373 293.808
-25.9424 292.374
-25.9122 303.212
-25.6571 392.192
-26.2422 189.271
-25.9727 283.231
-25.8572 323.707
-26.0981 240.37
-26.0535 256.197
-26.4309 125.446
-26.1711 216.04
-26.365 149.027
-25.9601 290.027
-26.2185 200.606
-26.2405 193.312
-26.164 220.265
-26.2058 206.068
-26.3207 166.522
-26.3896 142.906
-26.2375 196.103
-26.5438 90.0412
-26.1245 236.043
-25.6999 383.904
-26.0951 246.954
-26.2341 199.027
-26.2844 181.899
-26.4231 134.044
-26.0669 258.158
-26.1312 236.16
-26.5268 99.0633
-26.4139 138.648
-26.2141 208.416
-26.2421 199.033
-26.5993 75.2795
-26.4443 129.47
-26.4706 120.684
-26.4261 136.504
-26.3749 154.611
-26.5692 87.4731
-26.2716 191.199
-26.171 226.505
-26.3653 159.342
-25.9911 289.702
-25.9676 298.195
-26.1511 234.818
-25.8567 337.442
-26.0329 276.545
-26.419 142.789
-26.566 92.0657
-26.3424 170.067
-26.3103 181.569
-25.921 317.158
-25.6122 424.797
-25.8529 341.535
-25.7817 366.594
-25.995 292.867
-25.8542 342.099
-25.9564 306.95
-26.0071 289.697
-26.0219 284.889
-26.2371 210.489
-25.8203 355.618
-25.9186 321.821
-26.315 184.472
-26.0295 283.993
-26.2894 194.054
-26.5739 95.5676
-26.6613 65.5626
-26.0537 276.97
-25.9785 303.461
-26.1797 233.908
-25.9548 312.362
-26.2957 194.311
-26.0923 265.294
-26.0364 285.059
-26.292 196.616
-26.1614 242.348
-26.2568 209.546
-26.2372 216.722
-26.3163 189.572
-26.4453 145.094
-26.0634 278.11
-25.9876 304.812
-25.7722 379.99
-25.8345 358.697
-25.6384 427.142
-25.9214 329.18
-25.5509 458.246
-25.5118 472.167
-26.3352 186.486
-26.5602 108.652
-25.6751 416.477
-26.0341 292.128
-25.9686 315.223
-25.8955 340.965
-25.6054 442.079
-25.8228 366.919
-26.0065 303.463
-26.0723 280.943
-26.0184 300.017
-26.3588 182.121
-26.2077 234.941
-25.8524 358.71
-25.85 359.884
-26.2112 234.758
-25.7991 378.287
-25.8563 358.75
-26.1218 266.857
-26.5262 126.727
-26.3999 170.94
-25.9866 314.87
-26.1164 270.129
-25.9749 319.625
-26.0771 284.481
-26.4045 171.104
-26.2911 210.84
-26.3591 187.575
-26.4157 168.252
-26.6092 101.372
-26.4112 170.497
-26.1775 252.035
-26.4805 147.136
-26.1572 259.768
-26.3395 196.815
-26.4924 144.032
-26.2552 226.793
-26.2323 235.094
-26.3188 205.366
-25.9642 328.927
-26.0456 300.969
-26.0495 299.986
-26.1213 275.374
-26.2479 231.756
-26.422 171.625
-26.889 9.73333
-26.8784 13.7693
-26.6613 89.5407
-26.2221 242.44
-26.7515 58.8891
-26.2638 228.651
-26.1756 259.655
-26.1872 255.946
-26.5406 133.552
-26.317 211.58
-25.9573 336.852
-26.1195 280.869
-25.8283 382.365
-25.9694 333.723
-25.8529 374.519
-26.0786 296.471
-25.9613 337.56
-26.2624 233.319
-25.8554 375.05
-26.1393 276.767
-26.2576 236.025
-26.3695 197.51
-26.3493 204.857
-26.5443 137.455
-26.336 210.188
-26.3291 212.924
-25.9303 351.806
-26.2537 239.818
-26.0289 318.257
-26.1823 265.323
-26.0806 300.988
-26.0233 321.23
-25.9512 346.62
-26.2719 235.582
-25.7894 403.546
-26.374 200.797
-26.2375 248.546
-26.4521 174.361
-26.2569 242.523
-26.3041 226.47
-26.661 102.836
-26.3823 200.002
-26.1989 264.065
-26.5623 138.142
-26.3345 217.655
-26.1224 291.662
-25.9706 344.742
-26.2941 232.736
-25.2468 596.896
-26.2089 263.004
-25.8924 373.304
-26.1633 279.545
-26.2794 239.561
-26.039 323.425
-26.0561 317.827
-25.6334 465.007
-26.3379 220.629
-26.0747 312.416
-26.4431 184.79
-26.2852 239.974
-26.4655 177.699
-25.9478 357.881
-26.3623 214.229
-26.4197 194.645
-26.5169 161.231
-26.518 161.178
-26.4304 191.981
-26.4913 171.149
-26.3424 223.233
-26.5298 158.465
-26.2832 244.503
-26.0646 320.801
-26.4035 203.414
-26.3016 239.153
-26.2119 270.667
-26.2585 254.811
-26.4477 189.435
-26.4629 184.49
-26.2077 273.509
-26.1435 296.16
-26.221 269.593
-26.6205 131.151
-26.9098 30.9946
-26.4168 202.618
-26.1947 280.113
-26.539 160.831
-26.7269 95.9139
-26.586 145.224
-26.1106 310.704
-26.2309 269.266
-26.0212 342.475
-26.1435 300.328
-25.9372 372.322
-25.7745 429.214
-25.8991 386.257
-26.0506 333.985
-25.8113 417.461
-25.9924 354.91
-25.6227 483.678
-25.9832 358.8
-25.9932 355.663
-26.5249 171.298
-26.2443 269.134
-26.0101 350.83
-26.2155 279.822
-26.1429 305.409
-26.2556 266.587
-27.0255 -0.527175
-26.3827 223.13
-26.5277 173.123
-26.6641 126.055
-26.686 118.803
-26.6118 144.947
-26.4132 214.277
-26.1535 304.825
-26.3492 237.191
-26.5698 160.909
-26.4711 195.532
-26.6382 137.863
-26.6398 137.624
-27.0114 8.88359
-26.2039 289.749
-26.3776 229.753
-26.335 244.919
-26.4054 220.802
-26.2127 288.078
-26.364 235.891
-26.0294 352.456
-26.5765 162.766
-26.36 238.308
-26.0143 358.768
-26.4893 194.085
-26.1388 316.207
-25.9034 398.32
-26.1746 304.467
-26.4516 208.573
-26.4618 205.371
-26.3851 232.373
-26.4154 222.21
-26.6907 126.887
-26.4971 194.509
-26.1286 322.876
-26.6943 126.698
-26.9936 23.0524
-27.2065 -50.5304
-26.5252 186.484
-26.3689 241.137
-26.2933 267.722
-25.9295 394.477
-26.2282 291.033
-26.9528 39.665
-27.3989 -114.952
-27.3907 -111.742
-26.694 130.612
-27.1196 -16.8704
-27.1772 -36.5512
-27.0874 -5.00088
-26.9116 56.4283
-26.6671 141.693
-26.6216 157.866
-26.9257 52.5543
-26.947 45.5161
-27.1003 -7.39923
-27.0084 24.8573
-26.626 158.055
-26.2563 286.847
-26.4677 213.747
-26.4449 222.005
-26.3933 240.306
-26.2402 293.83
-27.0126 25.8568
-26.8306 89.4296
-26.1226 335.715
-26.3816 246.097
-26.5766 178.71
-26.4376 227.349
-26.2564 290.646
-26.3707 251.257
-25.9249 406.477
-26.2716 286.389
-26.763 116.013
-26.9907 37.2679
-27.4952 -137.621
-27.6769 -200.401
-27.3413 -83.4857
-26.9686 46.3353
-27.0019 35.1192
-27.0602 15.2301
-27.1693 -22.3514
-27.1242 -6.32093
-26.9522 53.7889
-26.9969 38.6069
-26.8532 88.8532
-26.5457 196.02
-26.4274 237.491
-25.9809 392.949
-26.1438 336.709
-26.2668 294.308
-26.1051 350.849
-26.1319 341.865
-26.0931 355.691
-26.4246 240.873
-26.42 242.82
-26.567 192.114
-27.0334 30.4369
-27.2368 -39.8662
-26.6783 154.479
-26.6144 177.048
-26.4132 247.281
-26.5281 207.697
-27.1687 -14.4929
-27.0473 28.039
-26.7812 120.807
-27.0905 13.7377
-27.1212 3.41509
-26.7407 135.931
-26.7114 146.448
-27.1871 -18.4323
-26.8334 104.762
-27.055 28.1513
-27.1033 11.7111
-27.1164 7.52071
-27.0712 23.5607
-27.2311 -31.6447
-26.9892 52.7186
-26.9304 73.5172
-27.2932 -52.1692
-27.7026 -194.042
-27.43 -98.9983
-27.5479 -139.615
-26.8505 103.015
-26.8806 92.9052
-27.1876 -13.4147
-27.0859 22.2826
-26.7391 143.089
-26.5827 197.785
-26.7574 137.414
-27.3253 -59.4919
-27.6568 -174.315
-27.3695 -74.1609
-27.1111 15.9606
-27.4749 -110.081
-26.8902 93.3743
-26.8815 96.7399
-27.0884 25.2311
-27.409 -85.8239
-27.0201 49.6335
-26.83 116.031
-27.1987 -11.7202
-27.2478 -28.4241
-27.15 5.89766
-27.0018 57.7356
-27.0764 32.1597
-27.1821 -4.20086
-27.2129 -14.5639
-27.0664 36.6707
-26.7391 150.741
-26.689 168.483
-26.8233 122.162
-26.8961 97.2235
-27.0484 44.6628
-26.9863 66.6127
-26.6932 168.776
-26.5123 231.966
-26.8378 119.226
-26.9325 86.6784
-26.8086 130.062
-26.9786 71.3412
-26.8055 131.821
-26.751 151.121
-26.8734 108.951
-26.693 171.974
-26.6395 190.902
-26.767 146.947
-26.5128 235.591
-26.1919 347.418
-26.4371 262.587
-26.7837 142.54
-26.6793 179.164
-26.517 235.875
-26.5972 208.357
-26.5366 229.765
-26.7907 141.837
-26.7851 144.139
-27.0352 57.596
-26.5458 227.956
-26.8683 116.286
-27.1547 17.1199
-26.6616 188.78
-26.7007 175.54
-26.9245 98.1521
-27.0451 56.5795
-26.9928 75.096
-27.077 46.2033
-27.2156 -1.60272
-27.2997 -30.4526
-26.7514 160.347
-26.8537 125.176
-26.9726 84.2205
-26.8039 143.158
-26.6475 197.843
-27.3377 -41.5781
-27.252 -11.48
-27.2463 -9.12413
-27.0991 42.3306
-27.2378 -5.48713
-27.096 44.1113
-27.0826 49.1157
-26.8944 114.861
-26.8171 142.059
-27.0082 76.0066
-27.016 73.6627
-26.8709 124.404
-27.1659 22.2566
-27.1869 15.3062
-26.9678 91.7748
-27.1063 44.0129
-26.8672 127.413
-27.0821 53.12
-27.2953 -20.5865
-27.1794 20.0086
-26.9718 92.4856
-27.1495 31.0757
-26.9407 103.987
-27.0439 68.4788
-26.9923 86.7284
-27.0042 82.9647
-26.9304 108.927
-26.642 209.49
-26.7379 176.498
-27.1972 17.3007
-26.8571 135.802
-26.9012 120.822
-27.0615 65.4956
-26.9266 112.699
-26.9009 121.972
-26.537 248.748
-26.8479 141.066
-26.4448 281.442
-26.7314 182.231
-26.6057 226.246
-26.5997 228.687
-26.8731 134.05
-26.7052 192.741
-27.0725 65.485
-27.2661 -1.41932
-27.0667 68.2023
-26.7602 175.009
-26.4396 286.723
-27.0161 86.8015
-26.7979 162.973
-27.1513 40.5552
-26.9592 107.606
-26.7699 173.731
-26.8037 162.338
-26.8262 154.875
-26.9963 96.1109
-27.023 87.2114
-27.0002 95.4552
-26.7412 185.794
-26.9305 120.368
-27.2526 8.80806
-27.2182 21.1211
-27.5143 -81.4104
-27.5722 -101.155
-27.2771 1.70278
-27.213 24.3313
-26.944 118.125
-27.1308 53.5618
-26.9268 124.788
-26.7068 201.574
-26.8864 139.498
-27.0945 67.5757
-27.1885 35.256
-26.7638 183.149
-26.7723 180.529
-27.0149 96.6213
-26.9186 130.405
-26.9589 116.767
-26.9762 111.107
-27.0788 75.8086
-27.1249 60.1262
-26.9867 108.492
-26.4765 286.076
-26.7254 199.973
-26.881 146.252
-27.2672 12.4296
-27.0969 71.9358
-27.0779 78.9043
-27.1035 70.3499
-26.7314 199.964
-26.8676 153.003
-26.601 245.942
-26.8676 153.682
-27.1288 63.3048
-26.8233 169.778
-26.9098 140.057
-26.9131 139.286
-26.7871 183.4
-27.0104 106.149
-26.7417 199.845
-26.5184 277.77
-26.7148 209.911
-26.6721 225.065
-26.6887 219.667
-26.8696 157.164
-27.0062 110.057
-27.1415 63.3827
-27.1904 46.7488
-27.2634 21.746
-27.0413 99.2644
-26.9203 141.645
-26.6432 238.231
-26.5148 283.205
-26.5812 260.479
-26.6143 249.321
-26.412 319.956
-26.4584 304.163
-26.2556 374.995
-26.605 253.959
-26.5303 280.236
-26.6154 251.032
-26.8082 184.384
-26.5624 270.143
-26.5407 278.022
-26.5602 271.602
-26.6258 249.149
-26.6069 256.08
-26.4454 312.518
-26.7116 220.387
-26.3633 341.742
-26.4921 297.33
-26.3536 345.782
-26.7167 220.002
-26.7145 221.115
-26.7779 199.438
-26.2049 398.846
-26.719 220.598
-26.5391 283.439
-26.5876 266.949
-26.8782 166.326
-26.5817 269.672
-26.8502 176.76
-27.3071 18.3933
-27.07 101.077
-26.9848 131.03
-26.8666 172.436
-26.907 158.768
-26.9706 137.017
-26.7261 222.285
-26.7028 230.746
-26.9089 159.476
-26.9272 153.473
-26.6351 255.295
-26.4963 303.879
-26.7061 231.332
-26.5395 289.54
-26.6115 264.899
-26.6673 245.844
-26.7677 211.307
-26.9465 149.569
-26.7038 234.212
-26.5795 277.74
-26.6744 245.108
-26.5382 292.767
-26.2198 403.756
-26.4382 328.228
-26.7232 229.547
-26.7514 220.111
-26.7638 216.155
-26.9797 141.478
-26.9402 155.551
-26.7993 204.858
-27.0766 108.863
-26.9965 137.043
-26.5 309.874
-26.8752 179.897
-26.5416 296.127
-26.7317 230.428
-26.297 381.788
-26.8881 176.802
-26.8761 181.32
-26.5296 302.04
-26.4564 327.807
-26.6695 254.119
-26.8093 205.905
-26.4851 318.88
-26.8437 194.631
-26.8642 187.862
-26.5721 289.682
-26.7829 216.806
-26.8684 187.441
-26.3461 369.252
-27.0973 108.644
-27.1361 95.4847
-26.5253 308.028
-26.5626 295.424
-26.8577 193.267
-26.7909 216.81
-27.0102 140.96
-26.9492 162.497
-27.2212 68.3566
-27.1109 107.041
-26.5982 285.485
-26.8845 186.389
-27.0625 124.883
-27.0164 141.236
-27.0585 126.965
-26.9175 176.295
-26.7856 222.472
-26.8002 217.747
-26.8955 184.996
-26.7805 225.275
-26.7019 252.946
-26.8865 189.161
-26.8314 208.633
-26.6353 277.133
-26.7607 233.906
-26.4123 355.297
-26.2807 401.336
-26.3401 381.048
-26.6379 277.939
-26.8209 214.71
-26.7789 229.655
-26.586 297.027
-26.9655 165.549
-27.142 104.578
-26.7845 229.114
-26.973 163.963
-27.1045 118.62
-26.9848 160.549
-26.8591 204.578
-27.0008 155.693
-26.9397 177.279
-26.7118 256.787
-26.621 288.698
-26.8245 218.352
-26.9077 189.767
-26.6549 277.962
-26.4951 333.817
-26.3791 374.47
-26.7462 247.283
-26.702 262.975
-26.8067 226.949
-26.4965 335.057
-26.4216 361.434
-26.7899 233.838
-26.8267 221.394
-26.8545 212.077
-26.6756 274.576
-26.423 362.675
-26.7932 234.433
-26.6185 295.457
-26.8075 230.158
-26.6501 285.176
-26.7716 243.315
-27.0232 156.252
-26.7531 250.441
-26.9239 191.434
-26.5861 309.147
-26.7333 258.371
-26.7985 236.051
-26.8369 223.067
-26.7935 238.497
-26.7543 252.44
-26.6225 298.577
-26.6497 289.473
-26.7345 260.382
-27.0839 139.328
-27.0504 151.314
-26.9302 193.429
-27.0131 164.989
-26.8623 217.723
-26.7207 267.243
-26.7848 245.336
-26.769 251.155
-26.5909 313.402
-27.1017 136.297
-27.1299 126.834
-26.631 300.495
-26.5137 341.603
-26.7604 256.221
-26.9172 202.106
-26.7614 256.571
-27.0038 172.731
-26.7314 267.703
-26.8822 215.656
-26.9136 205.119
-26.883 216.064
-26.6529 296.356
-26.6115 311.097
-26.7888 249.834
-27.0476 160.284
-27.1037 141.146
-27.0771 150.722
-26.7169 276.204
-26.8764 221.164
-26.7483 265.995
-26.7381 269.882
-26.9575 194.02
-26.9977 180.406
-26.7741 258.441
-26.915 209.827
-26.9355 203.047
-27.0889 150.101
-27.1316 135.615
-26.9977 182.496
-27.0221 174.361
-26.9677 193.61
-27.0322 171.528
-27.0553 163.867
-26.7749 261.61
-26.6515 304.838
-26.6987 288.804
-26.7665 265.592
-27.049 167.809
-26.7916 257.545
-26.8759 228.635
-27.1113 147.207
-27.3723 56.8542
-27.0587 166.148
-27.1622 130.544
-26.8089 253.648
-26.9487 205.4
-26.6083 324.013
-26.9931 190.689
-26.7787 265.508
-26.8578 238.392
-26.9857 194.307
-26.924 216.065
-26.6509 311.292
-27.0083 187.475
-27.2642 98.9238
-26.6315 319.066
-26.9614 204.827
-26.6258 321.743
-26.8029 260.585
-26.9571 207.345
-26.7905 265.573
-26.6628 310.288
-26.7136 293
-26.8531 244.884
-26.9199 222.02
-26.6052 331.701
-26.7037 297.812
-26.7944 266.669
-26.9051 228.54
-26.9832 201.773
-26.828 256.032
-26.8258 257.135
-26.7276 291.62
-26.7493 284.411
-26.8808 239.064
-26.7385 288.844
-26.9378 219.954
-26.699 303.26
-26.6643 315.661
-26.7877 273.149
-26.7215 296.485
-26.7512 286.536
-26.7392 291.038
-26.7059 302.972
-26.9608 214.745
-26.4479 393.294
-26.4738 384.636
-26.3488 428.425
-26.8097 268.636
-26.4239 403.023
-26.689 311.279
-26.8159 267.545
-26.8255 264.549
-26.7976 274.598
-26.8186 267.616
-26.7365 296.511
-26.7233 301.43
-26.8853 245.493
-27.0386 192.599
-26.7892 279.595
-26.808 273.4
-27.0668 183.845
-27.0201 200.405
-26.8694 253.128
-27.0395 194.35
-27.159 153.209
-26.698 313.708
-26.9718 218.923
-27.0873 179.166
-26.9919 212.629
-27.1459 159.479
-26.9285 235.353
-26.9445 230.163
-27.205 139.998
-27.3745 81.4688
-27.2355 130.097
-27.1309 166.782
-26.7705 292.316
-27.3208 101.512
-27.4312 63.5165
-27.44 60.7809
-27.2315 133.588
-27.2383 131.568
-27.1999 145.256
-27.1461 164.294
-26.8568 265.119
-26.7733 294.482
-27.1332 169.801
-27.012 212.243
-27.1737 156.419
-27.156 162.921
-27.3547 94.2607
-27.4405 64.8019
-26.9521 234.801
-26.7972 288.968
-26.8485 271.482
-26.7605 302.391
-26.724 315.44
-26.8556 270.081
-26.5656 371.158
-26.7277 315.202
-26.557 374.829
-26.9557 236.682
-26.6767 333.959
-26.9552 237.545
-26.9071 254.594
-27.208 150.431
-27.147 171.947
-26.9015 257.596
-27.1445 173.517
-26.9783 231.625
-26.8319 282.804
-26.9059 257.438
-26.7132 324.738
-26.7716 304.819
-26.9423 245.848
-26.8072 293.117
-26.5223 392.463
-26.6583 345.557
-26.8481 279.974
-26.9338 250.549
-27.0564 208.286
-26.8452 282.023
-26.6688 343.645
-26.5756 376.378
-27.1539 175.806
-26.8619 277.599
-26.9019 264.039
-27.2522 142.721
-27.5924 24.8719
-27.6783 -4.61395
-27.2401 147.957
-27.2551 143.091
-27.1603 176.37
-27.5308 47.9948
-27.1724 172.874
-27.173 173.017
-27.4781 67.3599
-27.3801 101.75
-27.2119 160.532
-27.2134 160.373
-27.2581 145.164
-27.1961 167.073
-27.2554 146.792
-27.332 120.54
-27.2394 153.063
-27.542 48.2807
-27.5709 38.6064
-27.164 180.308
-27.0631 215.697
-27.0764 211.417
-27.343 119.142
-27.4704 75.2606
-27.5423 50.6247
-27.4967 66.7952
-27.6736 5.68165
-27.4736 75.5406
-27.2522 152.797
-27.0256 231.866
-27.1527 188.029
-26.945 260.531
-26.9763 250.03
-26.9258 267.909
-27.2201 166.006
-26.8705 287.83
-26.9549 258.829
-26.9644 255.881
-26.9726 253.395
-26.6747 357.242
-26.8951 281.01
-26.6569 364.108
-26.6985 349.983
-27.0771 218.81
-27.0432 230.954
-26.5458 404.104
-27.0128 242.201
-27.2719 152.557
-26.9821 253.56
-26.7735 326.364
-26.62 380.04
-26.8623 296.215
-26.9707 258.901
-27.0123 244.797
-26.837 306.053
-26.8768 292.575
-27.473 85.8212
-27.2565 161.381
-27.13 205.649
-27.3285 137.033
-27.1077 214.103
-27.0425 237.091
-27.3239 139.695
-27.2307 172.428
-27.1698 193.899
-27.1393 204.869
-27.2468 167.861
-27.6887 14.6873
-27.4815 87.011
-27.2453 169.412
-27.4868 85.8674
-27.6743 21.1037
-27.1647 198.478
-27.5532 63.8564
-27.8328 -32.927
-27.3341 140.655
-27.4453 102.373
-27.6166 43.2176
-27.5616 62.6837
-27.4811 90.9964
-28.0772 -115.765
-27.8679 -42.694
-27.8342 -30.6548
-27.987 -83.3853
-27.9135 -57.4878
-27.1738 199.821
-27.2413 176.704
-27.319 150.066
-27.3753 130.854
-27.086 231.717
-27.468 99.3403
-26.8257 322.818
-26.9509 279.671
-27.0453 247.258
-27.0239 255.016
-27.0671 240.357
-27.1988 194.964
-27.1176 223.526
-27.0231 256.703
-27.3018 160.205
-26.8548 315.868
-27.0598 244.984
-27.1367 218.627
-27.2635 174.899
-27.2469 181.039
-27.2538 178.974
-27.3205 156.138
-27.252 180.283
-27.5066 92.2014
-27.2274 189.53
-27.013 264.369
-26.9434 288.9
-26.7794 346.229
-26.6391 395.296
-26.5954 410.822
-26.8083 337.229
-27.0716 246.098
-26.9524 287.865
-27.2331 190.675
-27.0182 265.682
-27.231 192.109
-27.0556 253.375
-26.8577 322.496
-27.0912 241.733
-26.9703 284.073
-27.0186 267.627
-27.1861 209.778
-27.0534 256.243
-27.0262 266.043
-27.021 268.181
-27.3235 163.448
-27.1635 219.392
-27.3559 152.891
-27.0431 261.911
-26.9259 302.97
-27.2948 175.158
-27.198 209.148
-27.0991 243.832
-27.28 181.335
-27.2259 200.468
-27.1155 239.176
-26.9609 293.243
-27.1087 242.25
-27.2033 209.711
-27.1299 235.556
-27.1826 217.599
-27.0037 280.097
-26.9813 288.221
-27.3132 173.297
-27.5054 106.852
-27.3168 172.712
-27.4929 111.903
-27.26 193.137
-27.1967 215.494
-26.9452 303.216
-27.017 278.604
-27.1108 246.366
-27.1091 247.318
-27.7821 13.8749
-27.3865 151.643
-26.9846 291.619
-26.9255 312.491
-26.7111 387.31
-26.5377 447.91
-26.8909 325.534
-27.1473 236.834
-27.4821 120.854
-27.1127 249.545
-27.0055 287.118
-27.1011 254.259
-26.6824 400.075
-26.4894 467.466
-26.6112 425.495
-26.6468 413.475
-27.1586 236.022
-26.8903 329.569
-26.8078 358.58
-26.9488 309.96
-27.239 209.478
-27.4167 148.101
-27.4007 153.986
-27.1227 250.938
-27.6389 71.9417
-27.3837 160.935
-26.9179 323.113
-27.0112 291.031
-27.0116 291.241
-26.8243 356.667
-26.9981 296.648
-27.2748 200.851
-27.298 193.138
-27.0077 294.341
-27.1235 254.473
-26.8752 341.067
-27.1021 262.58
-27.0635 276.363
-27.3218 186.976
-27.1278 254.727
-27.026 290.434
-27.2085 227.376
-27.2379 217.507
-27.4289 151.485
-27.0765 274.256
-27.4199 155.304
-27.2025 231.206
-27.434 151.123
-27.2594 212.134
-27.4667 140.459
-27.5854 99.5714
-27.5601 108.696
-27.3751 173.303
-27.2635 212.437
-27.2765 208.272
-27.5435 115.856
-27.3337 189.072
-27.8006 27.2204
-27.5918 100.13
-27.6747 71.672
-27.5842 103.44
-27.3608 181.393
-27.6277 89.0355
-27.4272 159.049
-27.4241 160.477
-27.5679 110.848
-27.8603 9.63495
-28.1011 -73.6862
-28.2797 -135.388
-27.7771 39.5561
-27.5277 126.563
-27.0885 279.474
-27.5698 112.626
-27.8355 20.6562
-28.1827 -99.6004
-28.3151 -145.231
-28.1013 -70.6275
-28.0838 -64.213
-28.383 -167.789
-28.2445 -119.318
-28.0027 -34.9703
-27.7289 60.4865
-27.6108 101.851
-27.9018 1.11917
-28.0516 -50.5761
-28.0476 -48.8369
-28.292 -133.398
-28.0906 -63.0878
-27.7781 45.8086
-28.0198 -37.8117
-27.8228 30.9854
-28.0842 -59.4653
-27.8082 36.738
-28.1412 -78.5849
-27.921 -1.73687
-27.8569 20.8946
-28.0132 -33.06
-27.8662 18.348
-27.8194 34.943
-27.7824 48.1517
-27.7666 53.9717
-27.6566 92.5631
-27.5483 130.5
-27.7455 62.3499
-27.8703 19.3372
-27.796 45.5144
-27.8706 19.9373
-27.865 22.2375
-27.7878 49.4136
-27.7251 71.5268
-27.8436 30.7154
-28.0537 -41.9421
-27.8565 26.9148
-27.9509 -5.52588
-27.636 104.236
-27.7404 68.3057
-27.6926 85.2623
-27.7557 63.672
-27.9385 0.505021
-28.0198 -27.3734
-27.8175 43.262
-27.6195 112.382
-28.3207 -130.851
-28.5514 -210.643
-28.5682 -216.153
-28.1581 -73.3412
-28.0456 -33.8909
-27.6843 91.9449
-27.342 211.215
-27.9479 1.08972
-28.0801 -44.5151
-27.8109 49.3595
-27.7814 59.9622
-27.6796 95.6662
-27.8489 37.1962
-28.1441 -65.0009
-27.7968 56.0068
-28.0904 -45.6435
-28.2412 -97.6781
-28.5687 -211.098
-28.3497 -134.698
-28.7356 -268.385
-28.2537 -100.634
-27.8793 29.7817
-27.8044 56.1277
-27.8135 53.3313
-27.9903 -7.74915
-28.0044 -12.2883
-28.1223 -52.8909
-28.3238 -122.564
-28.4177 -154.835
-27.8237 51.8751
-28.1192 -50.4474
-28.6903 -248.496
-28.5148 -187.187
-28.0423 -22.7008
-27.8293 51.6444
-27.8998 27.5216
-28.3077 -113.858
-27.9924 -3.96631
-28.2274 -85.237
-28.5006 -179.796
-27.9027 28.2574
-27.8301 53.8223
-27.612 129.925
-27.7475 83.1879
-27.8478 48.6998
-27.8887 34.8457
-28.2407 -87.0953
-27.7925 68.97
-27.613 131.67
-27.9283 22.4904
-28.0894 -33.152
-28.7378 -258.059
-28.876 -305.692
-28.1339 -47.5725
-28.4004 -139.774
-27.9882 3.74595
-28.0472 -16.3924
-28.1412 -48.7156
-27.9268 26.1327
-28.0247 -7.53704
-28.7751 -267.883
-28.5877 -202.444
-28.2307 -78.0735
-28.1905 -63.7411
-28.1976 -65.8763
-28.0249 -5.52188
-28.3326 -112.06
-28.2151 -70.9068
-28.3838 -129.15
-28.228 -74.6984
-28.0516 -13.0773
-27.8688 50.7846
-27.8735 49.4926
-28.1026 -29.7228
-28.0466 -9.93547
-28.71 -240.048
-28.6223 -209.234
-28.7586 -256.221
-28.2426 -76.6262
-28.224 -69.8248
-28.05 -9.04728
-27.9639 21.2228
-28.3554 -114.416
-28.1263 -34.4954
-28.0444 -5.68277
-27.6456 133.198
-28.2358 -71.5035
-27.732 103.866
-28.2893 -89.3689
-28.3343 -104.682
-28.3917 -124.274
-28.4666 -149.939
-28.1902 -53.5526
-28.6512 -213.371
-28.1508 -39.198
-28.1933 -53.6162
-27.7977 84.1603
-27.7909 86.8759
-27.8803 56.1732
-27.8404 70.3972
-27.7796 91.8497
-27.6552 135.424
-27.8605 64.4462
-27.8287 75.8212
-28.007 14.2448
-28.1131 -22.253
-28.2023 -52.9201
-27.9997 17.8309
-27.997 19.1077
-27.8962 54.4716
-28.0412 4.43461
-28.0992 -15.3607
-28.4232 -127.566
-27.6168 152.918
-27.8981 55.5482
-28.0729 -4.81817
-27.9209 48.3303
-27.9363 43.3357
-28.5661 -175.121
-28.2223 -55.3521
-28.1979 -46.5098
-28.3096 -84.9581
-28.3081 -84.1041
-28.1211 -18.8051
-27.7741 102.089
-27.8307 82.7871
-28.2773 -72.0015
-28.5253 -157.834
-28.4063 -116.135
-27.9542 41.2637
-27.9778 33.4165
-28.0803 -1.82451
-28.2772 -69.9098
-28.1083 -10.8608
-28.0563 7.55295
-27.9907 30.6736
-28.2475 -58.195
-28.0908 -3.39043
-27.8449 82.372
-27.8832 69.3922
-27.4141 232.705
-27.7775 106.836
-27.7747 108.136
-27.9334 53.3731
-27.7715 109.967
-27.7588 114.7
-27.4602 218.801
-27.2526 291.239
-27.8913 69.7058
-28.2647 -59.6566
-28.0982 -1.44385
-27.7416 122.756
-27.718 131.323
-27.7687 114.064
-27.7914 106.497
-27.7063 136.424
-27.3024 277.086
-27.3342 266.378
-27.7997 105.021
-28.0752 9.64478
-28.1107 -2.31184
-27.9598 50.432
-28.1989 -32.2757
-28.0575 17.187
-28.0334 25.9026
-28.1129 -1.35842
-28.05 20.856
-28.1904 -27.5664
-27.9392 60.0209
-27.9086 70.993
-27.8186 102.619
-27.8838 80.3333
-27.6292 169.12
-27.7385 131.503
-27.8284 100.589
-27.772 120.541
-28.1117 2.88694
-28.2757 -53.7392
-28.1127 3.24576
-28.2164 -32.4565
-27.8302 102.079
-27.7504 130.142
-28.1541 -9.75543
-28.5688 -153.486
-28.3026 -60.6503
-28.3332 -70.9269
-28.1405 -3.6351
-28.0065 43.2334
-27.6746 158.894
-27.5756 193.648
-27.5086 217.278
-27.7558 131.744
-27.9137 77.2116
-28.1155 7.46957
-27.8244 108.928
-27.8365 105.103
-28.1558 -5.49056
-28.182 -14.2279
-27.8885 88.0532
-27.8436 104.002
-27.9478 68.153
-27.7303 144.059
-28.0048 49.0541
-27.7875 124.881
-27.8109 117.103
-27.3891 263.996
-27.1262 355.675
-27.6497 174.164
-28.0792 25.2921
-28.2141 -21.2132
-28.3005 -50.9039
-27.6333 181.251
-27.32 290.419
-27.6042 192.023
-27.6033 192.701
-27.5402 214.985
-27.854 106.291
-28.3844 -77.6187
-28.0278 46.6176
-27.661 174.381
-27.9948 58.7648
-28.14 8.67794
-28.0783 30.4788
-27.6118 192.878
-27.7863 132.603
-27.5988 198.1
-27.1976 337.804
-27.505 231.369
-27.6192 192.023
-27.581 205.674
-27.5462 218.092
-27.4272 259.772
-26.8682 454.337
-26.8007 478.131
-27.1426 359.681
-27.5161 230.272
-27.7209 159.49
-27.9028 96.6626
-28.057 43.4087
-27.8149 127.865
-28.0825 35.2539
-28.5484 -126.256
-28.2145 -9.91459
-28.014 60.1149
-27.8607 113.704
-28.0035 64.4369
-28.2776 -30.4171
-27.7827 141.843
-27.9911 69.8078
-28.248 -19.1199
-28.5463 -122.384
-28.1532 14.5205
-28.237 -14.2412
-27.914 98.3236
-27.7336 161.338
-27.9535 85.271
-28.1153 29.4301
-28.2199 -6.57698
-28.0433 55.1349
-28.2306 -9.57724
-27.7131 170.528
-27.9803 78.0438
-27.8995 106.492
-27.9592 86.0935
-28.0831 43.3771
-28.0032 71.484
-27.9201 100.706
-28.3563 -50.487
-28.2591 -16.35
-28.4177 -71.1116
-28.3145 -34.9193
-28.3701 -53.8667
-27.8508 126.869
-28.3813 -57.0788
-28.0619 54.2336
-28.6479 -148.997
-28.2066 4.65009
-28.4892 -93.1633
-28.6363 -143.938
-28.3953 -59.8585
-28.1999 8.36542
-28.0721 53.1266
-28.182 15.2893
-28.103 43.069
-27.9387 100.507
-28.1506 27.253
-28.2249 1.76829
-28.3508 -41.6129
-28.0767 53.9372
-28.1265 36.9998
-28.2975 -22.0631
-28.0344 69.6889
-28.1045 45.6925
-27.8769 125.086
-28.2253 4.40995
-27.8332 140.988
-28.1185 42.2155
-27.8055 151.305
-28.338 -33.3339
-28.3665 -42.8986
-28.1849 20.5392
-27.6246 215.536
-27.9511 102.464
-27.7774 163.127
-28.1493 34.2973
-28.2288 7.01535
-28.2218 9.79836
-28.1597 31.7262
-28.3416 -31.1373
-28.2264 9.23874
-28.408 -53.5049
-28.2406 5.00957
-28.2483 2.67091
-28.2029 18.7779
-28.1488 37.9423
-27.8158 153.966
-27.9174 119.032
-28.2343 9.27137
-28.2095 18.2532
-28.1008 56.3351
-27.7198 189.063
-27.834 149.732
-28.4652 -69.2114
-28.4488 -63.1506
-28.2917 -8.21743
-28.1678 35.1408
-28.1782 31.9074
-27.8572 143.74
-27.7492 181.634
-27.9042 128.117
-27.8998 130
-27.818 158.771
-28.0611 74.6706
-28.2866 -3.32927
-28.1502 44.381
-28.5029 -77.7708
-28.169 38.5593
-28.2108 24.3736
-28.2902 -2.84101
-28.3508 -23.5617
-28.309 -8.68812
-28.6027 -110.384
-28.4611 -60.8133
-28.2649 7.67744
-27.921 127.487
-27.9504 117.642
-28.451 -55.935
-28.6968 -140.968
-28.577 -98.9903
-28.2682 8.60113
-28.0422 87.458
-28.4372 -49.4044
-28.3346 -13.4235
-28.6042 -106.722
-28.8654 -197.128
-28.5952 -102.892
-28.5496 -86.7011
-28.4488 -51.3607
-28.4829 -62.8543
-28.3596 -19.6703
-28.4056 -35.3055
-28.3439 -13.5166
-28.1589 51.1015
-28.0328 95.2466
-27.7704 186.744
-28.0494 90.1678
-28.2323 26.9922
-28.3278 -5.84599
-28.0968 74.7436
-27.8361 165.674
-27.9733 118.368
-28.4132 -34.1084
-28.6598 -119.445
-28.3361 -6.64431
-27.8869 149.765
-28.018 104.552
-28.3031 5.88694
-28.0311 100.695
-27.7633 194.103
-27.9745 121.063
-28.0447 97.0172
-27.7584 196.833
-27.6735 226.69
-27.9197 141.509
-28.0019 113.276
-27.771 193.853
-28.0948 81.7113
-27.8006 184.256
-27.7875 189.16
-28.1102 77.4089
-28.1359 68.8247
-28.2387 33.4645
-28.0727 91.4694
-28.1095 79.0251
-28.092 85.4702
-28.2364 35.6255
-28.1175 77.3113
-28.1906 52.2368
-28.3207 7.41639
-28.3643 -7.41343
-28.5092 -57.3805
-28.2714 25.5627
-27.6932 226.771
-27.4745 303.093
-28.137 73.2843
-28.0194 114.499
-28.1266 77.624
-27.6943 228.133
-27.9942 124.289
-27.9154 152.015
-27.7379 214.025
-27.6835 233.292
-28.154 70.1806
-28.1829 60.4836
-28.4566 -34.2488
-28.5047 -50.6079
-27.9983 125.668
-28.0884 94.7076
-28.1006 90.8002
-27.907 158.397
-28.0308 115.76
-27.6988 231.439
-27.3935 337.841
-27.8526 178.688
-28.234 46.5543
-28.1933 61.0331
-27.8544 179.108
-28.024 120.546
-28.2709 35.1073
-28.0158 124.106
-28.0572 110.065
-28.5951 -76.4458
-28.5216 -50.5916
-28.5414 -57.0971
-28.6934 -109.562
-28.6049 -78.4821
-28.03 121.6
-28.2319 51.7927
-28.3748 2.48526
-28.4682 -29.5827
-28.5992 -74.7553
-28.3171 23.575
-28.2931 32.2669
-28.3532 11.7466
-28.633 -85.0993
-28.365 8.34752
-28.1699 76.4647
-28.3597 10.8665
-28.7147 -112.107
-28.5465 -53.3164
-28.3405 18.5997
-28.6083 -74.0836
-28.5182 -42.4618
-28.7754 -131.456
-28.7419 -119.463
-28.6551 -88.9535
-28.8228 -146.876
-28.7777 -130.854
-28.5064 -36.2534
-28.4717 -23.8805
-28.3878 5.63424
-28.3447 20.9524
-28.7465 -118.283
-29.0376 -219.054
-28.5678 -55.5303
-28.6172 -72.3134
-28.9216 -177.742
-28.7559 -119.812
-28.5298 -40.9141
-28.5814 -58.4918
-28.3472 23.1955
-28.3422 25.2742
-28.4926 -26.6116
-28.503 -29.8819
-28.8103 -136.282
-28.5225 -35.9473
-28.4993 -27.564
-28.178 84.4101
-28.6645 -84.2299
-28.7959 -129.533
-28.6795 -88.7444
-28.4955 -24.4867
-28.8129 -134.411
-28.677 -86.8462
-28.0099 145.254
-27.594 290.067
-28.3006 44.9614
-28.7336 -105.115
-28.354 27.0829
-28.4992 -22.9873
-28.4576 -8.20024
-28.2845 52.2847
-28.0529 133.092
-28.1229 109.127
-28.3016 47.3943
-28.7748 -116.665
-28.5276 -30.4185
-28.4776 -12.7178
-28.6616 -76.2707
-28.6954 -87.6935
-28.7197 -95.7777
-28.6727 -79.0998
-28.8738 -148.627
-28.7911 -119.538
-28.2394 72.4592
-28.3483 34.979
-28.643 -67.0395
-28.473 -7.64998
-28.7004 -86.288
-28.7603 -106.761
-28.3121 49.2847
-28.7026 -86.0099
-28.6447 -65.5665
-29.0124 -192.949
-28.939 -167.097
-28.5701 -38.5827
-28.6035 -49.8394
-28.7011 -83.4045
-28.318 50.0203
-28.0647 138.373
-28.2692 67.6592
-28.1634 104.763
-28.7063 -83.476
-28.5007 -11.7183
-28.857 -135.126
-29.1712 -243.938
-29.0879 -214.647
-28.6509 -62.5015
-28.4521 6.90619
-28.6238 -52.3966
-28.632 -54.8873
-28.4711 1.34476
-28.9174 -153.357
-29.1384 -229.759
-28.534 -19.4412
-28.7268 -86.0951
-29.1156 -220.806
-29.14 -228.917
-29.1359 -227.166
-28.6161 -46.2306
-28.5362 -18.1313
-28.6732 -65.388
-29.0474 -195.045
-28.6007 -39.4927
-28.7132 -78.2361
-29.1122 -216.481
-28.3913 34.2825
-28.1329 124.398
-28.3279 57.0083
-28.7833 -100.845
-29.0483 -192.578
-28.8651 -128.585
-28.674 -61.8478
-28.4381 20.4703
-28.8703 -129.351
-28.6326 -46.4284
-28.8719 -129.209
-28.6079 -37.1487
-28.7365 -81.4617
-29.3127 -281.295
-28.8486 -119.706
-28.3631 49.306
-28.6474 -49.1086
-29.2256 -249.642
-28.9053 -138.018
-28.9148 -140.97
-28.7558 -85.389
-29.0182 -176.187
-28.8824 -128.668
-29.0877 -199.637
-28.5961 -28.5117
-28.3331 63.1999
-28.2439 94.5376
-28.8293 -108.483
-28.6026 -29.3996
-28.0919 148.386
-28.2305 100.577
-27.9356 203.369
-27.7093 282.343
-27.9929 184.149
-27.9098 213.359
-28.185 118.106
-28.1758 121.643
-28.042 168.497
-28.0768 156.737
-28.4342 32.9282
-28.6783 -51.511
-28.575 -15.2898
-28.386 50.7174
-27.9226 212.035
-28.028 175.765
-28.3219 74.0462
-28.2315 105.784
-28.6185 -28.3212
-28.607 -23.9784
-28.5178 7.3606
-28.6281 -30.5967
-28.6964 -53.9915
-28.6335 -31.7945
-28.5321 3.78631
-28.5859 -14.5482
-28.4579 30.2718
-28.8609 -109.404
-28.6364 -31.0664
-28.8592 -108.102
-28.8489 -104.196
-29.3268 -269.868
-29.1542 -209.542
-28.9087 -123.917
-28.1478 140.751
-28.5828 -10.0216
-28.8139 -89.9422
-28.3843 59.6452
-28.3336 77.5957
-28.4166 49.1067
-28.9348 -130.541
-28.7653 -71.3061
-28.7503 -65.7452
-28.4265 47.0567
-28.2399 112.244
-28.3518 73.7289
-28.2836 97.7649
-28.3369 79.5901
-28.1702 137.832
-28.3495 75.9036
-28.2199 121.271
-28.2246 120.007
-28.2983 94.7495
-28.4548 40.7266
-28.6062 -11.5276
-28.0789 172.001
-28.0984 165.582
-28.3956 62.6801
-28.3275 86.6858
-28.3468 80.3142
-28.375 70.8735
-28.4079 59.8009
-28.3594 76.9987
-28.2756 106.427
-27.9382 224.013
-27.979 210.168
-27.9288 227.967
-28.0007 203.316
-28.3437 84.5289
-28.3381 86.8074
-28.1915 138.077
-28.334 88.9458
-27.9023 239.263
-28.3415 87.0063
-28.426 58.0008
-28.7025 -37.7002
-28.5989 -1.35624
-28.3311 92.0228
-28.1164 166.943
-28.365 80.9467
-28.3853 74.2511
-28.5385 21.3555
-28.5596 14.3873
-28.5001 35.4084
-28.4208 63.3125
-28.436 58.3725
-28.24 126.794
-28.2876 110.618
-28.0715 186.046
-28.5592 16.9555
-28.4671 49.2828
-28.6127 -0.929275
-28.6159 -1.71836
-28.7834 -59.5593
-28.6053 2.67956
-28.5704 15.1499
-29.2909 -234.799
-28.961 -119.845
-28.6081 3.09759
-28.5731 15.5991
-28.3635 88.7604
-28.38 83.389
-28.5275 32.4846
-28.3601 90.9927
-28.8422 -76.1531
-28.9239 -104.176
-29.0865 -160.315
-29.5194 -310.363
-29.5432 -318.299
-28.6737 -15.8587
-29.1752 -189.75
-29.2532 -216.501
-28.5334 33.9095
-28.9687 -116.975
-29.2216 -204.481
-29.1468 -178.135
-28.9639 -114.25
-28.7123 -26.5161
-28.7008 -22.1573
-28.4674 59.2515
-28.5184 41.9086
-28.5682 24.9473
-28.3407 104.312
-28.6979 -19.4082
-28.6001 14.902
-28.6269 5.93949
-28.4945 52.2718
-28.1714 164.887
-28.0817 196.371
-28.5849 21.9358
-28.6398 3.20858
-28.7523 -35.5454
-28.7232 -25.0822
-28.6639 -4.13311
-28.335 110.488
-28.6077 16.0774
-29.0667 -143.036
-28.761 -36.4909
-28.0917 196.394
-28.2323 147.881
-28.1627 172.398
-28.2547 140.797
-28.4077 87.9789
-27.8942 266.736
-28.3752 99.9921
-28.8702 -71.6413
-28.927 -91.0304
-28.7727 -37.0527
-28.9198 -87.827
-28.8422 -60.5063
-28.713 -15.2918
-28.5091 55.8989
-28.3509 111.193
-28.7517 -27.6797
-28.9467 -95.0827
-28.3915 98.1453
-28.5404 46.7767
-28.5827 32.3993
-28.2465 149.553
-28.4065 94.3085
-28.5351 49.9948
-28.2286 156.82
-28.7603 -27.5609
-28.7458 -22.1492
-28.7656 -28.6923
-28.7086 -8.54901
-28.7002 -5.26476
-28.6126 25.5141
-28.7163 -10.1849
-28.9565 -93.2625
-28.8985 -72.7961
-28.5707 41.4481
-28.8674 -61.2643
-28.7751 -28.8798
-28.7114 -6.39698
-28.6853 3.0257
-28.9915 -102.989
-28.89 -67.3979
-29.1027 -140.943
-28.4149 98.3495
-28.4761 77.4386
-28.9205 -76.601
-28.794 -32.3097
-28.8509 -51.7375
-28.9576 -88.4353
-29.1818 -165.991
-28.9542 -86.5631
-28.5755 45.3359
-28.6441 21.8487
-29.0585 -121.772
-28.5478 55.9876
-28.2403 163.185
-28.2472 161.114
-28.1093 209.36
-28.5672 50.6409
-29.0289 -109.399
-28.8552 -48.7153
-28.9756 -90.1677
-28.7035 4.67281
-28.7473 -10.1726
-29.2282 -176.907
-28.8787 -55.1374
-28.7561 -12.194
-28.7739 -18.0261
-28.628 32.9888
-28.8669 -49.6505
-29.1422 -144.922
-28.9337 -72.1384
-29.035 -107.007
-28.7454 -6.05568
-28.6771 18.0451
-28.9131 -63.5962
-28.7767 -15.8654
-28.8711 -48.3236
-28.4608 94.5778
-28.756 -7.657
-29.1317 -137.809
-28.9171 -62.9098
-28.1791 193.816
-28.7953 -19.9042
-29.0926 -122.841
-28.312 148.678
-28.3375 140.158
-29.0027 -90.5531
-28.791 -16.6671
-29.1664 -146.746
-28.9268 -63.1573
-28.5193 78.7437
-28.9431 -68.1312
-28.9342 -64.6766
-28.9851 -82.0363
-29.184 -150.753
-28.6692 28.4111
-28.5558 68.1681
-28.715 13.197
-28.976 -77.119
-28.9985 -84.5953
-28.7208 12.2317
-28.9759 -76.0344
-28.9146 -54.4102
-29.1014 -118.931
-28.888 -44.4738
-28.5855 60.9791
-28.8719 -38.1626
-28.5663 68.3299
-28.787 -7.97407
-28.6631 35.4014
-28.9064 -48.7642
-28.7791 -4.19262
-28.5964 59.6037
-28.4074 125.612
-28.473 103.166
-28.8823 -38.6522
-28.9542 -63.2816
-28.6483 43.3078
-28.5028 94.2076
-28.4031 129.192
-28.8003 -8.42917
-28.8333 -19.572
-28.5789 69.1625
-28.6458 46.2895
-28.7699 3.51543
-28.7272 18.7038
-28.3131 162.898
-28.618 57.3053
-28.8881 -36.1766
-28.8131 -9.76473
-28.5569 79.6047
-28.5517 81.7553
-28.5183 93.6965
-28.9194 -45.3056
-29.0039 -74.3045
-28.7304 21.0593
-29.1655 -129.747
-28.8312 -13.259
-28.8014 -2.56679
-28.8269 -11.0967
-28.8509 -19.0637
-28.3787 145.3
-29.1297 -115.236
-29.3122 -178.29
-28.711 30.9206
-28.2242 200.38
-28.3414 160.001
-29.0724 -93.6051
-28.8445 -14.0797
-28.7498 19.1825
-28.9616 -54.0441
-29.0078 -69.7601
-29.3632 -192.879
-29.566 -262.972
-28.7782 11.0589
-28.7044 37.0445
-28.5857 78.604
-28.4403 129.489
-28.5481 92.3761
-28.5814 81.1438
-28.9659 -52.08
-28.81 2.42164
-28.2736 189.133
-28.7943 8.58737
-29.0059 -64.5914
-28.9367 -40.2095
-28.7322 31.1812
-28.8457 -7.89957
-28.9468 -42.6735
-28.7344 31.4885
-28.796 10.4056
-28.6783 51.655
-28.4339 136.902
-29.03 -69.8259
-28.8242 2.02424
-28.7333 33.9395
-28.8553 -8.08103
-28.8326 0.135117
-29.0492 -74.7672
-29.0392 -70.9369
-29.0467 -73.2001
-28.4852 122.207
-28.983 -50.3631
-29.255 -144.527
-28.8738 -11.7369
-28.8855 -15.4619
-29.2152 -129.64
-28.6258 75.4496
-28.8284 5.41132
-28.5762 93.3646
-28.5188 113.659
-28.4391 141.698
-28.8495 -0.536782
-29.0283 -62.2955
-28.4753 130.152
-28.5021 121.212
-28.5211 114.958
-28.5082 119.778
-29.0463 -66.7892
-28.8054 17.2212
-28.4105 154.769
-28.6715 64.4589
-28.7079 52.1401
-28.6878 59.4886
-28.5377 111.957
-28.6929 58.3875
-28.7842 27.0197
-28.8966 -11.688
-28.6456 75.8579
-28.8899 -8.65872
-28.9402 -25.7919
-28.5962 94.0676
-28.6838 63.9732
-28.8633 1.99084
-28.7163 53.3823
-28.6669 70.9158
-29.2001 -113.992
-29.1621 -100.445
-29.0016 -44.3163
-29.1921 -110.145
-29.2739 -138.239
-29.1143 -82.4341
-29.3958 -179.884
-29.2535 -130.092
-29.3006 -146.115
-29.1268 -85.3729
-29.1042 -77.2034
-29.0326 -51.9644
-29.182 -103.508
-29.03 -50.365
-28.9794 -32.46
-29.0386 -52.6783
-28.6546 81.0779
-29.0021 -39.2867
-28.8298 20.9078
-29.1862 -102.551
-29.4795 -204.09
-29.6253 -254.406
-29.1968 -105.205
-28.8458 17.0948
-28.5656 114.774
-28.7161 62.8552
-29.2049 -106.621
-29.1157 -75.2758
-29.113 -73.9941
-29.1771 -95.9143
-29.054 -52.8114
-28.8405 21.7205
-28.9922 -30.6503
-29.007 -35.4294
-28.874 11.1091
-28.5936 108.857
-28.9154 -2.56852
-28.8594 17.23
-29.053 -49.6835
-28.7634 51.2728
-28.4871 147.611
-28.4776 151.262
-28.8608 18.4941
-29.0182 -35.844
-28.6556 90.446
-28.2339 237.315
-28.1699 259.893
-28.5384 132.223
-28.9646 -15.4998
-29.2655 -119.685
-29.0223 -34.8464
-28.8136 38.0196
-29.0268 -35.7164
-29.0817 -54.4248
-28.8958 10.4985
-28.9001 9.32765
-28.9159 4.1896
-28.9588 -10.3677
-29.1414 -73.455
-28.9116 6.74217
-29.0488 -40.5803
-28.6633 93.678
-28.4305 174.9
-28.4919 153.94
-28.6536 98.1036
-28.8949 14.6147
-28.9157 7.73907
-28.8928 16.0609
-29.0951 -53.8741
-28.839 35.4402
-29.0358 -32.5855
-28.9587 -5.45282
-28.5857 124.469
-28.619 113.242
-28.6277 110.566
-28.3069 222.377
-28.2694 235.742
-28.6763 94.749
-28.4245 182.55
-28.5468 140.424
-28.6852 92.6701
-28.8959 19.8458
-28.7882 57.6131
-28.658 103.18
-29.072 -40.2805
-28.9291 9.70068
-28.8886 24.1021
-28.7734 64.4779
-28.5951 126.748
-28.6945 92.5639
-28.9115 17.5357
-28.6738 100.461
-28.3782 203.508
-28.559 141.045
-28.7776 65.4442
-28.4773 170.104
-28.4393 183.684
-28.9024 23.1196
-28.8858 29.2502
-28.9145 19.6203
-28.9534 6.44785
-29.0014 -9.85299
-28.8355 48.1053
-28.7311 84.747
-28.711 92.0651
-28.8018 60.867
-29.1765 -68.9683
-29.5327 -192.344
-29.3455 -126.977
-28.7257 88.6732
-28.2791 244.175
-28.7545 79.3755
-28.8749 37.9106
-28.625 125.057
-28.6647 111.635
-28.5766 142.582
-28.8268 56.0025
-28.956 11.4579
-28.5515 152.318
-28.9155 26.2415
-28.8493 49.5738
-28.4254 197.194
-28.3184 234.687
-28.3604 220.467
-28.6569 117.813
-28.9533 15.1789
-28.9746 8.12124
-28.7029 102.867
-29.2123 -73.764
-29.1112 -38.2855
-28.8864 40.1722
-28.5577 154.679
-28.9181 29.8376
-29.0752 -24.3779
-28.641 126.811
-28.4085 207.913
-28.5456 160.623
-28.78 79.5544
-29.0817 -24.9155
-29.2054 -67.5249
-29.4917 -166.655
-29.1872 -60.5334
-29.2054 -66.4966
-28.7837 80.3685
-28.0084 350.02
-28.1735 293.011
-28.3946 216.555
-28.3766 223.158
-28.4326 204.054
-28.5983 146.832
-28.867 53.8317
-28.645 131.328
-28.0518 337.734
-28.0144 351.06
-28.3932 219.839
-28.6422 133.683
-28.6835 119.674
-28.4164 212.829
-28.6769 122.678
-28.7634 92.9715
-28.593 152.506
-28.5686 161.313
-28.4872 189.961
-28.4301 210.149
-28.7249 108.083
-29.064 -9.39634
-28.6445 136.689
-28.6648 130.005
-28.6201 145.866
-28.5158 182.438
-28.9743 23.5271
-28.9391 36.1011
-28.6102 150.717
-28.8613 63.8328
-29.0668 -7.21322
-28.7752 94.4393
-29.1283 -27.9017
-28.7585 100.928
-28.3531 242.109
-28.267 272.344
-28.5994 157.22
-28.7904 91.2231
-28.6361 145.176
-28.6652 135.417
-28.4977 193.959
-28.169 308.495
-28.4694 204.463
-28.9605 34.2099
-28.9816 27.2271
-28.3703 239.932
-28.2579 279.325
-28.5536 176.949
-28.5694 171.806
-28.7666 103.665
-28.6139 157.041
-28.6306 151.589
-28.6152 157.296
-28.9333 47.1415
-29.0427 9.47805
-28.9898 28.2043
-28.9531 41.3154
-29.1496 -26.6177
-29.2402 -57.747
-29.18 -36.4776
-29.2056 -45.0224
-29.2251 -51.4542
-29.4278 -121.519
-29.869 -274.436
-30.1042 -355.807
-30.0709 -343.878
-29.807 -251.872
-29.7973 -248.136
-29.8376 -261.799
-29.4817 -137.81
-29.5913 -175.538
-29.6265 -187.429
-29.2919 -70.8263
-29.203 -39.6
-28.9619 44.5039
-28.775 109.789
-28.7301 125.739
-28.5923 173.958
-28.311 272.014
-28.0861 350.474
-28.2208 304.028
-28.6445 157.2
-28.8926 71.3405
-28.9622 47.528
-28.9756 43.2122
-28.8383 91.2449
-28.453 225.467
-28.4641 221.961
-28.8278 95.9451
-29.0539 17.7612
-28.8368 93.5132
-28.8588 86.239
-28.4867 215.821
-28.1522 332.401
-28.5232 203.851
-28.9036 72.0666
-28.8575 88.4092
-28.8014 108.246
-28.9441 59.0256
-29.0832 11.0391
-28.8888 78.9171
-28.6575 159.639
-28.5843 185.42
-28.8264 101.639
-28.8784 83.9195
-28.7455 130.447
-28.8807 83.824
-29.2244 -35.2109
-29.2041 -27.8433
-28.5925 184.988
-28.3742 261.169
-28.5855 188.116
-28.457 233.085
-28.5721 193.46
-28.8221 106.977
-29.1794 -16.8235
-28.6244 176.336
-28.4322 243.441
-28.6589 165.061
-29.0567 27.1907
-29.4294 -101.933
-29.4266 -100.591
-28.9523 64.5192
-29.5067 -127.744
-29.3393 -69.2523
-28.841 104.212
-28.2169 321.375
-28.3807 264.819
-29.4331 -100.423
-29.2942 -51.8422
-28.8539 101.462
-28.943 70.863
-29.0168 45.563
-28.9932 54.1331
-28.7154 150.973
-28.6513 173.591
-28.9152 82.2683
-29.1311 7.62216
-28.7544 138.828
-28.7197 151.204
-28.7348 146.336
-28.5769 201.524
-29.0679 31.3032
-29.334 -60.7865
-29.0258 46.6042
-28.9421 76.0486
-28.7906 129.028
-28.911 87.5516
-28.838 113.261
-28.5639 208.829
-28.5143 226.38
-28.6571 177.133
-28.4858 236.982
-29.0505 41.1562
-28.8576 108.518
-28.4322 256.656
-28.1122 368.165
-28.2448 322.458
-28.0541 389.065
-28.6705 175.266
-29.0459 45.2096
-28.933 84.7533
-29.1257 18.1836
-29.5782 -138.665
-29.2498 -24.2363
-29.1202 21.1331
-29.3177 -47.1314
-29.2791 -33.3915
-29.0753 37.7641
-29.0546 45.2833
-29.1591 9.33282
-29.511 -112.56
-29.1225 22.7549
-28.7679 146.293
-29.0637 43.8618
-29.2769 -29.8463
-29.1461 15.9615
-29.3823 -65.7681
-29.4728 -96.8667
-29.5821 -134.479
-29.5574 -125.534
-29.4483 -87.3143
-29.3283 -45.2639
-28.8099 135.174
-29.2159 -5.52305
-29.511 -107.689
-28.8551 120.496
-28.6518 191.469
-28.9553 86.4076
-29.281 -26.3972
-29.4213 -74.8062
-29.34 -46.2047
-29.0973 38.4405
-29.1528 19.5278
-28.8617 120.987
-28.7015 177.009
-28.8259 134.144
-28.8886 112.697
-28.9191 102.453
-28.6904 182.245
-28.6791 186.513
-29.0093 72.1561
-28.7869 149.779
-29.2634 -15.4405
-29.0048 74.7449
-29.0431 61.7936
-29.1847 12.96
-29.2595 -12.6935
-29.2173 2.31312
-29.3584 -46.3391
-29.1735 18.2457
-28.9933 81.1971
-29.2437 -5.4531
-28.8999 114.323
-28.6533 200.354
-28.8825 121.074
-29.0105 76.9479
-29.4224 -65.8055
-29.3271 -32.3386
-28.925 107.703
-28.9027 115.772
-29.0956 49.1379
-29.2317 2.19222
-29.0682 59.3361
-29.1134 43.9705
-29.0009 83.4184
-28.9707 94.2493
-29.2831 -13.9174
-29.2659 -7.60641
-29.1907 18.8625
-28.7785 162.414
-29.0191 79.1707
-28.8927 123.443
-29.1576 31.7466
-29.4553 -71.31
-29.842 -205.317
-29.6476 -137.445
-29.65 -137.899
-29.4525 -68.9552
-29.0418 74.0759
-28.5639 240.44
-28.5211 255.638
-28.5598 242.554
-29.217 14.5816
-29.6447 -133.627
-29.5388 -96.5198
-28.4246 290.917
-28.2075 366.685
-28.6017 230.086
-28.5369 252.931
-28.1669 381.833
-28.613 227.184
-29.3519 -29.152
-29.4307 -56.1743
-29.3487 -27.3246
-28.9369 116.064
-29.108 56.9564
-29.0479 78.1943
-28.684 204.972
-29.0623 73.887
-29.1279 51.4579
-29.1965 27.9827
-29.0549 77.5012
-29.1711 37.4828
-29.2504 10.2836
-29.1159 57.3684
-29.1699 38.9432
-28.7423 187.825
-29.1736 38.3621
-28.7471 186.85
-28.9391 120.515
-29.4216 -46.7621
-28.9527 116.498
-29.0767 73.7415
-29.3418 -17.9884
-29.3955 -36.2879
-29.2854 2.30512
-29.3158 -7.90785
-28.8774 144.742
-29.1227 59.872
-29.3551 -20.536
-29.3477 -17.6105
-29.5767 -96.8332
-29.2244 25.9047
-29.2317 23.7221
-29.2848 5.62813
-29.4839 -63.1877
-29.4151 -38.9273
-29.1736 45.303
-29.3398 -12.0881
-29.2991 2.39611
-29.4215 -39.7886
-29.1047 70.628
-28.7302 201.067
-28.8465 161.03
-29.3095 0.505652
-29.5059 -67.3721
-29.4003 -30.3313
-28.9117 139.76
-29.1016 74.1407
-29.7543 -152.258
-29.7102 -136.591
-29.3938 -26.3427
-29.2955 8.16142
-28.9286 135.987
-29.0688 87.6156
-29.1812 48.9056
-29.4318 -37.7995
-29.5146 -66.2118
-29.1476 61.6185
-29.1806 50.4979
-29.0722 88.502
-29.2004 44.3273
-29.4392 -38.2776
-29.3315 -0.519657
-29.3325 -0.532252
-29.4748 -49.5978
-29.9359 -209.44
-29.5363 -70.2947
-29.6057 -94.0328
-29.5363 -69.5889
-29.1122 78.0951
-29.2972 14.1727
-29.3106 9.85711
-29.1111 79.5029
-29.1077 81.0391
-28.9212 146.2
-29.5094 -57.8198
-29.0936 86.9987
-29.3924 -16.4828
-29.4366 -31.4574
-29.4052 -20.2301
-29.7267 -131.56
-29.4011 -18.0867
-29.6355 -99.1751
-29.349 0.694872
-29.1003 87.4328
-29.2053 51.3215
-29.5983 -84.8749
-29.2005 53.6666
-28.9702 134.034
-29.3144 14.8011
-29.7991 -153.225
-29.3514 2.63147
-29.3089 17.7437
-29.1693 66.5985
-29.5315 -58.8768
-29.3909 -9.70324
-29.0201 119.463
-29.0115 122.807
-29.3621 1.35474
-29.4051 -13.2265
-29.4621 -32.6746
-29.4104 -14.39
-29.4989 -44.7864
-29.1809 66.0396
-29.7427 -128.764
-29.6531 -97.3179
-28.9679 141.062
-29.5692 -67.4813
-29.1582 75.6716
-29.2166 55.7289
-29.1973 62.7649
-29.5194 -48.7888
-29.6246 -84.9558
-29.649 -93.1044
-29.4847 -35.6879
-29.166 75.3751
-29.1848 69.1932
-29.2015 63.7525
-29.2827 35.8742
-29.2885 34.2356
-29.1393 86.4076
-29.2953 32.5649
-29.4984 -37.6497
-29.6227 -80.4979
-29.3368 19.1602
-29.1922 69.7512
-29.2363 54.7735
-29.2801 39.9266
-29.1388 89.3406
-29.1723 78.0441
-29.155 84.429
-29.1556 84.5396
-28.7553 223.963
-29.1259 95.557
-29.3799 7.68617
-29.3029 34.7729
-29.3334 24.5127
-29.104 104.579
-29.4473 -14.362
-29.366 14.2283
-29.5661 -54.9249
-29.4209 -4.14647
-28.9663 154.146
-29.2555 54.0182
-29.2073 71.1228
-28.9696 154.023
-29.098 109.775
-29.1313 98.5521
-29.221 67.7385
-29.5255 -37.6905
-29.1651 87.8531
-29.1439 95.5559
-29.3333 30.1145
-28.9879 150.466
-29.0734 121.088
-29.0754 120.769
-29.0871 117.054
-29.4459 -7.26399
-28.9997 148.088
-29.4901 -21.9157
-29.792 -126.464
-29.0581 128.847
-29.3572 25.2813
-29.9674 -186.346
-29.1823 86.7495
-28.8887 189.072
-29.3956 13.3365
-29.3641 24.6219
-28.8949 187.979
-29.0649 129.263
-28.8914 189.889
-29.4904 -17.8612
-29.8346 -137.078
-29.8286 -134.667
-29.3274 39.8041
-29.7178 -95.4598
-29.2276 75.1687
-29.2531 66.6762
-29.3523 32.5369
-29.5326 -29.7473
-29.3584 31.1184
-29.5683 -41.4365
-29.8479 -138.226
-29.8947 -154.155
-29.3023 52.021
-29.6086 -54.07
-29.755 -104.565
-29.3758 27.5136
-29.3596 33.4953
-29.2497 72.0234
-29.3547 35.8869
-29.871 -143.141
-30.1391 -235.914
-29.9918 -184.39
-29.4232 13.4645
-29.0629 138.997
-29.3498 39.6751
-29.576 -38.5512
-29.3647 35.2016
-29.2292 82.6038
-29.3634 36.3203
-29.4394 10.2808
-29.52 -17.3849
-29.4709 0.0486099
-29.3795 32.1285
-29.8066 -115.893
-29.7953 -111.611
-29.5784 -35.9202
-29.6355 -55.4177
-29.5872 -38.2672
-29.8801 -139.672
-29.4034 26.2596
-29.1033 130.868
-29.5726 -31.8363
-29.7392 -89.3426
-29.4211 21.5163
-29.4173 23.1731
-29.4353 17.2607
-29.35 47.2543
-29.4991 -4.18713
-29.591 -35.7912
-30.2148 -252.13
-29.9551 -161.571
-29.9583 -162.337
-29.9961 -175.12
-29.7308 -82.6055
-29.3067 65.065
-29.3146 62.6773
-29.406 31.2701
-29.381 40.2872
-29.3521 50.676
-29.7567 -89.5365
-29.7805 -97.4396
-29.8992 -138.339
-29.9993 -172.773
-29.7946 -101.298
-29.3112 66.9762
-29.1597 119.945
-29.302 70.8815
-29.4538 18.4732
-29.565 -19.8014
-29.846 -117.06
-29.4225 30.4078
-28.8851 217.448
-28.8476 230.813
-28.6097 313.812
-29.4858 9.81093
-29.869 -122.99
-29.6001 -29.2007
-28.7199 276.894
-28.6096 315.566
-29.4411 27.0524
-29.0921 148.642
-29.285 81.9716
-29.5274 -1.88403
-29.2863 82.2349
-29.341 63.5885
-29.2015 112.383
-28.7776 260.001
-28.983 188.977
-28.6026 321.482
-29.3687 55.6965
-29.3442 64.5585
-29.7645 -81.1061
-29.6586 -43.9748
-29.2416 101.232
-28.8368 242.198
-28.3957 395.777
-28.9696 196.781
-29.416 42.032
-29.8952 -124.104
-29.859 -111.177
-29.2649 95.5705
-28.6309 316.161
-28.6253 318.468
-29.0194 181.881
-29.1733 128.772
-29.4755 24.133
-29.312 81.2858
-29.3672 62.4744
-29.2001 120.846
-29.488 21.1768
-29.662 -38.8997
-29.4391 38.8621
-29.1669 133.797
-29.4363 40.5453
-29.6592 -36.542
-29.7147 -55.4951
-29.3544 70.0448
-28.5185 360.767
-28.7838 268.966
-29.0389 180.689
-29.3346 78.2923
-29.0124 190.575
-29.1021 159.751
-29.1461 144.836
-29.067 172.655
-29.2109 123.015
-29.0072 194.139
-28.8837 237.38
-29.0815 169.002
-29.5958 -9.30673
-29.3169 87.9291
-29.5429 9.76531
-29.6558 -29.1117
-29.6117 -13.4504
-29.4409 46.2513
-29.1868 134.866
-29.6415 -22.7612
-29.4677 37.9725
-29.2847 101.907
-29.5264 18.2781
-29.5955 -5.37241
-29.966 -133.74
-29.4517 45.2509
-29.4894 32.5028
-29.5669 5.92899
-29.7824 -68.5865
-29.8406 -88.442
-29.9042 -110.191
-29.8862 -103.61
-29.8057 -75.2965
-29.4976 32.088
-29.6057 -5.10595
-29.537 19.1179
-29.6252 -11.1756
-29.558 12.511
-29.6443 -17.1111
-29.6 -1.38956
-29.8455 -86.3338
-30.0093 -142.89
-29.7827 -63.8123
-29.5891 3.78513
-29.8482 -85.8619
-29.8412 -83.1014
-29.6736 -24.5178
-29.5583 15.8847
-29.6328 -9.66054
-29.5517 18.8798
-30.0266 -145.768
-30.1455 -186.711
-29.6645 -19.2953
-29.726 -40.286
-29.7505 -48.4535
-29.7361 -43.0971
-29.7124 -34.5442
-29.727 -39.2489
-29.6953 -27.8959
-30.0167 -139.217
-29.7737 -54.4471
-29.2659 122.328
-29.264 123.314
-29.7375 -40.8069
-30.0754 -157.854
-29.9769 -123.283
-29.4478 60.8639
-29.2856 117.569
-29.3427 98.0858
-28.9227 244.309
-29.0624 196.135
-29.429 69.1472
-29.5961 11.4158
-29.8807 -87.0916
-29.906 -95.5181
-29.5719 20.8715
-29.6115 7.45957
-29.4449 65.6778
-29.2091 147.957
-29.8043 -58.4667
-29.6662 -10.1607
-29.803 -57.3166
-29.4888 52.1772
-29.2645 130.453
-29.2164 147.511
-29.4924 51.9662
-29.2608 132.768
-29.0639 201.507
-28.9784 231.575
-29.5922 18.6835
-29.5813 22.8289
-29.6558 -2.7189
-29.8925 -84.5973
-29.656 -2.09677
-29.4033 86.0524
-29.4776 60.5825
-29.5575 33.1709
-29.1309 181.713
-29.1916 160.978
-29.1777 166.149
-29.2278 149.102
-29.3327 112.994
-29.0882 198.285
-29.3468 108.814
-29.8356 -60.6459
-29.5697 32.0736
-29.0894 199.267
-28.6678 346.088
-29.1116 192.234
-29.3644 104.773
-29.0942 198.979
-29.2231 154.571
-29.0965 198.875
-29.5643 36.7134
-29.4874 63.7843
-29.8295 -54.7272
-29.3243 121.135
-29.5224 52.6674
-29.7153 -14.0117
-29.2945 132.542
-29.3483 114.181
-29.7446 -23.1376
-29.5912 30.5014
-29.7667 -30.1288
-29.795 -39.5997
-29.6593 7.89648
-29.8821 -69.159
-29.9927 -107.244
-29.6726 4.32407
-29.5764 38.0699
-29.7194 -11.2671
-29.9217 -81.1931
-29.4514 82.5492
-29.625 22.5684
-29.3056 133.88
-29.7272 -12.2198
-29.7036 -3.68165
-29.6596 11.9416
-29.7589 -22.2105
-29.9381 -84.1145
-30.0434 -120.332
-29.9757 -96.4687
-29.5844 39.809
-29.75 -17.3667
-29.7613 -20.9439
-29.4909 73.3363
-29.2531 156.282
-29.2142 170.152
-29.3644 118.309
-28.6415 369.807
-28.8492 297.983
-29.2211 169.144
-29.3713 117.3
-29.1225 204.087
-29.153 193.841
-29.4781 81.2644
-29.2742 152.439
-29.284 149.363
-29.6625 18.2533
-29.8272 -38.6281
-29.8737 -54.4425
-30.2153 -172.755
-30.17 -156.686
-30.1557 -151.359
-29.6865 11.969
-30.0453 -112.326
-30.0558 -115.629
-30.1217 -138.145
-29.7022 7.90759
-29.7628 -12.7752
-29.8281 -35.1052
-30.1326 -140.549
-29.801 -25.0234
-29.9802 -86.9027
-29.7281 1.01248
-29.9732 -83.8023
-29.8455 -39.0848
-29.9558 -77.0603
-30.0654 -114.793
-30.4467 -246.887
-30.2077 -163.533
-30.3985 -229.455
-30.3605 -215.889
-30.4548 -248.303
-30.2941 -192.128
-29.7284 4.71912
-30.2682 -182.447
-29.947 -70.5332
-29.7303 5.11426
-29.949 -70.5094
-29.8575 -38.3908
-29.8299 -28.4444
-29.9831 -81.317
-29.9417 -66.605
-30.0501 -103.906
-29.9757 -77.7224
-29.7226 10.5509
-29.7464 2.64001
-29.7634 -2.9217
-30.1426 -134.299
-29.3952 125.684
-29.7308 9.45533
-29.7747 -5.44534
-29.6052 53.774
-29.7449 5.59003
-29.8018 -13.8345
-29.7257 12.9502
-29.2777 168.934
-29.987 -77.1295
-30.3782 -212.68
-30.2956 -183.647
-29.9226 -53.7177
-30.0387 -93.7002
-29.4798 100.807
-30.0639 -101.754
-30.1289 -123.991
-30.2781 -175.47
-30.4496 -234.688
-30.1857 -142.68
-29.7721 1.35415
-29.9057 -44.7253
-30.267 -169.889
-30.2142 -151.196
-30.181 -139.317
-30.4859 -244.892
-29.947 -57.3219
-30.1068 -112.482
-30.1244 -118.27
-30.2527 -162.464
-30.1247 -117.647
-30.3842 -207.476
-29.9306 -49.5538
-30.2781 -169.896
-30.0147 -78.0503
-29.7457 15.7529
-30.1856 -136.752
-29.7666 9.18356
-29.6948 34.4527
-29.295 173.688
-29.67 43.7614
-29.8431 -15.9977
-29.4097 134.894
-29.1815 214.503
-29.7873 4.4002
-29.6674 46.4148
-29.7449 19.835
-29.9683 -57.4314
-30.1726 -128.052
-29.9579 -53.127
-29.9677 -56.167
-30.0476 -83.578
-29.7717 12.6197
-29.7046 36.2568
-29.6268 63.6332
-30.0407 -79.8092
-29.6604 52.6478
-29.5407 94.599
-29.5525 90.8267
-29.867 -18.049
-30.1463 -114.733
-29.6731 50.0005
-29.9538 -47.1839
-30.114 -102.475
-30.4355 -213.811
-30.2437 -146.857
-30.5602 -256.444
-29.8592 -12.5774
-29.8901 -22.9579
-30.3369 -177.845
-29.8007 8.80003
-29.5464 97.4855
-30.0446 -75.2559
-29.761 23.614
-30.0167 -64.8488
-29.4106 146.054
-29.3681 161.155
-30.0613 -79.298
-30.3254 -170.719
-30.7365 -313.167
-30.4555 -215.223
-30.1966 -124.924
-29.7015 47.4039
-30.381 -188.299
-30.1856 -120.07
-30.2401 -138.646
-30.0025 -55.7707
-30.2071 -126.485
-30.4789 -220.564
-30.6799 -290.039
-30.0976 -87.4038
-29.9307 -29.06
-29.9113 -21.9746
-29.7017 51.1827
-30.2091 -124.757
-30.439 -204.265
-30.4317 -201.402
-30.4929 -222.299
-30.2503 -137.683
-30.2438 -135.07
-30.2943 -152.26
-30.5182 -229.712
-30.2577 -138.839
-30.4376 -201.016
-30.431 -198.347
-30.5368 -234.775
-30.3976 -186.071
-30.448 -203.216
-30.3636 -173.558
-30.6726 -280.57
-30.0822 -75.1132
-30.1619 -102.46
-29.7219 50.7628
-30.1921 -112.25
-30.1363 -92.5193
-30.18 -107.355
-29.8704 0.550849
-30.1281 -88.6145
-29.9833 -37.9679
-29.7222 53.0874
-29.6972 62.1158
-29.6714 71.4196
-29.9769 -34.3452
-30.1953 -109.893
-30.2498 -128.467
-30.3183 -151.915
-29.9796 -33.9177
-30.5123 -218.605
-30.3027 -145.449
-30.1195 -81.4795
-30.36 -164.667
-30.2471 -125.101
-30.613 -251.849
-30.3904 -174.176
-30.1275 -82.5043
-30.0096 -41.2043
-30.2839 -136.15
-30.4631 -198.04
-30.2009 -106.626
-30.1358 -83.6688
-30.434 -186.915
-30.6297 -254.547
-30.4803 -202.296
-30.4729 -199.373
-30.5232 -216.506
-30.4667 -196.51
-30.4213 -180.386
-30.3315 -148.86
-30.491 -203.924
-30.2236 -110.667
-30.8106 -314.25
-30.2181 -108.083
-30.2309 -112.161
-29.9908 -28.4053
-30.6749 -265.716
-30.0079 -33.6748
-30.103 -66.3637
-30.2735 -125.235
-30.3566 -153.767
-30.013 -34.0323
-30.1495 -81.1176
-30.1052 -65.384
-30.5707 -226.731
-30.0989 -62.5032
-30.3423 -146.702
-30.2855 -126.622
-30.4093 -169.294
-29.9915 -23.7865
-29.7421 63.1984
-29.7793 50.6165
-30.2122 -99.4339
-30.2056 -96.7811
-30.2495 -111.699
-30.0729 -49.99
-29.9734 -15.0715
-30.3783 -155.378
-30.2413 -107.435
-30.5983 -231.126
-30.0229 -30.8665
-30.1141 -62.2109
-30.398 -160.494
-30.3727 -151.358
-30.4482 -177.242
-30.4658 -183.004
-30.1478 -72.1977
-30.2474 -106.434
-29.8892 18.335
-30.0991 -54.2383
-30.5125 -197.51
-30.6024 -228.376
-30.1364 -66.1534
-29.9509 -1.36107
-30.0751 -44.1593
-30.3798 -149.666
-30.3717 -146.51
-30.5112 -194.609
-30.2329 -97.597
-30.3165 -126.269
-29.8868 23.3285
-30.3655 -142.593
-29.9885 -11.2772
-30.4962 -187.305
-30.3857 -148.592
-30.0598 -35.0322
-30.279 -110.826
-30.0783 -40.7594
-30.4367 -164.904
-30.0206 -20.0057
-29.6779 99.3829
-29.8178 51.1502
-29.8464 41.5531
-29.8757 31.7309
-29.7637 70.9814
-29.8544 39.802
-29.8011 58.6639
-29.7739 68.4697
-30.1626 -66.2084
-30.0745 -35.2544
-30.1289 -53.7989
-30.1979 -77.4172
-30.19 -74.3325
-30.141 -56.9799
-30.4401 -160.517
-29.8616 40.7767
-30.0934 -39.3853
-30.362 -132.341
-30.234 -87.5493
-30.0859 -35.7481
-29.9112 25.2971
-30.2805 -102.65
-30.4391 -157.417
-30.412 -147.644
-30.4713 -167.887
-30.3033 -109.171
-30.4661 -165.407
-30.1603 -58.8181
-30.4294 -151.95
-29.8844 37.7233
-30.3467 -122.539
-30.4971 -174.441
-29.703 101.78
-30.2339 -82.307
-30.063 -22.5934
-30.1483 -51.8505
-30.0484 -16.7991
-30.3643 -126.2
-29.8521 52.0732
-29.9793 8.24655
-30.3079 -105.577
-30.1495 -50.193
-30.2545 -86.322
-30.4068 -138.9
-30.117 -37.8488
-29.9698 13.622
-30.2357 -78.4235
-29.9275 28.9919
-30.0917 -27.6821
-30.0225 -3.30143
-30.3416 -113.794
-30.047 -11.1058
-30.4658 -156.25
-29.9761 14.2228
-30.5299 -177.834
-30.3548 -116.654
-30.1206 -34.9491
-29.6591 125.706
-29.8244 68.6327
-30.1947 -59.6549
-30.5248 -173.97
-30.3965 -129.05
-29.9132 39.1822
-30.0983 -24.7523
-30.1703 -49.4494
-30.204 -60.7958
-30.0917 -21.4507
-30.0068 8.40797
-30.301 -93.4397
-29.9721 21.17
-30.0685 -11.982
-30.2349 -69.4276
-30.1086 -25.2342
-30.1833 -50.8286
-29.8812 54.4577
-29.6311 141.707
-30.0521 -4.18744
-30.0774 -12.6497
-30.0212 7.22113
-29.9795 22.0462
-30.1649 -41.9935
-29.8021 84.3962
-29.9204 43.6468
-29.9675 27.6024
-29.9073 48.8726
-30.4584 -142.219
-30.1984 -51.5686
-29.7641 99.652
-30.4001 -120.937
-30.1093 -19.5632
-29.9541 34.6949
-29.6911 126.402
-29.8806 60.9314
-29.9302 44.0612
-30.1734 -40.0901
-30.0315 9.56981
-29.925 46.9062
-29.978 28.8479
-29.9289 46.25
-30.3793 -109.87
-30.2449 -62.8515
-30.2633 -68.889
-30.2725 -71.722
-29.7252 118.754
-30.5558 -169.454
-30.2871 -75.7842
-30.2192 -51.8314
-30.0968 -8.94611
-30.434 -125.754
-30.2537 -62.7604
-30.4089 -116.358
-30.2578 -63.5106
-30.5304 -157.847
-30.4021 -112.939
-30.2967 -75.9617
-30.1383 -20.6038
-30.079 0.36214
-30.4302 -121.298
-30.5504 -162.712
-30.4785 -137.4
-30.41 -113.244
-31.1204 -359.697
-30.1535 -23.439
-30.2609 -60.4168
-30.0237 22.3311
-30.6063 -179.694
-30.2506 -55.7816
-30.3439 -87.8613
-30.4156 -112.432
-30.3862 -101.861
-30.2978 -70.7942
-30.5008 -140.961
-30.2169 -41.9996
-30.2562 -55.2919
-29.7838 109.143
-30.8506 -261.116
-30.6673 -197.075
-30.4776 -130.813
-30.1216 -6.82404
-30.3128 -72.8691
-30.4269 -112.177
-30.2488 -49.9632
-30.2764 -59.2008
-30.2883 -62.9922
-30.0284 27.6547
-30.2823 -60.1885
-29.8662 84.6934
-30.091 6.94166
-30.1405 -9.89226
-29.6031 177.126
-30.0924 7.50438
-30.0456 24.0996
-29.9406 60.9271
-30.182 -22.5838
-30.4132 -102.558
-30.231 -38.892
-30.0642 19.3944
-30.1645 -15.1013
-29.9916 45.3003
-29.9037 76.1975
-29.8938 79.9657
-29.9672 54.8178
-30.0908 12.2157
-29.7945 115.524
-29.8184 107.542
-30.2931 -57.018
-30.1474 -6.03649
-30.4799 -121.192
-29.821 108.038
-30.0382 32.9302
-30.1894 -19.2618
-30.525 -135.468
-30.0084 44.3361
-30 47.6056
-30.0149 42.7777
-30.2139 -26.0085
-30.174 -11.8098
-30.101 13.9094
-29.7482 136.787
-29.7628 132.09
-30.001 49.6947
-30.1301 5.16114
-29.8771 93.4306
-30.1409 2.12525
-30.3272 -62.2575
-30.1746 -8.88468
-29.6631 169.136
-29.9562 67.6677
-30.1952 -15.0061
-29.8939 89.9937
-29.9436 73.0989
-30.1453 3.3786
-30.0316 43.2245
-29.664 171.256
-30.2432 -29.5978
-30.5798 -146.184
-30.1374 7.85372
-30.0754 29.7322
-30.615 -157.36
-29.9863 61.3952
-29.6408 181.764
-30.2321 -23.3117
-30.1323 11.7128
-30.4311 -91.7559
-30.4768 -107.263
-30.0086 55.7394
-30.1493 7.19998
-29.9884 63.4365
-30.3138 -49.2503
-30.0262 51.0015
-30.0198 53.576
-30.027 51.4059
-29.86 109.779
-30.4985 -111.703
-30.1623 5.46708
-29.6241 192.778
-29.8436 116.857
-29.9449 82.0192
-30.4281 -85.5036
-30.017 57.6629
-29.8193 126.682
-30.1121 25.3287
-29.7893 137.797
-29.8121 130.242
-29.8535 116.194
-30.0535 47.0885
-30.2504 -20.9719
-30.1668 8.40533
-29.7977 136.969
-30.1068 29.9408
-30.3217 -44.3617
-30.1114 29.0377
-30.023 60.0834
-30.283 -29.8891
-30.0425 54.0159
-29.76 152.5
-30.0335 57.8585
-30.541 -118.106
-29.9542 86.0753
-29.9966 71.7075
-29.955 86.501
-30.5086 -105.481
-30.5494 -119.286
-30.5907 -133.306
-30.4842 -95.9507
-30.2445 -12.3469
-29.7499 159.84
-30.1114 34.6009
-30.0962 40.2345
-30.2052 2.71933
-29.9832 80.1681
-30.2486 -11.6782
-30.0313 64.1738
-30.3999 -63.5518
-30.3095 -31.7856
-30.1346 29.3267
-30.2486 -9.9464
-29.9332 99.9865
-29.942 97.2587
-29.9925 80.0792
-30.0241 69.4589
-30.124 35.0803
-29.7469 166.424
-29.6023 217.024
-30.1344 32.5112
-30.1043 43.314
-30.114 40.304
-30.2876 -19.6573
-30.0714 55.7959
-29.9755 89.4459
-30.3966 -56.4845
-30.1052 45.0857
-30.0707 57.4327
-30.7629 -182.678
-30.348 -38.1989
-30.0867 52.9118
-30.4127 -59.9976
-30.301 -20.8345
-30.2444 -0.842467
-30.4992 -89.0011
-30.1126 45.662
-30.0514 67.2473
-30.4513 -71.3117
-30.3441 -33.7198
-30.0967 52.5445
-29.9875 90.842
-30.312 -21.5326
-30.047 70.8809
-30.1191 46.1673
-30.3088 -19.3899
-30.1471 37.1378
-30.1929 21.5732
-30.2817 -8.9293
-29.9486 107.143
-29.8089 156.032
-30.4238 -57.2598
-30.6612 -139.392
-30.5322 -94.212
-30.1268 46.9581
-30.1955 23.4347
-30.4605 -68.2789
-30.5219 -89.2518
-30.355 -30.9081
-30.056 73.2978
-30.2012 23.2066
-30.39 -42.0225
-30.3626 -32.1607
-30.2626 2.93158
-30.2592 4.44779
-30.2672 2.01097
-30.1724 35.3043
-30.5435 -93.2805
-30.7591 -167.823
-30.2274 17.2143
-30.185 32.2913
-30.4841 -71.2622
-30.4722 -66.7778
-30.2902 -3.20094
-30.2909 -3.07957
-30.4921 -72.6379
-30.4338 -52.044
-30.2958 -3.76551
-30.5652 -97.0089
-30.539 -87.5532
-30.0671 76.7514
-30.5811 -101.477
-30.1653 43.3151
-29.9992 101.378
-30.4367 -50.2567
-30.5332 -83.4407
-30.5629 -93.4241
-30.1189 61.1636
-30.1385 54.7259
-30.4285 -45.6837
-30.1009 68.4861
-30.1796 41.4768
-30.1012 69.0456
-30.3212 -7.00652
-29.8796 146.728
-30.5541 -87.2334
-30.3467 -14.8504
-30.1128 66.763
-30.3241 -6.29229
-30.1583 51.6682
-29.7273 201.738
-29.9465 125.927
-30.9316 -215.938
-30.5427 -80.4803
-30.0109 104.612
-30.379 -22.913
-30.5558 -83.9945
-30.1704 50.226
-30.6964 -132.166
-30.4708 -53.4211
-30.7384 -146.047
-30.5888 -93.7263
-30.2795 14.071
-30.668 -120.529
-30.4205 -34.215
-30.1296 67.1809
-30.4052 -28.2045
-30.2421 28.8144
-30.6844 -124.515
-31.2203 -310.344
-30.5162 -65.3748
-30.2588 24.3802
-30.1841 50.6721
-30.4996 -58.5827
-30.3237 2.88905
-30.0433 100.642
-30.6639 -114.599
-30.4425 -37.3332
-30.3115 8.51544
-30.5666 -79.7568
-30.6931 -123.36
-29.8703 162.835
-29.9355 140.532
-30.3301 3.78259
-29.9938 120.958
-30.6439 -104.527
-30.0633 97.5075
-29.9238 146.324
-29.9057 152.954
-29.9122 151.056
-30.0403 106.882
-30.1947 53.5872
-29.6041 259.13
-30.0326 110.605
-30.2073 50.2701
-30.2656 30.3661
-29.9429 142.819
-29.8755 166.564
-30.2561 34.7091
-30.2495 37.3336
-30.2993 20.3776
-30.1557 70.6305
-29.9351 147.622
-30.1011 90.2949
-30.2091 53.1193
-30.2106 52.9589
-30.4702 -36.8887
-30.4534 -30.7028
-30.6917 -113.133
-30.5857 -75.9655
-30.1764 66.5521
-30.0192 121.509
-30.3398 10.4845
-30.464 -32.3036
-30.328 15.2838
-30.5617 -65.5585
-30.2844 31.1391
-30.2927 28.5936
-30.2538 42.4505
-30.4931 -40.3225
-30.6644 -99.5025
-30.7503 -128.972
-30.5855 -71.3936
-30.3237 19.8943
-30.5217 -48.5429
-30.4388 -19.3944
-30.4532 -24.0543
-30.2972 30.5047
-30.0814 105.818
-30.4648 -27.0258
-30.2812 37.1037
-29.9768 143.213
-30.3516 13.3341
-30.9741 -202.55
-30.4266 -12.0337
-30.0609 115.353
-30.0958 103.606
-30.2538 49.0621
-29.9412 158.013
-30.556 -55.231
-30.225 60.0931
-29.9722 148.255
-30.416 -5.54278
-29.8981 174.701
-30.0875 109.24
-30.4291 -9.06712
-30.1514 87.7559
-29.982 146.962
-29.8613 189.233
-30.0576 121.37
-30.078 114.646
-30.2027 71.6817
-30.0161 136.846
-30.2924 41.2096
-29.6661 259.112
-29.9371 165.333
-30.0788 116.439
-29.9738 153.256
-30.1444 94.3621
-29.9402 165.625
-29.5643 296.567
-29.8878 184.536
-30.1357 98.7771
-30.0969 112.602
-29.9306 170.71
-29.954 162.916
-30.2499 60.4918
-29.8837 188.035
-30.1718 88.294
-29.8183 211.443
-30.6037 -61.0339
-30.517 -30.5646
-30.5511 -42.0666
-30.1447 99.4484
-29.9507 167.184
-29.9388 171.693
-29.786 225.095
-29.7949 222.371
-30.1146 111.656
-29.817 215.393
-29.9541 168.094
-29.8715 197.136
-30.138 104.931
-30.5237 -28.7203
-30.2288 74.0658
-30.2817 56.0432
-30.3553 30.8201
-30.1432 104.851
-29.7721 234.103
-30.1356 108.172
-29.9074 187.813
-30.2572 66.6445
-30.3456 36.2604
-29.976 165.015
-30.3132 48.2047
-30.3986 18.9138
-30.2918 56.3484
-30.7924 -117.208
-30.706 -86.8335
-30.2445 73.8362
-30.4725 -5.02504
-30.3401 41.3217
-30.4427 6.00286
-30.1703 100.973
-29.997 161.551
-30.2958 58.1002
-30.067 137.923
-30.2278 82.4109
-30.1699 102.859
-30.5316 -22.4299
-30.3449 42.7508
-30.3566 39.0523
-30.322 51.4151
-30.3442 44.058
-30.2812 66.289
-30.3838 30.9781
-30.0934 132.201
-30.2563 75.9669
-30.3732 35.7032
-30.2502 78.7951
-30.2209 89.3266
-30.4765 0.875505
-30.914 -150.776
-30.5405 -20.6794
-30.713 -80.2437
-30.5539 -24.6398
-30.4929 -3.09976
-30.2352 86.7673
-30.0332 157.296
-30.5467 -20.7544
-30.4693 6.50092
-30.062 148.332
-29.7564 254.86
-30.1326 124.505
-30.3153 61.3914
-30.2347 89.739
-29.8067 238.76
-30.2236 94.2994
-30.306 65.9933
-30.4643 11.3659
-30.3356 56.4338
-30.2898 72.6909
-30.3534 50.9445
-30.3545 50.9004
-30.2351 92.7295
-30.1058 138.002
-30.0731 149.701
-30.1414 126.324
-29.9612 189.244
-29.8488 228.663
-30.2095 103.681
-30.8195 -107.851
-30.3598 52.1957
-30.2376 94.9914
-29.9303 202.074
-29.8793 220.132
-29.9756 187.039
-29.7711 258.438
-30.1845 115.171
-30.2387 96.6932
-30.0649 157.39
-30.1606 124.514
-30.4601 20.7992
-30.4552 22.8596
-30.087 151.102
-30.2352 99.9946
-30.4663 20.0282
-30.3301 67.7175
-30.7181 -66.7321
-30.1557 128.981
-30.149 131.652
-30.1485 132.172
-30.4064 42.9225
-30.2565 95.343
-30.2442 99.9904
-30.478 19.1023
-30.9461 -143.165
-30.7134 -61.9843
-30.2962 83.2986
-30.5646 -9.59685
-30.4329 36.5137
-30.0243 178.799
-30.3031 82.3063
-30.6201 -27.4854
-30.7926 -87.0534
-30.0483 171.867
-30.5228 7.34973
-30.6688 -42.9963
-30.2161 114.617
-30.3347 73.7529
-30.4894 20.3463
-30.5114 13.0722
-30.3676 63.3778
-30.0734 165.919
-29.8875 230.854
-30.3807 59.8718
-30.2743 97.1595
-30.102 157.361
-30.2571 103.852
-30.7918 -81.5785
-30.847 -100.386
-30.7633 -70.9687
-30.3304 79.778
-30.4135 51.2418
-30.0787 167.9
-30.4904 25.2104
-30.7095 -50.5481
-30.4762 30.8394
-30.4731 32.2601
-30.3393 79.105
-30.4253 49.5827
-30.69 -42.0178
-30.393 61.48
-30.0477 181.78
-30.726 -53.516
-30.6934 -41.8133
-30.6294 -19.2353
-30.2455 114.454
-30.2591 110.085
-30.8266 -86.7213
-30.5904 -4.30319
-30.3465 80.781
-30.3294 87.0404
-30.2451 116.673
-30.38 70.1575
-30.3108 94.5647
-30.5855 -0.518503
-30.213 129.217
-30.7774 -66.4794
-30.2307 123.787
-30.3918 68.1522
-30.3823 71.8137
-30.2767 108.852
-30.3635 79.0434
-30.1597 150.168
-30.391 70.1619
-30.4221 59.725
-30.4098 64.3515
-30.5732 7.92607
-30.8569 -90.2908
-30.4657 45.9469
-30.0378 194.965
-30.4152 64.2121
-30.2064 137.076
-30.0372 196.217
-30.4626 48.7677
-30.5795 8.50535
-30.3361 93.4271
-30.122 168.132
-30.6753 -23.731
-30.3075 104.384
-29.9314 235.403
-30.4103 69.368
-30.5391 24.9668
-30.1992 143.414
-30.6793 -23.0155
-30.8614 -85.9412
-30.4196 67.8685
-30.2039 143.164
-30.4855 45.6962
-30.2995 110.653
-30.8318 -73.9348
-30.6965 -26.5789
-30.696 -26.0548
-30.2692 122.569
-30.4522 59.3468
-30.5749 17.052
-30.6806 -19.3112
-30.2317 136.964
-30.3002 113.546
-30.093 185.847
-30.501 44.4654
-30.6892 -20.5675
-30.3574 95.042
-30.2622 128.472
-30.6276 1.87419
-30.2635 128.698
-29.9798 227.617
-30.2481 134.762
-30.2027 150.879
-30.1687 163.016
-29.8385 278.103
-30.0233 214.249
-30.1936 155.43
-30.3808 90.7351
-30.4834 55.4532
-30.8036 -55.4342
-30.566 27.4597
-30.8893 -84.53
-30.9025 -88.7535
-30.4519 68.107
-30.1371 177.841
-30.6002 17.3152
-30.2505 139.146
-30.6668 -5.14783
-30.2082 154.525
-30.2968 124.083
-30.4656 65.798
-30.673 -5.91881
-30.4579 69.167
-30.1766 167.222
-30.2862 129.52
-30.3564 105.484
-30.4784 63.45
-30.5725 31.1057
-30.5185 50.1871
-30.3896 95.315
-30.4654 69.3502
-30.7733 -37.2816
-30.6234 15.1434
-30.6106 19.9345
-30.3413 113.847
-30.6936 -8.19046
-30.1453 182.622
-30.5728 34.4736
-30.1758 172.738
-30.7396 -22.806
-30.696 -7.28134
-30.7067 -10.6646
-30.7032 -9.0881
-30.7971 -41.3679
-30.6597 6.71321
-30.4143 92.2935
-30.1897 170.686
-30.4912 66.2766
-30.3636 110.963
-30.4482 81.9228
-30.5113 60.3289
-30.2586 148.464
-30.3182 128.122
-30.5332 53.777
-30.6021 30.1933
-30.6913 -0.438976
-30.5161 60.7575
-30.578 39.605
-30.7785 -29.7098
-30.4135 97.4435
-30.2704 147.502
-30.5665 44.9963
-30.7037 -2.32587
-31.0371 -117.809
-30.3111 134.748
-30.125 199.763
-30.5971 36.0923
-30.5612 48.9005
-30.4038 103.94
-30.522 63.2417
-30.355 121.605
-30.3606 119.981
-30.5343 59.9962
-30.8663 -54.9847
-30.6528 19.5247
-30.4414 93.3066
-30.703 2.78587
-30.7498 -13.1266
-30.6264 30.0982
-30.6577 19.5556
-30.1958 180.367
-30.703 4.52695
-30.4023 109.333
-30.5618 54.2688
-30.4446 95.3331
-30.6356 29.3043
-30.4329 100.07
-30.6138 37.605
-30.6485 25.8863
-30.6267 33.7973
-30.4774 86.018
-30.6955 10.5896
-30.4475 97.1028
-30.2313 172.541
-30.7532 -8.42196
-30.5867 49.779
-30.8919 -55.8796
-30.6412 31.5577
-30.5891 49.9947
-30.5767 54.6477
-30.4308 105.691
-30.3195 144.677
-30.2687 162.681
-30.5052 80.879
-30.6676 24.8098
-30.4061 116.003
-30.4799 90.7198
-30.4198 111.923
-30.4999 84.4619
-30.2335 177.337
-30.2798 161.625
-30.5382 72.1993
-30.5791 58.3168
-30.6259 42.425
-29.9806 266.925
-30.7259 8.36401
-30.603 51.3994
-30.0433 246.182
-30.4889 91.7551
-30.25 175.102
-30.3085 155.103
-30.6288 44.1716
-30.0928 230.749
-30.5235 81.4622
-30.4359 112.227
-30.5153 84.9996
-30.1007 229.397
-30.6381 43.0581
-30.6911 24.9829
-30.4216 118.96
-30.155 211.921
-30.7135 18.2222
-30.7201 16.28
-30.5755 66.8618
-30.532 82.3352
-30.4761 102.09
-30.52 87.2099
-30.3608 142.851
-30.6103 56.5269
-30.5522 77.0376
-30.2485 182.908
-30.372 140.332
-30.6358 49.0545
-30.4737 105.719
-30.2096 197.795
-30.6458 46.6243
-30.4642 110.072
-30.2087 199.159
-30.2979 168.529
-30.4866 103.299
-30.4944 100.958
-30.685 35.0774
-30.7635 8.1511
-30.8664 -27.2297
-30.5228 92.484
-30.5112 96.8581
-30.6322 55.1802
-30.6726 41.4761
-30.7903 0.944926
-30.6066 65.1059
-30.4615 115.848
-30.6513 50.2829
-30.7369 20.8618
-30.7736 8.4905
-30.766 11.4796
-30.9137 -39.5145
-30.9892 -65.3942
-31.093 -101.101
-30.8695 -23.1102
-30.9708 -57.9315
-30.6344 59.2773
-30.7866 6.73802
-30.9021 -33.0337
-30.4328 130.351
-30.366 153.892
-30.5573 87.7851
-30.8005 3.65338
-30.8798 -23.558
-30.3879 147.671
-30.4658 120.95
-30.9574 -49.4686
-30.4096 141.177
-30.5771 83.3506
-31.0296 -73.4929
-30.533 99.3623
-30.6774 49.5424
-30.4576 126.226
-30.9227 -34.9841
-30.424 138.618
-30.2841 187.546
-30.3449 166.78
-30.2057 215.502
-30.385 153.562
-30.4466 132.484
-30.4554 129.788
-30.3203 177.071
-30.451 131.993
-30.4205 142.939
-30.6315 70.0108
-30.3913 153.787
-30.2846 191.208
-30.8273 3.0305
-30.4629 129.964
-30.5927 85.2169
-30.5271 108.336
-30.6514 65.5329
-30.5843 89.1628
-30.74 35.4311
-30.5751 93.0681
-30.679 57.3273
-30.5834 90.8643
-30.6178 79.2748
-30.5801 92.731
-30.5576 100.873
-30.7951 18.7121
-30.6743 61.0272
-30.7391 38.8617
-30.8132 13.4904
-30.9022 -17.093
-30.6367 75.4904
-30.7682 30.1469
-30.7762 27.716
-30.7872 24.25
-30.4066 156.816
-30.5206 117.556
-30.398 160.481
-30.6014 90.1961
-30.527 116.372
-30.7184 50.2443
-30.4598 140.433
-30.5314 115.884
-30.5946 94.2956
-30.4854 132.549
-30.3395 183.606
-30.7744 32.8612
-30.5028 127.553
-30.3697 174.137
-30.7933 27.3258
-30.9058 -11.3786
-30.3188 192.89
-30.3461 183.739
-30.2405 220.781
-30.5742 105.196
-30.5249 122.656
-30.5113 127.735
-30.1929 238.68
-30.5036 131.093
-30.1437 256.482
-30.6824 69.6835
-29.7768 384.621
-30.2634 215.946
-30.6402 85.3814
-30.6231 91.6929
-30.4422 154.869
-30.295 206.364
-30.5821 106.965
-30.6013 100.631
-30.5062 134.031
-30.4334 159.651
-30.3303 195.826
-30.6603 81.5202
-30.3899 175.821
-30.5664 114.863
-30.6662 80.5363
-30.4908 141.816
-30.1273 268.443
-30.4032 172.924
-30.5791 112.171
-30.5207 132.807
-30.388 179.261
-30.618 99.7195
-30.6139 101.484
-30.7195 65.1509
-30.3477 194.628
-30.2906 214.826
-30.3624 190.222
-30.279 219.538
-30.0785 289.545
-30.3207 205.777
-30.7363 61.7282
-30.5913 112.464
-30.3953 180.902
-30.0396 304.818
-30.5617 123.785
-30.8195 34.5522
-30.5917 114.035
-30.6928 79.2883
-30.5582 126.394
-30.7182 71.1431
-30.4709 157.401
-30.0914 289.576
-30.5302 137.495
-30.5371 135.449
-30.7431 64.2338
-31.0029 -25.6803
-30.51 145.89
-30.7406 66.1338
-30.6088 112.295
-30.599 116.029
-31.2085 -95.3535
-30.7853 51.9936
-30.6634 94.6964
-30.2986 221.792
-30.2763 229.885
-30.4444 171.814
-30.6435 103.001
-31.2594 -110.608
-30.9843 -14.6905
-30.9533 -3.58589
-31.0751 -45.5541
-30.8032 49.2669
-30.9387 2.54312
-30.8993 16.5724
-30.8307 40.7552
-30.707 84.0591
-30.961 -3.83054
-30.7903 55.818
-30.8625 31.0855
-30.6885 91.8715
-31.1684 -74.4705
-30.9187 12.6133
-30.2954 229.504
-30.3749 202.208
-30.7988 55.2934
-30.7044 88.4355
-30.7292 80.1809
-30.7 90.667
-30.3404 215.947
-30.3738 204.675
-30.8229 49.0095
-30.4807 168.233
-30.4845 167.283
-30.7174 86.7177
-30.6203 120.784
-30.3214 224.987
-30.7193 87.1075
-30.7658 71.2925
-30.3966 199.878
-30.3438 218.576
-30.801 60.0837
-30.8075 58.1939
-30.9472 10.0069
-30.7078 93.5036
-30.4199 193.879
-30.6833 102.74
-31.1101 -45.1987
-30.8063 60.701
-30.4254 193.349
-30.4235 194.36
-30.4026 201.982
-30.6478 117.146
-30.3506 220.738
-30.4652 181.278
-30.3407 224.882
-30.4657 181.8
-30.6828 106.72
-30.1606 288.471
-30.7753 75.2925
-30.6463 120.43
-30.8145 62.3451
-30.7079 99.7511
-30.7754 76.6494
-30.4114 203.424
-30.9293 23.8502
-31.1926 -67.2421
-30.6928 106.718
-30.5401 160.129
-30.7776 77.9438
-30.6121 135.801
-30.9121 31.9268
-30.5764 148.91
-30.4657 187.711
-30.5981 142.044
-30.8283 62.441
-30.8346 60.5694
-30.7919 75.7679
-30.9033 37.4232
-30.8411 59.3716
-30.8569 54.2257
-30.7075 106.465
-30.5417 164.42
-30.8105 71.382
-30.8412 61.0872
-30.6477 128.63
-30.8666 52.9364
-31.1216 -35.2845
-30.7036 110.261
-30.645 130.981
-30.7739 86.5424
-31.1076 -29.0301
-30.9056 41.489
-30.8832 49.6038
-30.8368 66.0791
-30.6333 137.133
-30.8946 46.6964
-30.9848 15.7185
-30.8054 78.3705
-30.6556 130.751
-30.9112 42.3294
-30.8168 75.4491
-30.1809 296.705
-30.49 189.693
-30.9665 24.4937
-31.0208 5.97708
-30.7948 84.8194
-30.8472 66.9621
-30.966 26.0673
-30.7217 111.259
-30.7762 92.6918
-30.666 131.322
-30.6544 135.69
-30.8789 58.0659
-30.9042 49.6052
-30.8612 64.8958
-30.8717 61.5865
-30.6254 147.503
-30.7092 118.727
-30.8434 72.4652
-31.0623 -3.22296
-30.6032 156.599
-30.9208 46.6108
-30.8473 72.5081
-30.5087 190.46
-30.4957 195.344
-30.7456 108.86
-30.3578 243.939
-30.6525 141.902
-30.9501 38.8586
-30.9585 36.3087
-30.1925 302.755
-30.2984 266.323
-31.0372 10.0195
-30.7457 111.605
-30.5273 187.838
-30.737 115.352
-30.4695 208.604
-30.3043 266.333
-30.2985 268.72
-30.3931 236.195
-30.1519 320.328
-30.5148 194.596
-31.3424 -92.5373
-31.1067 -10.3121
-31.0495 9.89126
-30.7088 128.6
-30.4945 203.392
-30.9404 48.8422
-31.1216 -13.77
-31.4823 -138.702
-31.2647 -62.7838
-30.9931 31.9354
-30.8327 87.9906
-30.8443 84.3101
-30.936 52.7936
-30.9464 49.5322
-30.6749 144.208
-30.7931 103.496
-30.9904 35.3063
-31.0485 15.4601
-30.8643 79.7794
-30.7467 120.999
-30.8238 94.5486
-30.7233 129.835
-31.0005 33.8681
-30.7373 125.652
-30.9015 68.941
-30.7153 133.991
-30.7022 138.874
-30.5468 193.234
-30.5678 186.266
-30.8435 90.8556
-30.8113 102.384
-30.3239 272.054
-30.7556 122.432
-30.8453 91.6215
-31.0215 30.7423
-30.6445 162.054
-30.5978 178.619
-30.7172 137.5
-30.751 126.117
-30.8139 104.608
-30.7648 121.994
-30.9535 56.8114
-30.5218 207.125
-30.9271 66.6557
-31.0102 38.151
-30.9643 54.426
-30.8019 111.217
-30.9155 72.0716
-31.2235 -34.5604
-31.0317 32.4234
-31.1395 -4.68479
-30.6177 176.916
-30.8096 110.608
-30.7826 120.335
-30.9878 49.3932
-31.3929 -90.9852
-30.9746 54.6942
-30.654 166.407
-30.2285 314.579
-30.6942 153.12
-30.9287 72.0004
-30.9223 74.5689
-30.8032 116.315
-30.6864 157.232
-30.3516 273.88
-30.8996 83.8602
-30.8854 89.1293
-30.7319 142.808
-30.6873 158.642
-30.5265 214.879
-30.3375 280.86
-30.2413 314.651
-30.4938 227.26
-30.519 218.859
-30.7704 131.871
-31.0466 36.262
-31.0928 20.5677
-30.9077 85.2007
-30.6152 187.176
-30.1779 339.443
-30.4997 227.983
-30.6012 193.098
-30.5 228.59
-30.4839 234.52
-30.5354 216.982
-30.6174 188.837
-30.521 222.676
-30.1159 363.741
-30.3297 289.841
-31.0683 33.594
-31.272 -36.83
-30.9078 90.038
-30.8431 112.872
-30.3425 287.12
-29.8141 471.022
-30.761 142.418
-30.9929 62.2095
-30.495 235.518
-29.8024 476.491
-30.6016 199.2
-30.8324 119.36
-30.649 183.424
-30.4091 267.114
-30.5694 211.77
-30.6783 174.271
-30.5604 215.6
-30.6014 201.703
-30.7209 160.514
-30.8711 108.711
-30.4504 255.211
-30.2426 327.749
-30.3804 280.215
-30.7938 136.941
-30.656 185.167
-30.6006 204.739
-30.6971 171.582
-30.6737 180.069
-30.9151 96.5468
-31.2176 -8.19358
-31.0319 56.651
-31.0452 52.3972
-31.4624 -92.1851
-30.9184 97.142
-30.6723 182.963
-30.5218 235.591
-30.7226 166.198
-31.0894 39.1099
-31.0179 64.3172
-30.6999 175.105
-31.1363 23.873
-30.8524 122.844
-30.6856 181.146
-30.7366 163.771
-30.6002 211.484
-30.7425 162.416
-30.4965 248.203
-30.847 126.815
-31.0886 43.2212
-30.9493 91.9542
-31.0612 53.4368
-30.6937 181.438
-30.7858 149.798
-31.3702 -52.8772
-30.9573 90.9207
-30.9072 108.665
-30.9142 106.591
-30.5213 243.423
-30.3619 299.125
-30.7606 160.986
-30.9231 104.873
-30.5196 245.398
-30.3699 297.739
-30.7264 174.246
-30.8287 139.046
-30.3272 313.624
-30.3347 311.377
-30.5351 242.098
-30.7085 182.223
-30.7046 183.9
-30.416 284.508
-30.5042 254.235
-30.5969 222.371
-30.7748 160.917
-30.8669 129.261
-30.8304 142.284
-30.9243 110.013
-31.0122 79.8313
-31.0297 74.1123
-30.8483 137.481
-31.167 27.1101
-30.5908 227.617
-30.5827 230.761
-30.589 228.935
-30.6049 223.753
-30.387 299.791
-30.3753 304.2
-30.4372 283.058
-30.6617 205.425
-30.3014 330.945
-30.7453 177.07
-30.7212 185.786
-30.5153 257.654
-30.464 275.847
-30.3131 328.597
-29.8397 493.411
-30.2734 343.085
-30.3314 323.295
-30.5056 263.118
-30.4058 298.139
-30.7801 168.465
-30.4613 279.553
-30.2966 337.111
-30.31 332.809
-30.7378 184.55
-30.7389 184.495
-30.515 262.62
-30.3896 306.553
-30.5565 248.904
-30.4452 287.912
-30.3375 325.668
-30.3046 337.46
-30.6359 222.732
-30.46 284.178
-30.6804 207.954
-30.91 128.524
-30.5845 241.947
-30.8254 158.629
-30.825 159.09
-30.7366 190.165
-30.6473 221.53
-30.1703 387.587
-30.3645 320.466
-30.7948 171.326
-30.7562 185.083
-30.9147 130.374
-30.478 282.442
-30.2975 345.482
-30.3845 315.601
-30.5902 244.512
-30.2597 359.665
-30.572 251.52
-30.6314 231.21
-30.4065 309.715
-30.5359 265.099
-30.9747 113.01
-30.5334 266.65
-30.7814 180.851
-30.8183 168.388
-31.0654 82.8891
-30.9244 132.207
-30.937 128.199
-30.5152 275.078
-30.8259 167.491
-30.801 176.467
-30.4956 282.926
-30.5753 255.563
-30.842 163.279
-31.1525 55.7406
-30.7874 182.954
-30.8388 165.438
-31.1604 54.0393
-31.0971 76.3945
-30.834 168.14
-31.1435 60.9735
-30.6915 218.355
-30.5726 259.998
-30.8362 168.751
-30.7162 210.816
-30.3707 331.162
-30.4827 292.615
-30.3749 330.419
-30.1659 403.372
-30.6601 232.041
-30.2853 362.559
-30.3939 325.18
-30.4926 291.258
-30.1038 426.683
-30.5862 259.446
-30.5925 257.59
-30.3983 325.403
-30.3665 336.787
-30.4478 308.892
-30.1353 417.807
-30.3844 331.61
-30.3782 334.108
-30.2422 381.725
-30.196 398.129
-30.3836 333.282
-30.1555 412.892
-30.2584 377.466
-30.4058 326.606
-30.4972 295.203
-30.2183 392.445
-30.652 242.122
-30.4629 308.189
-30.5785 268.362
-30.6444 245.813
-30.4466 314.88
-30.5415 282.251
-30.9267 148.802
-30.3573 346.941
-30.1432 421.654
-30.82 186.897
-30.4913 301.45
-30.7386 215.862
-30.5695 274.978
-30.6484 247.893
-30.3642 346.988
-30.8144 190.911
-30.6112 261.85
-30.5259 291.847
-30.8942 164.256
-30.6968 233.167
-30.5463 285.801
-31.0299 118.143
-30.6592 247.274
-30.5469 286.632
-30.8755 172.831
-30.7362 221.567
-30.5273 294.486
-30.7867 204.704
-31.1342 84.362
-30.6218 262.716
-30.7265 226.686
-30.9508 149.09
-30.6361 258.76
-30.9816 139.088
-30.9162 162.153
-30.7875 207.218
-30.5481 290.72
-30.5707 283.219
-30.7355 226.324
-30.8059 202.223
-30.4144 338.562
-30.789 208.778
-30.6288 264.79
-30.502 309.18
-30.6268 266.181
-31.2051 65.6386
-30.7806 213.455
-30.8887 176.234
-31.4462 -17.1024
-31.3447 18.5039
-31.0959 105.283
-31.059 118.448
-30.8626 187.036
-31.3346 23.4001
-30.9038 173.406
-30.7487 227.635
-30.6386 266.253
-30.8583 190.278
-30.5498 297.772
-30.7601 225.092
-31.0698 117.838
-30.7375 233.617
-30.4824 322.592
-30.733 235.881
-30.9558 158.815
-31.0685 120.025
-30.7625 226.67
-30.7384 235.392
-30.9866 149.523
-30.6702 259.799
-30.481 325.867
-30.9343 168.732
-30.0039 492.292
-30.9434 166.264
-31.2644 55.1097
-30.5416 306.526
-30.5541 302.542
-30.9953 149.621
-30.7525 234.304
-31.0589 128.213
-30.8779 191.433
-30.4469 341.52
-30.5616 302.021
-30.962 163.284
-30.8768 193.216
-31.0506 133.206
-30.7401 241.414
-30.8792 193.439
-30.7469 239.753
-31.0505 134.613
-30.6636 269.371
-30.6879 261.264
-31.2144 78.7267
-30.7529 239.395
-30.8063 221.183
-30.7394 244.758
-30.783 229.984
-31.0481 138.239
-30.7228 251.567
-30.735 247.695
-30.7643 237.853
-30.7558 241.159
-30.8623 204.513
-30.6556 276.65
-30.8414 212.484
-30.9715 167.623
-30.894 194.899
-30.657 277.583
-30.9226 185.645
-31.2587 69.2328
-30.6624 276.745
-30.6064 296.534
-30.7673 241.004
-30.8053 228.141
-30.5803 306.642
-30.9433 180.886
-31.2103 88.4695
-30.8813 203.116
-30.9025 196.119
-30.7155 261.411
-30.4035 370.134
-30.7569 247.734
-30.5588 316.882
-30.6131 298.369
-30.718 262.279
-30.8799 206.376
-31.0843 135.744
-30.8195 228.081
-30.5549 320.328
-30.6641 282.748
-30.7013 270.175
-30.568 316.814
-30.1559 460.346
-30.9157 196.74
-30.9678 178.968
-30.5158 336.338
-30.2276 436.827
-30.5457 326.643
-30.4095 374.306
-30.4489 360.984
-30.947 188.295
-30.916 199.387
-30.9145 200.282
-30.773 249.773
-30.6322 299.05
-31.072 146.61
-30.2836 420.846
-30.3816 387.124
-31.2871 72.9304
-30.374 390.487
-30.5484 330.218
-31.2879 73.6863
-30.5028 346.753
-30.6112 309.45
-30.9627 187.704
-31.0308 164.404
-30.9742 184.395
-30.8415 230.83
-30.7227 272.446
-30.9057 209.23
-30.9067 209.232
-30.5711 326.184
-30.733 270.276
-30.5828 322.798
-30.6855 287.47
-30.8639 225.838
-30.8109 244.608
-30.6632 296.244
-30.704 282.435
-30.5199 346.732
-30.6919 287.331
-30.2635 436.492
-30.5162 349.076
-30.8966 217.25
-30.1887 463.534
-30.5934 323.278
-30.7492 269.493
-30.349 408.9
-30.3016 425.711
-30.6837 293.315
-30.876 226.865
-30.5346 345.801
-30.6716 298.537
-30.4466 377.07
-30.6294 313.923
-30.7192 283.063
-30.202 463.068
-30.5737 334.312
-31.181 123.677
-30.9867 191.503
-30.7228 283.533
-30.9343 210.43
-30.765 269.581
-30.5938 329.399
-30.6896 296.453
-30.9867 193.615
-31.2151 114.611
-30.7031 292.823
-30.8965 225.987
-31.7476 -69.3363
-31.603 -18.7454
-31.4299 41.7374
-31.6363 -29.6484
-31.413 48.2911
-31.2055 120.719
-31.6057 -17.9513
-31.3163 82.9173
-31.3569 69.1775
-31.265 101.43
-30.9881 197.983
-31.4782 28.0635
-31.5209 13.5981
-31.1496 142.907
-31.1612 139.249
-31.5493 4.7524
-31.7771 -74.0292
-31.4101 53.8276
-31.3088 89.3402
-31.3976 58.8611
-31.497 24.6581
-31.6116 -14.8033
-31.6979 -44.4207
-31.5922 -7.35063
-31.5917 -6.85119
-31.4903 28.7161
-31.4542 41.6044
-31.012 195.572
-31.5121 22.2136
-31.7362 -55.2913
-31.3722 71.4954
-31.2305 121.051
-31.6313 -17.8252
-31.6883 -37.2876
-31.3988 63.654
-30.9792 209.745
-31.205 131.646
-31.4343 52.3639
-31.8112 -78.2266
-31.4817 36.5915
-31.4613 44.0141
-31.2446 119.628
-31.1906 138.743
-31.1183 164.22
-31.6994 -37.3118
-31.7037 -38.4444
-31.248 120.21
-30.8841 246.967
-31.128 162.594
-31.0086 204.396
-30.9499 225.161
-31.0368 195.312
-31.566 11.816
-31.5726 9.85592
-31.0575 189.147
-30.4168 412.087
-30.3917 421.148
-30.6411 334.862
-30.1994 488.658
-30.5789 357.174
-30.0414 544.219
-30.7401 301.854
-30.8905 249.95
-31.1768 150.829
-31.462 52.1105
-31.2945 110.658
-31.3851 79.5238
-31.2363 131.55
-31.154 160.483
-31.1229 171.634
-30.6934 321.21
-30.218 486.714
-30.638 341.131
-30.7331 308.454
-30.3788 431.871
-30.9105 247.533
-30.8369 273.431
-31.0905 185.677
-31.0827 188.728
-31.0241 209.454
-31.2963 115.248
-31.1591 163.249
-30.9122 249.375
-30.7395 309.719
-30.9691 230.285
-31.2952 117.348
-31.0933 187.847
-30.7772 297.992
-30.5252 385.903
-31.2396 138.053
-31.7945 -54.3555
-30.9183 250.357
-30.7237 318.329
-30.7798 299.187
-31.1996 153.676
-31.0875 192.98
-30.7184 321.554
-30.9118 254.727
-31.5489 33.7346
-31.4226 77.9512
-30.9865 229.802
-31.5955 18.5808
-31.9441 -102.181
-31.456 67.7324
-30.8037 294.688
-30.9316 250.619
-31.012 223.034
-30.7241 323.389
-30.531 390.808
-31.0366 215.523
-31.2628 137.275
-30.5331 391.133
-30.3354 460.166
-30.8472 282.726
-30.9665 241.62
-30.6803 341.373
-30.7299 324.496
-30.9393 252.09
-30.9075 263.492
-30.8178 295.018
-31.0071 229.589
-30.6455 355.569
-30.4785 413.924
-30.5274 397.277
-30.954 249.426
-30.9259 259.545
-31.3709 105.295
-31 234.504
-31.0729 209.526
-31.2284 155.849
-30.9976 236.353
-31.2588 145.966
-31.6547 8.79806
-31.457 77.807
-31.2694 143.324
-31.2529 149.431
-31.1479 186.239
-31.0174 231.919
-31.1881 172.976
-31.6061 28.0964
-31.0016 238.437
-31.6507 13.2927
-31.8172 -44.1821
-30.9179 268.574
-31.3697 111.949
-31.9356 -84.2676
-31.9034 -72.7324
-31.1918 174.823
-31.2126 167.937
-31.3397 124.135
-31.3457 122.4
-31.0551 223.69
-31.2893 142.676
-31.1725 183.59
-31.2486 157.517
-31.4709 80.6465
-31.4041 104.171
-31.0288 234.919
-30.8724 289.599
-30.9789 252.932
-30.8914 283.673
-31.0073 243.752
-30.9164 275.683
-30.9013 281.269
-31.4587 87.9912
-31.6566 19.5837
-31.0841 218.808
-31.1385 200.258
-30.9424 268.755
-31.4213 102.729
-31.1047 213.055
-31.0733 224.326
-31.0195 243.335
-31.1815 187.428
-31.0864 220.808
-30.8208 313.423
-30.5732 399.777
-30.8242 312.919
-30.9674 263.521
-30.6169 385.64
-30.5015 426.083
-30.7684 333.705
-31.1512 201.078
-30.7291 348.041
-31.2178 178.62
-31.0161 249.04
-30.8651 301.843
-30.5534 410.473
-30.1864 538.338
-30.5128 425.281
-30.5315 419.146
-30.7202 353.927
-30.7342 349.397
-30.5488 414.163
-30.5436 416.323
-30.4889 435.68
-30.2677 512.855
-30.4874 436.885
-30.8492 311.537
-30.6649 375.902
-30.5088 430.498
-30.0981 573.498
-30.0702 583.549
-31.0372 247.987
-31.373 131.654
-30.8938 298.471
-30.6568 381.176
-30.6881 370.621
-30.7306 356.205
-30.4684 447.652
-30.2496 523.994
-30.7528 349.539
-30.9794 271.163
-31.0116 260.354
-30.9636 277.367
-30.246 526.984
-30.0985 578.59
-30.7327 358.603
-30.5693 415.737
-30.4991 440.479
-30.7344 359.059
-30.916 296.323
-30.6075 403.856
-31.3522 145.503
-31.5898 63.2936
-31.1703 209.363
-31.1477 217.581
-31.3126 160.645
-31.2737 174.502
-31.4625 109.268
-31.381 137.926
-30.9256 296.465
-31.1531 217.787
-31.1831 207.715
-31.3486 150.564
-31.144 221.993
-31.3357 155.74
-31.1377 224.883
-31.0025 272.17
-30.8082 340.014
-31.1265 229.797
-31.4951 102.088
-31.1619 218.198
-31.1324 228.788
-31.1831 211.517
-31.2835 176.99
-31.4942 104.148
-31.0868 246.024
-31.1574 221.841
-31.026 267.857
-31.132 231.364
-31.3151 168.114
-31.0868 247.747
-31.206 206.7
-31.3187 167.892
-31.4154 134.637
-31.3984 140.912
-31.4351 128.495
-31.3281 166.008
-31.0836 251.315
-31.0894 249.65
-31.4491 125.028
-31.1162 241.011
-30.9482 299.746
-30.963 294.933
-31.2585 192.618
-30.7933 354.598
-31.0351 270.944
-30.7759 361.318
-31.1017 248.478
-31.3391 166.368
-31.0752 258.381
-30.671 399.174
-31.2703 191.317
-31.2083 213.185
-30.7218 382.541
-30.8574 335.79
-31.1259 242.852
-30.7343 379.246
-30.9165 316.311
-30.8149 351.935
-30.6598 406.184
-31.1655 230.839
-31.0492 271.601
-30.8382 345.251
-30.8052 357.044
-30.9207 317.282
-30.7752 368.157
-30.7537 376
-31.5278 107.418
-31.3429 172.001
-31.6187 76.518
-31.7635 26.5863
-31.6886 52.94
-31.3533 169.782
-31.3985 154.401
-31.3062 186.823
-31.4321 143.446
-31.3441 174.369
-31.688 55.233
-31.4934 123.18
-31.5621 99.6721
-31.606 84.7566
-31.6116 83.1684
-31.8572 -1.81929
-31.8564 -1.16724
-31.8548 -0.261255
-32.0802 -78.223
-31.9252 -24.0437
-32.0721 -74.7087
-31.6905 58.1874
-31.145 248.042
-31.1025 263.138
-31.2762 203.143
-31.4161 154.913
-31.3968 161.958
-31.5413 112.093
-31.526 117.783
-31.394 163.97
-31.2872 201.412
-31.4757 136.269
-31.268 208.783
-30.7769 379.743
-31.0318 291.519
-31.5441 113.905
-31.1193 261.833
-31.3968 165.789
-31.206 232.396
-31.3989 165.731
-31.4826 137.017
-31.7076 59.1847
-31.7956 28.9865
-31.6101 93.7538
-31.6349 85.4955
-31.4867 137.338
-31.6995 63.7486
-31.1437 257.184
-31.524 125.417
-31.2448 222.76
-30.997 309.185
-31.4755 143.286
-31.4072 167.366
-31.6309 90.0047
-31.8226 23.7528
-31.6515 83.542
-31.8452 16.5935
-31.6807 74.0862
-32.0951 -69.5006
-31.8995 -1.21882
-31.5986 103.66
-31.8953 0.931949
-31.6289 93.8205
-31.5145 133.926
-31.5557 119.968
-31.7942 37.4562
-31.7032 69.4219
-31.9064 -0.819446
-32.0222 -40.7044
-32.0296 -42.9223
-32.1217 -74.5758
-32.1661 -89.6654
-32.6455 -255.851
-32.3539 -154.217
-32.4781 -197.018
-32.0755 -56.7856
-31.8596 18.558
-32.0809 -57.9653
-31.8317 28.9521
-31.9721 -19.505
-32.091 -60.454
-32.4803 -195.339
-31.9863 -23.3763
-32.24 -111.164
-31.9419 -7.26482
-31.9564 -11.9632
-32.2963 -129.696
-32.0778 -53.4401
-32.151 -78.5273
-31.6329 101.816
-31.2933 220.148
-31.9037 8.45172
-32.2421 -108.765
-31.9353 -1.8548
-32.1816 -87.0437
-31.9259 2.10493
-32.1877 -88.4801
-32.0474 -39.3915
-31.8712 22.163
-31.7553 62.7835
-31.4402 172.569
-31.7621 61.0957
-32.2638 -112.846
-32.226 -99.3531
-32.0497 -37.7691
-31.7526 65.8057
-31.7416 69.9712
-32.1644 -76.5793
-31.6803 91.9458
-31.4519 171.651
-31.6351 108.361
-31.6124 116.592
-32.2031 -88.2845
-32.1591 -72.6416
-31.7597 66.445
-32.0559 -36.1078
-31.561 136.18
-31.6062 120.812
-31.0969 298.091
-31.3683 204.155
-31.4292 183.363
-31.3266 219.351
-31.5184 153.055
-31.5923 127.736
-31.3494 212.45
-31.5694 136.399
-31.7607 70.2648
-31.4358 183.484
-31.2224 257.991
-31.4629 174.771
-31.9783 -3.91249
-32.0343 -23.0367
-31.9198 17.0987
-31.6932 96.162
-31.3655 210.348
-31.4857 168.934
-31.7238 86.5758
-31.4098 195.99
-31.4428 184.878
-31.3377 221.752
-31.5291 155.614
-31.5938 133.476
-31.8818 33.7514
-31.865 39.9604
-31.7375 84.5959
-31.9811 0.30336
-31.8292 53.436
-31.8924 31.8346
-32.0055 -7.12378
-32.0778 -31.8848
-31.6715 109.601
-31.5751 143.448
-32.0338 -15.5779
-31.7738 75.1068
-31.6033 134.672
-31.572 145.911
-31.4515 188.121
-31.1982 276.473
-31.8226 59.8946
-32.1146 -41.1892
-32.0535 -19.6278
-32.3131 -109.478
-31.6826 109.902
-31.5107 169.978
-31.4794 181.193
-31.5103 170.81
-31.6476 123.466
-31.515 169.867
-31.6376 127.65
-31.6661 118.09
-31.5072 173.618
-31.6304 131.191
-32.0354 -9.18315
-32.3926 -132.927
-32.3958 -133.663
-32.1284 -40.4261
-31.8875 43.6144
-31.3438 232.83
-30.9277 377.718
-31.2519 265.432
-32.0845 -23.464
-31.9477 24.4123
-31.6904 114.17
-31.6786 118.614
-31.638 133.05
-31.7128 107.4
-31.9299 32.3551
-31.7526 94.2724
-31.8809 50.0691
-31.2491 269.905
-31.8014 78.3684
-32.1145 -30.0329
-32.1709 -49.2972
-31.9018 44.5226
-31.6722 124.638
-31.9385 32.4956
-32.0653 -11.2163
-31.9187 40.0437
-31.7547 97.3575
-31.7283 106.897
-31.765 94.481
-31.4357 209.222
-31.9561 28.7845
-32.5552 -178.97
-32.2687 -79.1047
-31.5862 158.34
-31.7167 113.361
-31.8856 55.0262
-31.3738 233.188
-31.7554 100.956
-32.0234 8.18633
-32.2409 -67.011
-31.8375 73.475
-31.6275 146.781
-32.2969 -85.4146
-32.2748 -77.4117
-31.9352 40.9297
-31.8885 57.4915
-32.0679 -4.48393
-31.8724 63.7656
-31.7013 123.552
-31.8815 61.3028
-31.8878 59.4718
-32.3086 -86.3508
-32.3611 -104.264
-31.8846 61.6169
-31.3905 233.616
-31.6552 142.019
-31.7494 109.653
-31.7414 112.75
-31.9094 54.7605
-31.8639 70.8963
-31.9892 27.7365
-31.5901 166.708
-31.5562 178.854
-31.8181 88.1893
-32.1783 -36.5822
-32.2224 -51.5382
-32.1444 -24.0952
-32.0173 20.3913
-32.4417 -126.697
-31.9819 33.3935
-31.8631 75.011
-32.266 -64.6133
-32.3103 -79.6501
-31.9412 48.9188
-31.7188 126.514
-32.1027 -6.49394
-32.0358 17.1021
-32.0022 29.1126
-32.1252 -13.2614
-32.2982 -73.0163
-32.1021 -4.54563
-31.5638 182.815
-32.1353 -15.405
-32.0063 29.7827
-32.3244 -80.3875
-32.1094 -5.33494
-31.9086 64.7525
-31.7775 110.635
-31.2507 293.997
-31.2946 279.088
-31.8966 70.3162
-31.8307 93.5656
-31.6757 147.742
-31.8181 98.6143
-31.876 78.8419
-31.9158 65.3652
-32.0641 14.2047
-32.0157 31.3861
-32.1313 -8.45169
-31.881 78.8748
-32.3729 -91.6804
-32.2362 -43.8368
-32.0489 21.5855
-32.222 -38.2213
-31.9468 57.7368
-31.8916 77.2531
-32.0371 27.0601
-32.1842 -23.6996
-32.2454 -44.5889
-32.0586 20.6234
-31.8601 89.9324
-31.8452 95.4481
-32.0443 26.6545
-31.5675 192.616
-31.6675 158.24
-31.5613 195.475
-31.3072 284.085
-31.7999 113.272
-32.1172 3.41482
-32.0562 24.9395
-31.9351 67.3614
-31.8637 92.5229
-32.0335 33.8839
-31.5207 212.356
-31.5136 215.19
-31.893 83.7282
-31.6976 151.943
-31.8682 93.0158
-32.2425 -36.6403
-31.8825 88.7482
-32.4744 -116.515
-32.3194 -62.3105
-31.748 136.51
-32.0906 17.8392
-31.7722 128.806
-31.9159 79.2477
-31.901 84.7689
-31.9898 54.2603
-32.1451 0.655929
-31.6477 173.801
-31.821 113.951
-31.9854 57.1718
-32.0139 47.6311
-31.9773 60.6927
-31.3549 277.246
-31.6323 181.234
-31.6926 160.634
-31.576 201.486
-31.9416 74.8155
-32.2576 -34.6039
-32.4921 -115.713
-32.2366 -26.6079
-31.946 74.6759
-32.0878 25.7633
-31.7356 148.466
-32.0557 37.6351
-31.861 105.621
-32.0529 39.2885
-32.0056 56.0785
-31.847 111.498
-32.1982 -10.1578
-31.9786 66.4801
-32.0937 26.8515
-31.8779 102.177
-31.8587 109.187
-32.1751 -0.386274
-31.7564 145.427
-31.8776 103.657
-31.6655 177.702
-31.8358 118.894
-31.8254 122.834
-31.5382 222.957
-31.8777 105.379
-32.1535 9.90091
-31.98 70.505
-32.2941 -38.2533
-32.3882 -70.5985
-31.8659 111.201
-31.555 219.571
-31.7412 155.212
-31.9849 70.9156
-32.3864 -68.2399
-32.6535 -160.683
-32.4207 -79.4555
-32.1971 -1.42347
-32.1772 5.82967
-31.8736 111.641
-31.6363 194.437
-31.9697 78.9483
-32.2624 -22.3622
-32.0497 51.8785
-32.174 9.03868
-31.9927 72.3585
-31.8138 134.863
-31.7732 149.31
-31.9543 86.7531
-31.5079 242.167
-31.8575 121.065
-31.6184 204.488
-32.1213 30.12
-32.1101 34.3449
-31.9729 82.354
-31.9125 103.701
-32.1831 10.0274
-31.8721 118.414
-31.7769 151.83
-31.4886 252.348
-32.0308 64.3219
-32.2166 0.14681
-32.2367 -6.5046
-31.8394 131.885
-31.5944 217.313
-31.7103 177.407
-31.7918 149.454
-31.6444 201.004
-31.6809 188.659
-32.0345 66.1831
-31.4296 276.654
-31.3635 299.966
-31.3255 313.54
-31.6565 198.899
-31.456 268.875
-31.7308 173.752
-31.6962 186.141
-31.7871 154.904
-31.8342 138.879
-31.8188 144.584
-32.2545 -6.41555
-31.9249 108.414
-31.9224 109.623
-31.5659 233.845
-31.5852 227.457
-31.6726 197.454
-31.4716 267.626
-31.141 382.812
-31.4684 269.434
-31.9775 92.9299
-32.0305 74.877
-31.7249 181.39
-31.8102 152.081
-31.994 88.5713
-31.9602 100.684
-31.717 185.505
-31.5193 254.553
-31.3191 324.448
-31.7864 162.447
-32.1729 28.5352
-32.1591 33.6501
-32.2216 12.3062
-32.2818 -8.27355
-32.2961 -12.8958
-31.9025 124.188
-31.9285 115.52
-31.9522 107.634
-32.0932 58.988
-31.9013 126.004
-31.9816 98.4487
-32.3008 -12.0802
-32.4588 -66.6305
-32.6123 -119.624
-32.6481 -131.703
-32.5615 -101.265
-33.2793 -350.294
-33.0632 -274.869
-32.7532 -166.829
-33.0247 -260.781
-32.9812 -245.335
-32.6893 -143.595
-32.8312 -192.537
-32.9344 -228.041
-32.61 -115.003
-32.4227 -49.565
-32.607 -113.263
-32.7729 -170.544
-32.7176 -150.988
-32.6371 -122.671
-32.6439 -124.676
-32.6287 -119.043
-32.8494 -195.37
-32.846 -193.853
-32.6335 -119.663
-32.5842 -102.211
-32.4483 -54.6617
-32.3845 -32.1351
-32.5247 -80.492
-32.6337 -118.027
-32.4673 -59.8613
-32.3927 -33.5967
-32.5913 -102.252
-32.9537 -227.799
-32.6808 -132.627
-32.2933 2.34001
-32.2379 21.9349
-32.4471 -50.4025
-32.3359 -11.4444
-32.2452 20.4319
-32.4471 -50.4025
-32.2936 3.25474
-32.0684 81.8489
-32.2526 18.2076
-32.4197 -39.5149
-32.4235 -40.4736
-32.5015 -67.2259
-32.8584 -190.848
-32.885 -199.735
-32.7797 -162.815
-32.6404 -114.09
-32.7882 -165.081
-32.66 -120.186
-32.6787 -126.339
-32.6186 -105.116
-32.2788 13.271
-32.2925 8.85531
-31.8934 147.847
-32.1272 66.9884
-32.1229 68.8116
-32.6088 -99.644
-32.4874 -57.122
-33.1036 -270.83
-33.0165 -240.236
-32.9441 -214.733
-32.8261 -173.393
-32.9413 -213.067
-32.6697 -118.345
-32.6845 -123.141
-32.7625 -149.895
-32.9437 -212.518
-32.9753 -223.143
-32.6181 -98.6882
-32.3535 -6.41981
-32.18 54.2097
-32.4641 -44.1439
-32.6353 -103.277
-32.847 -176.481
-32.2139 43.8066
-32.2765 22.4121
-32.469 -44.1243
-32.3976 -18.9808
-32.3001 15.2506
-32.2684 26.5948
-32.8047 -159.337
-32.6394 -101.59
-32.1635 64.0939
-32.2345 39.7915
-32.4503 -34.835
-32.5822 -80.3119
-32.6412 -100.471
-32.8458 -171.212
-32.3974 -15.092
-32.3989 -15.2661
-32.3068 17.0932
-32.3005 19.6124
-32.6012 -84.4963
-32.7752 -144.577
-32.9487 -204.526
-32.9145 -192.271
-32.4938 -45.7699
-32.6255 -91.1788
-32.3635 0.182547
-31.8432 181.279
-31.7631 209.436
-31.751 214.001
-32.0036 126.604
-31.9049 161.24
-31.8206 190.86
-31.4142 332.396
-31.8773 171.874
-32.2495 42.917
-32.1723 70.0545
-32.0741 104.541
-32.1492 78.7764
-32.0897 99.8052
-31.9944 133.271
-31.4181 333.8
-32.1148 92.1439
-32.3293 17.9652
-32.0519 114.678
-31.8382 189.266
-31.8642 180.585
-32.105 97.2585
-32.4858 -34.6696
-32.1066 97.3955
-31.879 176.825
-31.5772 282.013
-31.8354 192.667
-31.7629 218.183
-31.9193 164.198
-32.1725 76.6066
-32.1959 68.8088
-32.2968 34.1166
-32.4732 -26.8171
-33.1534 -262.778
-32.9911 -206.038
-32.6388 -83.3211
-32.4975 -33.8706
-32.3224 27.3045
-32.2337 58.4696
-32.1017 104.656
-31.9793 147.539
-32.0517 122.741
-32.326 27.7882
-32.1227 98.7763
-31.9522 158.328
-32.064 119.835
-31.9477 160.594
-32.0861 112.861
-32.1 108.384
-32.3159 33.7447
-32.2559 54.9236
-31.855 194.555
-32.0975 110.66
-32.1096 106.799
-32.8053 -134.55
-32.9703 -191.508
-32.4957 -26.2881
-32.4966 -26.2798
-32.3198 35.5192
-32.3083 39.8627
-31.9993 147.526
-32.2565 58.5366
-32.3252 35.0336
-32.0885 117.581
-32.059 128.19
-32.2579 59.4378
-31.9808 156.064
-32.1033 113.837
-32.3296 35.5585
-32.4104 7.84991
-32.532 -34.0571
-32.218 75.378
-32.2973 48.1666
-32.1082 114.233
-32.169 93.4403
-31.8743 196.186
-31.9291 177.49
-31.9271 178.522
-32.0808 125.492
-31.8924 191.285
-32.1052 117.697
-32.1103 116.267
-32.4241 7.61735
-32.3987 16.7838
-32.355 32.3033
-32.1675 97.7745
-31.9386 177.666
-32.5485 -33.8812
-32.4847 -11.3748
-32.6913 -82.7931
-32.8944 -152.997
-33.3096 -296.881
-32.6532 -68.5114
-32.3654 31.838
-32.3518 36.9104
-32.4613 -0.787807
-32.522 -21.5365
-31.9526 176.617
-32.133 114.289
-32.4179 15.6659
-32.2006 91.5062
-32.3334 45.7003
-32.2693 68.3457
-32.6595 -66.8828
-32.9139 -154.909
-32.8056 -116.929
-32.1694 104.423
-32.3946 26.5541
-32.2882 63.8535
-32.4775 -1.55963
-32.4574 5.78186
-32.5527 -26.9887
-32.3442 45.8018
-32.1551 111.829
-32.4194 20.3586
-32.5251 -16.0223
-32.6448 -57.2405
-32.422 20.5064
-32.2169 92.0874
-32.3633 41.5721
-32.0577 148.096
-32.0126 164.114
-32.3564 45.0113
-32.6804 -67.1903
-32.256 80.5932
-32.0581 149.694
-31.9961 171.574
-32.1691 111.831
-32.3462 50.6579
-32.3752 40.9386
-32.6138 -41.6345
-32.427 23.6355
-32.0391 158.73
-32.3943 35.6898
-32.4219 26.4438
-32.3437 53.9675
-32.6715 -59.5787
-32.439 21.5405
-32.5631 -21.2296
-32.3168 64.6918
-32.3049 69.1827
-32.7823 -96.3202
-32.9806 -164.878
-32.3741 46.1578
-32.1471 125.387
-32.564 -19.0925
-32.6948 -64.1986
-32.9265 -144.331
-32.8555 -119.328
-32.7134 -69.6079
-32.5698 -19.3699
-32.8075 -101.597
-32.91 -136.857
-32.6592 -49.3967
-32.4146 35.9165
-32.3895 45.0004
-32.6667 -50.9509
-33.0112 -170.282
-32.5388 -5.83104
-32.2596 91.5194
-32.9719 -155.587
-32.7637 -82.9066
-32.541 -5.19933
-32.74 -74.0046
-32.9948 -162.149
-33.023 -171.62
-32.9607 -149.62
-32.8922 -125.474
-32.8271 -102.532
-32.8786 -120.044
-33.2051 -233.137
-33.0466 -177.714
-32.7532 -75.454
-32.6959 -55.2145
-32.4146 42.8713
-32.13 142.097
-32.8987 -124.608
-32.8387 -103.436
-32.5297 4.25787
-32.1751 127.798
-32.0514 171.122
-32.5447 0.114023
-33.1499 -209.786
-33.0088 -160.43
-32.0309 179.626
-31.9258 216.5
-32.4709 27.4755
-32.6336 -28.687
-32.072 166.733
-31.9189 220.285
-32.1969 124.059
-32.2764 96.7992
-32.4188 47.6492
-32.6618 -36.411
-32.8335 -95.7109
-32.7806 -76.9659
-32.2626 103.33
-32.0578 174.821
-32.3671 67.72
-32.4275 47.0816
-32.7487 -64.1505
-32.7808 -74.9512
-32.3384 79.0599
-32.289 96.5631
-32.232 116.721
-32.4012 58.2913
-32.5992 -10.1386
-32.7147 -49.9306
-32.7912 -76.1412
-33.1669 -206.329
-33.1765 -209.322
-32.9276 -122.496
-32.8346 -89.8442
-32.4948 28.5469
-32.4142 56.8995
-32.6246 -15.8511
-32.6635 -28.9966
-33.322 -257.413
-33.2028 -215.668
-32.5339 17.0675
-32.8904 -106.457
-32.2372 120.815
-32.3004 99.2295
-32.5144 25.2124
-32.5865 0.535233
-33.1893 -208.55
-32.9763 -134.201
-32.5442 16.2671
-32.4704 42.2272
-33.095 -174.388
-33.0057 -143.023
-33.0404 -154.74
-33.0191 -146.98
-33.2569 -229.231
-33.4758 -304.937
-33.2222 -216.505
-32.9683 -127.946
-32.1543 155.172
-32.2699 115.38
-32.4965 36.9903
-32.5484 19.3277
-32.5224 28.6805
-32.4153 66.2425
-32.5266 27.9339
-33.0293 -146.369
-33.0724 -160.97
-33.1072 -172.718
-32.9986 -134.653
-32.777 -57.3284
-32.9375 -112.731
-32.9273 -108.846
-32.7744 -55.3628
-32.5615 18.9401
-32.8615 -84.9209
-32.6201 -0.742016
-32.9112 -101.519
-32.6077 4.28325
-32.5541 23.2257
-32.6875 -22.7675
-32.722 -34.3786
-32.9953 -128.977
-32.3941 80.2275
-32.3745 87.3677
-32.4376 65.7807
-32.4207 72.0144
-32.5747 18.8533
-32.648 -6.24165
-32.3939 82.3781
-32.494 47.9291
-32.4513 63.1372
-32.1714 160.713
-32.4272 72.1821
-32.8036 -58.2153
-32.7799 -49.6442
-32.8387 -69.7321
-32.9873 -120.981
-33.3074 -231.859
-32.8778 -82.2685
-32.4409 69.8707
-32.4143 79.4487
-32.8699 -78.4674
-32.7019 -19.7676
-32.6644 -6.4002
-32.7198 -25.3053
-32.6727 -8.58483
-32.5244 43.2796
-32.7777 -44.3746
-32.482 58.7216
-32.3259 113.287
-32.4499 70.5697
-32.9526 -103.74
-32.9143 -90.0714
-32.8762 -76.4947
-32.6562 0.275097
-32.6087 17.1201
-32.7798 -41.9541
-32.7788 -41.2696
-32.7264 -22.7137
-33.1017 -152.74
-33.2756 -212.816
-32.9635 -104.048
-32.5854 27.6382
-32.4605 71.3757
-32.4852 63.1512
-32.3965 94.3091
-32.6396 10.2199
-32.6474 7.84796
-32.5221 51.7189
-32.751 -27.4337
-32.7305 -19.9626
-33.1562 -167.515
-33.5139 -291.427
-33.0319 -123.649
-32.215 160.482
-32.5032 60.7318
-32.5295 51.9468
-32.8865 -71.7453
-32.6936 -4.38433
-32.8311 -51.7839
-32.3257 124.117
-32.4124 94.3677
-32.6423 14.8476
-32.7775 -31.7964
-32.7585 -24.8297
-32.5671 41.9829
-32.7729 -29.1628
-33.096 -141.028
-33.1923 -174.141
-33.249 -193.515
-33.0411 -120.939
-33.0822 -134.855
-33.0116 -109.991
-32.7823 -29.9649
-33.136 -152.514
-32.7228 -8.61639
-32.8654 -57.8105
-33.1152 -144.255
-32.7639 -21.8519
-32.9045 -70.3433
-32.5653 47.8331
-32.5778 43.8518
-32.7474 -14.7231
-32.7556 -17.2388
-32.6142 32.2511
-32.9683 -90.421
-32.8297 -41.9222
-32.8467 -47.4748
-33.0229 -108.335
-33.2527 -187.824
-32.8958 -63.4977
-33.1368 -146.87
-33.6588 -327.871
-32.9745 -89.8077
-32.7327 -5.46239
-33.1395 -146.444
-32.8081 -30.9442
-33.1844 -161.326
-33.294 -199.071
-33.2053 -167.89
-33.0057 -98.2108
-32.8529 -44.7891
-33.1114 -134.238
-32.9252 -69.2046
-32.5165 73.1253
-32.6377 31.3557
-33.2815 -191.927
-33.3493 -215.133
-32.9659 -81.6113
-32.6346 33.8247
-32.6511 28.4397
-33.081 -120.554
-32.975 -83.381
-33.1319 -137.524
-32.9342 -68.522
-32.5955 49.5211
-32.9269 -65.2641
-32.5276 73.7944
-32.4011 118.068
-32.4358 106.378
-32.872 -44.8261
-32.938 -67.3849
-32.819 -25.6936
-32.1753 198.27
-32.2069 187.644
-32.2578 170.293
-32.5974 52.6778
-32.3749 130.301
-32.0774 234.017
-32.5517 69.5692
-32.3882 126.739
-32.2253 183.673
-32.1402 213.591
-32.4269 114.33
-32.3225 150.945
-32.4961 90.9709
-32.3753 133.28
-32.2627 172.751
-32.5965 57.1337
-33.0542 -101.502
-32.9438 -62.8217
-32.7853 -7.38291
-32.8348 -24.2468
-32.5515 74.5201
-32.4773 100.63
-32.7701 -0.722764
-33.0053 -82.077
-32.7488 7.37099
-32.8873 -40.4054
-32.5112 90.5986
-32.5401 80.9154
-32.6087 57.4227
-32.1212 227.139
-32.1249 226.183
-32.4552 111.776
-32.7006 26.8881
-33.0792 -104.299
-32.9583 -61.9235
-32.9255 -50.1823
-32.7282 18.6768
-32.5948 65.3803
-33.1716 -134.657
-33.3222 -186.625
-33.1728 -134.384
-33.2214 -150.912
-33.2407 -157.263
-33.1201 -115.02
-32.4803 107.597
-32.7207 24.4307
-33.0486 -89.1412
-33.3291 -186.227
-33.1098 -109.702
-32.9374 -49.471
-33.2439 -155.598
-32.7676 10.218
-33.2802 -167.498
-33.1984 -138.767
-33.0987 -103.758
-32.987 -64.6182
-33.1678 -127.082
-33.0867 -98.5611
-32.9839 -62.497
-33.0478 -84.3489
-33.143 -117.072
-33.1759 -128.153
-33.0536 -85.3253
-33.3642 -192.88
-33.6103 -278.032
-33.1072 -102.901
-32.9203 -37.6079
-33.0379 -78.1297
-32.9903 -61.2532
-33.081 -92.3976
-33.1506 -116.239
-33.2865 -163.118
-33.1691 -121.976
-33.1674 -121.033
-33.0347 -74.5938
-33.0483 -78.9769
-33.1048 -98.2336
-33.2468 -147.237
-32.9729 -51.7202
-33.0752 -86.9042
-33.198 -129.224
-32.6871 48.6126
-32.9492 -42.1031
-33.0676 -82.8923
-33.1243 -102.232
-32.8252 2.02279
-32.3738 159.194
-32.7864 16.194
-33.1429 -107.303
-33.5922 -263.052
-33.114 -96.5655
-32.8375 -0.166489
-32.9896 -52.6802
-32.9938 -53.7829
-32.7767 21.9778
-32.9882 -51.1404
-32.9141 -25.0583
-32.8273 5.45751
-33.0836 -83.2449
-33.1879 -119.136
-33.0362 -66.0664
-33.0467 -69.3891
-33.2392 -135.884
-33.2071 -124.413
-33.0364 -64.7405
-33.4265 -199.941
-33.485 -219.889
-32.8754 -7.77674
-32.8888 -12.0917
-32.6522 70.4365
-32.6891 57.9967
-32.9762 -41.3993
-33.4164 -193.995
-32.8849 -9.01068
-32.4469 143.503
-32.6339 78.9087
-32.5598 104.975
-32.4146 155.782
-32.7213 49.5857
-32.8465 6.43006
-33.0732 -71.9844
-32.9929 -43.7442
-32.7623 36.7093
-32.6247 84.8603
-32.7192 52.3925
-32.7261 50.3412
-32.8821 -3.494
-32.2579 213.69
-32.5761 103.494
-32.879 -1.40158
-32.8197 19.5421
-33.0331 -54.2128
-32.6729 71.2362
-33.0564 -61.6288
-32.8597 7.06269
-32.7208 55.6467
-32.6008 97.6901
-32.6228 90.4001
-32.6765 72.0712
-32.7847 34.8355
-32.596 100.75
-32.4245 160.661
-32.5342 122.911
-32.2474 222.891
-32.387 174.732
-32.5306 125.186
-32.8191 25.3173
-32.7822 38.4767
-32.2086 238.121
-32.4487 155.053
-32.939 -14.9512
-32.6893 72.1535
-32.5533 119.754
-32.5382 125.327
-32.5549 119.895
-32.7148 64.6777
-32.7951 37.1331
-32.9996 -33.5739
-32.6792 78.0878
-32.8262 27.3626
-32.6671 82.9885
-32.8842 7.90815
-32.8986 3.2529
-32.5784 114.863
-32.7516 55.0171
-32.3258 203.28
-32.8378 25.7615
-33.1998 -99.6367
-32.4829 149.763
-32.4583 158.651
-32.6939 77.1709
-32.8422 25.9846
-32.8144 35.9836
-33.1468 -79.1199
-33.069 -51.7696
-32.7014 76.2716
-32.8225 34.5509
-32.7905 46.018
-32.8176 36.9485
-33.0752 -52.1662
-33.2611 -116.408
-32.7251 70.1251
-33.1696 -83.933
-32.9652 -12.5736
-33.1682 -82.7568
-33.1788 -86.0844
-32.9956 -22.1093
-32.7595 60.2873
-32.4732 160.081
-32.5621 129.546
-32.7877 51.5088
-32.6914 85.3038
-32.8672 24.6018
-32.8174 42.252
-32.8607 27.5377
-32.7546 64.742
-32.8936 16.8291
-32.722 76.776
-33.1476 -70.7359
-33.3555 -142.601
-32.8541 31.9109
-33.0687 -42.2838
-33.5253 -200.554
-33.428 -166.397
-33.414 -161.187
-33.4249 -164.622
-33.1396 -65.1705
-33.1172 -57.0407
-33.0687 -39.8471
-32.8829 25.044
-33.2216 -92.2842
-33.0951 -47.9804
-33.1357 -61.7205
-33.0081 -17.0732
-32.6238 116.786
-33.0442 -28.9164
-33.0209 -20.4752
-32.8663 33.5943
-32.9354 9.91912
-32.9777 -4.39717
-32.5474 145.426
-32.7 92.7663
-32.5944 129.799
-33.0204 -17.845
-33.1197 -52.0003
-33.2811 -107.719
-32.8247 51.1654
-32.7414 80.4479
-32.9929 -6.58208
-33.5408 -196.541
-33.4235 -155.466
-33.0056 -9.93101
-33.2418 -91.6373
-32.6749 105.629
-32.9418 13.2823
-33.0334 -18.1921
-32.9725 3.28933
-32.9067 26.4894
-32.7347 86.6103
-32.695 100.735
-32.591 137.232
-32.6256 125.546
-33.063 -26.042
-33.2051 -75.0684
-32.8389 52.5045
-33.3363 -119.971
-32.9854 2.28982
-32.7213 94.3991
-32.9098 29.2531
-33.0769 -28.4376
-33.108 -38.92
-33.0876 -31.4721
-32.2076 274.578
-32.8776 42.162
-33.4117 -143.026
-33.6874 -238.443
-33.6045 -209.303
-32.938 22.5955
-33.2422 -82.7458
-33.5819 -200.414
-33.3287 -112.102
-33.2689 -90.9844
-32.7785 79.7331
-32.8084 69.6895
-33.3401 -114.662
-33.703 -240.384
-33.2644 -87.6686
-33.5414 -183.577
-33.6322 -214.745
-33.4944 -166.556
-33.7245 -246.143
-33.3612 -119.583
-33.1921 -60.4731
-33.0937 -25.9339
-33.5584 -187.022
-33.0988 -27.029
-32.6065 144.326
-32.9848 13.268
-33.0455 -7.4775
-32.8932 45.7949
-32.8782 51.3337
-33.4644 -151.945
-33.681 -226.836
-33.0717 -14.8491
-32.7187 108.161
-33.006 8.67332
-33.155 -42.7263
-33.4772 -154.308
-33.7689 -255.312
-33.5719 -186.532
-33.7543 -249.529
-33.3835 -120.373
-33.1252 -30.2861
-33.0573 -6.35423
-32.8367 70.6223
-32.8113 79.7855
-32.6664 130.476
-32.9607 28.5985
-32.8714 59.951
-32.8273 75.6142
-32.678 127.836
-32.9135 46.3909
-32.9626 29.6811
-32.7517 103.292
-32.9303 41.5753
-32.98 24.6803
-33.1315 -27.6222
-33.026 9.36871
-33.3098 -88.879
-33.5136 -159.31
-33.5533 -172.745
-33.5153 -159.205
-33.6803 -216.192
-33.9289 -302.194
-33.2606 -69.6774
-33.1138 -18.3281
-33.4096 -120.743
-33.2386 -61.0125
-33.3146 -87.0522
-33.2915 -78.7005
-33.3464 -97.4184
-33.0678 -0.291486
-33.1299 -21.5202
-33.3368 -93.0241
-33.2739 -70.833
-33.6141 -188.662
-33.3289 -89.2454
-32.8428 79.9859
-33.0709 1.06103
-33.1471 -25.0465
-32.9887 30.3197
-32.9337 49.7716
-32.9162 56.1993
-32.6222 158.694
-32.9388 49.0691
-33.2003 -41.4498
-33.1344 -18.2117
-33.2303 -51.1877
-32.7505 115.84
-32.9108 60.5105
-33.1903 -36.2384
-33.6943 -210.968
-33.5169 -149.007
-34.0805 -344.426
-34.1174 -356.927
-33.7061 -213.676
-33.6836 -205.506
-33.5108 -145.127
-33.1127 -6.48319
-33.6445 -190.878
-33.6867 -205.203
-33.4626 -127.007
-33.3592 -90.7374
-33.3125 -74.1516
-33.7982 -242.562
-34.0166 -318.079
-33.7959 -241.063
-33.4824 -131.785
-33.5905 -169.021
-33.7363 -219.296
-32.9095 68.2695
-32.7246 132.851
-32.9654 49.5307
-32.9977 38.6572
-32.9321 61.8089
-32.8359 95.5532
-33.7738 -229.916
-33.7971 -237.638
-32.9415 59.9398
-32.9765 48.1259
-32.8661 86.7968
-32.9232 67.3177
-33.1437 -8.93188
-33.3976 -96.7925
-33.4463 -113.37
-33.2697 -51.6461
-33.379 -89.2869
-33.5067 -133.292
-33.4949 -128.847
-33.4883 -126.208
-33.344 -75.7279
-33.2076 -27.9909
-33.2786 -52.3202
-33.398 -93.4415
-33.3928 -91.2852
-33.0186 39.0428
-32.9392 66.9945
-33.1032 10.3478
-33.1325 0.519007
-33.0466 30.7016
-33.5296 -136.733
-33.8526 -248.583
-33.7015 -195.77
-33.6408 -174.335
-33.454 -109.089
-33.2571 -40.3299
-33.3449 -70.4803
-33.3179 -60.7428
-33.6687 -182.279
-33.6514 -175.928
-33.7531 -210.888
-33.5693 -146.713
-33.8905 -257.956
-33.6466 -172.851
-33.35 -69.4835
-33.3521 -69.8576
-33.347 -67.7326
-33.4113 -89.739
-33.2489 -32.9607
-33.2176 -21.7521
-33.3706 -74.5558
-33.3011 -50.0465
-33.0863 24.9143
-33.1567 0.804597
-33.2285 -23.7948
-33.2675 -36.9906
-33.2334 -24.8053
-32.9821 62.8519
-32.9095 88.3986
-32.8589 106.343
-32.7467 145.648
-32.7975 128.375
-33.0279 48.6815
-32.9807 65.4256
-33.1397 10.5177
-33.4933 -111.951
-33.1692 0.983594
-33.1602 4.43875
-33.0827 31.7138
-32.8243 121.833
-33.0042 59.6651
-33.1859 -3.10221
-33.1596 6.39206
-33.4255 -85.6446
-33.629 -155.996
-33.1785 0.854319
-33.1455 12.6653
-33.3425 -55.4124
-33.4987 -109.32
-33.6239 -152.469
-33.1967 -3.70602
-33.0437 49.7912
-33.387 -69.137
-33.1616 9.52869
-33.1697 7.06074
-33.1184 25.2099
-32.9065 99.1725
-32.9382 88.5266
-33.0932 35.0022
-33.3219 -44.099
-33.0777 41.1064
-32.9497 85.9237
-33.1252 25.2907
-33.2459 -16.3056
-33.4577 -89.5405
-33.2934 -32.0829
-33.3516 -51.9864
-33.6538 -156.617
-33.4594 -88.7287
-33.516 -108.054
-33.8387 -219.8
-33.715 -176.471
-33.332 -43.0809
-33.559 -121.596
-33.8747 -230.916
-33.4715 -90.5002
-33.6127 -139.197
-33.6971 -168.162
-33.2803 -23.0265
-33.3122 -33.7815
-33.5855 -128.379
-33.2533 -12.6251
-33.0647 53.266
-33.176 14.921
-33.246 -9.04549
-33.757 -186.199
-33.5293 -106.761
-33.7094 -168.963
-34.0107 -273.285
-33.8754 -225.948
-33.739 -178.221
-33.9098 -237.215
-33.6182 -135.556
-33.3364 -37.3207
-33.4888 -89.9128
-33.1948 12.5652
-33.338 -36.8341
-33.4486 -74.9004
-33.4724 -82.8209
-33.6305 -137.401
-32.8666 128.334
-33.04 68.4241
-33.0036 81.435
-32.96 96.9091
-33.1025 47.7678
-33.5386 -103.378
-33.4085 -57.8403
-33.1291 39.5814
-33.0219 77.1692
-32.6703 199.642
-32.5922 227.125
-32.9957 87.298
-33.0866 56.0813
-33.1347 39.7078
-32.9509 103.902
-32.3546 311.417
-32.7022 191.013
-32.963 100.737
-32.8548 138.693
-33.09 57.3155
-33.1073 51.6574
-33.2957 -13.4345
-33.1163 49.2324
-33.0804 62.0436
-33.1009 55.2844
-33.2338 9.45334
-33.0854 61.3369
-32.7212 188.233
-32.8114 157.241
-33.2882 -8.04831
-32.9707 102.596
-32.6704 207.246
-32.6521 213.947
-32.4636 279.809
-32.7166 192.257
-33.3557 -29.4346
-33.2722 -0.0717043
-33.148 43.4347
-33.1323 49.2157
-32.652 216.431
-32.9835 101.621
-33.5846 -106.867
-33.5769 -103.83
-33.538 -89.9751
-33.0205 90.1406
-32.7755 175.615
-33.0356 85.6125
-32.8551 148.665
-33.0591 78.1369
-32.7748 177.232
-32.77 179.251
-33.0286 89.757
-33.3018 -4.80387
-32.8898 138.672
-32.6472 223.303
-32.7731 179.93
-32.7429 190.738
-32.7069 203.601
-32.9504 119.356
-33.0863 72.5114
-32.3881 315.411
-32.3191 339.734
-32.9477 121.684
-33.7746 -165.235
-33.6791 -131.713
-33.2424 20.3411
-33.0109 101.127
-33.3153 -4.27463
-33.4418 -47.8563
-33.7761 -163.664
-33.242 22.2281
-33.2261 28.0887
-33.3024 1.93348
-33.1948 39.6753
-33.0949 74.7354
-33.102 72.5989
-32.9576 123.102
-33.3244 -3.97501
-33.4423 -44.573
-33.1449 59.0932
-33.4161 -34.7598
-33.9251 -211.266
-34.0551 -256.081
-33.4308 -38.8354
-33.3754 -19.2516
-33.3577 -12.7655
-32.6817 222.424
-32.2248 381.52
-32.5231 278.236
-33.0608 91.7955
-33.5706 -84.9835
-33.4224 -33.1296
-33.4294 -35.235
-33.4694 -48.7878
-33.4705 -48.8059
-33.4508 -41.6342
-33.3044 9.60431
-33.1397 67.1351
-33.2044 45.0117
-33.2422 32.2362
-33.317 6.59622
-33.2437 32.4032
-33.3777 -13.7911
-33.4304 -31.7451
-33.7997 -159.692
-33.5586 -75.5871
-33.6541 -108.429
-33.3053 13.1095
-33.1872 54.4713
-33.3448 0.0671197
-33.7965 -156.488
-33.9307 -202.792
-34.1281 -271.016
-33.7034 -123.099
-33.8197 -163.166
-32.9138 151.882
-33.2364 40.1446
-32.8591 171.592
-33.3984 -15.4126
-33.229 43.7638
-33.8064 -156.459
-33.8106 -157.586
-33.1329 78.1897
-33.5866 -79.0511
-33.445 -29.5326
-33.187 60.4424
-33.4746 -39.1121
-32.8138 190.797
-33.2034 55.7937
-32.9584 141.267
-32.8851 167.056
-33.0861 97.5672
-32.8416 182.869
-33.1942 60.734
-33.2377 45.9596
-33.0591 108.345
-33.022 121.602
-32.8442 183.709
-32.9153 159.364
-33.071 105.624
-32.805 198.351
-33.169 72.2495
-33.4689 -31.5775
-33.1773 70.0733
-33.6214 -83.8528
-33.3505 10.5942
-33.1392 84.3356
-33.2061 61.4663
-32.6095 269.049
-32.604 271.318
-32.4271 333.106
-32.7889 207.784
-32.6961 240.358
-32.7108 235.601
-32.5945 276.359
-32.6657 251.967
-33.0595 115.523
-33.3461 16.2973
-33.3897 1.50046
-33.0687 113.363
-32.8102 203.519
-32.7902 210.79
-32.8789 180.34
-32.3433 366.749
-33.0726 113.752
-33.3732 9.65683
-33.278 43.0638
-33.4145 -3.97777
-33.4352 -10.8236
-32.9329 164.01
-33.2548 52.529
-33.2516 53.9802
-33.326 28.4916
-33.1372 94.4303
-32.9101 173.674
-33.1874 77.6835
-34.1787 -266.356
-34.0824 -232.549
-33.5163 -35.5319
-33.5455 -45.3281
-33.3874 9.94414
-33.2228 67.4735
-33.3806 13.0074
-33.7518 -115.629
-34.0237 -209.711
-33.4369 -5.51386
-33.3586 22.008
-33.022 139.306
-33.0595 126.617
-33.184 83.7198
-32.9357 170.323
-32.859 197.335
-32.9505 165.865
-33.1208 107.06
-33.4578 -9.64519
-34.3236 -310.088
-33.806 -129.91
-33.0556 131.112
-32.7691 230.997
-33.3297 36.5839
-33.5716 -47.1007
-33.5566 -41.5368
-33.01 148.678
-33.1021 117.028
-33.9601 -180.677
-33.9989 -193.808
-33.3501 31.9317
-33.1924 87.0618
-33.313 45.498
-33.4258 6.67964
-33.4596 -4.7309
-33.5926 -50.5946
-33.1511 103.146
-33.1134 116.597
-33.3859 22.2737
-33.4461 1.70917
-33.5767 -43.3234
-33.1382 109.373
-33.1296 112.701
-33.5975 -49.4912
-33.895 -152.523
-33.6378 -62.8173
-33.4629 -1.69486
-33.5811 -42.4039
-34.3505 -309.352
-33.9969 -186.175
-33.4333 9.96914
-33.5583 -33.1241
-33.7751 -108.083
-33.12 119.853
-33.3753 31.5158
-33.5754 -37.6468
-33.5283 -20.9451
-32.9732 172.233
-32.9871 167.753
-33.1725 103.706
-33.0588 143.547
-33.2249 86.1845
-33.7893 -109.543
-33.8649 -135.455
-33.6547 -62.0662
-33.204 94.8472
-33.4115 23.1165
-33.4358 15.0108
-33.3157 57.0866
-33.75 -93.4445
-33.9395 -158.946
-33.4043 27.3508
-33.152 115.34
-32.9882 172.6
-33.333 53.1576
-33.7449 -89.581
-34.348 -298.75
-34.1553 -231.474
-33.8537 -126.352
-33.6411 -52.1481
-33.6294 -47.7447
-33.5607 -23.5217
-33.5486 -18.9637
-33.5483 -18.5036
-33.3303 57.5687
-33.3862 38.4833
-33.3102 65.2509
-33.1645 116.199
-33.4758 8.39368
-33.7035 -70.3544
-34.0544 -191.893
-33.835 -115.319
-33.4823 7.52337
-33.366 48.3004
-33.7761 -93.8352
-33.9451 -152.206
-34.0704 -195.375
-33.7838 -95.4583
-33.4651 15.6084
-33.8815 -128.726
-33.7638 -87.4673
-34.0294 -179.381
-33.4871 9.3323
-33.8947 -131.9
-34.0917 -200.002
-33.9262 -142.154
-33.5942 -26.4652
-33.6412 -42.4564
-33.898 -131.315
-34.0492 -183.504
-33.4168 36.5547
-33.4021 41.9896
-33.5307 -2.3159
-33.0923 150.318
-33.4337 32.0735
-33.2585 93.2607
-33.6347 -37.0676
-33.1955 115.85
-33.1557 130.022
-33.48 17.7165
-33.1189 143.509
-33.0707 160.614
-33.0641 163.242
-33.6602 -43.4964
-33.5886 -18.2656
-33.7271 -66.0357
-33.2095 114.12
-33.3991 48.6132
-32.8987 222.772
-33.0991 153.521
-33.4828 20.5559
-33.6527 -38.1193
-34.0384 -171.745
-33.5758 -10.6959
-33.4954 17.5713
-33.465 28.4921
-33.1885 124.884
-33.2909 89.6564
-33.4451 36.4469
-33.3618 65.7198
-33.1562 137.513
-33.2206 115.462
-33.485 23.9705
-33.3484 71.7891
-33.1611 137.177
-33.1823 130.152
-33.0127 189.422
-33.1705 134.956
-32.9342 217.399
-33.0373 181.925
-33.3537 72.3737
-33.4398 42.7961
-33.5668 -0.983202
-33.8665 -104.751
-33.8367 -94.0544
-33.4923 25.9529
-33.1153 157.261
-32.8869 236.975
-33.0739 172.34
-33.2211 121.567
-33.2477 112.671
-33.1768 137.653
-33.391 63.5708
-33.3844 66.2056
-33.6728 -33.6294
-33.6952 -41.0668
-33.738 -55.5936
-33.7346 -54.0596
-33.8997 -111.069
-33.7633 -63.3217
-33.382 69.4898
-33.0364 189.901
-33.3786 71.3564
-33.7181 -46.2548
-34.2198 -220.172
-33.4922 32.9411
-33.0254 195.439
-33.3812 72.2001
-34.1824 -205.81
-33.9797 -135.019
-33.4701 42.3338
-33.56 11.4502
-33.9963 -139.746
-33.6591 -22.2701
-33.7199 -43.0321
-33.1328 161.266
-33.5376 20.9969
-33.0708 183.498
-33.3139 99.4036
-33.1046 172.436
-33.0876 178.7
-33.2552 120.812
-33.4349 58.7377
-33.301 105.614
-33.1048 174.104
-33.3738 81.0076
-33.7394 -45.6574
-33.94 -114.999
-33.7107 -34.9668
-33.8363 -78.2797
-33.855 -84.4041
-33.9834 -128.664
-34.0604 -155.083
-34.2036 -204.492
-34.1596 -188.829
-34.2451 -218.215
-33.9209 -105.221
-33.7487 -45.0644
-33.6202 -0.0812036
-34.0995 -166.238
-33.8262 -70.9378
-33.5856 12.9905
-33.6833 -20.6039
-33.9408 -109.694
-34.0294 -140.144
-33.749 -42.3671
-33.7667 -48.1764
-33.8778 -86.4468
-33.7514 -42.1879
-33.6029 9.75073
-33.5065 43.6024
-33.6994 -23.0634
-33.5863 16.559
-33.8253 -66.1172
-34.1804 -189.118
-33.9917 -123.231
-33.681 -14.9497
-33.379 90.3337
-33.3332 106.596
-33.8735 -80.7695
-33.5763 22.823
-33.0591 202.842
-33.353 101.086
-33.719 -25.6936
-33.4094 82.1847
-33.8358 -65.5897
-34.0322 -133.466
-34.028 -131.656
-34.1967 -189.91
-33.9913 -118.221
-33.8091 -54.5706
-33.6066 16.1186
-33.9355 -97.8003
-34.3398 -237.883
-34.1742 -180.025
-33.6756 -6.47193
-33.1409 179.621
-33.3197 117.856
-33.8999 -83.3353
-33.6125 16.8401
-33.7966 -46.7655
-33.9707 -106.889
-34.0648 -139.221
-33.8121 -51.1115
-33.8438 -61.7552
-33.6917 -8.59001
-33.4496 75.8701
-33.5472 42.323
-33.9228 -87.8276
-34.0331 -125.786
-33.7246 -18.2558
-33.4746 68.9261
-33.8505 -61.3293
-34.3398 -230.941
-34.3093 -219.994
-34.0742 -137.984
-33.8351 -54.5911
-33.7373 -20.2648
-33.9848 -105.881
-34.0354 -123.112
-33.9808 -103.805
-33.5462 47.5163
-33.3966 99.8299
-33.3795 106.13
-33.5947 31.7032
-33.6226 22.3735
-33.8537 -57.5641
-33.8119 -42.6923
-33.8224 -45.9779
-33.8801 -65.6998
-33.5741 40.9635
-33.6087 29.2837
-34.178 -168.125
-33.9264 -80.3741
-33.9375 -83.9119
-33.5481 51.7339
-33.2458 157.079
-33.1241 199.724
-33.24 159.819
-33.1247 200.192
-33.0234 235.759
-33.1566 189.824
-33.6979 2.1169
-33.3866 110.624
-32.8065 312.467
-32.9394 266.676
-33.2719 151.487
-33.6405 23.8087
-33.8874 -61.6344
-34.057 -120.19
-34.0194 -106.786
-33.9514 -82.8221
-33.5993 39.8408
-33.4812 81.211
-33.6449 24.7022
-34.1241 -141.414
-33.7754 -19.9555
-33.9073 -65.4141
-33.8363 -40.4081
-33.9988 -96.492
-34.115 -136.511
-33.7447 -7.52371
-33.9637 -83.2613
-33.7511 -9.05856
-33.8055 -27.6241
-33.7064 7.14689
-33.4426 99.1618
-33.4799 86.5216
-33.2402 170.137
-33.6475 28.9912
-33.8039 -24.9712
-33.8679 -46.8479
-33.8107 -26.6468
-33.9523 -75.4918
-33.7115 8.52564
-33.3854 122.132
-33.2165 181.156
-33.403 116.741
-33.7436 -1.25643
-34.1953 -157.811
-33.7931 -17.7614
-33.567 61.14
-33.5177 78.6286
-34.1551 -142.454
-34.0429 -103.125
-33.4165 114.831
-33.629 41.3293
-33.8304 -28.2705
-33.5337 75.1379
-33.6194 45.723
-33.3727 131.75
-33.3825 128.72
-33.5324 76.999
-33.4254 114.486
-33.3835 129.398
-33.4172 118.037
-33.7213 12.7326
-34.3007 -188.193
-34.1627 -139.884
-33.765 -1.40616
-33.2595 174.561
-33.4576 106.078
-33.414 121.595
-33.7658 -0.283686
-33.5352 80.1691
-33.2833 168.029
-33.4101 124.324
-33.4077 125.516
-33.3549 144.215
-33.3084 160.719
-33.3821 135.444
-33.6108 56.3485
-33.7982 -8.39738
-33.5549 76.4494
-33.6366 48.4418
-33.6749 35.459
-33.4904 99.899
-33.2048 199.481
-33.2628 179.659
-33.5122 93.3956
-33.3887 136.637
-33.4864 103.048
-33.4391 119.827
-33.3601 147.607
-33.3577 148.772
-33.5325 88.4196
-33.7622 8.95967
-33.8638 -26.0001
-33.6401 52.0606
-33.6771 39.5725
-33.5339 89.6677
-33.7975 -1.56113
-34.0065 -73.8178
-33.8358 -14.1687
-33.9359 -48.6061
-33.7191 27.0685
-33.8352 -12.9119
-33.6448 53.5754
-33.5553 85.0205
-33.345 158.404
-33.268 185.493
-33.8366 -11.6624
-33.5967 72.0228
-33.6805 43.2671
-33.2943 177.746
-33.0662 257.346
-33.4938 109.151
-33.5312 96.508
-33.5459 91.7405
-33.6801 45.4665
-33.529 98.3125
-33.3086 175.224
-33.2433 198.271
-33.4128 139.737
-33.7653 17.6133
-33.6835 46.3707
-33.655 56.6197
-33.1325 238.5
-33.3136 175.934
-33.8875 -23.103
-33.5372 98.9469
-33.8609 -13.1696
-34.1724 -121.035
-33.8277 -0.924701
-33.8186 2.58623
-33.7648 21.6034
-33.483 119.85
-33.7716 19.9392
-33.7411 30.8735
-33.8707 -13.7935
-33.6229 72.6461
-33.6974 47.123
-33.6501 63.8839
-33.5436 101.232
-33.6365 69.2977
-33.6961 48.9331
-33.7999 13.2319
-33.9273 -30.6881
-33.9309 -31.5801
-33.8717 -10.6526
-33.9066 -22.4317
-33.779 22.2263
-34.1517 -106.883
-33.9426 -33.9092
-34.2018 -123.616
-34.2895 -153.716
-33.9718 -43.006
-33.762 30.2359
-34.0288 -62.1148
-34.2482 -137.973
-34.3223 -163.397
-34.2583 -140.805
-34.1404 -99.485
-33.965 -38.2167
-33.9843 -44.5879
-34.1289 -94.4665
-34.2481 -135.518
-34.3432 -168.198
-34.3735 -178.4
-33.9348 -25.6479
-33.8762 -4.93332
-33.7973 22.8405
-33.6522 73.5673
-33.8861 -7.32173
-33.8364 10.2962
-33.9452 -27.1723
-34.1595 -101.273
-33.8848 -5.48193
-33.6209 86.5347
-33.8974 -9.16907
-33.8498 7.72672
-33.923 -17.3646
-34.2808 -141.326
-33.7341 48.9332
-33.7959 27.8398
-33.3823 171.85
-33.41 162.594
-33.7422 47.5375
-33.7967 28.9212
-33.9734 -32.0913
-34.0569 -60.746
-34.12 -82.3442
-34.0488 -57.2346
-33.7604 43.2785
-33.7215 57.1366
-33.4789 141.785
-33.3351 192.085
-33.3941 171.922
-33.3674 181.536
-33.4347 158.524
-33.921 -10.0854
-34.1207 -79.0973
-33.7982 33.2897
-33.5667 114.061
-33.8492 16.2494
-34.0565 -55.4224
-34.1105 -73.8058
-34.3077 -141.975
-33.8464 18.6176
-33.3889 177.89
-33.9371 -12.1901
-34.3658 -160.788
-33.9805 -26.5915
-33.9497 -15.5127
-33.0976 280.843
-33.3136 206.141
-34.0947 -64.8659
-34.0923 -63.6699
-34.0814 -59.5421
-33.4215 170.056
-32.8551 367.16
-33.3124 208.651
-33.3308 202.613
-33.5838 115.058
-33.9789 -21.8355
-34.2842 -127.569
-34.2786 -125.268
-33.3898 183.84
-33.5311 135.105
-34.0307 -38.0956
-34.2147 -101.667
-33.9847 -21.4235
-33.3516 198.832
-33.0101 317.843
-33.3472 201.059
-33.7085 75.9084
-33.9886 -21.0544
-34.0553 -43.8796
-33.9146 5.35519
-33.3983 185.063
-33.76 59.7602
-33.7171 75.0024
-33.2885 224.241
-33.6874 86.0042
-33.8188 40.7036
-33.859 27.1051
-33.9999 -21.493
-33.9465 -2.59814
-33.9895 -17.2082
-34.1025 -56.0952
-34.0002 -20.2341
-33.6261 110.081
-33.2846 229.077
-33.9077 12.9541
-34.5284 -202.318
-34.1467 -69.3707
-33.8822 22.8525
-33.9531 -1.40843
-33.7243 78.3939
-33.6774 95.0506
-33.6285 112.367
-33.6109 118.833
-34.1861 -80.6448
-34.2399 -98.957
-33.7605 67.9263
-34.2187 -90.9043
-33.935 7.98163
-33.4511 176.449
-33.6422 110.41
-33.9361 8.66066
-33.9982 -12.5859
-34.0767 -39.4921
-33.9767 -4.39956
-33.4502 178.826
-33.9482 6.17385
-34.2234 -89.0866
-34.3211 -122.672
-34.2699 -104.543
-33.8954 25.9305
-33.7762 67.6688
-34.2173 -85.2078
-34.058 -29.5274
-33.3816 205.784
-33.2653 246.531
-33.6762 104.16
-33.2661 246.955
-33.6513 113.5
-33.8249 53.5213
-33.5782 139.574
-33.6252 123.606
-33.5182 161.137
-33.5276 158.219
-33.5249 159.497
-33.3737 212.364
-33.5217 161.302
-33.1912 276.44
-33.5225 161.724
-33.3451 223.697
-33.2821 245.907
-33.9331 20.1144
-33.5992 136.458
-33.5051 169.501
-33.3121 236.904
-33.3512 223.641
-33.7201 95.8327
-33.9235 25.5299
-34.2321 -81.328
-33.9498 17.0745
-33.9308 24.0275
-33.5749 148.027
-33.7588 84.4996
-33.7077 102.573
-33.4739 184.156
-33.3356 232.561
-33.8113 67.6303
-34.208 -69.8299
-33.7753 80.8319
-33.3032 245.178
-33.3669 223.424
-33.3378 233.874
-33.9495 21.6954
-34.1732 -55.6648
-33.6317 132.809
-33.5794 151.325
-33.5618 157.774
-33.6431 129.879
-33.6348 133.128
-33.9166 35.5577
-34.1546 -46.7765
-33.8687 52.9121
-33.9626 20.6366
-33.8163 71.8091
-33.9746 17.1489
-34.1169 -31.9131
-34.3318 -106.238
-34.2607 -81.1792
-33.9997 9.83476
-34.1119 -28.795
-33.7551 95.4933
-33.4097 215.822
-34.0414 -3.25863
-34.8494 -283.622
-34.3201 -99.4002
-33.781 88.2243
-33.8035 80.7792
-34.0981 -21.2317
-34.4964 -159.229
-34.3802 -118.532
-34.2263 -64.7028
-34.1329 -31.9398
-34.1203 -27.2027
-34.2034 -55.719
-33.9325 38.7274
-33.6612 133.339
-33.7107 116.498
-33.7394 106.861
-33.9213 44.0082
-34.0156 11.5952
-34.1718 -42.3069
-34.185 -46.5384
-34.1425 -31.433
-34.2795 -78.6735
-34.3105 -89.0952
-33.9507 36.2337
-34.0452 3.76261
-33.7721 98.9768
-33.9582 34.6677
-34.5663 -176.235
-34.1468 -30.1571
-33.6365 147.473
-34.0112 17.6319
-33.494 197.672
-33.4027 229.735
-33.7556 107.481
-33.4846 201.973
-33.876 66.3601
-34.1912 -42.7914
-34.0181 17.6956
-33.7689 104.587
-33.8831 65.2794
-34.0757 -1.27769
-34.1833 -38.309
-34.5571 -167.841
-34.7483 -233.898
-34.6698 -206.275
-34.6064 -183.928
-34.6327 -192.702
-34.4761 -137.962
-34.0787 0.444331
-33.8753 71.4515
-34.417 -116.386
-34.6647 -202.076
-34.5629 -166.359
-34.3363 -87.2915
-34.2733 -65.0627
-34.0537 11.58
-34.122 -11.8169
-34.3979 -107.32
-34.8636 -268.73
-34.5619 -163.571
-34.0684 8.18873
-33.6421 156.65
-34.0199 25.7339
-33.9417 53.2537
-34.1125 -5.71926
-34.3275 -80.0656
-34.3153 -75.5037
-33.9869 38.9561
-34.1124 -4.30824
-34.2076 -37.0452
-34.2031 -35.1326
-33.9265 61.317
-33.768 116.724
-34.1039 0.387921
-33.9371 58.6866
-33.8054 104.772
-34.197 -30.9342
-35.0791 -336.991
-34.7987 -239.242
-34.4293 -110.582
-34.3658 -88.1856
-34.689 -200.085
-34.7057 -205.56
-34.43 -109.427
-34.5047 -135.019
-34.1991 -28.513
-34.2057 -30.4722
-34.2918 -60.0225
-34.5082 -134.871
-34.2219 -35.0669
-33.9405 63.0411
-34.0352 30.4984
-34.0064 40.853
-33.777 120.899
-33.6423 168.039
-33.6065 180.831
-33.3764 261.105
-33.3378 274.851
-33.7963 115.91
-33.8674 91.5729
-33.8056 113.378
-33.962 59.4004
-34.0439 31.2928
-34.0866 16.798
-33.8429 101.81
-33.9654 59.6219
-33.9953 49.5815
-34.4145 -95.7135
-34.4829 -119.114
-34.3811 -83.4128
-34.7596 -214.553
-34.56 -144.853
-34.1005 15.1177
-34.6102 -161.605
-35.0244 -305.142
-34.7195 -198.87
-34.3385 -66.1805
-34.0147 46.6634
-34.1858 -12.4483
-33.9947 54.2852
-34.0388 39.3228
-34.1978 -15.5634
-34.2141 -20.8845
-33.9081 85.7708
-34.2576 -35.2925
-34.3425 -64.4456
-34.2605 -35.6231
-34.1164 14.7911
-34.0018 54.9664
-33.919 84.0818
-34.1192 14.8828
-34.3785 -74.8676
-34.7627 -207.986
-34.5281 -126.153
-34.4236 -89.4964
-34.3282 -56.0066
-34.2592 -31.6698
-34.5831 -143.846
-34.2095 -13.7101
-34.1065 22.4198
-33.992 62.5415
-33.3779 276.225
-33.779 137.215
-34.301 -43.7619
-34.3777 -70.0697
-34.2264 -17.1599
-34.1628 5.28353
-34.2455 -23.0854
-34.3217 -49.2143
-34.38 -69.1159
-34.1987 -5.817
-34.1749 2.8055
-33.9508 81.0001
-34.3748 -65.9276
-34.2607 -25.9528
-33.8727 109.186
-33.6328 192.876
-33.8665 112.029
-34.4055 -74.8664
-34.5266 -116.572
-34.7393 -190.132
-34.5935 -139.125
-34.5543 -125.163
-34.02 60.7818
-34.4725 -96.0472
-34.1188 27.1792
-33.889 107.346
-33.5581 222.656
-33.9611 82.9766
-34.0836 40.7912
-33.9616 83.5044
-34.1316 24.807
-34.2223 -6.34406
-34.4139 -72.5778
-34.74 -185.511
-34.2071 -0.0346638
-33.6919 179.279
-33.7443 161.447
-33.6092 208.703
-33.2998 316.543
-33.9157 102.928
-33.2746 325.994
-33.8082 140.977
-33.8829 115.367
-33.7947 146.359
-33.7276 170.016
-33.9397 96.6744
-33.9125 106.49
-33.8932 113.535
-34.0028 75.8071
-33.958 91.7011
-33.5433 236.117
-33.7774 155.139
-33.8776 120.694
-34.011 74.6987
-34.0634 56.8276
-33.8847 119.251
-34.1759 18.4593
-34.0508 62.2507
-34.2301 0.326127
-34.4042 -59.8365
-34.6844 -156.802
-34.4193 -64.3828
-34.4626 -79.0725
-34.6992 -160.908
-35.0681 -288.714
-34.9801 -257.792
-34.2038 12.2282
-33.7197 180.737
-33.9723 93.3331
-33.7408 174.128
-33.5387 244.684
-33.8668 131.023
-34.1195 43.6077
-34.2941 -16.7061
-34.4165 -58.8879
-34.1107 47.6952
-34.19 20.4987
-34.2533 -1.13067
-34.4183 -58.1352
-34.3349 -28.7948
-34.0027 86.9361
-34.0439 72.9865
-34.03 78.1568
-34.2639 -2.74305
-34.4807 -77.6996
-34.5339 -95.8371
-34.656 -137.919
-34.4798 -76.3574
-34.3016 -14.0896
-33.9525 107.511
-33.9374 113.115
-34.7246 -160.002
-35.1979 -324.097
-34.844 -200.778
-34.4547 -65.215
-34.2217 16.0985
-34.0031 92.3591
-33.923 120.548
-33.7354 186.052
-34.2772 -1.80998
-34.3213 -16.7912
-34.3459 -24.975
-34.1473 44.3723
-34.1191 54.49
-33.8631 143.79
-34.5585 -97.443
-34.3341 -19.1523
-34.1282 52.7224
-34.1598 42.108
-33.9871 102.449
-33.876 141.379
-33.8803 140.229
-34.2036 28.2708
-33.9476 117.562
-34.31 -8.00429
-33.9745 108.911
-34.087 70.1878
-33.5928 242.207
-33.8187 164.086
-34.0821 72.9079
-34.1367 54.2985
-34.1212 60.0229
-34.2182 26.6641
-34.3715 -26.2336
-34.0325 91.8757
-34.2582 13.8415
-34.1902 37.784
-34.1837 40.4106
-33.9176 133.188
-33.7167 203.326
-34.1649 47.9694
-34.2954 2.97916
-34.0773 79.1146
-33.6172 239.302
-33.623 237.603
-33.9622 120.112
-33.4673 292.41
-33.771 187.259
-33.4584 296.18
-33.7019 211.933
-34.3208 -2.71277
-34.5592 -85.1716
-34.4926 -61.7132
-34.4495 -46.3714
-34.7354 -145.367
-34.5658 -86.0965
-34.3921 -25.3878
-34.4741 -53.5163
-34.5151 -67.4338
-34.4872 -57.4059
-34.2174 36.6863
-34.5252 -69.9032
-34.9462 -215.8
-34.7621 -151.483
-34.2816 15.7866
-34.2439 29.2208
-34.4188 -31.204
-34.2716 20.2999
-34.3202 3.74462
-34.3432 -3.87739
-34.4345 -35.2765
-34.2004 46.4227
-33.8612 164.589
-34.0715 91.882
-34.5744 -82.4866
-34.1855 52.9711
-33.5441 276.131
-34.0607 97.0165
-34.3457 -1.6293
-34.4116 -24.1906
-33.9972 120.116
-34.4644 -41.8197
-34.4508 -36.7457
-34.4344 -30.6934
-34.1042 84.331
-34.2714 26.6199
-34.3306 6.40613
-33.8661 168.109
-34.2303 41.9374
-34.1007 87.2926
-34.5912 -82.7655
-34.5796 -78.3654
-34.2386 40.4489
-34.0971 89.934
-34.1408 75.1194
-34.301 19.8117
-34.376 -5.91736
-34.6121 -87.5693
-34.959 -207.742
-34.7612 -138.668
-34.4551 -31.9846
-34.2636 34.894
-34.4044 -13.6839
-34.3358 10.5058
-33.79 200.438
-33.9709 137.944
-34.0516 110.268
-34.0745 102.67
-33.9924 131.523
-33.773 208.101
-34.3514 7.50405
-34.8601 -168.863
-34.9427 -197.219
-34.8405 -161.356
-34.2822 32.9286
-33.9282 156.243
-33.8738 175.521
-34.2689 38.5836
-34.2171 56.9251
-34.3678 4.93476
-34.4503 -23.38
-34.4967 -39.1374
-34.5645 -62.3561
-34.43 -15.2709
-34.7155 -114.102
-35.2225 -289.915
-35.0892 -243.252
-34.715 -112.918
-34.318 25.3614
-34.2425 51.9238
-34.0091 133.353
-34.4556 -21.4097
-34.5793 -64.0263
-34.6281 -80.6362
-34.4048 -2.71333
-34.4475 -17.1881
-34.7048 -106.228
-34.7452 -119.909
-34.6345 -81.1158
-34.4552 -18.4931
-34.4666 -22.0783
-34.7368 -115.596
-34.4868 -28.4068
-34.4906 -29.3772
-34.4063 0.243793
-34.5487 -48.8787
-34.4224 -4.67053
-34.4739 -22.2011
-34.6135 -70.3307
-34.7996 -134.664
-34.9256 -178.069
-34.7795 -126.971
-34.7441 -114.326
-34.454 -13.1892
-34.1381 96.8888
-34.3044 39.4801
-34.2661 53.1303
-34.0281 136.15
-33.8634 193.694
-33.9761 154.92
-34.3257 33.7991
-34.1254 103.738
-33.9166 176.622
-34.5413 -40.0572
-34.8476 -146.127
-34.6564 -79.3456
-33.8782 191.34
-33.779 226.153
-34.1165 109.246
-34.5309 -34.3444
-34.6365 -70.7119
-34.6656 -80.4638
-34.7331 -103.549
-34.698 -91.0076
-34.7212 -98.7451
-34.6865 -86.3346
-34.4388 0.0706085
-34.3452 32.9262
-34.1643 96.1228
-34.5081 -22.9707
-34.2363 71.7964
-34.1399 105.658
-34.1559 100.427
-34.1804 92.2518
-34.6791 -80.6337
-34.7492 -104.618
-34.5003 -17.8202
-34.3697 27.9008
-34.6387 -65.2195
-34.5564 -36.2733
-34.3935 20.6691
-33.8307 216.525
-33.9968 159.193
-34.224 80.5852
-34.6344 -61.6161
-34.663 -71.2052
-34.6859 -78.8131
-34.6633 -70.6309
-34.6419 -62.8393
-34.4171 15.6138
-34.5712 -37.593
-34.4644 -0.149679
-34.4016 22.0365
-34.3543 38.7887
-34.4765 -3.30183
-34.664 -68.0926
-34.6587 -65.9063
-34.0675 139.815
-33.8577 213.059
-34.2663 71.4519
-34.7224 -86.6372
-34.6173 -49.7901
-34.2819 67.0692
-34.3023 60.3563
-34.2464 80.1223
-34.3421 47.2068
-34.4502 9.9999
-34.3248 53.9193
-34.4524 9.95089
-34.2518 79.963
-34.2076 95.6873
-34.4563 9.61204
-35.0665 -202.001
-35.131 -224.079
-34.4826 1.51995
-34.3589 44.847
-34.063 147.997
-34.4436 16.1256
-34.2163 95.4413
-34.3667 43.5359
-34.3656 44.2601
-34.9249 -149.703
-35.2258 -253.872
-35.0193 -181.8
-35.0624 -196.427
-34.7057 -72.1586
-34.783 -98.6636
-35.0881 -204.304
-34.5622 -21.2615
-34.8671 -126.823
-34.8401 -117.097
-34.8574 -122.78
-34.2535 87.3784
-34.3713 46.8097
-34.6308 -43.0062
-34.5465 -13.3732
-34.5865 -26.9063
-34.5406 -10.6201
-34.6843 -60.2042
-34.853 -118.47
-34.5668 -18.6893
-34.5951 -28.1717
-34.3928 42.4384
-34.5682 -18.1344
-34.6401 -42.7556
-34.6889 -59.3671
-35.0829 -195.888
-34.8423 -111.974
-34.0521 162.908
-34.1563 127.039
-34.426 33.6915
-34.354 59.0521
-34.3478 61.5727
-34.16 127.131
-34.2035 112.382
-34.3364 66.573
-34.7991 -93.846
-34.5004 10.2778
-34.5742 -14.9964
-34.4824 17.2462
-34.359 60.4325
-34.1628 128.959
-34.3483 64.8632
-34.3001 81.9603
-34.3318 71.2892
-34.8492 -108.114
-34.835 -102.813
-34.4833 19.6821
-34.4769 22.2731
-34.5956 -18.6131
-34.6336 -31.4727
-34.4639 27.8231
-34.2958 86.5766
-34.6394 -32.4336
-34.6552 -37.6029
-34.3017 85.5541
-34.8477 -103.754
-35.2423 -240.515
-35.1497 -208.002
-34.9955 -154.077
-34.5798 -9.32288
-34.955 -139.319
-35.0504 -172.115
-34.8233 -92.8734
-34.08 165.717
-34.3244 81.1583
-34.562 -1.03449
-34.1836 130.759
-34.103 159.097
-34.1149 155.33
-34.2748 100.125
-34.6504 -30.0085
-34.8191 -88.2821
-34.3516 74.4958
-34.3521 74.6434
-34.3916 61.282
-34.7532 -63.9899
-35.0177 -155.524
-34.7665 -67.9148
-34.5455 9.21544
-34.3235 86.664
-34.3064 92.9639
-34.331 84.7575
-34.1702 140.97
-34.6999 -42.678
-34.2404 117.279
-34.542 12.8498
-34.7586 -62.0284
-34.5849 -1.33963
-34.9412 -124.788
-35.267 -237.608
-35.2135 -218.67
-34.7647 -62.4145
-34.5372 16.9469
-34.1747 143.216
-34.0041 202.858
-33.9978 205.376
-33.9374 226.704
-33.9279 230.346
-34.2065 133.917
-34.6982 -36.5515
-34.9531 -124.753
-34.3262 93.3804
-34.6806 -29.375
-35.1439 -189.983
-35.021 -146.939
-34.652 -18.4261
-34.9585 -124.537
-35.2007 -208.317
-34.5333 23.8787
-33.6266 339.183
-34.2331 128.834
-34.1452 159.736
-34.0436 195.365
-34.2869 111.21
-34.2337 130.024
-34.3293 97.1767
-34.4629 51.11
-34.4494 56.153
-34.5609 17.7354
-34.7203 -37.2814
-34.5488 22.6409
-34.5586 19.5847
-34.8331 -75.4074
-34.6469 -10.3833
-34.6829 -22.5492
-34.5859 11.5054
-34.451 58.7217
-33.9977 216.525
-33.811 281.753
